marker	genome	pident	qcov_pct	evalue	aa_len	status
smbu06GL000001	E_lactis_194	100.000	100.0	0.0	444	ok
smbu06GL000001	GCA_000006865.1	47.912	98.9	2.03e-124	452	ok
smbu06GL000001	GCA_000157355.2	72.026	100.0	0.0	445	ok
smbu06GL000001	GCA_000344575.1	47.692	98.9	6.25e-124	452	ok
smbu06GL000001	GCA_000761115.1	47.912	98.9	3.97e-124	452	ok
smbu06GL000001	GCA_000807375.1	47.692	98.9	7.95e-124	452	ok
smbu06GL000001	GCA_002216705.1	94.369	100.0	0.0	444	ok
smbu06GL000001	GCA_002278015.2	94.595	100.0	0.0	444	ok
smbu06GL000001	GCA_002290025.1	92.117	100.0	0.0	444	ok
smbu06GL000001	GCA_002804185.1	47.692	98.9	7.95e-124	452	ok
smbu06GL000001	GCA_002804285.1	47.692	98.9	7.95e-124	452	ok
smbu06GL000001	GCA_002813755.1	94.369	100.0	0.0	444	ok
smbu06GL000001	GCA_002895225.1	47.692	98.9	7.95e-124	452	ok
smbu06GL000001	GCA_003711125.1	77.878	99.8	0.0	440	ok
smbu06GL000001	GCA_003722255.1	47.912	98.9	2.03e-124	452	ok
smbu06GL000001	GCA_005347505.1	77.878	99.8	0.0	440	ok
smbu06GL000001	GCA_009730155.1	73.614	100.0	0.0	445	ok
smbu06GL000001	GCA_013391145.1	94.595	100.0	0.0	444	ok
smbu06GL000001	GCA_013391165.1	94.595	100.0	0.0	444	ok
smbu06GL000001	GCA_013391185.1	94.595	100.0	0.0	444	ok
smbu06GL000001	GCA_013391205.1	94.595	100.0	0.0	444	ok
smbu06GL000001	GCA_013394325.1	76.975	99.8	0.0	440	ok
smbu06GL000001	GCA_015767715.1	100.000	100.0	0.0	444	ok
smbu06GL000001	GCA_016127235.1	94.595	100.0	0.0	444	ok
smbu06GL000001	GCA_019203145.1	100.000	100.0	0.0	444	ok
smbu06GL000001	GCA_019343125.1	100.000	100.0	0.0	444	ok
smbu06GL000001	GCA_019797905.1	77.928	99.8	0.0	440	ok
smbu06GL000001	GCA_019967715.1	100.000	100.0	0.0	444	ok
smbu06GL000001	GCA_022870765.1	72.026	100.0	0.0	445	ok
smbu06GL000001	GCA_023523715.1	73.258	100.0	0.0	445	ok
smbu06GL000001	GCA_023612275.1	99.550	100.0	0.0	444	ok
smbu06GL000001	GCA_025402795.1	77.928	99.8	0.0	440	ok
smbu06GL000001	GCA_025402855.1	77.928	99.8	0.0	440	ok
smbu06GL000001	GCA_029201225.1	72.026	100.0	0.0	445	ok
smbu06GL000001	GCA_029215545.1	72.026	100.0	0.0	445	ok
smbu06GL000001	GCA_030490365.1	100.000	100.0	0.0	444	ok
smbu06GL000001	GCA_033954875.1	100.000	100.0	0.0	444	ok
smbu06GL000001	GCA_033954895.1	99.550	100.0	0.0	444	ok
smbu06GL000001	GCA_033954915.1	99.550	100.0	0.0	444	ok
smbu06GL000001	GCA_036669985.1	99.550	100.0	0.0	444	ok
smbu06GL000001	GCA_040745045.1	100.000	100.0	0.0	444	ok
smbu06GL000001	GCA_041930275.1	73.614	100.0	0.0	445	ok
smbu06GL000001	GCA_041952535.1	73.614	100.0	0.0	445	ok
smbu06GL000001	GCA_043950735.1	94.595	100.0	0.0	444	ok
smbu06GL000001	GCA_043950745.1	94.595	100.0	0.0	444	ok
smbu06GL000001	GCA_045039055.1	73.614	100.0	0.0	445	ok
smbu06GL000001	GCA_049315065.1	100.000	100.0	0.0	444	ok
smbu06GL000001	GCA_049315075.1	94.595	100.0	0.0	444	ok
smbu06GL000001	GCA_049315085.1	94.595	100.0	0.0	444	ok
smbu06GL000001	GCA_049315095.1	94.595	100.0	0.0	444	ok
smbu06GL000001	GCA_049315105.1	94.595	100.0	0.0	444	ok
smbu06GL000001	GCA_049315115.1	100.000	100.0	0.0	444	ok
smbu06GL000001	GCA_049315125.1	100.000	100.0	0.0	444	ok
smbu06GL000001	GCA_049315135.1	94.595	100.0	0.0	444	ok
smbu06GL000001	GCA_049315145.1	100.000	100.0	0.0	444	ok
smbu06GL000001	GCA_049315155.1	94.595	100.0	0.0	444	ok
smbu06GL000001	GCA_049315165.1	100.000	100.0	0.0	444	ok
smbu06GL000001	GCA_049315175.1	100.000	100.0	0.0	444	ok
smbu06GL000001	GCA_052655065.1	100.000	100.0	0.0	444	ok
smbu06GL000001	GCA_052655335.1	100.000	100.0	0.0	444	ok
smbu06GL000001	GCA_052655665.1	100.000	100.0	0.0	444	ok
smbu06GL000001	GCA_052656575.1	100.000	100.0	0.0	444	ok
smbu06GL000001	GCA_052657825.1	100.000	100.0	0.0	444	ok
smbu06GL000001	GCA_052658005.1	100.000	100.0	0.0	444	ok
smbu06GL000001	GCA_053764515.1	94.369	100.0	0.0	444	ok
smbu06GL000001	GCA_055397705.1	99.229	87.6	0.0	389	ok
smbu06GL000001	GCA_055397995.1	94.132	92.1	0.0	409	ok
smbu06GL000001	GCA_056487485.1	94.369	100.0	0.0	444	ok
smbu06GL000001	GCA_056582645.1	100.000	100.0	0.0	444	ok
smbu06GL000001	GCA_058072705.1	99.550	100.0	0.0	444	ok
smbu06GL000001	GCA_060306215.1	100.000	100.0	0.0	444	ok
smbu06GL000001	GCA_060307205.1	94.595	100.0	0.0	444	ok
smbu06GL000001	GCA_060307225.1	100.000	100.0	0.0	444	ok
smbu06GL000001	GCA_061568495.1	100.000	100.0	0.0	444	ok
smbu06GL000001	GCA_900636615.1	94.595	100.0	0.0	444	ok
smbu06GL000001	GCA_905186115.1	94.595	100.0	0.0	444	ok
smbu06GL000001	GCA_931972305.1	94.369	100.0	0.0	444	ok
smbu06GL000001	GCA_963280925.1	94.595	100.0	0.0	444	ok
smbu06GL000001	GCA_988227945.1	100.000	100.0	0.0	444	ok
smbu06GL000001	GCA_988227985.1	100.000	100.0	0.0	444	ok
smbu06GL000001	GCA_988228025.1	100.000	100.0	0.0	444	ok
smbu06GL000001	GCA_988235375.1	92.117	100.0	0.0	444	ok
smbu06GL000001	GCA_988236725.1	92.117	100.0	0.0	444	ok
smbu06GL000001	GCA_988237225.1	100.000	100.0	0.0	444	ok
smbu06GL000001	GCF_001298485.1	99.550	100.0	0.0	444	ok
smbu06GL000001	GCF_001412695.1	99.550	100.0	0.0	444	ok
smbu06GL000001	GCF_001598635.1	76.180	99.5	0.0	445	ok
smbu06GL000001	GCF_001689055.2	76.180	99.5	0.0	445	ok
smbu06GL000001	GCF_002208945.1	76.180	99.5	0.0	445	ok
smbu06GL000001	GCF_002216705.1	94.369	100.0	0.0	444	ok
smbu06GL000001	GCF_002278015.2	94.595	100.0	0.0	444	ok
smbu06GL000001	GCF_002289045.2	76.180	99.5	0.0	445	ok
smbu06GL000001	GCF_002290025.1	92.117	100.0	0.0	444	ok
smbu06GL000001	GCF_002355755.1	76.180	99.5	0.0	445	ok
smbu06GL000001	GCF_002761555.1	99.550	100.0	0.0	444	ok
smbu06GL000001	GCF_002831505.1	99.550	100.0	0.0	444	ok
smbu06GL000001	GCF_002850515.1	99.550	100.0	0.0	444	ok
smbu06GL000001	GCF_002983785.1	99.550	100.0	0.0	444	ok
smbu06GL000001	GCF_003269465.1	100.000	100.0	0.0	444	ok
smbu06GL000001	GCF_003667965.1	99.550	100.0	0.0	444	ok
smbu06GL000001	GCF_003711125.1	77.878	99.8	0.0	440	ok
smbu06GL000001	GCF_003711605.1	100.000	100.0	0.0	444	ok
smbu06GL000001	GCF_003812665.1	76.180	99.5	0.0	445	ok
smbu06GL000001	GCF_004332055.1	99.550	100.0	0.0	444	ok
smbu06GL000001	GCF_005484525.1	76.180	99.5	0.0	445	ok
smbu06GL000001	GCF_006337145.1	100.000	100.0	0.0	444	ok
smbu06GL000001	GCF_006351785.1	99.550	100.0	0.0	444	ok
smbu06GL000001	GCF_006351845.1	99.550	100.0	0.0	444	ok
smbu06GL000001	GCF_006364815.1	76.180	99.5	0.0	445	ok
smbu06GL000001	GCF_006494835.1	76.180	99.5	0.0	445	ok
smbu06GL000001	GCF_006494855.1	76.180	99.5	0.0	445	ok
smbu06GL000001	GCF_006494875.1	76.180	99.5	0.0	445	ok
smbu06GL000001	GCF_006766145.1	76.180	99.5	0.0	445	ok
smbu06GL000001	GCF_007923665.2	99.550	100.0	0.0	444	ok
smbu06GL000001	GCF_007923785.2	99.550	100.0	0.0	444	ok
smbu06GL000001	GCF_007923865.2	94.186	77.5	0.0	328	ok
smbu06GL000001	GCF_007923885.2	99.550	100.0	0.0	444	ok
smbu06GL000001	GCF_007923905.2	99.550	100.0	0.0	444	ok
smbu06GL000001	GCF_007923925.2	99.324	100.0	0.0	444	ok
smbu06GL000001	GCF_007923945.2	99.550	100.0	0.0	444	ok
smbu06GL000001	GCF_007923965.2	99.550	100.0	0.0	444	ok
smbu06GL000001	GCF_008330605.1	100.000	100.0	0.0	444	ok
smbu06GL000001	GCF_009730155.1	73.614	100.0	0.0	445	ok
smbu06GL000001	GCF_009734005.1	99.550	100.0	0.0	444	ok
smbu06GL000001	GCF_009938075.1	99.550	100.0	0.0	444	ok
smbu06GL000001	GCF_010103655.1	76.180	99.5	0.0	445	ok
smbu06GL000001	GCF_010120755.1	99.550	100.0	0.0	444	ok
smbu06GL000001	GCF_011745645.1	100.000	100.0	0.0	444	ok
smbu06GL000001	GCF_012045365.1	99.775	100.0	0.0	444	ok
smbu06GL000001	GCF_012045505.1	99.775	100.0	0.0	444	ok
smbu06GL000001	GCF_012594215.1	76.180	99.5	0.0	445	ok
smbu06GL000001	GCF_013201055.1	100.000	100.0	0.0	444	ok
smbu06GL000001	GCF_013344625.1	76.180	99.5	0.0	445	ok
smbu06GL000001	GCF_013344645.1	76.180	99.5	0.0	445	ok
smbu06GL000001	GCF_013344665.1	76.180	99.5	0.0	445	ok
smbu06GL000001	GCF_013391145.1	94.595	100.0	0.0	444	ok
smbu06GL000001	GCF_013391165.1	94.595	100.0	0.0	444	ok
smbu06GL000001	GCF_013391185.1	94.595	100.0	0.0	444	ok
smbu06GL000001	GCF_013391205.1	94.595	100.0	0.0	444	ok
smbu06GL000001	GCF_013394325.1	76.975	99.8	0.0	440	ok
smbu06GL000001	GCF_015377765.1	99.550	100.0	0.0	444	ok
smbu06GL000001	GCF_015767695.1	99.550	100.0	0.0	444	ok
smbu06GL000001	GCF_015767715.1	100.000	100.0	0.0	444	ok
smbu06GL000001	GCF_016127235.1	94.595	100.0	0.0	444	ok
smbu06GL000001	GCF_017280035.1	76.180	99.5	0.0	445	ok
smbu06GL000001	GCF_017357805.1	76.180	99.5	0.0	445	ok
smbu06GL000001	GCF_018516845.1	99.550	100.0	0.0	444	ok
smbu06GL000001	GCF_019203145.1	100.000	100.0	0.0	444	ok
smbu06GL000001	GCF_019343125.1	100.000	100.0	0.0	444	ok
smbu06GL000001	GCF_019456555.1	99.550	100.0	0.0	444	ok
smbu06GL000001	GCF_019456575.1	99.550	100.0	0.0	444	ok
smbu06GL000001	GCF_019456595.1	99.550	100.0	0.0	444	ok
smbu06GL000001	GCF_019797905.1	77.928	99.8	0.0	440	ok
smbu06GL000001	GCF_019967715.1	100.000	100.0	0.0	444	ok
smbu06GL000001	GCF_020881975.1	76.180	99.5	0.0	445	ok
smbu06GL000001	GCF_020906605.1	76.180	99.5	0.0	445	ok
smbu06GL000001	GCF_022869705.1	76.180	99.5	0.0	445	ok
smbu06GL000001	GCF_023299785.1	76.180	99.5	0.0	445	ok
smbu06GL000001	GCF_023375505.1	76.180	99.5	0.0	445	ok
smbu06GL000001	GCF_023612035.1	76.180	99.5	0.0	445	ok
smbu06GL000001	GCF_023612275.1	99.550	100.0	0.0	444	ok
smbu06GL000001	GCF_024267595.1	76.180	99.5	0.0	445	ok
smbu06GL000001	GCF_025957845.1	76.180	99.5	0.0	445	ok
smbu06GL000001	GCF_025957925.1	76.180	99.5	0.0	445	ok
smbu06GL000001	GCF_025958025.1	76.180	99.5	0.0	445	ok
smbu06GL000001	GCF_025958065.1	76.180	99.5	0.0	445	ok
smbu06GL000001	GCF_025958085.1	76.180	99.5	0.0	445	ok
smbu06GL000001	GCF_025958625.1	76.180	99.5	0.0	445	ok
smbu06GL000001	GCF_025958845.1	76.180	99.5	0.0	445	ok
smbu06GL000001	GCF_025958885.1	76.180	99.5	0.0	445	ok
smbu06GL000001	GCF_026650885.1	76.180	99.5	0.0	445	ok
smbu06GL000001	GCF_027915235.1	100.000	100.0	0.0	444	ok
smbu06GL000001	GCF_030490365.1	100.000	100.0	0.0	444	ok
smbu06GL000001	GCF_030584585.1	99.324	100.0	0.0	444	ok
smbu06GL000001	GCF_030584605.1	99.550	100.0	0.0	444	ok
smbu06GL000001	GCF_030584685.1	99.550	100.0	0.0	444	ok
smbu06GL000001	GCF_030643745.1	100.000	100.0	0.0	444	ok
smbu06GL000001	GCF_033954875.1	100.000	100.0	0.0	444	ok
smbu06GL000001	GCF_033954895.1	99.550	100.0	0.0	444	ok
smbu06GL000001	GCF_033954915.1	99.550	100.0	0.0	444	ok
smbu06GL000001	GCF_036669985.1	99.550	100.0	0.0	444	ok
smbu06GL000001	GCF_040745045.1	100.000	100.0	0.0	444	ok
smbu06GL000001	GCF_043950735.1	94.595	100.0	0.0	444	ok
smbu06GL000001	GCF_049315065.1	100.000	100.0	0.0	444	ok
smbu06GL000001	GCF_049315075.1	94.595	100.0	0.0	444	ok
smbu06GL000001	GCF_049315085.1	94.595	100.0	0.0	444	ok
smbu06GL000001	GCF_049315095.1	94.595	100.0	0.0	444	ok
smbu06GL000001	GCF_049315105.1	94.595	100.0	0.0	444	ok
smbu06GL000001	GCF_049315115.1	100.000	100.0	0.0	444	ok
smbu06GL000001	GCF_049315125.1	100.000	100.0	0.0	444	ok
smbu06GL000001	GCF_049315135.1	94.595	100.0	0.0	444	ok
smbu06GL000001	GCF_049315145.1	100.000	100.0	0.0	444	ok
smbu06GL000001	GCF_049315155.1	94.595	100.0	0.0	444	ok
smbu06GL000001	GCF_049315165.1	100.000	100.0	0.0	444	ok
smbu06GL000001	GCF_049315175.1	100.000	100.0	0.0	444	ok
smbu06GL000001	GCF_052655065.1	100.000	100.0	0.0	444	ok
smbu06GL000001	GCF_052655335.1	100.000	100.0	0.0	444	ok
smbu06GL000001	GCF_052655665.1	100.000	100.0	0.0	444	ok
smbu06GL000001	GCF_052656575.1	100.000	100.0	0.0	444	ok
smbu06GL000001	GCF_052657825.1	100.000	100.0	0.0	444	ok
smbu06GL000001	GCF_052658005.1	100.000	100.0	0.0	444	ok
smbu06GL000001	GCF_053764515.1	94.369	100.0	0.0	444	ok
smbu06GL000001	GCF_056487465.1	94.369	100.0	0.0	444	ok
smbu06GL000001	GCF_056582645.1	100.000	100.0	0.0	444	ok
smbu06GL000001	GCF_931972305.1	94.369	100.0	0.0	444	ok
smbu06GL000001	GCF_988227945.1	100.000	100.0	0.0	444	ok
smbu06GL000001	GCF_988227985.1	100.000	100.0	0.0	444	ok
smbu06GL000001	GCF_988228025.1	100.000	100.0	0.0	444	ok
smbu06GL000001	L_lactis_14B4	47.692	98.9	7.95e-124	452	ok
smbu06GL000001	L_lactis_IL1403	47.912	98.9	2.03e-124	452	ok
smbu06GL000001	L_lactis_MG1363	47.345	98.9	2.6e-122	451	ok
smbu06GL000001	smbu06_project	100.000	100.0	0.0	444	ok
smbu06GL000001	smbu08_project	100.000	100.0	0.0	444	ok
smbu06GL000006	E_lactis_194	100.000	100.0	0.0	648	ok
smbu06GL000006	GCA_000006865.1	78.072	98.8	0.0	1	rejected
smbu06GL000006	GCA_000157355.2	90.867	99.7	0.0	5	rejected
smbu06GL000006	GCA_000344575.1	78.072	98.8	0.0	1	rejected
smbu06GL000006	GCA_000761115.1	77.916	98.8	0.0	1	rejected
smbu06GL000006	GCA_000807375.1	78.072	98.8	0.0	1	rejected
smbu06GL000006	GCA_002216705.1	94.907	100.0	0.0	648	ok
smbu06GL000006	GCA_002278015.2	97.222	100.0	0.0	648	ok
smbu06GL000006	GCA_002290025.1	94.753	100.0	0.0	648	ok
smbu06GL000006	GCA_002804185.1	78.072	98.8	0.0	1	rejected
smbu06GL000006	GCA_002804285.1	78.072	98.8	0.0	1	rejected
smbu06GL000006	GCA_002813755.1	94.753	100.0	0.0	648	ok
smbu06GL000006	GCA_002895225.1	78.227	98.8	0.0	1	rejected
smbu06GL000006	GCA_003711125.1	88.390	99.7	0.0	11	rejected
smbu06GL000006	GCA_003722255.1	78.072	98.8	0.0	1	rejected
smbu06GL000006	GCA_005347505.1	88.390	99.7	0.0	11	rejected
smbu06GL000006	GCA_009730155.1	91.176	99.7	0.0	5	rejected
smbu06GL000006	GCA_013391145.1	97.222	100.0	0.0	648	ok
smbu06GL000006	GCA_013391165.1	97.222	100.0	0.0	648	ok
smbu06GL000006	GCA_013391185.1	97.222	100.0	0.0	648	ok
smbu06GL000006	GCA_013391205.1	97.222	100.0	0.0	648	ok
smbu06GL000006	GCA_013394325.1	88.080	99.7	0.0	8	rejected
smbu06GL000006	GCA_015767715.1	100.000	100.0	0.0	648	ok
smbu06GL000006	GCA_016127235.1	97.222	100.0	0.0	648	ok
smbu06GL000006	GCA_019203145.1	100.000	100.0	0.0	648	ok
smbu06GL000006	GCA_019343125.1	100.000	100.0	0.0	648	ok
smbu06GL000006	GCA_019797905.1	88.235	99.7	0.0	19	rejected
smbu06GL000006	GCA_019967715.1	100.000	100.0	0.0	648	ok
smbu06GL000006	GCA_022870765.1	90.867	99.7	0.0	5	rejected
smbu06GL000006	GCA_023523715.1	90.712	99.7	0.0	5	rejected
smbu06GL000006	GCA_023612275.1	100.000	100.0	0.0	648	ok
smbu06GL000006	GCA_025402795.1	88.390	99.7	0.0	50	rejected
smbu06GL000006	GCA_025402855.1	88.235	99.7	0.0	50	rejected
smbu06GL000006	GCA_029201225.1	90.712	99.7	0.0	5	rejected
smbu06GL000006	GCA_029215545.1	90.712	99.7	0.0	5	rejected
smbu06GL000006	GCA_030490365.1	100.000	100.0	0.0	648	ok
smbu06GL000006	GCA_033954875.1	99.846	100.0	0.0	648	ok
smbu06GL000006	GCA_033954895.1	100.000	100.0	0.0	648	ok
smbu06GL000006	GCA_033954915.1	100.000	100.0	0.0	648	ok
smbu06GL000006	GCA_036669985.1	100.000	100.0	0.0	648	ok
smbu06GL000006	GCA_040745045.1	100.000	100.0	0.0	648	ok
smbu06GL000006	GCA_041930275.1	91.176	99.7	0.0	5	rejected
smbu06GL000006	GCA_041952535.1	91.176	99.7	0.0	5	rejected
smbu06GL000006	GCA_043950735.1	97.222	100.0	0.0	648	ok
smbu06GL000006	GCA_043950745.1	97.222	100.0	0.0	648	ok
smbu06GL000006	GCA_045039055.1	91.176	99.7	0.0	5	rejected
smbu06GL000006	GCA_049315065.1	100.000	100.0	0.0	648	ok
smbu06GL000006	GCA_049315075.1	95.679	100.0	0.0	648	ok
smbu06GL000006	GCA_049315085.1	95.679	100.0	0.0	648	ok
smbu06GL000006	GCA_049315095.1	95.679	100.0	0.0	648	ok
smbu06GL000006	GCA_049315105.1	95.679	100.0	0.0	648	ok
smbu06GL000006	GCA_049315115.1	100.000	100.0	0.0	648	ok
smbu06GL000006	GCA_049315125.1	100.000	100.0	0.0	648	ok
smbu06GL000006	GCA_049315135.1	95.679	100.0	0.0	648	ok
smbu06GL000006	GCA_049315145.1	100.000	100.0	0.0	648	ok
smbu06GL000006	GCA_049315155.1	95.679	100.0	0.0	648	ok
smbu06GL000006	GCA_049315165.1	100.000	100.0	0.0	648	ok
smbu06GL000006	GCA_049315175.1	100.000	100.0	0.0	648	ok
smbu06GL000006	GCA_052655065.1	100.000	100.0	0.0	648	ok
smbu06GL000006	GCA_052655335.1	100.000	100.0	0.0	648	ok
smbu06GL000006	GCA_052655665.1	99.846	100.0	0.0	648	ok
smbu06GL000006	GCA_052656575.1	100.000	100.0	0.0	648	ok
smbu06GL000006	GCA_052657825.1	100.000	100.0	0.0	648	ok
smbu06GL000006	GCA_052658005.1	100.000	100.0	0.0	648	ok
smbu06GL000006	GCA_053764515.1	94.907	100.0	0.0	648	ok
smbu06GL000006	GCA_055397705.1	99.613	79.8	0.0	6	rejected
smbu06GL000006	GCA_055397995.1	97.440	90.4	0.0	11	rejected
smbu06GL000006	GCA_056487485.1	94.907	100.0	0.0	648	ok
smbu06GL000006	GCA_056582645.1	100.000	100.0	0.0	648	ok
smbu06GL000006	GCA_058072705.1	100.000	100.0	0.0	648	ok
smbu06GL000006	GCA_060306215.1	100.000	100.0	0.0	648	ok
smbu06GL000006	GCA_060307205.1	97.222	100.0	0.0	648	ok
smbu06GL000006	GCA_060307225.1	100.000	100.0	0.0	648	ok
smbu06GL000006	GCA_061568495.1	100.000	100.0	0.0	648	ok
smbu06GL000006	GCA_900636615.1	97.222	100.0	0.0	648	ok
smbu06GL000006	GCA_905186115.1	97.161	97.8	0.0	634	ok
smbu06GL000006	GCA_931972305.1	94.753	100.0	0.0	648	ok
smbu06GL000006	GCA_963280925.1	97.222	100.0	0.0	648	ok
smbu06GL000006	GCA_988227945.1	100.000	100.0	0.0	648	ok
smbu06GL000006	GCA_988227985.1	100.000	100.0	0.0	648	ok
smbu06GL000006	GCA_988228025.1	100.000	100.0	0.0	648	ok
smbu06GL000006	GCA_988235375.1	94.444	100.0	0.0	648	ok
smbu06GL000006	GCA_988236725.1	94.444	100.0	0.0	648	ok
smbu06GL000006	GCA_988237225.1	100.000	100.0	0.0	648	ok
smbu06GL000006	GCF_001298485.1	100.000	100.0	0.0	648	ok
smbu06GL000006	GCF_001412695.1	100.000	100.0	0.0	648	ok
smbu06GL000006	GCF_001598635.1	89.938	99.7	0.0	11	rejected
smbu06GL000006	GCF_001689055.2	89.938	99.7	0.0	11	rejected
smbu06GL000006	GCF_002208945.1	89.938	99.7	0.0	11	rejected
smbu06GL000006	GCF_002216705.1	94.907	100.0	0.0	648	ok
smbu06GL000006	GCF_002278015.2	97.222	100.0	0.0	648	ok
smbu06GL000006	GCF_002289045.2	89.938	99.7	0.0	11	rejected
smbu06GL000006	GCF_002290025.1	94.753	100.0	0.0	648	ok
smbu06GL000006	GCF_002355755.1	89.938	99.7	0.0	11	rejected
smbu06GL000006	GCF_002761555.1	100.000	100.0	0.0	648	ok
smbu06GL000006	GCF_002831505.1	100.000	100.0	0.0	648	ok
smbu06GL000006	GCF_002850515.1	100.000	100.0	0.0	648	ok
smbu06GL000006	GCF_002983785.1	100.000	100.0	0.0	648	ok
smbu06GL000006	GCF_003269465.1	100.000	100.0	0.0	648	ok
smbu06GL000006	GCF_003667965.1	100.000	100.0	0.0	648	ok
smbu06GL000006	GCF_003711125.1	88.390	99.7	0.0	11	rejected
smbu06GL000006	GCF_003711605.1	100.000	100.0	0.0	648	ok
smbu06GL000006	GCF_003812665.1	89.938	99.7	0.0	11	rejected
smbu06GL000006	GCF_004332055.1	100.000	100.0	0.0	648	ok
smbu06GL000006	GCF_005484525.1	89.938	99.7	0.0	11	rejected
smbu06GL000006	GCF_006337145.1	99.846	100.0	0.0	648	ok
smbu06GL000006	GCF_006351785.1	100.000	100.0	0.0	648	ok
smbu06GL000006	GCF_006351845.1	100.000	100.0	0.0	648	ok
smbu06GL000006	GCF_006364815.1	89.938	99.7	0.0	11	rejected
smbu06GL000006	GCF_006494835.1	89.938	99.7	0.0	11	rejected
smbu06GL000006	GCF_006494855.1	89.938	99.7	0.0	11	rejected
smbu06GL000006	GCF_006494875.1	89.938	99.7	0.0	11	rejected
smbu06GL000006	GCF_006766145.1	89.938	99.7	0.0	11	rejected
smbu06GL000006	GCF_007923665.2	100.000	100.0	0.0	648	ok
smbu06GL000006	GCF_007923785.2	100.000	100.0	0.0	648	ok
smbu06GL000006	GCF_007923865.2	100.000	100.0	0.0	648	ok
smbu06GL000006	GCF_007923885.2	100.000	100.0	0.0	648	ok
smbu06GL000006	GCF_007923905.2	100.000	100.0	0.0	648	ok
smbu06GL000006	GCF_007923925.2	100.000	100.0	0.0	648	ok
smbu06GL000006	GCF_007923945.2	100.000	100.0	0.0	648	ok
smbu06GL000006	GCF_007923965.2	100.000	100.0	0.0	648	ok
smbu06GL000006	GCF_008330605.1	100.000	100.0	0.0	648	ok
smbu06GL000006	GCF_009730155.1	91.176	99.7	0.0	5	rejected
smbu06GL000006	GCF_009734005.1	100.000	100.0	0.0	648	ok
smbu06GL000006	GCF_009938075.1	100.000	100.0	0.0	648	ok
smbu06GL000006	GCF_010103655.1	89.938	99.7	0.0	11	rejected
smbu06GL000006	GCF_010120755.1	100.000	100.0	0.0	648	ok
smbu06GL000006	GCF_011745645.1	100.000	100.0	0.0	648	ok
smbu06GL000006	GCF_012045365.1	99.846	100.0	0.0	648	ok
smbu06GL000006	GCF_012045505.1	99.846	100.0	0.0	648	ok
smbu06GL000006	GCF_012594215.1	89.938	99.7	0.0	11	rejected
smbu06GL000006	GCF_013201055.1	100.000	100.0	0.0	648	ok
smbu06GL000006	GCF_013344625.1	89.938	99.7	0.0	11	rejected
smbu06GL000006	GCF_013344645.1	89.938	99.7	0.0	11	rejected
smbu06GL000006	GCF_013344665.1	89.938	99.7	0.0	11	rejected
smbu06GL000006	GCF_013391145.1	97.222	100.0	0.0	648	ok
smbu06GL000006	GCF_013391165.1	97.222	100.0	0.0	648	ok
smbu06GL000006	GCF_013391185.1	97.222	100.0	0.0	648	ok
smbu06GL000006	GCF_013391205.1	97.222	100.0	0.0	648	ok
smbu06GL000006	GCF_013394325.1	88.080	99.7	0.0	8	rejected
smbu06GL000006	GCF_015377765.1	100.000	100.0	0.0	648	ok
smbu06GL000006	GCF_015767695.1	100.000	100.0	0.0	648	ok
smbu06GL000006	GCF_015767715.1	100.000	100.0	0.0	648	ok
smbu06GL000006	GCF_016127235.1	97.222	100.0	0.0	648	ok
smbu06GL000006	GCF_017280035.1	89.938	99.7	0.0	11	rejected
smbu06GL000006	GCF_017357805.1	89.938	99.7	0.0	11	rejected
smbu06GL000006	GCF_018516845.1	100.000	100.0	0.0	648	ok
smbu06GL000006	GCF_019203145.1	100.000	100.0	0.0	648	ok
smbu06GL000006	GCF_019343125.1	100.000	100.0	0.0	648	ok
smbu06GL000006	GCF_019456555.1	100.000	100.0	0.0	648	ok
smbu06GL000006	GCF_019456575.1	100.000	100.0	0.0	648	ok
smbu06GL000006	GCF_019456595.1	100.000	100.0	0.0	648	ok
smbu06GL000006	GCF_019797905.1	88.235	99.7	0.0	19	rejected
smbu06GL000006	GCF_019967715.1	100.000	100.0	0.0	648	ok
smbu06GL000006	GCF_020881975.1	90.093	99.7	0.0	11	rejected
smbu06GL000006	GCF_020906605.1	89.938	99.7	0.0	11	rejected
smbu06GL000006	GCF_022869705.1	89.938	99.7	0.0	11	rejected
smbu06GL000006	GCF_023299785.1	89.938	99.7	0.0	11	rejected
smbu06GL000006	GCF_023375505.1	89.938	99.7	0.0	11	rejected
smbu06GL000006	GCF_023612035.1	89.938	99.7	0.0	11	rejected
smbu06GL000006	GCF_023612275.1	100.000	100.0	0.0	648	ok
smbu06GL000006	GCF_024267595.1	89.938	99.7	0.0	11	rejected
smbu06GL000006	GCF_025957845.1	89.938	99.7	0.0	11	rejected
smbu06GL000006	GCF_025957925.1	89.938	99.7	0.0	11	rejected
smbu06GL000006	GCF_025958025.1	89.938	99.7	0.0	11	rejected
smbu06GL000006	GCF_025958065.1	89.938	99.7	0.0	11	rejected
smbu06GL000006	GCF_025958085.1	89.938	99.7	0.0	11	rejected
smbu06GL000006	GCF_025958625.1	89.938	99.7	0.0	11	rejected
smbu06GL000006	GCF_025958845.1	89.938	99.7	0.0	11	rejected
smbu06GL000006	GCF_025958885.1	89.938	99.7	0.0	11	rejected
smbu06GL000006	GCF_026650885.1	89.938	99.7	0.0	11	rejected
smbu06GL000006	GCF_027915235.1	100.000	100.0	0.0	648	ok
smbu06GL000006	GCF_030490365.1	100.000	100.0	0.0	648	ok
smbu06GL000006	GCF_030584585.1	100.000	100.0	0.0	648	ok
smbu06GL000006	GCF_030584605.1	100.000	100.0	0.0	648	ok
smbu06GL000006	GCF_030584685.1	100.000	100.0	0.0	648	ok
smbu06GL000006	GCF_030643745.1	100.000	100.0	0.0	648	ok
smbu06GL000006	GCF_033954875.1	99.846	100.0	0.0	648	ok
smbu06GL000006	GCF_033954895.1	100.000	100.0	0.0	648	ok
smbu06GL000006	GCF_033954915.1	100.000	100.0	0.0	648	ok
smbu06GL000006	GCF_036669985.1	100.000	100.0	0.0	648	ok
smbu06GL000006	GCF_040745045.1	100.000	100.0	0.0	648	ok
smbu06GL000006	GCF_043950735.1	97.222	100.0	0.0	648	ok
smbu06GL000006	GCF_049315065.1	100.000	100.0	0.0	648	ok
smbu06GL000006	GCF_049315075.1	95.679	100.0	0.0	648	ok
smbu06GL000006	GCF_049315085.1	95.679	100.0	0.0	648	ok
smbu06GL000006	GCF_049315095.1	95.679	100.0	0.0	648	ok
smbu06GL000006	GCF_049315105.1	95.679	100.0	0.0	648	ok
smbu06GL000006	GCF_049315115.1	100.000	100.0	0.0	648	ok
smbu06GL000006	GCF_049315125.1	100.000	100.0	0.0	648	ok
smbu06GL000006	GCF_049315135.1	95.679	100.0	0.0	648	ok
smbu06GL000006	GCF_049315145.1	100.000	100.0	0.0	648	ok
smbu06GL000006	GCF_049315155.1	95.679	100.0	0.0	648	ok
smbu06GL000006	GCF_049315165.1	100.000	100.0	0.0	648	ok
smbu06GL000006	GCF_049315175.1	100.000	100.0	0.0	648	ok
smbu06GL000006	GCF_052655065.1	100.000	100.0	0.0	648	ok
smbu06GL000006	GCF_052655335.1	100.000	100.0	0.0	648	ok
smbu06GL000006	GCF_052655665.1	99.846	100.0	0.0	648	ok
smbu06GL000006	GCF_052656575.1	100.000	100.0	0.0	648	ok
smbu06GL000006	GCF_052657825.1	100.000	100.0	0.0	648	ok
smbu06GL000006	GCF_052658005.1	100.000	100.0	0.0	648	ok
smbu06GL000006	GCF_053764515.1	94.907	100.0	0.0	648	ok
smbu06GL000006	GCF_056487465.1	94.907	100.0	0.0	648	ok
smbu06GL000006	GCF_056582645.1	100.000	100.0	0.0	648	ok
smbu06GL000006	GCF_931972305.1	94.753	100.0	0.0	648	ok
smbu06GL000006	GCF_988227945.1	100.000	100.0	0.0	648	ok
smbu06GL000006	GCF_988227985.1	100.000	100.0	0.0	648	ok
smbu06GL000006	GCF_988228025.1	100.000	100.0	0.0	648	ok
smbu06GL000006	L_lactis_14B4	78.227	98.8	0.0	1	rejected
smbu06GL000006	L_lactis_IL1403	78.072	98.8	0.0	1	rejected
smbu06GL000006	L_lactis_MG1363	77.916	98.8	0.0	1	rejected
smbu06GL000006	smbu06_project	100.000	100.0	0.0	648	ok
smbu06GL000006	smbu08_project	100.000	100.0	0.0	648	ok
smbu06GL000007	E_lactis_194	100.000	100.0	0.0	823	ok
smbu06GL000007	GCA_000006865.1	71.606	97.6	0.0	802	ok
smbu06GL000007	GCA_000157355.2	86.650	98.3	0.0	809	ok
smbu06GL000007	GCA_000344575.1	71.856	97.6	0.0	802	ok
smbu06GL000007	GCA_000761115.1	71.059	98.7	0.0	811	ok
smbu06GL000007	GCA_000807375.1	71.357	97.6	0.0	802	ok
smbu06GL000007	GCA_002216705.1	95.493	99.8	0.0	821	ok
smbu06GL000007	GCA_002278015.2	95.782	97.9	0.0	806	ok
smbu06GL000007	GCA_002290025.1	93.253	100.0	0.0	830	ok
smbu06GL000007	GCA_002804185.1	71.357	97.6	0.0	802	ok
smbu06GL000007	GCA_002804285.1	71.357	97.6	0.0	802	ok
smbu06GL000007	GCA_002813755.1	95.493	99.8	0.0	821	ok
smbu06GL000007	GCA_002895225.1	71.606	97.6	0.0	802	ok
smbu06GL000007	GCA_003711125.1	84.901	98.2	0.0	2	rejected
smbu06GL000007	GCA_003722255.1	71.606	97.6	0.0	802	ok
smbu06GL000007	GCA_005347505.1	84.777	98.2	0.0	2	rejected
smbu06GL000007	GCA_009730155.1	87.345	97.9	0.0	806	ok
smbu06GL000007	GCA_013391145.1	95.782	97.9	0.0	806	ok
smbu06GL000007	GCA_013391165.1	95.782	97.9	0.0	806	ok
smbu06GL000007	GCA_013391185.1	95.658	97.9	0.0	806	ok
smbu06GL000007	GCA_013391205.1	95.782	97.9	0.0	806	ok
smbu06GL000007	GCA_013394325.1	85.679	97.6	0.0	1	rejected
smbu06GL000007	GCA_015767715.1	99.878	100.0	0.0	823	ok
smbu06GL000007	GCA_016127235.1	95.782	97.9	0.0	806	ok
smbu06GL000007	GCA_019203145.1	99.878	100.0	0.0	823	ok
smbu06GL000007	GCA_019343125.1	100.000	100.0	0.0	823	ok
smbu06GL000007	GCA_019797905.1	85.520	98.2	0.0	13	rejected
smbu06GL000007	GCA_019967715.1	100.000	100.0	0.0	823	ok
smbu06GL000007	GCA_022870765.1	86.403	98.3	0.0	809	ok
smbu06GL000007	GCA_023523715.1	86.650	98.3	0.0	809	ok
smbu06GL000007	GCA_023612275.1	99.149	100.0	0.0	823	ok
smbu06GL000007	GCA_025402795.1	85.520	98.2	0.0	13	rejected
smbu06GL000007	GCA_025402855.1	85.520	98.2	0.0	13	rejected
smbu06GL000007	GCA_029201225.1	86.403	98.3	0.0	809	ok
smbu06GL000007	GCA_029215545.1	86.650	98.3	0.0	809	ok
smbu06GL000007	GCA_030490365.1	100.000	100.0	0.0	823	ok
smbu06GL000007	GCA_033954875.1	100.000	100.0	0.0	823	ok
smbu06GL000007	GCA_033954895.1	99.149	100.0	0.0	823	ok
smbu06GL000007	GCA_033954915.1	99.149	100.0	0.0	823	ok
smbu06GL000007	GCA_036669985.1	99.149	100.0	0.0	823	ok
smbu06GL000007	GCA_040745045.1	100.000	100.0	0.0	823	ok
smbu06GL000007	GCA_041930275.1	87.345	97.9	0.0	806	ok
smbu06GL000007	GCA_041952535.1	87.345	97.9	0.0	806	ok
smbu06GL000007	GCA_043950735.1	95.782	97.9	0.0	806	ok
smbu06GL000007	GCA_043950745.1	95.782	97.9	0.0	806	ok
smbu06GL000007	GCA_045039055.1	87.345	97.9	0.0	806	ok
smbu06GL000007	GCA_049315065.1	100.000	100.0	0.0	823	ok
smbu06GL000007	GCA_049315075.1	95.971	99.5	0.0	819	ok
smbu06GL000007	GCA_049315085.1	95.971	99.5	0.0	819	ok
smbu06GL000007	GCA_049315095.1	95.971	99.5	0.0	819	ok
smbu06GL000007	GCA_049315105.1	95.971	99.5	0.0	819	ok
smbu06GL000007	GCA_049315115.1	100.000	100.0	0.0	823	ok
smbu06GL000007	GCA_049315125.1	100.000	100.0	0.0	823	ok
smbu06GL000007	GCA_049315135.1	95.971	99.5	0.0	819	ok
smbu06GL000007	GCA_049315145.1	100.000	100.0	0.0	823	ok
smbu06GL000007	GCA_049315155.1	95.971	99.5	0.0	819	ok
smbu06GL000007	GCA_049315165.1	100.000	100.0	0.0	823	ok
smbu06GL000007	GCA_049315175.1	100.000	100.0	0.0	823	ok
smbu06GL000007	GCA_052655065.1	100.000	100.0	0.0	823	ok
smbu06GL000007	GCA_052655335.1	100.000	100.0	0.0	823	ok
smbu06GL000007	GCA_052655665.1	100.000	100.0	0.0	823	ok
smbu06GL000007	GCA_052656575.1	100.000	100.0	0.0	823	ok
smbu06GL000007	GCA_052657825.1	100.000	100.0	0.0	823	ok
smbu06GL000007	GCA_052658005.1	100.000	100.0	0.0	823	ok
smbu06GL000007	GCA_053764515.1	95.966	99.4	0.0	818	ok
smbu06GL000007	GCA_055397705.1	99.149	100.0	0.0	823	ok
smbu06GL000007	GCA_055397995.1	92.843	61.1	0.0	503	ok
smbu06GL000007	GCA_056487485.1	95.737	99.8	0.0	821	ok
smbu06GL000007	GCA_056582645.1	100.000	100.0	0.0	823	ok
smbu06GL000007	GCA_058072705.1	99.149	100.0	0.0	823	ok
smbu06GL000007	GCA_060306215.1	100.000	100.0	0.0	823	ok
smbu06GL000007	GCA_060307205.1	95.782	97.9	0.0	806	ok
smbu06GL000007	GCA_060307225.1	100.000	100.0	0.0	823	ok
smbu06GL000007	GCA_061568495.1	100.000	100.0	0.0	823	ok
smbu06GL000007	GCA_900636615.1	95.782	97.9	0.0	806	ok
smbu06GL000007	GCA_905186115.1	95.782	97.9	0.0	806	ok
smbu06GL000007	GCA_931972305.1	95.615	99.8	0.0	821	ok
smbu06GL000007	GCA_963280925.1	95.782	97.9	0.0	806	ok
smbu06GL000007	GCA_988227945.1	100.000	100.0	0.0	823	ok
smbu06GL000007	GCA_988227985.1	100.000	100.0	0.0	823	ok
smbu06GL000007	GCA_988228025.1	100.000	100.0	0.0	823	ok
smbu06GL000007	GCA_988235375.1	93.133	100.0	0.0	830	ok
smbu06GL000007	GCA_988236725.1	93.133	100.0	0.0	830	ok
smbu06GL000007	GCA_988237225.1	100.000	100.0	0.0	823	ok
smbu06GL000007	GCF_001298485.1	99.149	100.0	0.0	823	ok
smbu06GL000007	GCF_001412695.1	99.149	100.0	0.0	823	ok
smbu06GL000007	GCF_001598635.1	88.571	97.8	0.0	805	ok
smbu06GL000007	GCF_001689055.2	88.696	97.8	0.0	805	ok
smbu06GL000007	GCF_002208945.1	88.571	97.8	0.0	805	ok
smbu06GL000007	GCF_002216705.1	95.493	99.8	0.0	821	ok
smbu06GL000007	GCF_002278015.2	95.782	97.9	0.0	806	ok
smbu06GL000007	GCF_002289045.2	88.571	97.8	0.0	805	ok
smbu06GL000007	GCF_002290025.1	93.253	100.0	0.0	830	ok
smbu06GL000007	GCF_002355755.1	88.571	97.8	0.0	805	ok
smbu06GL000007	GCF_002761555.1	99.149	100.0	0.0	823	ok
smbu06GL000007	GCF_002831505.1	99.026	87.4	0.0	8	rejected
smbu06GL000007	GCF_002850515.1	99.392	100.0	0.0	823	ok
smbu06GL000007	GCF_002983785.1	99.149	100.0	0.0	823	ok
smbu06GL000007	GCF_003269465.1	99.757	100.0	0.0	823	ok
smbu06GL000007	GCF_003667965.1	99.149	100.0	0.0	823	ok
smbu06GL000007	GCF_003711125.1	84.901	98.2	0.0	2	rejected
smbu06GL000007	GCF_003711605.1	99.878	100.0	0.0	823	ok
smbu06GL000007	GCF_003812665.1	88.571	97.8	0.0	805	ok
smbu06GL000007	GCF_004332055.1	99.149	100.0	0.0	823	ok
smbu06GL000007	GCF_005484525.1	88.571	97.8	0.0	805	ok
smbu06GL000007	GCF_006337145.1	100.000	100.0	0.0	823	ok
smbu06GL000007	GCF_006351785.1	99.271	100.0	0.0	823	ok
smbu06GL000007	GCF_006351845.1	99.149	100.0	0.0	823	ok
smbu06GL000007	GCF_006364815.1	88.571	97.8	0.0	805	ok
smbu06GL000007	GCF_006494835.1	88.571	97.8	0.0	805	ok
smbu06GL000007	GCF_006494855.1	88.571	97.8	0.0	805	ok
smbu06GL000007	GCF_006494875.1	88.571	97.8	0.0	805	ok
smbu06GL000007	GCF_006766145.1	88.447	97.8	0.0	805	ok
smbu06GL000007	GCF_007923665.2	99.271	100.0	0.0	823	ok
smbu06GL000007	GCF_007923785.2	99.271	100.0	0.0	823	ok
smbu06GL000007	GCF_007923865.2	99.028	100.0	0.0	823	ok
smbu06GL000007	GCF_007923885.2	99.149	100.0	0.0	823	ok
smbu06GL000007	GCF_007923905.2	99.271	100.0	0.0	823	ok
smbu06GL000007	GCF_007923925.2	99.028	100.0	0.0	823	ok
smbu06GL000007	GCF_007923945.2	99.028	100.0	0.0	823	ok
smbu06GL000007	GCF_007923965.2	98.906	100.0	0.0	823	ok
smbu06GL000007	GCF_008330605.1	100.000	100.0	0.0	823	ok
smbu06GL000007	GCF_009730155.1	87.345	97.9	0.0	806	ok
smbu06GL000007	GCF_009734005.1	99.028	100.0	0.0	823	ok
smbu06GL000007	GCF_009938075.1	99.028	100.0	0.0	823	ok
smbu06GL000007	GCF_010103655.1	88.571	97.8	0.0	805	ok
smbu06GL000007	GCF_010120755.1	99.028	100.0	0.0	823	ok
smbu06GL000007	GCF_011745645.1	100.000	100.0	0.0	823	ok
smbu06GL000007	GCF_012045365.1	99.757	100.0	0.0	823	ok
smbu06GL000007	GCF_012045505.1	99.757	100.0	0.0	823	ok
smbu06GL000007	GCF_012594215.1	88.571	97.8	0.0	805	ok
smbu06GL000007	GCF_013201055.1	100.000	100.0	0.0	823	ok
smbu06GL000007	GCF_013344625.1	88.571	97.8	0.0	805	ok
smbu06GL000007	GCF_013344645.1	88.571	97.8	0.0	805	ok
smbu06GL000007	GCF_013344665.1	88.571	97.8	0.0	805	ok
smbu06GL000007	GCF_013391145.1	95.782	97.9	0.0	806	ok
smbu06GL000007	GCF_013391165.1	95.782	97.9	0.0	806	ok
smbu06GL000007	GCF_013391185.1	95.658	97.9	0.0	806	ok
smbu06GL000007	GCF_013391205.1	95.782	97.9	0.0	806	ok
smbu06GL000007	GCF_013394325.1	85.679	97.6	0.0	1	rejected
smbu06GL000007	GCF_015377765.1	99.149	100.0	0.0	823	ok
smbu06GL000007	GCF_015767695.1	99.149	100.0	0.0	823	ok
smbu06GL000007	GCF_015767715.1	99.878	100.0	0.0	823	ok
smbu06GL000007	GCF_016127235.1	95.782	97.9	0.0	806	ok
smbu06GL000007	GCF_017280035.1	88.447	97.8	0.0	805	ok
smbu06GL000007	GCF_017357805.1	88.571	97.8	0.0	805	ok
smbu06GL000007	GCF_018516845.1	99.271	100.0	0.0	823	ok
smbu06GL000007	GCF_019203145.1	99.878	100.0	0.0	823	ok
smbu06GL000007	GCF_019343125.1	100.000	100.0	0.0	823	ok
smbu06GL000007	GCF_019456555.1	99.271	100.0	0.0	823	ok
smbu06GL000007	GCF_019456575.1	99.271	100.0	0.0	823	ok
smbu06GL000007	GCF_019456595.1	99.271	100.0	0.0	823	ok
smbu06GL000007	GCF_019797905.1	85.520	98.2	0.0	13	rejected
smbu06GL000007	GCF_019967715.1	100.000	100.0	0.0	823	ok
smbu06GL000007	GCF_020881975.1	88.571	97.8	0.0	805	ok
smbu06GL000007	GCF_020906605.1	88.447	97.8	0.0	805	ok
smbu06GL000007	GCF_022869705.1	88.571	97.8	0.0	805	ok
smbu06GL000007	GCF_023299785.1	88.571	97.8	0.0	805	ok
smbu06GL000007	GCF_023375505.1	88.571	97.8	0.0	805	ok
smbu06GL000007	GCF_023612035.1	88.571	97.8	0.0	805	ok
smbu06GL000007	GCF_023612275.1	99.149	100.0	0.0	823	ok
smbu06GL000007	GCF_024267595.1	88.696	97.8	0.0	805	ok
smbu06GL000007	GCF_025957845.1	88.571	97.8	0.0	805	ok
smbu06GL000007	GCF_025957925.1	88.571	97.8	0.0	805	ok
smbu06GL000007	GCF_025958025.1	88.571	97.8	0.0	805	ok
smbu06GL000007	GCF_025958065.1	88.571	97.8	0.0	805	ok
smbu06GL000007	GCF_025958085.1	88.571	97.8	0.0	805	ok
smbu06GL000007	GCF_025958625.1	88.571	97.8	0.0	805	ok
smbu06GL000007	GCF_025958845.1	88.571	97.8	0.0	805	ok
smbu06GL000007	GCF_025958885.1	88.571	97.8	0.0	805	ok
smbu06GL000007	GCF_026650885.1	88.571	97.8	0.0	805	ok
smbu06GL000007	GCF_027915235.1	100.000	100.0	0.0	823	ok
smbu06GL000007	GCF_030490365.1	100.000	100.0	0.0	823	ok
smbu06GL000007	GCF_030584585.1	99.149	100.0	0.0	823	ok
smbu06GL000007	GCF_030584605.1	99.149	100.0	0.0	823	ok
smbu06GL000007	GCF_030584685.1	99.149	100.0	0.0	823	ok
smbu06GL000007	GCF_030643745.1	100.000	100.0	0.0	823	ok
smbu06GL000007	GCF_033954875.1	100.000	100.0	0.0	823	ok
smbu06GL000007	GCF_033954895.1	99.149	100.0	0.0	823	ok
smbu06GL000007	GCF_033954915.1	99.149	100.0	0.0	823	ok
smbu06GL000007	GCF_036669985.1	99.149	100.0	0.0	823	ok
smbu06GL000007	GCF_040745045.1	100.000	100.0	0.0	823	ok
smbu06GL000007	GCF_043950735.1	95.782	97.9	0.0	806	ok
smbu06GL000007	GCF_049315065.1	100.000	100.0	0.0	823	ok
smbu06GL000007	GCF_049315075.1	95.971	99.5	0.0	819	ok
smbu06GL000007	GCF_049315085.1	95.971	99.5	0.0	819	ok
smbu06GL000007	GCF_049315095.1	95.971	99.5	0.0	819	ok
smbu06GL000007	GCF_049315105.1	95.971	99.5	0.0	819	ok
smbu06GL000007	GCF_049315115.1	100.000	100.0	0.0	823	ok
smbu06GL000007	GCF_049315125.1	100.000	100.0	0.0	823	ok
smbu06GL000007	GCF_049315135.1	95.971	99.5	0.0	819	ok
smbu06GL000007	GCF_049315145.1	100.000	100.0	0.0	823	ok
smbu06GL000007	GCF_049315155.1	95.971	99.5	0.0	819	ok
smbu06GL000007	GCF_049315165.1	100.000	100.0	0.0	823	ok
smbu06GL000007	GCF_049315175.1	100.000	100.0	0.0	823	ok
smbu06GL000007	GCF_052655065.1	100.000	100.0	0.0	823	ok
smbu06GL000007	GCF_052655335.1	100.000	100.0	0.0	823	ok
smbu06GL000007	GCF_052655665.1	100.000	100.0	0.0	823	ok
smbu06GL000007	GCF_052656575.1	100.000	100.0	0.0	823	ok
smbu06GL000007	GCF_052657825.1	100.000	100.0	0.0	823	ok
smbu06GL000007	GCF_052658005.1	100.000	100.0	0.0	823	ok
smbu06GL000007	GCF_053764515.1	95.966	99.4	0.0	818	ok
smbu06GL000007	GCF_056487465.1	95.737	99.8	0.0	821	ok
smbu06GL000007	GCF_056582645.1	100.000	100.0	0.0	823	ok
smbu06GL000007	GCF_931972305.1	95.615	99.8	0.0	821	ok
smbu06GL000007	GCF_988227945.1	100.000	100.0	0.0	823	ok
smbu06GL000007	GCF_988227985.1	100.000	100.0	0.0	823	ok
smbu06GL000007	GCF_988228025.1	100.000	100.0	0.0	823	ok
smbu06GL000007	L_lactis_14B4	71.606	97.6	0.0	802	ok
smbu06GL000007	L_lactis_IL1403	71.606	97.6	0.0	802	ok
smbu06GL000007	L_lactis_MG1363	70.833	99.1	0.0	810	ok
smbu06GL000007	smbu06_project	100.000	100.0	0.0	823	ok
smbu06GL000007	smbu08_project	100.000	100.0	0.0	823	ok
smbu06GL000008	E_lactis_194	100.000	100.0	7.65e-60	99	ok
smbu06GL000008	GCA_000006865.1	71.875	97.0	2.32e-41	96	ok
smbu06GL000008	GCA_000157355.2	84.848	100.0	6.15e-52	99	ok
smbu06GL000008	GCA_000344575.1	71.875	97.0	2.32e-41	96	ok
smbu06GL000008	GCA_000761115.1	71.875	97.0	2.16e-41	96	ok
smbu06GL000008	GCA_000807375.1	71.875	97.0	2.32e-41	96	ok
smbu06GL000008	GCA_002216705.1	92.929	100.0	7.4e-57	99	ok
smbu06GL000008	GCA_002278015.2	96.970	100.0	6.62e-58	99	ok
smbu06GL000008	GCA_002290025.1	91.919	100.0	7.89e-56	99	ok
smbu06GL000008	GCA_002804185.1	72.917	97.0	4.16e-42	96	ok
smbu06GL000008	GCA_002804285.1	72.917	97.0	4.16e-42	96	ok
smbu06GL000008	GCA_002813755.1	93.939	100.0	3.61e-57	99	ok
smbu06GL000008	GCA_002895225.1	71.875	97.0	2.32e-41	96	ok
smbu06GL000008	GCA_003711125.1	83.505	98.0	7.15e-51	22	rejected
smbu06GL000008	GCA_003722255.1	71.875	97.0	2.32e-41	96	ok
smbu06GL000008	GCA_005347505.1	83.505	98.0	7.15e-51	22	rejected
smbu06GL000008	GCA_009730155.1	86.735	99.0	2.12e-52	98	ok
smbu06GL000008	GCA_013391145.1	96.970	100.0	6.62e-58	99	ok
smbu06GL000008	GCA_013391165.1	96.970	100.0	6.62e-58	99	ok
smbu06GL000008	GCA_013391185.1	96.970	100.0	6.62e-58	99	ok
smbu06GL000008	GCA_013391205.1	96.970	100.0	6.62e-58	99	ok
smbu06GL000008	GCA_013394325.1	83.505	98.0	7.15e-51	22	rejected
smbu06GL000008	GCA_015767715.1	98.990	100.0	2.75e-59	99	ok
smbu06GL000008	GCA_016127235.1	96.970	100.0	6.62e-58	99	ok
smbu06GL000008	GCA_019203145.1	100.000	100.0	7.65e-60	99	ok
smbu06GL000008	GCA_019343125.1	100.000	100.0	7.65e-60	99	ok
smbu06GL000008	GCA_019797905.1	83.505	98.0	7.15e-51	22	rejected
smbu06GL000008	GCA_019967715.1	100.000	100.0	7.65e-60	99	ok
smbu06GL000008	GCA_022870765.1	84.848	100.0	6.15e-52	99	ok
smbu06GL000008	GCA_023523715.1	84.848	100.0	6.15e-52	99	ok
smbu06GL000008	GCA_023612275.1	98.990	100.0	2.89e-59	99	ok
smbu06GL000008	GCA_025402795.1	83.505	98.0	7.15e-51	22	rejected
smbu06GL000008	GCA_025402855.1	83.505	98.0	7.15e-51	22	rejected
smbu06GL000008	GCA_029201225.1	84.848	100.0	6.15e-52	99	ok
smbu06GL000008	GCA_029215545.1	84.848	100.0	6.15e-52	99	ok
smbu06GL000008	GCA_030490365.1	100.000	100.0	7.65e-60	99	ok
smbu06GL000008	GCA_033954875.1	100.000	100.0	7.65e-60	99	ok
smbu06GL000008	GCA_033954895.1	98.990	100.0	2.89e-59	99	ok
smbu06GL000008	GCA_033954915.1	98.990	100.0	2.89e-59	99	ok
smbu06GL000008	GCA_036669985.1	98.990	100.0	2.89e-59	99	ok
smbu06GL000008	GCA_040745045.1	100.000	100.0	7.65e-60	99	ok
smbu06GL000008	GCA_041930275.1	86.735	99.0	2.12e-52	98	ok
smbu06GL000008	GCA_041952535.1	86.735	99.0	2.12e-52	98	ok
smbu06GL000008	GCA_043950735.1	96.970	100.0	6.62e-58	99	ok
smbu06GL000008	GCA_043950745.1	96.970	100.0	6.62e-58	99	ok
smbu06GL000008	GCA_045039055.1	86.735	99.0	2.12e-52	98	ok
smbu06GL000008	GCA_049315065.1	100.000	100.0	7.65e-60	99	ok
smbu06GL000008	GCA_049315075.1	94.949	100.0	7.26e-57	99	ok
smbu06GL000008	GCA_049315085.1	94.949	100.0	7.26e-57	99	ok
smbu06GL000008	GCA_049315095.1	94.949	100.0	7.26e-57	99	ok
smbu06GL000008	GCA_049315105.1	94.949	100.0	7.26e-57	99	ok
smbu06GL000008	GCA_049315115.1	100.000	100.0	7.65e-60	99	ok
smbu06GL000008	GCA_049315125.1	100.000	100.0	7.65e-60	99	ok
smbu06GL000008	GCA_049315135.1	94.949	100.0	7.26e-57	99	ok
smbu06GL000008	GCA_049315145.1	100.000	100.0	7.65e-60	99	ok
smbu06GL000008	GCA_049315155.1	94.949	100.0	7.26e-57	99	ok
smbu06GL000008	GCA_049315165.1	100.000	100.0	7.65e-60	99	ok
smbu06GL000008	GCA_049315175.1	100.000	100.0	7.65e-60	99	ok
smbu06GL000008	GCA_052655065.1	100.000	100.0	7.65e-60	99	ok
smbu06GL000008	GCA_052655335.1	100.000	100.0	7.65e-60	99	ok
smbu06GL000008	GCA_052655665.1	100.000	100.0	7.65e-60	99	ok
smbu06GL000008	GCA_052656575.1	100.000	100.0	7.65e-60	99	ok
smbu06GL000008	GCA_052657825.1	100.000	100.0	7.65e-60	99	ok
smbu06GL000008	GCA_052658005.1	100.000	100.0	7.65e-60	99	ok
smbu06GL000008	GCA_053764515.1	93.939	100.0	3.61e-57	99	ok
smbu06GL000008	GCA_055397705.1	98.990	100.0	2.89e-59	99	ok
smbu06GL000008	GCA_055397995.1	95.960	100.0	1.66e-57	99	ok
smbu06GL000008	GCA_056487485.1	93.939	100.0	3.61e-57	99	ok
smbu06GL000008	GCA_056582645.1	100.000	100.0	7.65e-60	99	ok
smbu06GL000008	GCA_058072705.1	98.990	100.0	2.89e-59	99	ok
smbu06GL000008	GCA_060306215.1	100.000	100.0	7.65e-60	99	ok
smbu06GL000008	GCA_060307205.1	96.970	100.0	6.62e-58	99	ok
smbu06GL000008	GCA_060307225.1	100.000	100.0	7.65e-60	99	ok
smbu06GL000008	GCA_061568495.1	100.000	100.0	7.65e-60	99	ok
smbu06GL000008	GCA_900636615.1	96.970	100.0	6.62e-58	99	ok
smbu06GL000008	GCA_905186115.1	96.970	100.0	6.62e-58	99	ok
smbu06GL000008	GCA_931972305.1	93.939	100.0	3.61e-57	99	ok
smbu06GL000008	GCA_963280925.1	96.970	100.0	6.62e-58	99	ok
smbu06GL000008	GCA_988227945.1	100.000	100.0	7.65e-60	99	ok
smbu06GL000008	GCA_988227985.1	100.000	100.0	7.65e-60	99	ok
smbu06GL000008	GCA_988228025.1	100.000	100.0	7.65e-60	99	ok
smbu06GL000008	GCA_988235375.1	91.919	100.0	7.89e-56	99	ok
smbu06GL000008	GCA_988236725.1	91.919	100.0	7.89e-56	99	ok
smbu06GL000008	GCA_988237225.1	100.000	100.0	7.65e-60	99	ok
smbu06GL000008	GCF_001298485.1	98.990	100.0	2.89e-59	99	ok
smbu06GL000008	GCF_001412695.1	98.990	100.0	2.89e-59	99	ok
smbu06GL000008	GCF_001598635.1	86.735	99.0	1.48e-52	22	rejected
smbu06GL000008	GCF_001689055.2	86.735	99.0	1.48e-52	22	rejected
smbu06GL000008	GCF_002208945.1	86.735	99.0	1.48e-52	22	rejected
smbu06GL000008	GCF_002216705.1	92.929	100.0	7.4e-57	99	ok
smbu06GL000008	GCF_002278015.2	96.970	100.0	6.62e-58	99	ok
smbu06GL000008	GCF_002289045.2	86.735	99.0	1.48e-52	22	rejected
smbu06GL000008	GCF_002290025.1	91.919	100.0	7.89e-56	99	ok
smbu06GL000008	GCF_002355755.1	86.735	99.0	1.48e-52	22	rejected
smbu06GL000008	GCF_002761555.1	98.990	100.0	2.89e-59	99	ok
smbu06GL000008	GCF_002831505.1	98.990	100.0	2.89e-59	99	ok
smbu06GL000008	GCF_002850515.1	98.990	100.0	2.89e-59	99	ok
smbu06GL000008	GCF_002983785.1	98.990	100.0	2.89e-59	99	ok
smbu06GL000008	GCF_003269465.1	98.990	100.0	2.89e-59	99	ok
smbu06GL000008	GCF_003667965.1	98.990	100.0	2.89e-59	99	ok
smbu06GL000008	GCF_003711125.1	83.505	98.0	7.15e-51	22	rejected
smbu06GL000008	GCF_003711605.1	100.000	100.0	7.65e-60	99	ok
smbu06GL000008	GCF_003812665.1	86.735	99.0	1.48e-52	22	rejected
smbu06GL000008	GCF_004332055.1	98.990	100.0	2.89e-59	99	ok
smbu06GL000008	GCF_005484525.1	86.735	99.0	1.48e-52	22	rejected
smbu06GL000008	GCF_006337145.1	100.000	100.0	7.65e-60	99	ok
smbu06GL000008	GCF_006351785.1	98.990	100.0	2.89e-59	99	ok
smbu06GL000008	GCF_006351845.1	98.990	100.0	2.89e-59	99	ok
smbu06GL000008	GCF_006364815.1	86.735	99.0	1.48e-52	22	rejected
smbu06GL000008	GCF_006494835.1	86.735	99.0	1.48e-52	22	rejected
smbu06GL000008	GCF_006494855.1	86.735	99.0	1.48e-52	22	rejected
smbu06GL000008	GCF_006494875.1	86.735	99.0	1.48e-52	22	rejected
smbu06GL000008	GCF_006766145.1	86.735	99.0	1.48e-52	22	rejected
smbu06GL000008	GCF_007923665.2	98.990	100.0	2.89e-59	99	ok
smbu06GL000008	GCF_007923785.2	98.990	100.0	2.89e-59	99	ok
smbu06GL000008	GCF_007923865.2	98.990	100.0	2.89e-59	99	ok
smbu06GL000008	GCF_007923885.2	98.990	100.0	2.89e-59	99	ok
smbu06GL000008	GCF_007923905.2	98.990	100.0	2.89e-59	99	ok
smbu06GL000008	GCF_007923925.2	98.990	100.0	2.89e-59	99	ok
smbu06GL000008	GCF_007923945.2	98.990	100.0	2.89e-59	99	ok
smbu06GL000008	GCF_007923965.2	98.990	100.0	2.89e-59	99	ok
smbu06GL000008	GCF_008330605.1	100.000	100.0	7.65e-60	99	ok
smbu06GL000008	GCF_009730155.1	86.735	99.0	2.12e-52	98	ok
smbu06GL000008	GCF_009734005.1	98.990	100.0	2.89e-59	99	ok
smbu06GL000008	GCF_009938075.1	98.990	100.0	2.89e-59	99	ok
smbu06GL000008	GCF_010103655.1	86.735	99.0	1.48e-52	22	rejected
smbu06GL000008	GCF_010120755.1	97.980	100.0	2.15e-58	99	ok
smbu06GL000008	GCF_011745645.1	100.000	100.0	7.65e-60	99	ok
smbu06GL000008	GCF_012045365.1	100.000	100.0	7.65e-60	99	ok
smbu06GL000008	GCF_012045505.1	100.000	100.0	7.65e-60	99	ok
smbu06GL000008	GCF_012594215.1	86.735	99.0	1.48e-52	22	rejected
smbu06GL000008	GCF_013201055.1	100.000	100.0	7.65e-60	99	ok
smbu06GL000008	GCF_013344625.1	86.735	99.0	1.48e-52	22	rejected
smbu06GL000008	GCF_013344645.1	86.735	99.0	1.48e-52	22	rejected
smbu06GL000008	GCF_013344665.1	86.735	99.0	1.48e-52	22	rejected
smbu06GL000008	GCF_013391145.1	96.970	100.0	6.62e-58	99	ok
smbu06GL000008	GCF_013391165.1	96.970	100.0	6.62e-58	99	ok
smbu06GL000008	GCF_013391185.1	96.970	100.0	6.62e-58	99	ok
smbu06GL000008	GCF_013391205.1	96.970	100.0	6.62e-58	99	ok
smbu06GL000008	GCF_013394325.1	83.505	98.0	7.15e-51	22	rejected
smbu06GL000008	GCF_015377765.1	98.990	100.0	2.89e-59	99	ok
smbu06GL000008	GCF_015767695.1	98.990	100.0	2.89e-59	99	ok
smbu06GL000008	GCF_015767715.1	98.990	100.0	2.75e-59	99	ok
smbu06GL000008	GCF_016127235.1	96.970	100.0	6.62e-58	99	ok
smbu06GL000008	GCF_017280035.1	86.735	99.0	1.48e-52	22	rejected
smbu06GL000008	GCF_017357805.1	86.735	99.0	1.48e-52	22	rejected
smbu06GL000008	GCF_018516845.1	98.990	100.0	2.89e-59	99	ok
smbu06GL000008	GCF_019203145.1	100.000	100.0	7.65e-60	99	ok
smbu06GL000008	GCF_019343125.1	100.000	100.0	7.65e-60	99	ok
smbu06GL000008	GCF_019456555.1	98.990	100.0	2.89e-59	99	ok
smbu06GL000008	GCF_019456575.1	98.990	100.0	2.89e-59	99	ok
smbu06GL000008	GCF_019456595.1	98.990	100.0	2.89e-59	99	ok
smbu06GL000008	GCF_019797905.1	83.505	98.0	7.15e-51	22	rejected
smbu06GL000008	GCF_019967715.1	100.000	100.0	7.65e-60	99	ok
smbu06GL000008	GCF_020881975.1	86.735	99.0	1.48e-52	22	rejected
smbu06GL000008	GCF_020906605.1	86.735	99.0	1.48e-52	22	rejected
smbu06GL000008	GCF_022869705.1	86.735	99.0	1.48e-52	22	rejected
smbu06GL000008	GCF_023299785.1	86.735	99.0	1.48e-52	22	rejected
smbu06GL000008	GCF_023375505.1	86.735	99.0	1.48e-52	22	rejected
smbu06GL000008	GCF_023612035.1	86.735	99.0	1.48e-52	22	rejected
smbu06GL000008	GCF_023612275.1	98.990	100.0	2.89e-59	99	ok
smbu06GL000008	GCF_024267595.1	86.735	99.0	1.48e-52	22	rejected
smbu06GL000008	GCF_025957845.1	86.735	99.0	1.48e-52	22	rejected
smbu06GL000008	GCF_025957925.1	86.735	99.0	1.48e-52	22	rejected
smbu06GL000008	GCF_025958025.1	86.735	99.0	1.48e-52	22	rejected
smbu06GL000008	GCF_025958065.1	86.735	99.0	1.48e-52	22	rejected
smbu06GL000008	GCF_025958085.1	86.735	99.0	1.48e-52	22	rejected
smbu06GL000008	GCF_025958625.1	86.735	99.0	1.48e-52	22	rejected
smbu06GL000008	GCF_025958845.1	86.735	99.0	1.48e-52	22	rejected
smbu06GL000008	GCF_025958885.1	86.735	99.0	1.48e-52	22	rejected
smbu06GL000008	GCF_026650885.1	86.735	99.0	1.48e-52	22	rejected
smbu06GL000008	GCF_027915235.1	100.000	100.0	7.65e-60	99	ok
smbu06GL000008	GCF_030490365.1	100.000	100.0	7.65e-60	99	ok
smbu06GL000008	GCF_030584585.1	98.990	100.0	2.89e-59	99	ok
smbu06GL000008	GCF_030584605.1	98.990	100.0	2.89e-59	99	ok
smbu06GL000008	GCF_030584685.1	98.990	100.0	2.89e-59	99	ok
smbu06GL000008	GCF_030643745.1	100.000	100.0	7.65e-60	99	ok
smbu06GL000008	GCF_033954875.1	100.000	100.0	7.65e-60	99	ok
smbu06GL000008	GCF_033954895.1	98.990	100.0	2.89e-59	99	ok
smbu06GL000008	GCF_033954915.1	98.990	100.0	2.89e-59	99	ok
smbu06GL000008	GCF_036669985.1	98.990	100.0	2.89e-59	99	ok
smbu06GL000008	GCF_040745045.1	100.000	100.0	7.65e-60	99	ok
smbu06GL000008	GCF_043950735.1	96.970	100.0	6.62e-58	99	ok
smbu06GL000008	GCF_049315065.1	100.000	100.0	7.65e-60	99	ok
smbu06GL000008	GCF_049315075.1	94.949	100.0	7.26e-57	99	ok
smbu06GL000008	GCF_049315085.1	94.949	100.0	7.26e-57	99	ok
smbu06GL000008	GCF_049315095.1	94.949	100.0	7.26e-57	99	ok
smbu06GL000008	GCF_049315105.1	94.949	100.0	7.26e-57	99	ok
smbu06GL000008	GCF_049315115.1	100.000	100.0	7.65e-60	99	ok
smbu06GL000008	GCF_049315125.1	100.000	100.0	7.65e-60	99	ok
smbu06GL000008	GCF_049315135.1	94.949	100.0	7.26e-57	99	ok
smbu06GL000008	GCF_049315145.1	100.000	100.0	7.65e-60	99	ok
smbu06GL000008	GCF_049315155.1	94.949	100.0	7.26e-57	99	ok
smbu06GL000008	GCF_049315165.1	100.000	100.0	7.65e-60	99	ok
smbu06GL000008	GCF_049315175.1	100.000	100.0	7.65e-60	99	ok
smbu06GL000008	GCF_052655065.1	100.000	100.0	7.65e-60	99	ok
smbu06GL000008	GCF_052655335.1	100.000	100.0	7.65e-60	99	ok
smbu06GL000008	GCF_052655665.1	100.000	100.0	7.65e-60	99	ok
smbu06GL000008	GCF_052656575.1	100.000	100.0	7.65e-60	99	ok
smbu06GL000008	GCF_052657825.1	100.000	100.0	7.65e-60	99	ok
smbu06GL000008	GCF_052658005.1	100.000	100.0	7.65e-60	99	ok
smbu06GL000008	GCF_053764515.1	93.939	100.0	3.61e-57	99	ok
smbu06GL000008	GCF_056487465.1	93.939	100.0	3.61e-57	99	ok
smbu06GL000008	GCF_056582645.1	100.000	100.0	7.65e-60	99	ok
smbu06GL000008	GCF_931972305.1	93.939	100.0	3.61e-57	99	ok
smbu06GL000008	GCF_988227945.1	100.000	100.0	7.65e-60	99	ok
smbu06GL000008	GCF_988227985.1	100.000	100.0	7.65e-60	99	ok
smbu06GL000008	GCF_988228025.1	100.000	100.0	7.65e-60	99	ok
smbu06GL000008	L_lactis_14B4	71.875	97.0	2.32e-41	96	ok
smbu06GL000008	L_lactis_IL1403	71.875	97.0	2.32e-41	96	ok
smbu06GL000008	L_lactis_MG1363	72.917	97.0	4.9e-42	96	ok
smbu06GL000008	smbu06_project	100.000	100.0	7.65e-60	99	ok
smbu06GL000008	smbu08_project	100.000	100.0	7.65e-60	99	ok
smbu06GL000010	E_lactis_194	100.000	100.0	4.29e-45	78	ok
smbu06GL000010	GCA_000006865.1	82.278	100.0	1.48e-35	79	ok
smbu06GL000010	GCA_000157355.2	93.590	100.0	3.92e-34	78	ok
smbu06GL000010	GCA_000344575.1	82.278	100.0	1.48e-35	79	ok
smbu06GL000010	GCA_000761115.1	82.278	100.0	1.48e-35	79	ok
smbu06GL000010	GCA_000807375.1	83.544	100.0	1.03e-35	79	ok
smbu06GL000010	GCA_002216705.1	95.385	83.3	4.12e-35	0	rejected
smbu06GL000010	GCA_002278015.2	100.000	100.0	4.29e-45	78	ok
smbu06GL000010	GCA_002290025.1	98.718	100.0	7.69e-45	78	ok
smbu06GL000010	GCA_002804185.1	82.278	100.0	1.48e-35	79	ok
smbu06GL000010	GCA_002804285.1	82.278	100.0	1.48e-35	79	ok
smbu06GL000010	GCA_002813755.1	95.385	83.3	4.12e-35	0	rejected
smbu06GL000010	GCA_002895225.1	82.278	100.0	1.48e-35	79	ok
smbu06GL000010	GCA_003711125.1	93.846	83.3	1.29e-34	0	rejected
smbu06GL000010	GCA_003722255.1	82.278	100.0	1.48e-35	79	ok
smbu06GL000010	GCA_005347505.1	93.846	83.3	1.29e-34	0	rejected
smbu06GL000010	GCA_009730155.1	93.590	100.0	8.69e-34	78	ok
smbu06GL000010	GCA_013391145.1	100.000	100.0	4.29e-45	78	ok
smbu06GL000010	GCA_013391165.1	100.000	100.0	4.29e-45	78	ok
smbu06GL000010	GCA_013391185.1	100.000	100.0	4.29e-45	78	ok
smbu06GL000010	GCA_013391205.1	100.000	100.0	4.29e-45	78	ok
smbu06GL000010	GCA_013394325.1	92.308	83.3	4.53e-34	0	rejected
smbu06GL000010	GCA_015767715.1	100.000	100.0	4.29e-45	78	ok
smbu06GL000010	GCA_016127235.1	100.000	100.0	4.29e-45	78	ok
smbu06GL000010	GCA_019203145.1	100.000	100.0	4.29e-45	78	ok
smbu06GL000010	GCA_019343125.1	100.000	100.0	4.29e-45	78	ok
smbu06GL000010	GCA_019797905.1	93.846	83.3	1.29e-34	0	rejected
smbu06GL000010	GCA_019967715.1	100.000	100.0	4.29e-45	78	ok
smbu06GL000010	GCA_022870765.1	93.590	100.0	3.92e-34	78	ok
smbu06GL000010	GCA_023523715.1	93.590	100.0	3.92e-34	78	ok
smbu06GL000010	GCA_023612275.1	100.000	100.0	4.29e-45	78	ok
smbu06GL000010	GCA_025402795.1	93.846	83.3	1.29e-34	0	rejected
smbu06GL000010	GCA_025402855.1	93.846	83.3	1.29e-34	0	rejected
smbu06GL000010	GCA_029201225.1	93.590	100.0	3.92e-34	78	ok
smbu06GL000010	GCA_029215545.1	93.590	100.0	3.92e-34	78	ok
smbu06GL000010	GCA_030490365.1	100.000	100.0	4.29e-45	78	ok
smbu06GL000010	GCA_033954875.1	100.000	100.0	4.29e-45	78	ok
smbu06GL000010	GCA_033954895.1	100.000	100.0	4.29e-45	78	ok
smbu06GL000010	GCA_033954915.1	100.000	100.0	4.29e-45	78	ok
smbu06GL000010	GCA_036669985.1	100.000	100.0	4.29e-45	78	ok
smbu06GL000010	GCA_040745045.1	100.000	100.0	4.29e-45	78	ok
smbu06GL000010	GCA_041930275.1	93.590	100.0	8.69e-34	78	ok
smbu06GL000010	GCA_041952535.1	93.590	100.0	8.69e-34	78	ok
smbu06GL000010	GCA_043950735.1	100.000	100.0	4.29e-45	78	ok
smbu06GL000010	GCA_043950745.1	100.000	100.0	4.29e-45	78	ok
smbu06GL000010	GCA_045039055.1	93.590	100.0	8.69e-34	78	ok
smbu06GL000010	GCA_049315065.1	100.000	100.0	4.29e-45	78	ok
smbu06GL000010	GCA_049315075.1	98.718	100.0	6.77e-45	78	ok
smbu06GL000010	GCA_049315085.1	98.718	100.0	6.77e-45	78	ok
smbu06GL000010	GCA_049315095.1	98.718	100.0	6.77e-45	78	ok
smbu06GL000010	GCA_049315105.1	98.718	100.0	6.77e-45	78	ok
smbu06GL000010	GCA_049315115.1	100.000	100.0	4.29e-45	78	ok
smbu06GL000010	GCA_049315125.1	100.000	100.0	4.29e-45	78	ok
smbu06GL000010	GCA_049315135.1	98.718	100.0	6.77e-45	78	ok
smbu06GL000010	GCA_049315145.1	100.000	100.0	4.29e-45	78	ok
smbu06GL000010	GCA_049315155.1	98.718	100.0	6.77e-45	78	ok
smbu06GL000010	GCA_049315165.1	100.000	100.0	4.29e-45	78	ok
smbu06GL000010	GCA_049315175.1	100.000	100.0	4.29e-45	78	ok
smbu06GL000010	GCA_052655065.1	100.000	100.0	4.29e-45	78	ok
smbu06GL000010	GCA_052655335.1	100.000	100.0	4.29e-45	78	ok
smbu06GL000010	GCA_052655665.1	100.000	100.0	4.29e-45	78	ok
smbu06GL000010	GCA_052656575.1	100.000	100.0	4.29e-45	78	ok
smbu06GL000010	GCA_052657825.1	100.000	100.0	4.29e-45	78	ok
smbu06GL000010	GCA_052658005.1	100.000	100.0	4.29e-45	78	ok
smbu06GL000010	GCA_053764515.1	95.385	83.3	4.12e-35	0	rejected
smbu06GL000010	GCA_055397705.1	100.000	100.0	4.29e-45	78	ok
smbu06GL000010	GCA_055397995.1	100.000	100.0	4.29e-45	78	ok
smbu06GL000010	GCA_056487485.1	95.385	83.3	4.12e-35	0	rejected
smbu06GL000010	GCA_056582645.1	100.000	100.0	4.29e-45	78	ok
smbu06GL000010	GCA_058072705.1	100.000	100.0	4.29e-45	78	ok
smbu06GL000010	GCA_060306215.1	100.000	100.0	4.29e-45	78	ok
smbu06GL000010	GCA_060307205.1	100.000	100.0	4.29e-45	78	ok
smbu06GL000010	GCA_060307225.1	100.000	100.0	4.29e-45	78	ok
smbu06GL000010	GCA_061568495.1	100.000	100.0	4.29e-45	78	ok
smbu06GL000010	GCA_900636615.1	100.000	100.0	4.29e-45	78	ok
smbu06GL000010	GCA_905186115.1	100.000	100.0	4.29e-45	78	ok
smbu06GL000010	GCA_931972305.1	95.385	83.3	4.12e-35	0	rejected
smbu06GL000010	GCA_963280925.1	100.000	100.0	4.29e-45	78	ok
smbu06GL000010	GCA_988227945.1	100.000	100.0	4.29e-45	78	ok
smbu06GL000010	GCA_988227985.1	100.000	100.0	4.29e-45	78	ok
smbu06GL000010	GCA_988228025.1	100.000	100.0	4.29e-45	78	ok
smbu06GL000010	GCA_988235375.1	98.718	100.0	7.69e-45	78	ok
smbu06GL000010	GCA_988236725.1	98.718	100.0	7.69e-45	78	ok
smbu06GL000010	GCA_988237225.1	100.000	100.0	4.29e-45	78	ok
smbu06GL000010	GCF_001298485.1	100.000	100.0	4.29e-45	78	ok
smbu06GL000010	GCF_001412695.1	100.000	100.0	4.29e-45	78	ok
smbu06GL000010	GCF_001598635.1	92.308	83.3	1.6e-34	19	ok
smbu06GL000010	GCF_001689055.2	92.308	83.3	1.6e-34	19	ok
smbu06GL000010	GCF_002208945.1	92.308	83.3	1.6e-34	19	ok
smbu06GL000010	GCF_002216705.1	95.385	83.3	4.12e-35	0	rejected
smbu06GL000010	GCF_002278015.2	100.000	100.0	4.29e-45	78	ok
smbu06GL000010	GCF_002289045.2	92.308	83.3	1.6e-34	19	ok
smbu06GL000010	GCF_002290025.1	98.718	100.0	7.69e-45	78	ok
smbu06GL000010	GCF_002355755.1	92.308	83.3	1.6e-34	19	ok
smbu06GL000010	GCF_002761555.1	100.000	100.0	4.29e-45	78	ok
smbu06GL000010	GCF_002831505.1	100.000	100.0	4.29e-45	78	ok
smbu06GL000010	GCF_002850515.1	100.000	100.0	4.29e-45	78	ok
smbu06GL000010	GCF_002983785.1	100.000	100.0	4.29e-45	78	ok
smbu06GL000010	GCF_003269465.1	100.000	100.0	4.29e-45	78	ok
smbu06GL000010	GCF_003667965.1	100.000	100.0	4.29e-45	78	ok
smbu06GL000010	GCF_003711125.1	93.846	83.3	1.29e-34	0	rejected
smbu06GL000010	GCF_003711605.1	100.000	100.0	4.29e-45	78	ok
smbu06GL000010	GCF_003812665.1	92.308	83.3	1.6e-34	19	ok
smbu06GL000010	GCF_004332055.1	100.000	100.0	4.29e-45	78	ok
smbu06GL000010	GCF_005484525.1	92.308	83.3	1.6e-34	19	ok
smbu06GL000010	GCF_006337145.1	100.000	100.0	4.29e-45	78	ok
smbu06GL000010	GCF_006351785.1	100.000	100.0	4.29e-45	78	ok
smbu06GL000010	GCF_006351845.1	100.000	100.0	4.29e-45	78	ok
smbu06GL000010	GCF_006364815.1	92.308	83.3	1.6e-34	19	ok
smbu06GL000010	GCF_006494835.1	92.308	83.3	1.6e-34	19	ok
smbu06GL000010	GCF_006494855.1	92.308	83.3	1.6e-34	19	ok
smbu06GL000010	GCF_006494875.1	92.308	83.3	1.6e-34	19	ok
smbu06GL000010	GCF_006766145.1	92.308	83.3	1.6e-34	19	ok
smbu06GL000010	GCF_007923665.2	100.000	100.0	4.29e-45	78	ok
smbu06GL000010	GCF_007923785.2	100.000	100.0	4.29e-45	78	ok
smbu06GL000010	GCF_007923865.2	100.000	100.0	4.29e-45	78	ok
smbu06GL000010	GCF_007923885.2	100.000	100.0	4.29e-45	78	ok
smbu06GL000010	GCF_007923905.2	100.000	100.0	4.29e-45	78	ok
smbu06GL000010	GCF_007923925.2	100.000	100.0	4.29e-45	78	ok
smbu06GL000010	GCF_007923945.2	100.000	100.0	4.29e-45	78	ok
smbu06GL000010	GCF_007923965.2	100.000	100.0	4.29e-45	78	ok
smbu06GL000010	GCF_008330605.1	100.000	100.0	4.29e-45	78	ok
smbu06GL000010	GCF_009730155.1	93.590	100.0	8.69e-34	78	ok
smbu06GL000010	GCF_009734005.1	100.000	100.0	4.29e-45	78	ok
smbu06GL000010	GCF_009938075.1	100.000	100.0	4.29e-45	78	ok
smbu06GL000010	GCF_010103655.1	92.308	83.3	1.6e-34	19	ok
smbu06GL000010	GCF_010120755.1	100.000	100.0	4.29e-45	78	ok
smbu06GL000010	GCF_011745645.1	100.000	100.0	4.29e-45	78	ok
smbu06GL000010	GCF_012045365.1	100.000	100.0	4.29e-45	78	ok
smbu06GL000010	GCF_012045505.1	100.000	100.0	4.29e-45	78	ok
smbu06GL000010	GCF_012594215.1	92.308	83.3	1.6e-34	19	ok
smbu06GL000010	GCF_013201055.1	100.000	100.0	4.29e-45	78	ok
smbu06GL000010	GCF_013344625.1	92.308	83.3	1.6e-34	19	ok
smbu06GL000010	GCF_013344645.1	92.308	83.3	1.6e-34	19	ok
smbu06GL000010	GCF_013344665.1	92.308	83.3	1.6e-34	19	ok
smbu06GL000010	GCF_013391145.1	100.000	100.0	4.29e-45	78	ok
smbu06GL000010	GCF_013391165.1	100.000	100.0	4.29e-45	78	ok
smbu06GL000010	GCF_013391185.1	100.000	100.0	4.29e-45	78	ok
smbu06GL000010	GCF_013391205.1	100.000	100.0	4.29e-45	78	ok
smbu06GL000010	GCF_013394325.1	92.308	83.3	4.53e-34	0	rejected
smbu06GL000010	GCF_015377765.1	100.000	100.0	4.29e-45	78	ok
smbu06GL000010	GCF_015767695.1	100.000	100.0	4.29e-45	78	ok
smbu06GL000010	GCF_015767715.1	100.000	100.0	4.29e-45	78	ok
smbu06GL000010	GCF_016127235.1	100.000	100.0	4.29e-45	78	ok
smbu06GL000010	GCF_017280035.1	92.308	83.3	1.6e-34	19	ok
smbu06GL000010	GCF_017357805.1	92.308	83.3	1.6e-34	19	ok
smbu06GL000010	GCF_018516845.1	100.000	100.0	4.29e-45	78	ok
smbu06GL000010	GCF_019203145.1	100.000	100.0	4.29e-45	78	ok
smbu06GL000010	GCF_019343125.1	100.000	100.0	4.29e-45	78	ok
smbu06GL000010	GCF_019456555.1	100.000	100.0	4.29e-45	78	ok
smbu06GL000010	GCF_019456575.1	100.000	100.0	4.29e-45	78	ok
smbu06GL000010	GCF_019456595.1	100.000	100.0	4.29e-45	78	ok
smbu06GL000010	GCF_019797905.1	93.846	83.3	1.29e-34	0	rejected
smbu06GL000010	GCF_019967715.1	100.000	100.0	4.29e-45	78	ok
smbu06GL000010	GCF_020881975.1	92.308	83.3	1.6e-34	19	ok
smbu06GL000010	GCF_020906605.1	92.308	83.3	1.6e-34	19	ok
smbu06GL000010	GCF_022869705.1	92.308	83.3	1.6e-34	19	ok
smbu06GL000010	GCF_023299785.1	92.308	83.3	1.6e-34	19	ok
smbu06GL000010	GCF_023375505.1	92.308	83.3	1.6e-34	19	ok
smbu06GL000010	GCF_023612035.1	92.308	83.3	1.6e-34	19	ok
smbu06GL000010	GCF_023612275.1	100.000	100.0	4.29e-45	78	ok
smbu06GL000010	GCF_024267595.1	92.308	83.3	1.6e-34	19	ok
smbu06GL000010	GCF_025957845.1	92.308	83.3	1.6e-34	19	ok
smbu06GL000010	GCF_025957925.1	92.308	83.3	1.6e-34	19	ok
smbu06GL000010	GCF_025958025.1	92.308	83.3	1.6e-34	19	ok
smbu06GL000010	GCF_025958065.1	92.308	83.3	1.6e-34	19	ok
smbu06GL000010	GCF_025958085.1	92.308	83.3	1.6e-34	19	ok
smbu06GL000010	GCF_025958625.1	92.308	83.3	1.6e-34	19	ok
smbu06GL000010	GCF_025958845.1	92.308	83.3	1.6e-34	19	ok
smbu06GL000010	GCF_025958885.1	92.308	83.3	1.6e-34	19	ok
smbu06GL000010	GCF_026650885.1	92.308	83.3	1.6e-34	19	ok
smbu06GL000010	GCF_027915235.1	100.000	100.0	4.29e-45	78	ok
smbu06GL000010	GCF_030490365.1	100.000	100.0	4.29e-45	78	ok
smbu06GL000010	GCF_030584585.1	100.000	100.0	4.29e-45	78	ok
smbu06GL000010	GCF_030584605.1	100.000	100.0	4.29e-45	78	ok
smbu06GL000010	GCF_030584685.1	100.000	100.0	4.29e-45	78	ok
smbu06GL000010	GCF_030643745.1	100.000	100.0	4.29e-45	78	ok
smbu06GL000010	GCF_033954875.1	100.000	100.0	4.29e-45	78	ok
smbu06GL000010	GCF_033954895.1	100.000	100.0	4.29e-45	78	ok
smbu06GL000010	GCF_033954915.1	100.000	100.0	4.29e-45	78	ok
smbu06GL000010	GCF_036669985.1	100.000	100.0	4.29e-45	78	ok
smbu06GL000010	GCF_040745045.1	100.000	100.0	4.29e-45	78	ok
smbu06GL000010	GCF_043950735.1	100.000	100.0	4.29e-45	78	ok
smbu06GL000010	GCF_049315065.1	100.000	100.0	4.29e-45	78	ok
smbu06GL000010	GCF_049315075.1	98.718	100.0	6.77e-45	78	ok
smbu06GL000010	GCF_049315085.1	98.718	100.0	6.77e-45	78	ok
smbu06GL000010	GCF_049315095.1	98.718	100.0	6.77e-45	78	ok
smbu06GL000010	GCF_049315105.1	98.718	100.0	6.77e-45	78	ok
smbu06GL000010	GCF_049315115.1	100.000	100.0	4.29e-45	78	ok
smbu06GL000010	GCF_049315125.1	100.000	100.0	4.29e-45	78	ok
smbu06GL000010	GCF_049315135.1	98.718	100.0	6.77e-45	78	ok
smbu06GL000010	GCF_049315145.1	100.000	100.0	4.29e-45	78	ok
smbu06GL000010	GCF_049315155.1	98.718	100.0	6.77e-45	78	ok
smbu06GL000010	GCF_049315165.1	100.000	100.0	4.29e-45	78	ok
smbu06GL000010	GCF_049315175.1	100.000	100.0	4.29e-45	78	ok
smbu06GL000010	GCF_052655065.1	100.000	100.0	4.29e-45	78	ok
smbu06GL000010	GCF_052655335.1	100.000	100.0	4.29e-45	78	ok
smbu06GL000010	GCF_052655665.1	100.000	100.0	4.29e-45	78	ok
smbu06GL000010	GCF_052656575.1	100.000	100.0	4.29e-45	78	ok
smbu06GL000010	GCF_052657825.1	100.000	100.0	4.29e-45	78	ok
smbu06GL000010	GCF_052658005.1	100.000	100.0	4.29e-45	78	ok
smbu06GL000010	GCF_053764515.1	95.385	83.3	4.12e-35	0	rejected
smbu06GL000010	GCF_056487465.1	95.385	83.3	4.12e-35	0	rejected
smbu06GL000010	GCF_056582645.1	100.000	100.0	4.29e-45	78	ok
smbu06GL000010	GCF_931972305.1	95.385	83.3	4.12e-35	0	rejected
smbu06GL000010	GCF_988227945.1	100.000	100.0	4.29e-45	78	ok
smbu06GL000010	GCF_988227985.1	100.000	100.0	4.29e-45	78	ok
smbu06GL000010	GCF_988228025.1	100.000	100.0	4.29e-45	78	ok
smbu06GL000010	L_lactis_14B4	82.278	100.0	1.48e-35	79	ok
smbu06GL000010	L_lactis_IL1403	82.278	100.0	1.48e-35	79	ok
smbu06GL000010	L_lactis_MG1363	82.278	100.0	1.48e-35	79	ok
smbu06GL000010	smbu06_project	100.000	100.0	4.29e-45	78	ok
smbu06GL000010	smbu08_project	100.000	100.0	4.29e-45	78	ok
smbu06GL000012	E_lactis_194	100.000	100.0	1.43e-92	150	ok
smbu06GL000012	GCA_000006865.1	60.690	96.7	1.29e-40	6	rejected
smbu06GL000012	GCA_000157355.2	74.667	100.0	1.1e-63	150	ok
smbu06GL000012	GCA_000344575.1	60.690	96.7	1.29e-40	6	rejected
smbu06GL000012	GCA_000761115.1	60.690	96.7	1.29e-40	6	rejected
smbu06GL000012	GCA_000807375.1	60.690	96.7	1.29e-40	6	rejected
smbu06GL000012	GCA_002216705.1	93.333	100.0	4.68e-77	150	ok
smbu06GL000012	GCA_002278015.2	90.667	100.0	2.82e-74	150	ok
smbu06GL000012	GCA_002290025.1	91.333	100.0	1.36e-76	150	ok
smbu06GL000012	GCA_002804185.1	60.690	96.7	1.29e-40	6	rejected
smbu06GL000012	GCA_002804285.1	60.690	96.7	1.29e-40	6	rejected
smbu06GL000012	GCA_002813755.1	93.333	100.0	4.68e-77	150	ok
smbu06GL000012	GCA_002895225.1	60.690	96.7	1.29e-40	6	rejected
smbu06GL000012	GCA_003711125.1	81.333	100.0	1.22e-68	150	ok
smbu06GL000012	GCA_003722255.1	60.690	96.7	1.29e-40	6	rejected
smbu06GL000012	GCA_005347505.1	81.333	100.0	1.22e-68	150	ok
smbu06GL000012	GCA_009730155.1	77.333	100.0	1.52e-54	150	ok
smbu06GL000012	GCA_013391145.1	90.667	100.0	2.82e-74	150	ok
smbu06GL000012	GCA_013391165.1	90.667	100.0	2.82e-74	150	ok
smbu06GL000012	GCA_013391185.1	90.667	100.0	2.82e-74	150	ok
smbu06GL000012	GCA_013391205.1	90.667	100.0	2.82e-74	150	ok
smbu06GL000012	GCA_013394325.1	79.333	100.0	9.36e-63	150	ok
smbu06GL000012	GCA_015767715.1	100.000	100.0	1.43e-92	150	ok
smbu06GL000012	GCA_016127235.1	90.667	100.0	2.82e-74	150	ok
smbu06GL000012	GCA_019203145.1	99.333	100.0	3.88e-92	150	ok
smbu06GL000012	GCA_019343125.1	99.333	100.0	3.88e-92	150	ok
smbu06GL000012	GCA_019797905.1	81.333	100.0	3.5e-69	150	ok
smbu06GL000012	GCA_019967715.1	99.333	100.0	3.88e-92	150	ok
smbu06GL000012	GCA_022870765.1	74.667	100.0	1.1e-63	150	ok
smbu06GL000012	GCA_023523715.1	74.667	100.0	1.1e-63	150	ok
smbu06GL000012	GCA_023612275.1	100.000	100.0	1.43e-92	150	ok
smbu06GL000012	GCA_025402795.1	81.333	100.0	3.5e-69	150	ok
smbu06GL000012	GCA_025402855.1	81.333	100.0	3.5e-69	150	ok
smbu06GL000012	GCA_029201225.1	74.667	100.0	1.1e-63	150	ok
smbu06GL000012	GCA_029215545.1	74.000	100.0	4.4e-63	150	ok
smbu06GL000012	GCA_030490365.1	99.333	100.0	3.88e-92	150	ok
smbu06GL000012	GCA_033954875.1	99.333	100.0	3.88e-92	150	ok
smbu06GL000012	GCA_033954895.1	100.000	100.0	1.43e-92	150	ok
smbu06GL000012	GCA_033954915.1	100.000	100.0	1.43e-92	150	ok
smbu06GL000012	GCA_036669985.1	100.000	100.0	1.43e-92	150	ok
smbu06GL000012	GCA_040745045.1	99.333	100.0	3.88e-92	150	ok
smbu06GL000012	GCA_041930275.1	77.333	100.0	1.52e-54	150	ok
smbu06GL000012	GCA_041952535.1	77.333	100.0	1.52e-54	150	ok
smbu06GL000012	GCA_043950735.1	90.667	100.0	2.82e-74	150	ok
smbu06GL000012	GCA_043950745.1	90.667	100.0	2.82e-74	150	ok
smbu06GL000012	GCA_045039055.1	77.333	100.0	1.52e-54	150	ok
smbu06GL000012	GCA_049315065.1	98.667	100.0	4.77e-91	150	ok
smbu06GL000012	GCA_049315075.1	96.000	100.0	4.33e-90	150	ok
smbu06GL000012	GCA_049315085.1	96.000	100.0	4.33e-90	150	ok
smbu06GL000012	GCA_049315095.1	96.000	100.0	4.33e-90	150	ok
smbu06GL000012	GCA_049315105.1	96.000	100.0	4.33e-90	150	ok
smbu06GL000012	GCA_049315115.1	99.333	100.0	3.88e-92	150	ok
smbu06GL000012	GCA_049315125.1	99.333	100.0	3.88e-92	150	ok
smbu06GL000012	GCA_049315135.1	96.000	100.0	4.33e-90	150	ok
smbu06GL000012	GCA_049315145.1	99.333	100.0	3.88e-92	150	ok
smbu06GL000012	GCA_049315155.1	96.000	100.0	4.33e-90	150	ok
smbu06GL000012	GCA_049315165.1	99.333	100.0	3.88e-92	150	ok
smbu06GL000012	GCA_049315175.1	98.667	100.0	4.77e-91	150	ok
smbu06GL000012	GCA_052655065.1	100.000	100.0	1.43e-92	150	ok
smbu06GL000012	GCA_052655335.1	100.000	100.0	1.43e-92	150	ok
smbu06GL000012	GCA_052655665.1	100.000	100.0	1.43e-92	150	ok
smbu06GL000012	GCA_052656575.1	100.000	100.0	1.43e-92	150	ok
smbu06GL000012	GCA_052657825.1	100.000	100.0	1.43e-92	150	ok
smbu06GL000012	GCA_052658005.1	100.000	100.0	1.43e-92	150	ok
smbu06GL000012	GCA_053764515.1	93.333	100.0	4.68e-77	150	ok
smbu06GL000012	GCA_055397705.1	100.000	100.0	1.43e-92	150	ok
smbu06GL000012	GCA_055397995.1	90.667	100.0	2.82e-74	150	ok
smbu06GL000012	GCA_056487485.1	93.333	100.0	4.68e-77	150	ok
smbu06GL000012	GCA_056582645.1	100.000	100.0	1.43e-92	150	ok
smbu06GL000012	GCA_058072705.1	100.000	100.0	1.43e-92	150	ok
smbu06GL000012	GCA_060306215.1	99.333	100.0	3.88e-92	150	ok
smbu06GL000012	GCA_060307205.1	90.667	100.0	2.82e-74	150	ok
smbu06GL000012	GCA_060307225.1	99.333	100.0	3.88e-92	150	ok
smbu06GL000012	GCA_061568495.1	99.333	100.0	3.88e-92	150	ok
smbu06GL000012	GCA_900636615.1	90.667	100.0	2.82e-74	150	ok
smbu06GL000012	GCA_905186115.1	90.667	100.0	2.82e-74	150	ok
smbu06GL000012	GCA_931972305.1	93.333	100.0	4.68e-77	150	ok
smbu06GL000012	GCA_963280925.1	90.667	100.0	2.82e-74	150	ok
smbu06GL000012	GCA_988227945.1	99.333	100.0	3.88e-92	150	ok
smbu06GL000012	GCA_988227985.1	99.333	100.0	3.88e-92	150	ok
smbu06GL000012	GCA_988228025.1	99.333	100.0	3.88e-92	150	ok
smbu06GL000012	GCA_988235375.1	91.333	100.0	1.36e-76	150	ok
smbu06GL000012	GCA_988236725.1	91.333	100.0	1.36e-76	150	ok
smbu06GL000012	GCA_988237225.1	99.333	100.0	3.88e-92	150	ok
smbu06GL000012	GCF_001298485.1	100.000	100.0	1.43e-92	150	ok
smbu06GL000012	GCF_001412695.1	100.000	100.0	1.43e-92	150	ok
smbu06GL000012	GCF_001598635.1	83.333	100.0	3.94e-68	150	ok
smbu06GL000012	GCF_001689055.2	82.667	100.0	4.83e-68	150	ok
smbu06GL000012	GCF_002208945.1	83.333	100.0	3.94e-68	150	ok
smbu06GL000012	GCF_002216705.1	93.333	100.0	4.68e-77	150	ok
smbu06GL000012	GCF_002278015.2	90.667	100.0	2.82e-74	150	ok
smbu06GL000012	GCF_002289045.2	82.667	100.0	4.83e-68	150	ok
smbu06GL000012	GCF_002290025.1	91.333	100.0	1.36e-76	150	ok
smbu06GL000012	GCF_002355755.1	83.333	100.0	3.94e-68	150	ok
smbu06GL000012	GCF_002761555.1	100.000	100.0	1.43e-92	150	ok
smbu06GL000012	GCF_002831505.1	100.000	100.0	1.43e-92	150	ok
smbu06GL000012	GCF_002850515.1	100.000	100.0	1.43e-92	150	ok
smbu06GL000012	GCF_002983785.1	100.000	100.0	1.43e-92	150	ok
smbu06GL000012	GCF_003269465.1	99.333	100.0	6.94e-92	150	ok
smbu06GL000012	GCF_003667965.1	100.000	100.0	1.43e-92	150	ok
smbu06GL000012	GCF_003711125.1	81.333	100.0	1.22e-68	150	ok
smbu06GL000012	GCF_003711605.1	98.667	100.0	4.76e-91	150	ok
smbu06GL000012	GCF_003812665.1	83.333	100.0	3.94e-68	150	ok
smbu06GL000012	GCF_004332055.1	100.000	100.0	1.43e-92	150	ok
smbu06GL000012	GCF_005484525.1	83.333	100.0	3.94e-68	150	ok
smbu06GL000012	GCF_006337145.1	99.333	100.0	3.88e-92	150	ok
smbu06GL000012	GCF_006351785.1	100.000	100.0	1.43e-92	150	ok
smbu06GL000012	GCF_006351845.1	100.000	100.0	1.43e-92	150	ok
smbu06GL000012	GCF_006364815.1	83.333	100.0	3.94e-68	150	ok
smbu06GL000012	GCF_006494835.1	83.333	100.0	3.94e-68	150	ok
smbu06GL000012	GCF_006494855.1	83.333	100.0	3.94e-68	150	ok
smbu06GL000012	GCF_006494875.1	83.333	100.0	3.94e-68	150	ok
smbu06GL000012	GCF_006766145.1	83.333	100.0	3.94e-68	150	ok
smbu06GL000012	GCF_007923665.2	100.000	100.0	1.43e-92	150	ok
smbu06GL000012	GCF_007923785.2	100.000	100.0	1.43e-92	150	ok
smbu06GL000012	GCF_007923865.2	100.000	100.0	1.43e-92	150	ok
smbu06GL000012	GCF_007923885.2	100.000	100.0	1.43e-92	150	ok
smbu06GL000012	GCF_007923905.2	100.000	100.0	1.43e-92	150	ok
smbu06GL000012	GCF_007923925.2	100.000	100.0	1.43e-92	150	ok
smbu06GL000012	GCF_007923945.2	100.000	100.0	1.43e-92	150	ok
smbu06GL000012	GCF_007923965.2	100.000	100.0	1.43e-92	150	ok
smbu06GL000012	GCF_008330605.1	99.333	100.0	3.88e-92	150	ok
smbu06GL000012	GCF_009730155.1	77.333	100.0	1.52e-54	150	ok
smbu06GL000012	GCF_009734005.1	100.000	100.0	1.43e-92	150	ok
smbu06GL000012	GCF_009938075.1	100.000	100.0	1.43e-92	150	ok
smbu06GL000012	GCF_010103655.1	83.333	100.0	3.94e-68	150	ok
smbu06GL000012	GCF_010120755.1	100.000	100.0	1.43e-92	150	ok
smbu06GL000012	GCF_011745645.1	99.333	100.0	3.88e-92	150	ok
smbu06GL000012	GCF_012045365.1	99.333	100.0	3.88e-92	150	ok
smbu06GL000012	GCF_012045505.1	99.333	100.0	3.88e-92	150	ok
smbu06GL000012	GCF_012594215.1	83.333	100.0	3.94e-68	150	ok
smbu06GL000012	GCF_013201055.1	99.333	100.0	3.88e-92	150	ok
smbu06GL000012	GCF_013344625.1	83.333	100.0	3.94e-68	150	ok
smbu06GL000012	GCF_013344645.1	83.333	100.0	3.94e-68	150	ok
smbu06GL000012	GCF_013344665.1	83.333	100.0	3.94e-68	150	ok
smbu06GL000012	GCF_013391145.1	90.667	100.0	2.82e-74	150	ok
smbu06GL000012	GCF_013391165.1	90.667	100.0	2.82e-74	150	ok
smbu06GL000012	GCF_013391185.1	90.667	100.0	2.82e-74	150	ok
smbu06GL000012	GCF_013391205.1	90.667	100.0	2.82e-74	150	ok
smbu06GL000012	GCF_013394325.1	79.333	100.0	9.36e-63	150	ok
smbu06GL000012	GCF_015377765.1	100.000	100.0	1.43e-92	150	ok
smbu06GL000012	GCF_015767695.1	100.000	100.0	1.43e-92	150	ok
smbu06GL000012	GCF_015767715.1	100.000	100.0	1.43e-92	150	ok
smbu06GL000012	GCF_016127235.1	90.667	100.0	2.82e-74	150	ok
smbu06GL000012	GCF_017280035.1	83.333	100.0	3.94e-68	150	ok
smbu06GL000012	GCF_017357805.1	83.333	100.0	3.94e-68	150	ok
smbu06GL000012	GCF_018516845.1	100.000	100.0	1.43e-92	150	ok
smbu06GL000012	GCF_019203145.1	99.333	100.0	3.88e-92	150	ok
smbu06GL000012	GCF_019343125.1	99.333	100.0	3.88e-92	150	ok
smbu06GL000012	GCF_019456555.1	100.000	100.0	1.43e-92	150	ok
smbu06GL000012	GCF_019456575.1	100.000	100.0	1.43e-92	150	ok
smbu06GL000012	GCF_019456595.1	100.000	100.0	1.43e-92	150	ok
smbu06GL000012	GCF_019797905.1	81.333	100.0	3.5e-69	150	ok
smbu06GL000012	GCF_019967715.1	99.333	100.0	3.88e-92	150	ok
smbu06GL000012	GCF_020881975.1	83.333	100.0	3.94e-68	150	ok
smbu06GL000012	GCF_020906605.1	83.333	100.0	3.94e-68	150	ok
smbu06GL000012	GCF_022869705.1	83.333	100.0	3.94e-68	150	ok
smbu06GL000012	GCF_023299785.1	83.333	100.0	3.94e-68	150	ok
smbu06GL000012	GCF_023375505.1	83.333	100.0	3.94e-68	150	ok
smbu06GL000012	GCF_023612035.1	83.333	100.0	3.94e-68	150	ok
smbu06GL000012	GCF_023612275.1	100.000	100.0	1.43e-92	150	ok
smbu06GL000012	GCF_024267595.1	83.333	100.0	3.94e-68	150	ok
smbu06GL000012	GCF_025957845.1	83.333	100.0	3.94e-68	150	ok
smbu06GL000012	GCF_025957925.1	78.523	99.3	1.97e-71	7	rejected
smbu06GL000012	GCF_025958025.1	83.333	100.0	3.94e-68	150	ok
smbu06GL000012	GCF_025958065.1	83.333	100.0	3.94e-68	150	ok
smbu06GL000012	GCF_025958085.1	83.333	100.0	3.94e-68	150	ok
smbu06GL000012	GCF_025958625.1	83.333	100.0	3.94e-68	150	ok
smbu06GL000012	GCF_025958845.1	83.333	100.0	3.94e-68	150	ok
smbu06GL000012	GCF_025958885.1	83.333	100.0	3.94e-68	150	ok
smbu06GL000012	GCF_026650885.1	83.333	100.0	3.94e-68	150	ok
smbu06GL000012	GCF_027915235.1	99.333	100.0	3.88e-92	150	ok
smbu06GL000012	GCF_030490365.1	99.333	100.0	3.88e-92	150	ok
smbu06GL000012	GCF_030584585.1	100.000	100.0	1.43e-92	150	ok
smbu06GL000012	GCF_030584605.1	100.000	100.0	1.43e-92	150	ok
smbu06GL000012	GCF_030584685.1	100.000	100.0	1.43e-92	150	ok
smbu06GL000012	GCF_030643745.1	99.333	100.0	3.88e-92	150	ok
smbu06GL000012	GCF_033954875.1	99.333	100.0	3.88e-92	150	ok
smbu06GL000012	GCF_033954895.1	100.000	100.0	1.43e-92	150	ok
smbu06GL000012	GCF_033954915.1	100.000	100.0	1.43e-92	150	ok
smbu06GL000012	GCF_036669985.1	100.000	100.0	1.43e-92	150	ok
smbu06GL000012	GCF_040745045.1	99.333	100.0	3.88e-92	150	ok
smbu06GL000012	GCF_043950735.1	90.667	100.0	2.82e-74	150	ok
smbu06GL000012	GCF_049315065.1	98.667	100.0	4.77e-91	150	ok
smbu06GL000012	GCF_049315075.1	96.000	100.0	4.33e-90	150	ok
smbu06GL000012	GCF_049315085.1	96.000	100.0	4.33e-90	150	ok
smbu06GL000012	GCF_049315095.1	96.000	100.0	4.33e-90	150	ok
smbu06GL000012	GCF_049315105.1	96.000	100.0	4.33e-90	150	ok
smbu06GL000012	GCF_049315115.1	99.333	100.0	3.88e-92	150	ok
smbu06GL000012	GCF_049315125.1	99.333	100.0	3.88e-92	150	ok
smbu06GL000012	GCF_049315135.1	96.000	100.0	4.33e-90	150	ok
smbu06GL000012	GCF_049315145.1	99.333	100.0	3.88e-92	150	ok
smbu06GL000012	GCF_049315155.1	96.000	100.0	4.33e-90	150	ok
smbu06GL000012	GCF_049315165.1	99.333	100.0	3.88e-92	150	ok
smbu06GL000012	GCF_049315175.1	98.667	100.0	4.77e-91	150	ok
smbu06GL000012	GCF_052655065.1	100.000	100.0	1.43e-92	150	ok
smbu06GL000012	GCF_052655335.1	100.000	100.0	1.43e-92	150	ok
smbu06GL000012	GCF_052655665.1	100.000	100.0	1.43e-92	150	ok
smbu06GL000012	GCF_052656575.1	100.000	100.0	1.43e-92	150	ok
smbu06GL000012	GCF_052657825.1	100.000	100.0	1.43e-92	150	ok
smbu06GL000012	GCF_052658005.1	100.000	100.0	1.43e-92	150	ok
smbu06GL000012	GCF_053764515.1	93.333	100.0	4.68e-77	150	ok
smbu06GL000012	GCF_056487465.1	93.333	100.0	4.68e-77	150	ok
smbu06GL000012	GCF_056582645.1	100.000	100.0	1.43e-92	150	ok
smbu06GL000012	GCF_931972305.1	93.333	100.0	4.68e-77	150	ok
smbu06GL000012	GCF_988227945.1	99.333	100.0	3.88e-92	150	ok
smbu06GL000012	GCF_988227985.1	99.333	100.0	3.88e-92	150	ok
smbu06GL000012	GCF_988228025.1	99.333	100.0	3.88e-92	150	ok
smbu06GL000012	L_lactis_14B4	60.690	96.7	1.29e-40	6	rejected
smbu06GL000012	L_lactis_IL1403	60.690	96.7	1.29e-40	6	rejected
smbu06GL000012	L_lactis_MG1363	59.310	96.7	1.69e-44	6	rejected
smbu06GL000012	smbu06_project	100.000	100.0	1.43e-92	150	ok
smbu06GL000012	smbu08_project	100.000	100.0	1.43e-92	150	ok
smbu06GL000076	E_lactis_194	99.306	100.0	1.4e-89	144	ok
smbu06GL000076	GCA_000006865.1	88.321	95.1	4.91e-75	15	rejected
smbu06GL000076	GCA_000157355.2	98.551	95.8	3.55e-85	138	ok
smbu06GL000076	GCA_000344575.1	88.321	95.1	4.91e-75	15	rejected
smbu06GL000076	GCA_000761115.1	88.321	95.1	3.08e-75	15	rejected
smbu06GL000076	GCA_000807375.1	88.321	95.1	4.91e-75	15	rejected
smbu06GL000076	GCA_002216705.1	96.503	99.3	1.81e-86	4	rejected
smbu06GL000076	GCA_002278015.2	99.306	100.0	1.4e-89	144	ok
smbu06GL000076	GCA_002290025.1	100.000	99.3	2.14e-89	12	rejected
smbu06GL000076	GCA_002804185.1	88.321	95.1	4.91e-75	15	rejected
smbu06GL000076	GCA_002804285.1	88.321	95.1	4.91e-75	15	rejected
smbu06GL000076	GCA_002813755.1	96.503	99.3	1.81e-86	4	rejected
smbu06GL000076	GCA_002895225.1	88.321	95.1	4.91e-75	15	rejected
smbu06GL000076	GCA_003711125.1	98.601	99.3	3.11e-88	12	rejected
smbu06GL000076	GCA_003722255.1	88.321	95.1	4.91e-75	15	rejected
smbu06GL000076	GCA_005347505.1	98.601	99.3	3.11e-88	12	rejected
smbu06GL000076	GCA_009730155.1	97.857	97.2	2.87e-85	1	rejected
smbu06GL000076	GCA_013391145.1	99.306	100.0	1.4e-89	144	ok
smbu06GL000076	GCA_013391165.1	99.306	100.0	1.4e-89	144	ok
smbu06GL000076	GCA_013391185.1	99.306	100.0	1.4e-89	144	ok
smbu06GL000076	GCA_013391205.1	99.306	100.0	1.4e-89	144	ok
smbu06GL000076	GCA_013394325.1	98.601	99.3	3.11e-88	12	rejected
smbu06GL000076	GCA_015767715.1	99.306	100.0	1.4e-89	144	ok
smbu06GL000076	GCA_016127235.1	99.306	100.0	1.4e-89	144	ok
smbu06GL000076	GCA_019203145.1	99.306	100.0	1.4e-89	144	ok
smbu06GL000076	GCA_019343125.1	99.306	100.0	1.4e-89	144	ok
smbu06GL000076	GCA_019797905.1	98.601	99.3	3.11e-88	12	rejected
smbu06GL000076	GCA_019967715.1	99.306	100.0	1.4e-89	144	ok
smbu06GL000076	GCA_022870765.1	98.551	95.8	3.55e-85	138	ok
smbu06GL000076	GCA_023523715.1	98.551	95.8	3.55e-85	138	ok
smbu06GL000076	GCA_023612275.1	99.306	100.0	1.4e-89	144	ok
smbu06GL000076	GCA_025402795.1	98.601	99.3	3.11e-88	12	rejected
smbu06GL000076	GCA_025402855.1	98.601	99.3	3.11e-88	12	rejected
smbu06GL000076	GCA_029201225.1	98.551	95.8	3.55e-85	138	ok
smbu06GL000076	GCA_029215545.1	98.551	95.8	3.55e-85	138	ok
smbu06GL000076	GCA_030490365.1	99.306	100.0	1.4e-89	144	ok
smbu06GL000076	GCA_033954875.1	99.306	100.0	1.4e-89	144	ok
smbu06GL000076	GCA_033954895.1	99.306	100.0	1.4e-89	144	ok
smbu06GL000076	GCA_033954915.1	99.306	100.0	1.4e-89	144	ok
smbu06GL000076	GCA_036669985.1	99.306	100.0	1.4e-89	144	ok
smbu06GL000076	GCA_040745045.1	99.306	100.0	1.4e-89	144	ok
smbu06GL000076	GCA_041930275.1	97.857	97.2	2.87e-85	1	rejected
smbu06GL000076	GCA_041952535.1	97.857	97.2	2.87e-85	1	rejected
smbu06GL000076	GCA_043950735.1	99.306	100.0	1.4e-89	144	ok
smbu06GL000076	GCA_043950745.1	99.306	100.0	1.4e-89	144	ok
smbu06GL000076	GCA_045039055.1	97.857	97.2	2.87e-85	1	rejected
smbu06GL000076	GCA_049315065.1	99.306	100.0	1.4e-89	144	ok
smbu06GL000076	GCA_049315075.1	99.306	100.0	1.4e-89	144	ok
smbu06GL000076	GCA_049315085.1	99.306	100.0	1.4e-89	144	ok
smbu06GL000076	GCA_049315095.1	99.306	100.0	1.4e-89	144	ok
smbu06GL000076	GCA_049315105.1	99.306	100.0	1.4e-89	144	ok
smbu06GL000076	GCA_049315115.1	99.306	100.0	1.4e-89	144	ok
smbu06GL000076	GCA_049315125.1	99.306	100.0	1.4e-89	144	ok
smbu06GL000076	GCA_049315135.1	99.306	100.0	1.4e-89	144	ok
smbu06GL000076	GCA_049315145.1	99.306	100.0	1.4e-89	144	ok
smbu06GL000076	GCA_049315155.1	99.306	100.0	1.4e-89	144	ok
smbu06GL000076	GCA_049315165.1	99.306	100.0	1.4e-89	144	ok
smbu06GL000076	GCA_049315175.1	99.306	100.0	1.4e-89	144	ok
smbu06GL000076	GCA_052655065.1	99.306	100.0	1.4e-89	144	ok
smbu06GL000076	GCA_052655335.1	99.306	100.0	1.4e-89	144	ok
smbu06GL000076	GCA_052655665.1	99.306	100.0	1.4e-89	144	ok
smbu06GL000076	GCA_052656575.1	99.306	100.0	1.4e-89	144	ok
smbu06GL000076	GCA_052657825.1	99.306	100.0	1.4e-89	144	ok
smbu06GL000076	GCA_052658005.1	99.306	100.0	1.4e-89	144	ok
smbu06GL000076	GCA_053764515.1	96.503	99.3	1.81e-86	4	rejected
smbu06GL000076	GCA_055397705.1	99.306	100.0	1.4e-89	144	ok
smbu06GL000076	GCA_055397995.1	99.306	100.0	1.4e-89	144	ok
smbu06GL000076	GCA_056487485.1	95.804	99.3	3.13e-84	4	rejected
smbu06GL000076	GCA_056582645.1	99.306	100.0	1.4e-89	144	ok
smbu06GL000076	GCA_058072705.1	99.306	100.0	1.4e-89	144	ok
smbu06GL000076	GCA_060306215.1	99.306	100.0	1.4e-89	144	ok
smbu06GL000076	GCA_060307205.1	99.306	100.0	1.4e-89	144	ok
smbu06GL000076	GCA_060307225.1	99.306	100.0	1.4e-89	144	ok
smbu06GL000076	GCA_061568495.1	99.306	100.0	1.4e-89	144	ok
smbu06GL000076	GCA_900636615.1	99.306	100.0	1.4e-89	144	ok
smbu06GL000076	GCA_905186115.1	99.306	100.0	1.4e-89	144	ok
smbu06GL000076	GCA_931972305.1	96.503	99.3	1.81e-86	4	rejected
smbu06GL000076	GCA_963280925.1	99.306	100.0	1.4e-89	144	ok
smbu06GL000076	GCA_988227945.1	99.306	100.0	1.4e-89	144	ok
smbu06GL000076	GCA_988227985.1	99.306	100.0	1.4e-89	144	ok
smbu06GL000076	GCA_988228025.1	99.306	100.0	1.4e-89	144	ok
smbu06GL000076	GCA_988235375.1	100.000	99.3	2.25e-89	12	rejected
smbu06GL000076	GCA_988236725.1	100.000	99.3	2.25e-89	12	rejected
smbu06GL000076	GCA_988237225.1	99.306	100.0	1.4e-89	144	ok
smbu06GL000076	GCF_001298485.1	99.306	100.0	1.4e-89	144	ok
smbu06GL000076	GCF_001412695.1	99.306	100.0	1.4e-89	144	ok
smbu06GL000076	GCF_001598635.1	97.143	97.2	1.2e-85	9	rejected
smbu06GL000076	GCF_001689055.2	97.143	97.2	1.2e-85	9	rejected
smbu06GL000076	GCF_002208945.1	97.143	97.2	1.2e-85	9	rejected
smbu06GL000076	GCF_002216705.1	96.503	99.3	1.81e-86	4	rejected
smbu06GL000076	GCF_002278015.2	99.306	100.0	1.4e-89	144	ok
smbu06GL000076	GCF_002289045.2	97.143	97.2	1.2e-85	9	rejected
smbu06GL000076	GCF_002290025.1	100.000	99.3	2.14e-89	12	rejected
smbu06GL000076	GCF_002355755.1	97.143	97.2	1.2e-85	9	rejected
smbu06GL000076	GCF_002761555.1	99.306	100.0	1.4e-89	144	ok
smbu06GL000076	GCF_002831505.1	99.306	100.0	1.4e-89	144	ok
smbu06GL000076	GCF_002850515.1	99.306	100.0	1.4e-89	144	ok
smbu06GL000076	GCF_002983785.1	99.306	100.0	1.4e-89	144	ok
smbu06GL000076	GCF_003269465.1	99.306	100.0	1.4e-89	144	ok
smbu06GL000076	GCF_003667965.1	99.306	100.0	1.4e-89	144	ok
smbu06GL000076	GCF_003711125.1	98.601	99.3	3.11e-88	12	rejected
smbu06GL000076	GCF_003711605.1	99.306	100.0	1.4e-89	144	ok
smbu06GL000076	GCF_003812665.1	97.143	97.2	1.2e-85	9	rejected
smbu06GL000076	GCF_004332055.1	99.306	100.0	1.4e-89	144	ok
smbu06GL000076	GCF_005484525.1	97.143	97.2	1.2e-85	9	rejected
smbu06GL000076	GCF_006337145.1	99.306	100.0	1.4e-89	144	ok
smbu06GL000076	GCF_006351785.1	99.306	100.0	1.4e-89	144	ok
smbu06GL000076	GCF_006351845.1	99.306	100.0	1.4e-89	144	ok
smbu06GL000076	GCF_006364815.1	97.143	97.2	1.2e-85	9	rejected
smbu06GL000076	GCF_006494835.1	97.143	97.2	1.2e-85	9	rejected
smbu06GL000076	GCF_006494855.1	97.143	97.2	1.2e-85	9	rejected
smbu06GL000076	GCF_006494875.1	97.143	97.2	1.2e-85	9	rejected
smbu06GL000076	GCF_006766145.1	97.143	97.2	1.2e-85	9	rejected
smbu06GL000076	GCF_007923665.2	99.306	100.0	1.4e-89	144	ok
smbu06GL000076	GCF_007923785.2	99.306	100.0	1.4e-89	144	ok
smbu06GL000076	GCF_007923865.2	99.306	100.0	1.4e-89	144	ok
smbu06GL000076	GCF_007923885.2	99.306	100.0	1.4e-89	144	ok
smbu06GL000076	GCF_007923905.2	99.306	100.0	1.4e-89	144	ok
smbu06GL000076	GCF_007923925.2	99.306	100.0	1.4e-89	144	ok
smbu06GL000076	GCF_007923945.2	99.306	100.0	1.4e-89	144	ok
smbu06GL000076	GCF_007923965.2	99.306	100.0	1.4e-89	144	ok
smbu06GL000076	GCF_008330605.1	99.306	100.0	1.4e-89	144	ok
smbu06GL000076	GCF_009730155.1	97.857	97.2	2.87e-85	1	rejected
smbu06GL000076	GCF_009734005.1	99.306	100.0	1.4e-89	144	ok
smbu06GL000076	GCF_009938075.1	99.306	100.0	1.4e-89	144	ok
smbu06GL000076	GCF_010103655.1	97.143	97.2	1.2e-85	9	rejected
smbu06GL000076	GCF_010120755.1	99.306	100.0	1.4e-89	144	ok
smbu06GL000076	GCF_011745645.1	99.306	100.0	1.4e-89	144	ok
smbu06GL000076	GCF_012045365.1	99.306	100.0	1.4e-89	144	ok
smbu06GL000076	GCF_012045505.1	99.306	100.0	1.4e-89	144	ok
smbu06GL000076	GCF_012594215.1	97.143	97.2	1.2e-85	9	rejected
smbu06GL000076	GCF_013201055.1	99.306	100.0	1.4e-89	144	ok
smbu06GL000076	GCF_013344625.1	97.143	97.2	1.2e-85	9	rejected
smbu06GL000076	GCF_013344645.1	97.143	97.2	1.2e-85	9	rejected
smbu06GL000076	GCF_013344665.1	97.143	97.2	1.2e-85	9	rejected
smbu06GL000076	GCF_013391145.1	99.306	100.0	1.4e-89	144	ok
smbu06GL000076	GCF_013391165.1	99.306	100.0	1.4e-89	144	ok
smbu06GL000076	GCF_013391185.1	99.306	100.0	1.4e-89	144	ok
smbu06GL000076	GCF_013391205.1	99.306	100.0	1.4e-89	144	ok
smbu06GL000076	GCF_013394325.1	98.601	99.3	3.11e-88	12	rejected
smbu06GL000076	GCF_015377765.1	99.306	100.0	1.4e-89	144	ok
smbu06GL000076	GCF_015767695.1	99.306	100.0	1.4e-89	144	ok
smbu06GL000076	GCF_015767715.1	99.306	100.0	1.4e-89	144	ok
smbu06GL000076	GCF_016127235.1	99.306	100.0	1.4e-89	144	ok
smbu06GL000076	GCF_017280035.1	97.143	97.2	1.2e-85	9	rejected
smbu06GL000076	GCF_017357805.1	97.143	97.2	1.2e-85	9	rejected
smbu06GL000076	GCF_018516845.1	99.306	100.0	1.4e-89	144	ok
smbu06GL000076	GCF_019203145.1	99.306	100.0	1.4e-89	144	ok
smbu06GL000076	GCF_019343125.1	99.306	100.0	1.4e-89	144	ok
smbu06GL000076	GCF_019456555.1	99.306	100.0	1.4e-89	144	ok
smbu06GL000076	GCF_019456575.1	99.306	100.0	1.4e-89	144	ok
smbu06GL000076	GCF_019456595.1	99.306	100.0	1.4e-89	144	ok
smbu06GL000076	GCF_019797905.1	98.601	99.3	3.11e-88	12	rejected
smbu06GL000076	GCF_019967715.1	99.306	100.0	1.4e-89	144	ok
smbu06GL000076	GCF_020881975.1	97.143	97.2	1.2e-85	9	rejected
smbu06GL000076	GCF_020906605.1	97.143	97.2	1.2e-85	9	rejected
smbu06GL000076	GCF_022869705.1	97.143	97.2	1.2e-85	9	rejected
smbu06GL000076	GCF_023299785.1	97.143	97.2	1.2e-85	9	rejected
smbu06GL000076	GCF_023375505.1	97.143	97.2	1.2e-85	9	rejected
smbu06GL000076	GCF_023612035.1	97.143	97.2	1.2e-85	9	rejected
smbu06GL000076	GCF_023612275.1	99.306	100.0	1.4e-89	144	ok
smbu06GL000076	GCF_024267595.1	97.143	97.2	1.2e-85	9	rejected
smbu06GL000076	GCF_025957845.1	97.143	97.2	1.2e-85	9	rejected
smbu06GL000076	GCF_025957925.1	97.143	97.2	1.2e-85	9	rejected
smbu06GL000076	GCF_025958025.1	97.143	97.2	1.2e-85	9	rejected
smbu06GL000076	GCF_025958065.1	97.143	97.2	1.2e-85	9	rejected
smbu06GL000076	GCF_025958085.1	97.143	97.2	1.2e-85	9	rejected
smbu06GL000076	GCF_025958625.1	97.143	97.2	1.2e-85	9	rejected
smbu06GL000076	GCF_025958845.1	97.143	97.2	1.2e-85	9	rejected
smbu06GL000076	GCF_025958885.1	97.143	97.2	1.2e-85	9	rejected
smbu06GL000076	GCF_026650885.1	97.143	97.2	1.2e-85	9	rejected
smbu06GL000076	GCF_027915235.1	99.306	100.0	1.4e-89	144	ok
smbu06GL000076	GCF_030490365.1	99.306	100.0	1.4e-89	144	ok
smbu06GL000076	GCF_030584585.1	99.306	100.0	1.4e-89	144	ok
smbu06GL000076	GCF_030584605.1	99.306	100.0	1.4e-89	144	ok
smbu06GL000076	GCF_030584685.1	99.306	100.0	1.4e-89	144	ok
smbu06GL000076	GCF_030643745.1	99.306	100.0	1.4e-89	144	ok
smbu06GL000076	GCF_033954875.1	99.306	100.0	1.4e-89	144	ok
smbu06GL000076	GCF_033954895.1	99.306	100.0	1.4e-89	144	ok
smbu06GL000076	GCF_033954915.1	99.306	100.0	1.4e-89	144	ok
smbu06GL000076	GCF_036669985.1	99.306	100.0	1.4e-89	144	ok
smbu06GL000076	GCF_040745045.1	99.306	100.0	1.4e-89	144	ok
smbu06GL000076	GCF_043950735.1	99.306	100.0	1.4e-89	144	ok
smbu06GL000076	GCF_049315065.1	99.306	100.0	1.4e-89	144	ok
smbu06GL000076	GCF_049315075.1	99.306	100.0	1.4e-89	144	ok
smbu06GL000076	GCF_049315085.1	99.306	100.0	1.4e-89	144	ok
smbu06GL000076	GCF_049315095.1	99.306	100.0	1.4e-89	144	ok
smbu06GL000076	GCF_049315105.1	99.306	100.0	1.4e-89	144	ok
smbu06GL000076	GCF_049315115.1	99.306	100.0	1.4e-89	144	ok
smbu06GL000076	GCF_049315125.1	99.306	100.0	1.4e-89	144	ok
smbu06GL000076	GCF_049315135.1	99.306	100.0	1.4e-89	144	ok
smbu06GL000076	GCF_049315145.1	99.306	100.0	1.4e-89	144	ok
smbu06GL000076	GCF_049315155.1	99.306	100.0	1.4e-89	144	ok
smbu06GL000076	GCF_049315165.1	99.306	100.0	1.4e-89	144	ok
smbu06GL000076	GCF_049315175.1	99.306	100.0	1.4e-89	144	ok
smbu06GL000076	GCF_052655065.1	99.306	100.0	1.4e-89	144	ok
smbu06GL000076	GCF_052655335.1	99.306	100.0	1.4e-89	144	ok
smbu06GL000076	GCF_052655665.1	99.306	100.0	1.4e-89	144	ok
smbu06GL000076	GCF_052656575.1	99.306	100.0	1.4e-89	144	ok
smbu06GL000076	GCF_052657825.1	99.306	100.0	1.4e-89	144	ok
smbu06GL000076	GCF_052658005.1	99.306	100.0	1.4e-89	144	ok
smbu06GL000076	GCF_053764515.1	96.503	99.3	1.81e-86	4	rejected
smbu06GL000076	GCF_056487465.1	96.503	99.3	1.81e-86	4	rejected
smbu06GL000076	GCF_056582645.1	99.306	100.0	1.4e-89	144	ok
smbu06GL000076	GCF_931972305.1	96.503	99.3	1.81e-86	4	rejected
smbu06GL000076	GCF_988227945.1	99.306	100.0	1.4e-89	144	ok
smbu06GL000076	GCF_988227985.1	99.306	100.0	1.4e-89	144	ok
smbu06GL000076	GCF_988228025.1	99.306	100.0	1.4e-89	144	ok
smbu06GL000076	L_lactis_14B4	88.321	95.1	4.91e-75	15	rejected
smbu06GL000076	L_lactis_IL1403	88.321	95.1	4.91e-75	15	rejected
smbu06GL000076	L_lactis_MG1363	88.321	95.1	4.91e-75	15	rejected
smbu06GL000076	smbu06_project	99.306	100.0	1.4e-89	144	ok
smbu06GL000076	smbu08_project	99.306	100.0	1.4e-89	144	ok
smbu06GL000077	E_lactis_194	100.000	100.0	1.14e-100	156	ok
smbu06GL000077	GCA_000006865.1	77.273	98.7	4.31e-77	0	rejected
smbu06GL000077	GCA_000157355.2	95.513	100.0	4.4e-97	156	ok
smbu06GL000077	GCA_000344575.1	76.623	98.7	9.72e-77	0	rejected
smbu06GL000077	GCA_000761115.1	77.273	98.7	4.31e-77	0	rejected
smbu06GL000077	GCA_000807375.1	77.273	98.7	4.31e-77	0	rejected
smbu06GL000077	GCA_002216705.1	96.795	100.0	1.01e-97	156	ok
smbu06GL000077	GCA_002278015.2	96.795	100.0	4.93e-98	156	ok
smbu06GL000077	GCA_002290025.1	98.718	100.0	2.62e-99	156	ok
smbu06GL000077	GCA_002804185.1	77.273	98.7	4.31e-77	0	rejected
smbu06GL000077	GCA_002804285.1	77.273	98.7	4.31e-77	0	rejected
smbu06GL000077	GCA_002813755.1	96.795	100.0	1.01e-97	156	ok
smbu06GL000077	GCA_002895225.1	77.273	98.7	4.31e-77	0	rejected
smbu06GL000077	GCA_003711125.1	90.385	100.0	6.4e-93	156	ok
smbu06GL000077	GCA_003722255.1	77.273	98.7	4.31e-77	0	rejected
smbu06GL000077	GCA_005347505.1	90.385	100.0	6.4e-93	156	ok
smbu06GL000077	GCA_009730155.1	95.513	100.0	4.4e-97	156	ok
smbu06GL000077	GCA_013391145.1	96.795	100.0	4.93e-98	156	ok
smbu06GL000077	GCA_013391165.1	96.795	100.0	4.93e-98	156	ok
smbu06GL000077	GCA_013391185.1	96.795	100.0	4.93e-98	156	ok
smbu06GL000077	GCA_013391205.1	96.795	100.0	4.93e-98	156	ok
smbu06GL000077	GCA_013394325.1	89.744	100.0	2.46e-92	156	ok
smbu06GL000077	GCA_015767715.1	100.000	100.0	1.14e-100	156	ok
smbu06GL000077	GCA_016127235.1	96.795	100.0	4.93e-98	156	ok
smbu06GL000077	GCA_019203145.1	100.000	100.0	1.14e-100	156	ok
smbu06GL000077	GCA_019343125.1	100.000	100.0	1.14e-100	156	ok
smbu06GL000077	GCA_019797905.1	90.385	100.0	5.22e-93	156	ok
smbu06GL000077	GCA_019967715.1	100.000	100.0	1.14e-100	156	ok
smbu06GL000077	GCA_022870765.1	95.513	100.0	4.4e-97	156	ok
smbu06GL000077	GCA_023523715.1	95.513	100.0	4.4e-97	156	ok
smbu06GL000077	GCA_023612275.1	100.000	100.0	1.14e-100	156	ok
smbu06GL000077	GCA_025402795.1	90.385	100.0	5.22e-93	156	ok
smbu06GL000077	GCA_025402855.1	90.385	100.0	5.22e-93	156	ok
smbu06GL000077	GCA_029201225.1	95.513	100.0	4.4e-97	156	ok
smbu06GL000077	GCA_029215545.1	95.513	100.0	4.4e-97	156	ok
smbu06GL000077	GCA_030490365.1	100.000	100.0	1.14e-100	156	ok
smbu06GL000077	GCA_033954875.1	100.000	100.0	1.14e-100	156	ok
smbu06GL000077	GCA_033954895.1	100.000	100.0	1.14e-100	156	ok
smbu06GL000077	GCA_033954915.1	100.000	100.0	1.14e-100	156	ok
smbu06GL000077	GCA_036669985.1	100.000	100.0	1.14e-100	156	ok
smbu06GL000077	GCA_040745045.1	100.000	100.0	1.14e-100	156	ok
smbu06GL000077	GCA_041930275.1	95.513	100.0	4.4e-97	156	ok
smbu06GL000077	GCA_041952535.1	95.513	100.0	4.4e-97	156	ok
smbu06GL000077	GCA_043950735.1	96.795	100.0	4.93e-98	156	ok
smbu06GL000077	GCA_043950745.1	96.795	100.0	4.93e-98	156	ok
smbu06GL000077	GCA_045039055.1	95.513	100.0	4.4e-97	156	ok
smbu06GL000077	GCA_049315065.1	100.000	100.0	1.14e-100	156	ok
smbu06GL000077	GCA_049315075.1	94.231	100.0	1.07e-96	156	ok
smbu06GL000077	GCA_049315085.1	94.231	100.0	1.07e-96	156	ok
smbu06GL000077	GCA_049315095.1	94.231	100.0	1.07e-96	156	ok
smbu06GL000077	GCA_049315105.1	94.231	100.0	1.07e-96	156	ok
smbu06GL000077	GCA_049315115.1	100.000	100.0	1.14e-100	156	ok
smbu06GL000077	GCA_049315125.1	100.000	100.0	1.14e-100	156	ok
smbu06GL000077	GCA_049315135.1	94.231	100.0	1.07e-96	156	ok
smbu06GL000077	GCA_049315145.1	100.000	100.0	1.14e-100	156	ok
smbu06GL000077	GCA_049315155.1	94.231	100.0	1.07e-96	156	ok
smbu06GL000077	GCA_049315165.1	100.000	100.0	1.14e-100	156	ok
smbu06GL000077	GCA_049315175.1	100.000	100.0	1.14e-100	156	ok
smbu06GL000077	GCA_052655065.1	100.000	100.0	1.14e-100	156	ok
smbu06GL000077	GCA_052655335.1	100.000	100.0	1.14e-100	156	ok
smbu06GL000077	GCA_052655665.1	100.000	100.0	1.14e-100	156	ok
smbu06GL000077	GCA_052656575.1	100.000	100.0	1.14e-100	156	ok
smbu06GL000077	GCA_052657825.1	100.000	100.0	1.14e-100	156	ok
smbu06GL000077	GCA_052658005.1	100.000	100.0	1.14e-100	156	ok
smbu06GL000077	GCA_053764515.1	96.795	100.0	1.01e-97	156	ok
smbu06GL000077	GCA_055397705.1	99.359	100.0	6.08e-100	156	ok
smbu06GL000077	GCA_055397995.1	96.795	100.0	4.93e-98	156	ok
smbu06GL000077	GCA_056487485.1	96.795	100.0	1.01e-97	156	ok
smbu06GL000077	GCA_056582645.1	100.000	100.0	1.14e-100	156	ok
smbu06GL000077	GCA_058072705.1	100.000	100.0	1.14e-100	156	ok
smbu06GL000077	GCA_060306215.1	100.000	100.0	1.14e-100	156	ok
smbu06GL000077	GCA_060307205.1	96.795	100.0	4.93e-98	156	ok
smbu06GL000077	GCA_060307225.1	100.000	100.0	1.14e-100	156	ok
smbu06GL000077	GCA_061568495.1	100.000	100.0	1.14e-100	156	ok
smbu06GL000077	GCA_900636615.1	96.795	100.0	4.93e-98	156	ok
smbu06GL000077	GCA_905186115.1	96.795	100.0	4.93e-98	156	ok
smbu06GL000077	GCA_931972305.1	96.795	100.0	1.01e-97	156	ok
smbu06GL000077	GCA_963280925.1	96.795	100.0	4.93e-98	156	ok
smbu06GL000077	GCA_988227945.1	100.000	100.0	1.14e-100	156	ok
smbu06GL000077	GCA_988227985.1	100.000	100.0	1.14e-100	156	ok
smbu06GL000077	GCA_988228025.1	100.000	100.0	1.14e-100	156	ok
smbu06GL000077	GCA_988235375.1	98.718	100.0	2.62e-99	156	ok
smbu06GL000077	GCA_988236725.1	98.718	100.0	2.62e-99	156	ok
smbu06GL000077	GCA_988237225.1	100.000	100.0	1.14e-100	156	ok
smbu06GL000077	GCF_001298485.1	100.000	100.0	1.14e-100	156	ok
smbu06GL000077	GCF_001412695.1	100.000	100.0	1.14e-100	156	ok
smbu06GL000077	GCF_001598635.1	97.436	100.0	1.14e-98	156	ok
smbu06GL000077	GCF_001689055.2	97.436	100.0	1.14e-98	156	ok
smbu06GL000077	GCF_002208945.1	97.436	100.0	1.14e-98	156	ok
smbu06GL000077	GCF_002216705.1	96.795	100.0	1.01e-97	156	ok
smbu06GL000077	GCF_002278015.2	96.795	100.0	4.93e-98	156	ok
smbu06GL000077	GCF_002289045.2	97.436	100.0	1.14e-98	156	ok
smbu06GL000077	GCF_002290025.1	98.718	100.0	2.62e-99	156	ok
smbu06GL000077	GCF_002355755.1	97.436	100.0	1.14e-98	156	ok
smbu06GL000077	GCF_002761555.1	100.000	100.0	1.14e-100	156	ok
smbu06GL000077	GCF_002831505.1	100.000	100.0	1.14e-100	156	ok
smbu06GL000077	GCF_002850515.1	100.000	100.0	1.14e-100	156	ok
smbu06GL000077	GCF_002983785.1	100.000	100.0	1.14e-100	156	ok
smbu06GL000077	GCF_003269465.1	100.000	100.0	1.14e-100	156	ok
smbu06GL000077	GCF_003667965.1	100.000	100.0	1.14e-100	156	ok
smbu06GL000077	GCF_003711125.1	90.385	100.0	6.4e-93	156	ok
smbu06GL000077	GCF_003711605.1	100.000	100.0	1.14e-100	156	ok
smbu06GL000077	GCF_003812665.1	97.436	100.0	1.14e-98	156	ok
smbu06GL000077	GCF_004332055.1	100.000	100.0	1.14e-100	156	ok
smbu06GL000077	GCF_005484525.1	97.436	100.0	1.14e-98	156	ok
smbu06GL000077	GCF_006337145.1	100.000	100.0	1.14e-100	156	ok
smbu06GL000077	GCF_006351785.1	100.000	100.0	1.14e-100	156	ok
smbu06GL000077	GCF_006351845.1	100.000	100.0	1.14e-100	156	ok
smbu06GL000077	GCF_006364815.1	97.436	100.0	1.14e-98	156	ok
smbu06GL000077	GCF_006494835.1	97.436	100.0	1.14e-98	156	ok
smbu06GL000077	GCF_006494855.1	97.436	100.0	1.14e-98	156	ok
smbu06GL000077	GCF_006494875.1	97.436	100.0	1.14e-98	156	ok
smbu06GL000077	GCF_006766145.1	97.436	100.0	1.14e-98	156	ok
smbu06GL000077	GCF_007923665.2	100.000	100.0	1.14e-100	156	ok
smbu06GL000077	GCF_007923785.2	100.000	100.0	1.14e-100	156	ok
smbu06GL000077	GCF_007923865.2	100.000	100.0	1.14e-100	156	ok
smbu06GL000077	GCF_007923885.2	100.000	100.0	1.14e-100	156	ok
smbu06GL000077	GCF_007923905.2	100.000	100.0	1.14e-100	156	ok
smbu06GL000077	GCF_007923925.2	100.000	100.0	1.14e-100	156	ok
smbu06GL000077	GCF_007923945.2	100.000	100.0	1.14e-100	156	ok
smbu06GL000077	GCF_007923965.2	100.000	100.0	1.14e-100	156	ok
smbu06GL000077	GCF_008330605.1	100.000	100.0	1.14e-100	156	ok
smbu06GL000077	GCF_009730155.1	95.513	100.0	4.4e-97	156	ok
smbu06GL000077	GCF_009734005.1	100.000	100.0	1.14e-100	156	ok
smbu06GL000077	GCF_009938075.1	100.000	100.0	1.14e-100	156	ok
smbu06GL000077	GCF_010103655.1	97.436	100.0	1.14e-98	156	ok
smbu06GL000077	GCF_010120755.1	100.000	100.0	1.14e-100	156	ok
smbu06GL000077	GCF_011745645.1	100.000	100.0	1.14e-100	156	ok
smbu06GL000077	GCF_012045365.1	100.000	100.0	1.14e-100	156	ok
smbu06GL000077	GCF_012045505.1	100.000	100.0	1.14e-100	156	ok
smbu06GL000077	GCF_012594215.1	97.436	100.0	1.14e-98	156	ok
smbu06GL000077	GCF_013201055.1	100.000	100.0	1.14e-100	156	ok
smbu06GL000077	GCF_013344625.1	97.436	100.0	1.14e-98	156	ok
smbu06GL000077	GCF_013344645.1	97.436	100.0	1.14e-98	156	ok
smbu06GL000077	GCF_013344665.1	97.436	100.0	1.14e-98	156	ok
smbu06GL000077	GCF_013391145.1	96.795	100.0	4.93e-98	156	ok
smbu06GL000077	GCF_013391165.1	96.795	100.0	4.93e-98	156	ok
smbu06GL000077	GCF_013391185.1	96.795	100.0	4.93e-98	156	ok
smbu06GL000077	GCF_013391205.1	96.795	100.0	4.93e-98	156	ok
smbu06GL000077	GCF_013394325.1	89.744	100.0	2.46e-92	156	ok
smbu06GL000077	GCF_015377765.1	100.000	100.0	1.14e-100	156	ok
smbu06GL000077	GCF_015767695.1	100.000	100.0	1.14e-100	156	ok
smbu06GL000077	GCF_015767715.1	100.000	100.0	1.14e-100	156	ok
smbu06GL000077	GCF_016127235.1	96.795	100.0	4.93e-98	156	ok
smbu06GL000077	GCF_017280035.1	97.436	100.0	1.14e-98	156	ok
smbu06GL000077	GCF_017357805.1	97.436	100.0	1.14e-98	156	ok
smbu06GL000077	GCF_018516845.1	100.000	100.0	1.14e-100	156	ok
smbu06GL000077	GCF_019203145.1	100.000	100.0	1.14e-100	156	ok
smbu06GL000077	GCF_019343125.1	100.000	100.0	1.14e-100	156	ok
smbu06GL000077	GCF_019456555.1	100.000	100.0	1.14e-100	156	ok
smbu06GL000077	GCF_019456575.1	100.000	100.0	1.14e-100	156	ok
smbu06GL000077	GCF_019456595.1	100.000	100.0	1.14e-100	156	ok
smbu06GL000077	GCF_019797905.1	90.385	100.0	5.22e-93	156	ok
smbu06GL000077	GCF_019967715.1	100.000	100.0	1.14e-100	156	ok
smbu06GL000077	GCF_020881975.1	97.436	100.0	1.14e-98	156	ok
smbu06GL000077	GCF_020906605.1	97.436	100.0	1.14e-98	156	ok
smbu06GL000077	GCF_022869705.1	97.436	100.0	1.14e-98	156	ok
smbu06GL000077	GCF_023299785.1	97.436	100.0	1.14e-98	156	ok
smbu06GL000077	GCF_023375505.1	97.436	100.0	1.14e-98	156	ok
smbu06GL000077	GCF_023612035.1	97.436	100.0	1.14e-98	156	ok
smbu06GL000077	GCF_023612275.1	100.000	100.0	1.14e-100	156	ok
smbu06GL000077	GCF_024267595.1	97.436	100.0	1.14e-98	156	ok
smbu06GL000077	GCF_025957845.1	97.436	100.0	1.14e-98	156	ok
smbu06GL000077	GCF_025957925.1	97.436	100.0	1.14e-98	156	ok
smbu06GL000077	GCF_025958025.1	97.436	100.0	1.14e-98	156	ok
smbu06GL000077	GCF_025958065.1	97.436	100.0	1.14e-98	156	ok
smbu06GL000077	GCF_025958085.1	97.436	100.0	1.14e-98	156	ok
smbu06GL000077	GCF_025958625.1	97.436	100.0	1.14e-98	156	ok
smbu06GL000077	GCF_025958845.1	97.436	100.0	1.14e-98	156	ok
smbu06GL000077	GCF_025958885.1	97.436	100.0	1.14e-98	156	ok
smbu06GL000077	GCF_026650885.1	97.436	100.0	1.14e-98	156	ok
smbu06GL000077	GCF_027915235.1	100.000	100.0	1.14e-100	156	ok
smbu06GL000077	GCF_030490365.1	100.000	100.0	1.14e-100	156	ok
smbu06GL000077	GCF_030584585.1	100.000	100.0	1.14e-100	156	ok
smbu06GL000077	GCF_030584605.1	100.000	100.0	1.14e-100	156	ok
smbu06GL000077	GCF_030584685.1	100.000	100.0	1.14e-100	156	ok
smbu06GL000077	GCF_030643745.1	100.000	100.0	1.14e-100	156	ok
smbu06GL000077	GCF_033954875.1	100.000	100.0	1.14e-100	156	ok
smbu06GL000077	GCF_033954895.1	100.000	100.0	1.14e-100	156	ok
smbu06GL000077	GCF_033954915.1	100.000	100.0	1.14e-100	156	ok
smbu06GL000077	GCF_036669985.1	100.000	100.0	1.14e-100	156	ok
smbu06GL000077	GCF_040745045.1	100.000	100.0	1.14e-100	156	ok
smbu06GL000077	GCF_043950735.1	96.795	100.0	4.93e-98	156	ok
smbu06GL000077	GCF_049315065.1	100.000	100.0	1.14e-100	156	ok
smbu06GL000077	GCF_049315075.1	94.231	100.0	1.07e-96	156	ok
smbu06GL000077	GCF_049315085.1	94.231	100.0	1.07e-96	156	ok
smbu06GL000077	GCF_049315095.1	94.231	100.0	1.07e-96	156	ok
smbu06GL000077	GCF_049315105.1	94.231	100.0	1.07e-96	156	ok
smbu06GL000077	GCF_049315115.1	100.000	100.0	1.14e-100	156	ok
smbu06GL000077	GCF_049315125.1	100.000	100.0	1.14e-100	156	ok
smbu06GL000077	GCF_049315135.1	94.231	100.0	1.07e-96	156	ok
smbu06GL000077	GCF_049315145.1	100.000	100.0	1.14e-100	156	ok
smbu06GL000077	GCF_049315155.1	94.231	100.0	1.07e-96	156	ok
smbu06GL000077	GCF_049315165.1	100.000	100.0	1.14e-100	156	ok
smbu06GL000077	GCF_049315175.1	100.000	100.0	1.14e-100	156	ok
smbu06GL000077	GCF_052655065.1	100.000	100.0	1.14e-100	156	ok
smbu06GL000077	GCF_052655335.1	100.000	100.0	1.14e-100	156	ok
smbu06GL000077	GCF_052655665.1	100.000	100.0	1.14e-100	156	ok
smbu06GL000077	GCF_052656575.1	100.000	100.0	1.14e-100	156	ok
smbu06GL000077	GCF_052657825.1	100.000	100.0	1.14e-100	156	ok
smbu06GL000077	GCF_052658005.1	100.000	100.0	1.14e-100	156	ok
smbu06GL000077	GCF_053764515.1	96.795	100.0	1.01e-97	156	ok
smbu06GL000077	GCF_056487465.1	96.795	100.0	1.01e-97	156	ok
smbu06GL000077	GCF_056582645.1	100.000	100.0	1.14e-100	156	ok
smbu06GL000077	GCF_931972305.1	96.795	100.0	1.01e-97	156	ok
smbu06GL000077	GCF_988227945.1	100.000	100.0	1.14e-100	156	ok
smbu06GL000077	GCF_988227985.1	100.000	100.0	1.14e-100	156	ok
smbu06GL000077	GCF_988228025.1	100.000	100.0	1.14e-100	156	ok
smbu06GL000077	L_lactis_14B4	77.273	98.7	4.31e-77	0	rejected
smbu06GL000077	L_lactis_IL1403	77.273	98.7	4.31e-77	0	rejected
smbu06GL000077	L_lactis_MG1363	77.273	98.7	4.31e-77	0	rejected
smbu06GL000077	smbu06_project	100.000	100.0	1.14e-100	156	ok
smbu06GL000077	smbu08_project	100.000	100.0	1.14e-100	156	ok
smbu06GL000078	E_lactis_194	100.000	100.0	0.0	695	ok
smbu06GL000078	GCA_000006865.1	78.310	100.0	0.0	709	ok
smbu06GL000078	GCA_000157355.2	87.770	100.0	0.0	694	ok
smbu06GL000078	GCA_000344575.1	78.310	100.0	0.0	709	ok
smbu06GL000078	GCA_000761115.1	78.310	100.0	0.0	709	ok
smbu06GL000078	GCA_000807375.1	78.310	100.0	0.0	709	ok
smbu06GL000078	GCA_002216705.1	86.619	100.0	0.0	694	ok
smbu06GL000078	GCA_002278015.2	86.043	100.0	0.0	694	ok
smbu06GL000078	GCA_002290025.1	98.273	100.0	0.0	695	ok
smbu06GL000078	GCA_002804185.1	78.310	100.0	0.0	709	ok
smbu06GL000078	GCA_002804285.1	78.310	100.0	0.0	709	ok
smbu06GL000078	GCA_002813755.1	86.619	100.0	0.0	694	ok
smbu06GL000078	GCA_002895225.1	78.310	100.0	0.0	709	ok
smbu06GL000078	GCA_003711125.1	88.201	100.0	0.0	694	ok
smbu06GL000078	GCA_003722255.1	78.310	100.0	0.0	709	ok
smbu06GL000078	GCA_005347505.1	88.201	100.0	0.0	694	ok
smbu06GL000078	GCA_009730155.1	88.201	100.0	0.0	694	ok
smbu06GL000078	GCA_013391145.1	86.043	100.0	0.0	694	ok
smbu06GL000078	GCA_013391165.1	86.043	100.0	0.0	694	ok
smbu06GL000078	GCA_013391185.1	86.043	100.0	0.0	694	ok
smbu06GL000078	GCA_013391205.1	86.043	100.0	0.0	694	ok
smbu06GL000078	GCA_013394325.1	87.770	100.0	0.0	694	ok
smbu06GL000078	GCA_015767715.1	100.000	100.0	0.0	695	ok
smbu06GL000078	GCA_016127235.1	86.043	100.0	0.0	694	ok
smbu06GL000078	GCA_019203145.1	100.000	100.0	0.0	695	ok
smbu06GL000078	GCA_019343125.1	99.856	100.0	0.0	695	ok
smbu06GL000078	GCA_019797905.1	88.058	100.0	0.0	694	ok
smbu06GL000078	GCA_019967715.1	99.856	100.0	0.0	695	ok
smbu06GL000078	GCA_022870765.1	87.770	100.0	0.0	694	ok
smbu06GL000078	GCA_023523715.1	87.770	100.0	0.0	694	ok
smbu06GL000078	GCA_023612275.1	99.856	100.0	0.0	695	ok
smbu06GL000078	GCA_025402795.1	87.914	100.0	0.0	694	ok
smbu06GL000078	GCA_025402855.1	87.914	100.0	0.0	694	ok
smbu06GL000078	GCA_029201225.1	87.770	100.0	0.0	694	ok
smbu06GL000078	GCA_029215545.1	87.770	100.0	0.0	694	ok
smbu06GL000078	GCA_030490365.1	100.000	100.0	0.0	695	ok
smbu06GL000078	GCA_033954875.1	99.856	100.0	0.0	695	ok
smbu06GL000078	GCA_033954895.1	99.856	100.0	0.0	695	ok
smbu06GL000078	GCA_033954915.1	99.856	100.0	0.0	695	ok
smbu06GL000078	GCA_036669985.1	99.856	100.0	0.0	695	ok
smbu06GL000078	GCA_040745045.1	99.856	100.0	0.0	695	ok
smbu06GL000078	GCA_041930275.1	88.345	100.0	0.0	694	ok
smbu06GL000078	GCA_041952535.1	88.345	100.0	0.0	694	ok
smbu06GL000078	GCA_043950735.1	86.043	100.0	0.0	694	ok
smbu06GL000078	GCA_043950745.1	86.043	100.0	0.0	694	ok
smbu06GL000078	GCA_045039055.1	88.345	100.0	0.0	694	ok
smbu06GL000078	GCA_049315065.1	99.856	100.0	0.0	695	ok
smbu06GL000078	GCA_049315075.1	98.849	100.0	0.0	695	ok
smbu06GL000078	GCA_049315085.1	98.849	100.0	0.0	695	ok
smbu06GL000078	GCA_049315095.1	98.849	100.0	0.0	695	ok
smbu06GL000078	GCA_049315105.1	98.849	100.0	0.0	695	ok
smbu06GL000078	GCA_049315115.1	99.856	100.0	0.0	695	ok
smbu06GL000078	GCA_049315125.1	99.856	100.0	0.0	695	ok
smbu06GL000078	GCA_049315135.1	98.849	100.0	0.0	695	ok
smbu06GL000078	GCA_049315145.1	99.856	100.0	0.0	695	ok
smbu06GL000078	GCA_049315155.1	98.849	100.0	0.0	695	ok
smbu06GL000078	GCA_049315165.1	99.856	100.0	0.0	695	ok
smbu06GL000078	GCA_049315175.1	99.856	100.0	0.0	695	ok
smbu06GL000078	GCA_052655065.1	100.000	100.0	0.0	695	ok
smbu06GL000078	GCA_052655335.1	100.000	100.0	0.0	695	ok
smbu06GL000078	GCA_052655665.1	100.000	100.0	0.0	695	ok
smbu06GL000078	GCA_052656575.1	100.000	100.0	0.0	695	ok
smbu06GL000078	GCA_052657825.1	100.000	100.0	0.0	695	ok
smbu06GL000078	GCA_052658005.1	100.000	100.0	0.0	695	ok
smbu06GL000078	GCA_053764515.1	86.619	100.0	0.0	694	ok
smbu06GL000078	GCA_055397705.1	68.786	49.8	1.24e-130	55	rejected
smbu06GL000078	GCA_055397995.1	93.952	71.4	0.0	56	rejected
smbu06GL000078	GCA_056487485.1	86.619	100.0	0.0	694	ok
smbu06GL000078	GCA_056582645.1	100.000	100.0	0.0	695	ok
smbu06GL000078	GCA_058072705.1	99.856	100.0	0.0	695	ok
smbu06GL000078	GCA_060306215.1	100.000	100.0	0.0	695	ok
smbu06GL000078	GCA_060307205.1	86.043	100.0	0.0	694	ok
smbu06GL000078	GCA_060307225.1	100.000	100.0	0.0	695	ok
smbu06GL000078	GCA_061568495.1	99.856	100.0	0.0	695	ok
smbu06GL000078	GCA_900636615.1	86.187	100.0	0.0	694	ok
smbu06GL000078	GCA_905186115.1	86.043	100.0	0.0	694	ok
smbu06GL000078	GCA_931972305.1	86.619	100.0	0.0	694	ok
smbu06GL000078	GCA_963280925.1	86.043	100.0	0.0	694	ok
smbu06GL000078	GCA_988227945.1	99.856	100.0	0.0	695	ok
smbu06GL000078	GCA_988227985.1	99.856	100.0	0.0	695	ok
smbu06GL000078	GCA_988228025.1	99.856	100.0	0.0	695	ok
smbu06GL000078	GCA_988235375.1	98.273	100.0	0.0	695	ok
smbu06GL000078	GCA_988236725.1	98.273	100.0	0.0	695	ok
smbu06GL000078	GCA_988237225.1	99.856	100.0	0.0	695	ok
smbu06GL000078	GCF_001298485.1	99.424	100.0	0.0	695	ok
smbu06GL000078	GCF_001412695.1	99.424	100.0	0.0	695	ok
smbu06GL000078	GCF_001598635.1	85.735	99.9	0.0	693	ok
smbu06GL000078	GCF_001689055.2	85.735	99.9	0.0	693	ok
smbu06GL000078	GCF_002208945.1	85.735	99.9	0.0	693	ok
smbu06GL000078	GCF_002216705.1	86.619	100.0	0.0	694	ok
smbu06GL000078	GCF_002278015.2	86.043	100.0	0.0	694	ok
smbu06GL000078	GCF_002289045.2	85.735	99.9	0.0	693	ok
smbu06GL000078	GCF_002290025.1	98.273	100.0	0.0	695	ok
smbu06GL000078	GCF_002355755.1	85.735	99.9	0.0	693	ok
smbu06GL000078	GCF_002761555.1	99.712	100.0	0.0	695	ok
smbu06GL000078	GCF_002831505.1	99.712	100.0	0.0	695	ok
smbu06GL000078	GCF_002850515.1	99.712	100.0	0.0	695	ok
smbu06GL000078	GCF_002983785.1	99.712	100.0	0.0	695	ok
smbu06GL000078	GCF_003269465.1	99.712	100.0	0.0	695	ok
smbu06GL000078	GCF_003667965.1	99.856	100.0	0.0	695	ok
smbu06GL000078	GCF_003711125.1	88.201	100.0	0.0	694	ok
smbu06GL000078	GCF_003711605.1	100.000	100.0	0.0	695	ok
smbu06GL000078	GCF_003812665.1	85.735	99.9	0.0	693	ok
smbu06GL000078	GCF_004332055.1	99.712	100.0	0.0	695	ok
smbu06GL000078	GCF_005484525.1	85.735	99.9	0.0	693	ok
smbu06GL000078	GCF_006337145.1	100.000	100.0	0.0	695	ok
smbu06GL000078	GCF_006351785.1	99.568	100.0	0.0	695	ok
smbu06GL000078	GCF_006351845.1	99.712	100.0	0.0	695	ok
smbu06GL000078	GCF_006364815.1	85.735	99.9	0.0	693	ok
smbu06GL000078	GCF_006494835.1	85.735	99.9	0.0	693	ok
smbu06GL000078	GCF_006494855.1	85.735	99.9	0.0	693	ok
smbu06GL000078	GCF_006494875.1	85.735	99.9	0.0	693	ok
smbu06GL000078	GCF_006766145.1	85.735	99.9	0.0	693	ok
smbu06GL000078	GCF_007923665.2	99.712	100.0	0.0	695	ok
smbu06GL000078	GCF_007923785.2	99.712	100.0	0.0	695	ok
smbu06GL000078	GCF_007923865.2	99.712	100.0	0.0	695	ok
smbu06GL000078	GCF_007923885.2	99.712	100.0	0.0	695	ok
smbu06GL000078	GCF_007923905.2	99.712	100.0	0.0	695	ok
smbu06GL000078	GCF_007923925.2	99.712	100.0	0.0	695	ok
smbu06GL000078	GCF_007923945.2	99.712	100.0	0.0	695	ok
smbu06GL000078	GCF_007923965.2	99.712	100.0	0.0	695	ok
smbu06GL000078	GCF_008330605.1	100.000	100.0	0.0	695	ok
smbu06GL000078	GCF_009730155.1	88.201	100.0	0.0	694	ok
smbu06GL000078	GCF_009734005.1	99.712	100.0	0.0	695	ok
smbu06GL000078	GCF_009938075.1	99.712	100.0	0.0	695	ok
smbu06GL000078	GCF_010103655.1	85.591	99.9	0.0	693	ok
smbu06GL000078	GCF_010120755.1	99.712	100.0	0.0	695	ok
smbu06GL000078	GCF_011745645.1	99.856	100.0	0.0	695	ok
smbu06GL000078	GCF_012045365.1	100.000	100.0	0.0	695	ok
smbu06GL000078	GCF_012045505.1	100.000	100.0	0.0	695	ok
smbu06GL000078	GCF_012594215.1	85.735	99.9	0.0	693	ok
smbu06GL000078	GCF_013201055.1	99.856	100.0	0.0	695	ok
smbu06GL000078	GCF_013344625.1	85.735	99.9	0.0	693	ok
smbu06GL000078	GCF_013344645.1	85.735	99.9	0.0	693	ok
smbu06GL000078	GCF_013344665.1	85.735	99.9	0.0	693	ok
smbu06GL000078	GCF_013391145.1	86.043	100.0	0.0	694	ok
smbu06GL000078	GCF_013391165.1	86.043	100.0	0.0	694	ok
smbu06GL000078	GCF_013391185.1	86.043	100.0	0.0	694	ok
smbu06GL000078	GCF_013391205.1	86.043	100.0	0.0	694	ok
smbu06GL000078	GCF_013394325.1	87.770	100.0	0.0	694	ok
smbu06GL000078	GCF_015377765.1	99.856	100.0	0.0	695	ok
smbu06GL000078	GCF_015767695.1	99.712	100.0	0.0	695	ok
smbu06GL000078	GCF_015767715.1	100.000	100.0	0.0	695	ok
smbu06GL000078	GCF_016127235.1	86.043	100.0	0.0	694	ok
smbu06GL000078	GCF_017280035.1	85.735	99.9	0.0	693	ok
smbu06GL000078	GCF_017357805.1	85.735	99.9	0.0	693	ok
smbu06GL000078	GCF_018516845.1	99.712	100.0	0.0	695	ok
smbu06GL000078	GCF_019203145.1	100.000	100.0	0.0	695	ok
smbu06GL000078	GCF_019343125.1	99.856	100.0	0.0	695	ok
smbu06GL000078	GCF_019456555.1	99.712	100.0	0.0	695	ok
smbu06GL000078	GCF_019456575.1	99.712	100.0	0.0	695	ok
smbu06GL000078	GCF_019456595.1	99.712	100.0	0.0	695	ok
smbu06GL000078	GCF_019797905.1	88.058	100.0	0.0	694	ok
smbu06GL000078	GCF_019967715.1	99.856	100.0	0.0	695	ok
smbu06GL000078	GCF_020881975.1	85.735	99.9	0.0	693	ok
smbu06GL000078	GCF_020906605.1	85.735	99.9	0.0	693	ok
smbu06GL000078	GCF_022869705.1	85.735	99.9	0.0	693	ok
smbu06GL000078	GCF_023299785.1	85.735	99.9	0.0	693	ok
smbu06GL000078	GCF_023375505.1	85.735	99.9	0.0	693	ok
smbu06GL000078	GCF_023612035.1	85.735	99.9	0.0	693	ok
smbu06GL000078	GCF_023612275.1	99.856	100.0	0.0	695	ok
smbu06GL000078	GCF_024267595.1	85.735	99.9	0.0	693	ok
smbu06GL000078	GCF_025957845.1	85.735	99.9	0.0	693	ok
smbu06GL000078	GCF_025957925.1	85.735	99.9	0.0	693	ok
smbu06GL000078	GCF_025958025.1	85.735	99.9	0.0	693	ok
smbu06GL000078	GCF_025958065.1	85.735	99.9	0.0	693	ok
smbu06GL000078	GCF_025958085.1	85.735	99.9	0.0	693	ok
smbu06GL000078	GCF_025958625.1	85.735	99.9	0.0	693	ok
smbu06GL000078	GCF_025958845.1	85.735	99.9	0.0	693	ok
smbu06GL000078	GCF_025958885.1	85.735	99.9	0.0	693	ok
smbu06GL000078	GCF_026650885.1	85.591	99.9	0.0	693	ok
smbu06GL000078	GCF_027915235.1	100.000	100.0	0.0	695	ok
smbu06GL000078	GCF_030490365.1	100.000	100.0	0.0	695	ok
smbu06GL000078	GCF_030584585.1	99.712	100.0	0.0	695	ok
smbu06GL000078	GCF_030584605.1	99.712	100.0	0.0	695	ok
smbu06GL000078	GCF_030584685.1	99.712	100.0	0.0	695	ok
smbu06GL000078	GCF_030643745.1	99.856	100.0	0.0	695	ok
smbu06GL000078	GCF_033954875.1	99.856	100.0	0.0	695	ok
smbu06GL000078	GCF_033954895.1	99.856	100.0	0.0	695	ok
smbu06GL000078	GCF_033954915.1	99.856	100.0	0.0	695	ok
smbu06GL000078	GCF_036669985.1	99.856	100.0	0.0	695	ok
smbu06GL000078	GCF_040745045.1	99.856	100.0	0.0	695	ok
smbu06GL000078	GCF_043950735.1	86.043	100.0	0.0	694	ok
smbu06GL000078	GCF_049315065.1	99.856	100.0	0.0	695	ok
smbu06GL000078	GCF_049315075.1	98.849	100.0	0.0	695	ok
smbu06GL000078	GCF_049315085.1	98.849	100.0	0.0	695	ok
smbu06GL000078	GCF_049315095.1	98.849	100.0	0.0	695	ok
smbu06GL000078	GCF_049315105.1	98.849	100.0	0.0	695	ok
smbu06GL000078	GCF_049315115.1	99.856	100.0	0.0	695	ok
smbu06GL000078	GCF_049315125.1	99.856	100.0	0.0	695	ok
smbu06GL000078	GCF_049315135.1	98.849	100.0	0.0	695	ok
smbu06GL000078	GCF_049315145.1	99.856	100.0	0.0	695	ok
smbu06GL000078	GCF_049315155.1	98.849	100.0	0.0	695	ok
smbu06GL000078	GCF_049315165.1	99.856	100.0	0.0	695	ok
smbu06GL000078	GCF_049315175.1	99.856	100.0	0.0	695	ok
smbu06GL000078	GCF_052655065.1	100.000	100.0	0.0	695	ok
smbu06GL000078	GCF_052655335.1	100.000	100.0	0.0	695	ok
smbu06GL000078	GCF_052655665.1	100.000	100.0	0.0	695	ok
smbu06GL000078	GCF_052656575.1	100.000	100.0	0.0	695	ok
smbu06GL000078	GCF_052657825.1	100.000	100.0	0.0	695	ok
smbu06GL000078	GCF_052658005.1	100.000	100.0	0.0	695	ok
smbu06GL000078	GCF_053764515.1	86.619	100.0	0.0	694	ok
smbu06GL000078	GCF_056487465.1	86.619	100.0	0.0	694	ok
smbu06GL000078	GCF_056582645.1	100.000	100.0	0.0	695	ok
smbu06GL000078	GCF_931972305.1	86.619	100.0	0.0	694	ok
smbu06GL000078	GCF_988227945.1	99.856	100.0	0.0	695	ok
smbu06GL000078	GCF_988227985.1	99.856	100.0	0.0	695	ok
smbu06GL000078	GCF_988228025.1	99.856	100.0	0.0	695	ok
smbu06GL000078	L_lactis_14B4	78.310	100.0	0.0	709	ok
smbu06GL000078	L_lactis_IL1403	78.310	100.0	0.0	709	ok
smbu06GL000078	L_lactis_MG1363	78.310	100.0	0.0	709	ok
smbu06GL000078	smbu06_project	100.000	100.0	0.0	695	ok
smbu06GL000078	smbu08_project	100.000	100.0	0.0	695	ok
smbu06GL000079	E_lactis_194	100.000	100.0	0.0	423	ok
smbu06GL000079	GCA_000006865.1	76.750	94.6	0.0	3	rejected
smbu06GL000079	GCA_000157355.2	91.505	97.2	0.0	11	rejected
smbu06GL000079	GCA_000344575.1	76.750	94.6	0.0	3	rejected
smbu06GL000079	GCA_000761115.1	76.750	94.6	0.0	3	rejected
smbu06GL000079	GCA_000807375.1	76.750	94.6	0.0	3	rejected
smbu06GL000079	GCA_002216705.1	97.015	95.0	0.0	1	rejected
smbu06GL000079	GCA_002278015.2	97.636	100.0	0.0	3	rejected
smbu06GL000079	GCA_002290025.1	96.690	100.0	0.0	3	rejected
smbu06GL000079	GCA_002804185.1	76.750	94.6	0.0	3	rejected
smbu06GL000079	GCA_002804285.1	76.750	94.6	0.0	3	rejected
smbu06GL000079	GCA_002813755.1	97.015	95.0	0.0	1	rejected
smbu06GL000079	GCA_002895225.1	76.750	94.6	0.0	3	rejected
smbu06GL000079	GCA_003711125.1	92.138	96.2	0.0	6	rejected
smbu06GL000079	GCA_003722255.1	76.750	94.6	0.0	3	rejected
smbu06GL000079	GCA_005347505.1	92.138	96.2	0.0	6	rejected
smbu06GL000079	GCA_009730155.1	91.505	97.2	0.0	11	rejected
smbu06GL000079	GCA_013391145.1	97.400	100.0	0.0	3	rejected
smbu06GL000079	GCA_013391165.1	97.400	100.0	0.0	3	rejected
smbu06GL000079	GCA_013391185.1	97.400	100.0	0.0	3	rejected
smbu06GL000079	GCA_013391205.1	97.400	100.0	0.0	3	rejected
smbu06GL000079	GCA_013394325.1	93.017	94.8	0.0	0	rejected
smbu06GL000079	GCA_015767715.1	100.000	100.0	0.0	423	ok
smbu06GL000079	GCA_016127235.1	97.400	100.0	0.0	3	rejected
smbu06GL000079	GCA_019203145.1	100.000	100.0	0.0	423	ok
smbu06GL000079	GCA_019343125.1	100.000	100.0	0.0	423	ok
smbu06GL000079	GCA_019797905.1	92.383	96.2	0.0	6	rejected
smbu06GL000079	GCA_019967715.1	100.000	100.0	0.0	423	ok
smbu06GL000079	GCA_022870765.1	91.505	97.2	0.0	11	rejected
smbu06GL000079	GCA_023523715.1	91.505	97.2	0.0	11	rejected
smbu06GL000079	GCA_023612275.1	99.054	100.0	0.0	423	ok
smbu06GL000079	GCA_025402795.1	90.647	98.6	0.0	20	rejected
smbu06GL000079	GCA_025402855.1	90.647	98.6	0.0	20	rejected
smbu06GL000079	GCA_029201225.1	91.505	97.2	0.0	11	rejected
smbu06GL000079	GCA_029215545.1	91.505	97.2	0.0	11	rejected
smbu06GL000079	GCA_030490365.1	100.000	100.0	0.0	423	ok
smbu06GL000079	GCA_033954875.1	100.000	100.0	0.0	423	ok
smbu06GL000079	GCA_033954895.1	99.054	100.0	0.0	423	ok
smbu06GL000079	GCA_033954915.1	99.054	100.0	0.0	423	ok
smbu06GL000079	GCA_036669985.1	99.054	100.0	0.0	423	ok
smbu06GL000079	GCA_040745045.1	100.000	100.0	0.0	423	ok
smbu06GL000079	GCA_041930275.1	91.505	97.2	0.0	11	rejected
smbu06GL000079	GCA_041952535.1	91.505	97.2	0.0	11	rejected
smbu06GL000079	GCA_043950735.1	97.400	100.0	0.0	3	rejected
smbu06GL000079	GCA_043950745.1	97.400	100.0	0.0	3	rejected
smbu06GL000079	GCA_045039055.1	91.505	97.2	0.0	11	rejected
smbu06GL000079	GCA_049315065.1	100.000	100.0	0.0	423	ok
smbu06GL000079	GCA_049315075.1	96.403	98.6	0.0	9	rejected
smbu06GL000079	GCA_049315085.1	96.403	98.6	0.0	9	rejected
smbu06GL000079	GCA_049315095.1	96.403	98.6	0.0	9	rejected
smbu06GL000079	GCA_049315105.1	96.403	98.6	0.0	9	rejected
smbu06GL000079	GCA_049315115.1	100.000	100.0	0.0	423	ok
smbu06GL000079	GCA_049315125.1	100.000	100.0	0.0	423	ok
smbu06GL000079	GCA_049315135.1	96.403	98.6	0.0	9	rejected
smbu06GL000079	GCA_049315145.1	100.000	100.0	0.0	423	ok
smbu06GL000079	GCA_049315155.1	96.403	98.6	0.0	9	rejected
smbu06GL000079	GCA_049315165.1	100.000	100.0	0.0	423	ok
smbu06GL000079	GCA_049315175.1	100.000	100.0	0.0	423	ok
smbu06GL000079	GCA_052655065.1	100.000	100.0	0.0	423	ok
smbu06GL000079	GCA_052655335.1	100.000	100.0	0.0	423	ok
smbu06GL000079	GCA_052655665.1	100.000	100.0	0.0	423	ok
smbu06GL000079	GCA_052656575.1	100.000	100.0	0.0	423	ok
smbu06GL000079	GCA_052657825.1	100.000	100.0	0.0	423	ok
smbu06GL000079	GCA_052658005.1	100.000	100.0	0.0	423	ok
smbu06GL000079	GCA_053764515.1	97.015	95.0	0.0	1	rejected
smbu06GL000079	GCA_055397705.1	77.682	55.1	7.71e-176	7	rejected
smbu06GL000079	GCA_055397995.1	79.024	96.9	0.0	6	rejected
smbu06GL000079	GCA_056487485.1	96.766	95.0	0.0	1	rejected
smbu06GL000079	GCA_056582645.1	100.000	100.0	0.0	423	ok
smbu06GL000079	GCA_058072705.1	99.054	100.0	0.0	423	ok
smbu06GL000079	GCA_060306215.1	100.000	100.0	0.0	423	ok
smbu06GL000079	GCA_060307205.1	97.400	100.0	0.0	3	rejected
smbu06GL000079	GCA_060307225.1	100.000	100.0	0.0	423	ok
smbu06GL000079	GCA_061568495.1	100.000	100.0	0.0	423	ok
smbu06GL000079	GCA_900636615.1	97.400	100.0	0.0	3	rejected
smbu06GL000079	GCA_905186115.1	97.400	100.0	0.0	3	rejected
smbu06GL000079	GCA_931972305.1	97.015	95.0	0.0	1	rejected
smbu06GL000079	GCA_963280925.1	97.400	100.0	0.0	3	rejected
smbu06GL000079	GCA_988227945.1	100.000	100.0	0.0	423	ok
smbu06GL000079	GCA_988227985.1	100.000	100.0	0.0	423	ok
smbu06GL000079	GCA_988228025.1	100.000	100.0	0.0	423	ok
smbu06GL000079	GCA_988235375.1	96.690	100.0	0.0	3	rejected
smbu06GL000079	GCA_988236725.1	96.690	100.0	0.0	3	rejected
smbu06GL000079	GCA_988237225.1	100.000	100.0	0.0	423	ok
smbu06GL000079	GCF_001298485.1	100.000	100.0	0.0	423	ok
smbu06GL000079	GCF_001412695.1	100.000	100.0	0.0	423	ok
smbu06GL000079	GCF_001598635.1	89.563	97.4	0.0	410	ok
smbu06GL000079	GCF_001689055.2	89.563	97.4	0.0	410	ok
smbu06GL000079	GCF_002208945.1	89.563	97.4	0.0	410	ok
smbu06GL000079	GCF_002216705.1	97.015	95.0	0.0	1	rejected
smbu06GL000079	GCF_002278015.2	97.636	100.0	0.0	3	rejected
smbu06GL000079	GCF_002289045.2	89.563	97.4	0.0	410	ok
smbu06GL000079	GCF_002290025.1	96.690	100.0	0.0	3	rejected
smbu06GL000079	GCF_002355755.1	89.563	97.4	0.0	410	ok
smbu06GL000079	GCF_002761555.1	100.000	100.0	0.0	423	ok
smbu06GL000079	GCF_002831505.1	100.000	100.0	0.0	423	ok
smbu06GL000079	GCF_002850515.1	100.000	100.0	0.0	423	ok
smbu06GL000079	GCF_002983785.1	100.000	100.0	0.0	423	ok
smbu06GL000079	GCF_003269465.1	99.527	100.0	0.0	3	rejected
smbu06GL000079	GCF_003667965.1	99.054	100.0	0.0	423	ok
smbu06GL000079	GCF_003711125.1	92.138	96.2	0.0	6	rejected
smbu06GL000079	GCF_003711605.1	100.000	100.0	0.0	423	ok
smbu06GL000079	GCF_003812665.1	89.563	97.4	0.0	410	ok
smbu06GL000079	GCF_004332055.1	100.000	100.0	0.0	423	ok
smbu06GL000079	GCF_005484525.1	89.563	97.4	0.0	410	ok
smbu06GL000079	GCF_006337145.1	100.000	100.0	0.0	423	ok
smbu06GL000079	GCF_006351785.1	100.000	100.0	0.0	423	ok
smbu06GL000079	GCF_006351845.1	100.000	100.0	0.0	423	ok
smbu06GL000079	GCF_006364815.1	89.563	97.4	0.0	410	ok
smbu06GL000079	GCF_006494835.1	89.563	97.4	0.0	410	ok
smbu06GL000079	GCF_006494855.1	89.563	97.4	0.0	410	ok
smbu06GL000079	GCF_006494875.1	89.563	97.4	0.0	410	ok
smbu06GL000079	GCF_006766145.1	89.563	97.4	0.0	410	ok
smbu06GL000079	GCF_007923665.2	100.000	100.0	0.0	423	ok
smbu06GL000079	GCF_007923785.2	100.000	100.0	0.0	423	ok
smbu06GL000079	GCF_007923865.2	100.000	100.0	0.0	423	ok
smbu06GL000079	GCF_007923885.2	98.034	96.2	0.0	38	rejected
smbu06GL000079	GCF_007923905.2	100.000	100.0	0.0	423	ok
smbu06GL000079	GCF_007923925.2	100.000	100.0	0.0	423	ok
smbu06GL000079	GCF_007923945.2	100.000	100.0	0.0	423	ok
smbu06GL000079	GCF_007923965.2	100.000	100.0	0.0	423	ok
smbu06GL000079	GCF_008330605.1	100.000	100.0	0.0	423	ok
smbu06GL000079	GCF_009730155.1	91.505	97.2	0.0	11	rejected
smbu06GL000079	GCF_009734005.1	100.000	100.0	0.0	423	ok
smbu06GL000079	GCF_009938075.1	100.000	100.0	0.0	423	ok
smbu06GL000079	GCF_010103655.1	89.563	97.4	0.0	410	ok
smbu06GL000079	GCF_010120755.1	100.000	100.0	0.0	423	ok
smbu06GL000079	GCF_011745645.1	100.000	100.0	0.0	423	ok
smbu06GL000079	GCF_012045365.1	100.000	100.0	0.0	423	ok
smbu06GL000079	GCF_012045505.1	100.000	100.0	0.0	423	ok
smbu06GL000079	GCF_012594215.1	89.563	97.4	0.0	410	ok
smbu06GL000079	GCF_013201055.1	100.000	100.0	0.0	423	ok
smbu06GL000079	GCF_013344625.1	89.563	97.4	0.0	410	ok
smbu06GL000079	GCF_013344645.1	89.563	97.4	0.0	410	ok
smbu06GL000079	GCF_013344665.1	89.563	97.4	0.0	410	ok
smbu06GL000079	GCF_013391145.1	97.400	100.0	0.0	3	rejected
smbu06GL000079	GCF_013391165.1	97.400	100.0	0.0	3	rejected
smbu06GL000079	GCF_013391185.1	97.400	100.0	0.0	3	rejected
smbu06GL000079	GCF_013391205.1	97.400	100.0	0.0	3	rejected
smbu06GL000079	GCF_013394325.1	93.017	94.8	0.0	0	rejected
smbu06GL000079	GCF_015377765.1	99.054	100.0	0.0	423	ok
smbu06GL000079	GCF_015767695.1	100.000	100.0	0.0	423	ok
smbu06GL000079	GCF_015767715.1	100.000	100.0	0.0	423	ok
smbu06GL000079	GCF_016127235.1	97.400	100.0	0.0	3	rejected
smbu06GL000079	GCF_017280035.1	89.563	97.4	0.0	410	ok
smbu06GL000079	GCF_017357805.1	89.563	97.4	0.0	410	ok
smbu06GL000079	GCF_018516845.1	100.000	100.0	0.0	423	ok
smbu06GL000079	GCF_019203145.1	100.000	100.0	0.0	423	ok
smbu06GL000079	GCF_019343125.1	100.000	100.0	0.0	423	ok
smbu06GL000079	GCF_019456555.1	98.034	96.2	0.0	38	rejected
smbu06GL000079	GCF_019456575.1	98.034	96.2	0.0	38	rejected
smbu06GL000079	GCF_019456595.1	98.034	96.2	0.0	38	rejected
smbu06GL000079	GCF_019797905.1	92.383	96.2	0.0	6	rejected
smbu06GL000079	GCF_019967715.1	100.000	100.0	0.0	423	ok
smbu06GL000079	GCF_020881975.1	89.563	97.4	0.0	410	ok
smbu06GL000079	GCF_020906605.1	89.563	97.4	0.0	410	ok
smbu06GL000079	GCF_022869705.1	89.563	97.4	0.0	410	ok
smbu06GL000079	GCF_023299785.1	89.563	97.4	0.0	410	ok
smbu06GL000079	GCF_023375505.1	89.563	97.4	0.0	410	ok
smbu06GL000079	GCF_023612035.1	89.563	97.4	0.0	410	ok
smbu06GL000079	GCF_023612275.1	99.054	100.0	0.0	423	ok
smbu06GL000079	GCF_024267595.1	89.563	97.4	0.0	410	ok
smbu06GL000079	GCF_025957845.1	89.563	97.4	0.0	410	ok
smbu06GL000079	GCF_025957925.1	89.563	97.4	0.0	410	ok
smbu06GL000079	GCF_025958025.1	89.563	97.4	0.0	410	ok
smbu06GL000079	GCF_025958065.1	89.563	97.4	0.0	410	ok
smbu06GL000079	GCF_025958085.1	89.563	97.4	0.0	410	ok
smbu06GL000079	GCF_025958625.1	89.563	97.4	0.0	410	ok
smbu06GL000079	GCF_025958845.1	89.563	97.4	0.0	410	ok
smbu06GL000079	GCF_025958885.1	89.563	97.4	0.0	410	ok
smbu06GL000079	GCF_026650885.1	89.563	97.4	0.0	410	ok
smbu06GL000079	GCF_027915235.1	100.000	100.0	0.0	423	ok
smbu06GL000079	GCF_030490365.1	100.000	100.0	0.0	423	ok
smbu06GL000079	GCF_030584585.1	100.000	100.0	0.0	423	ok
smbu06GL000079	GCF_030584605.1	100.000	100.0	0.0	423	ok
smbu06GL000079	GCF_030584685.1	100.000	100.0	0.0	423	ok
smbu06GL000079	GCF_030643745.1	100.000	100.0	0.0	423	ok
smbu06GL000079	GCF_033954875.1	100.000	100.0	0.0	423	ok
smbu06GL000079	GCF_033954895.1	99.054	100.0	0.0	423	ok
smbu06GL000079	GCF_033954915.1	99.054	100.0	0.0	423	ok
smbu06GL000079	GCF_036669985.1	99.054	100.0	0.0	423	ok
smbu06GL000079	GCF_040745045.1	100.000	100.0	0.0	423	ok
smbu06GL000079	GCF_043950735.1	97.400	100.0	0.0	3	rejected
smbu06GL000079	GCF_049315065.1	100.000	100.0	0.0	423	ok
smbu06GL000079	GCF_049315075.1	96.403	98.6	0.0	9	rejected
smbu06GL000079	GCF_049315085.1	96.403	98.6	0.0	9	rejected
smbu06GL000079	GCF_049315095.1	96.403	98.6	0.0	9	rejected
smbu06GL000079	GCF_049315105.1	96.403	98.6	0.0	9	rejected
smbu06GL000079	GCF_049315115.1	100.000	100.0	0.0	423	ok
smbu06GL000079	GCF_049315125.1	100.000	100.0	0.0	423	ok
smbu06GL000079	GCF_049315135.1	96.403	98.6	0.0	9	rejected
smbu06GL000079	GCF_049315145.1	100.000	100.0	0.0	423	ok
smbu06GL000079	GCF_049315155.1	96.403	98.6	0.0	9	rejected
smbu06GL000079	GCF_049315165.1	100.000	100.0	0.0	423	ok
smbu06GL000079	GCF_049315175.1	100.000	100.0	0.0	423	ok
smbu06GL000079	GCF_052655065.1	100.000	100.0	0.0	423	ok
smbu06GL000079	GCF_052655335.1	100.000	100.0	0.0	423	ok
smbu06GL000079	GCF_052655665.1	100.000	100.0	0.0	423	ok
smbu06GL000079	GCF_052656575.1	100.000	100.0	0.0	423	ok
smbu06GL000079	GCF_052657825.1	100.000	100.0	0.0	423	ok
smbu06GL000079	GCF_052658005.1	100.000	100.0	0.0	423	ok
smbu06GL000079	GCF_053764515.1	97.015	95.0	0.0	1	rejected
smbu06GL000079	GCF_056487465.1	97.015	95.0	0.0	1	rejected
smbu06GL000079	GCF_056582645.1	100.000	100.0	0.0	423	ok
smbu06GL000079	GCF_931972305.1	97.015	95.0	0.0	1	rejected
smbu06GL000079	GCF_988227945.1	100.000	100.0	0.0	423	ok
smbu06GL000079	GCF_988227985.1	100.000	100.0	0.0	423	ok
smbu06GL000079	GCF_988228025.1	100.000	100.0	0.0	423	ok
smbu06GL000079	L_lactis_14B4	76.750	94.6	0.0	3	rejected
smbu06GL000079	L_lactis_IL1403	76.750	94.6	0.0	3	rejected
smbu06GL000079	L_lactis_MG1363	76.750	94.6	0.0	3	rejected
smbu06GL000079	smbu06_project	100.000	100.0	0.0	423	ok
smbu06GL000079	smbu08_project	100.000	100.0	0.0	423	ok
smbu06GL000080	E_lactis_194	100.000	100.0	1.49e-62	102	ok
smbu06GL000080	GCA_000006865.1	86.275	100.0	8.22e-54	102	ok
smbu06GL000080	GCA_000157355.2	99.020	100.0	1.22e-61	102	ok
smbu06GL000080	GCA_000344575.1	86.275	100.0	8.22e-54	102	ok
smbu06GL000080	GCA_000761115.1	86.275	100.0	8.22e-54	102	ok
smbu06GL000080	GCA_000807375.1	86.275	100.0	8.22e-54	102	ok
smbu06GL000080	GCA_002216705.1	98.039	100.0	1.7e-61	102	ok
smbu06GL000080	GCA_002278015.2	98.039	100.0	7.44e-62	102	ok
smbu06GL000080	GCA_002290025.1	99.020	100.0	2.37e-62	102	ok
smbu06GL000080	GCA_002804185.1	86.275	100.0	8.22e-54	102	ok
smbu06GL000080	GCA_002804285.1	86.275	100.0	8.22e-54	102	ok
smbu06GL000080	GCA_002813755.1	98.039	100.0	1.7e-61	102	ok
smbu06GL000080	GCA_002895225.1	86.275	100.0	8.22e-54	102	ok
smbu06GL000080	GCA_003711125.1	98.039	100.0	2.6e-61	102	ok
smbu06GL000080	GCA_003722255.1	86.275	100.0	8.22e-54	102	ok
smbu06GL000080	GCA_005347505.1	98.039	100.0	2.6e-61	102	ok
smbu06GL000080	GCA_009730155.1	99.020	100.0	8.04e-62	102	ok
smbu06GL000080	GCA_013391145.1	98.039	100.0	7.44e-62	102	ok
smbu06GL000080	GCA_013391165.1	98.039	100.0	7.44e-62	102	ok
smbu06GL000080	GCA_013391185.1	98.039	100.0	7.44e-62	102	ok
smbu06GL000080	GCA_013391205.1	98.039	100.0	7.44e-62	102	ok
smbu06GL000080	GCA_013394325.1	97.059	100.0	5.76e-61	102	ok
smbu06GL000080	GCA_015767715.1	100.000	100.0	1.49e-62	102	ok
smbu06GL000080	GCA_016127235.1	98.039	100.0	7.44e-62	102	ok
smbu06GL000080	GCA_019203145.1	100.000	100.0	1.49e-62	102	ok
smbu06GL000080	GCA_019343125.1	100.000	100.0	1.49e-62	102	ok
smbu06GL000080	GCA_019797905.1	98.039	100.0	1.05e-61	102	ok
smbu06GL000080	GCA_019967715.1	100.000	100.0	1.49e-62	102	ok
smbu06GL000080	GCA_022870765.1	99.020	100.0	1.22e-61	102	ok
smbu06GL000080	GCA_023523715.1	99.020	100.0	1.22e-61	102	ok
smbu06GL000080	GCA_023612275.1	100.000	100.0	1.62e-62	102	ok
smbu06GL000080	GCA_025402795.1	98.039	100.0	2e-61	102	ok
smbu06GL000080	GCA_025402855.1	98.039	100.0	2e-61	102	ok
smbu06GL000080	GCA_029201225.1	99.020	100.0	1.22e-61	102	ok
smbu06GL000080	GCA_029215545.1	99.020	100.0	1.22e-61	102	ok
smbu06GL000080	GCA_030490365.1	100.000	100.0	1.49e-62	102	ok
smbu06GL000080	GCA_033954875.1	98.039	100.0	4.1e-61	102	ok
smbu06GL000080	GCA_033954895.1	100.000	100.0	1.62e-62	102	ok
smbu06GL000080	GCA_033954915.1	100.000	100.0	1.62e-62	102	ok
smbu06GL000080	GCA_036669985.1	100.000	100.0	1.62e-62	102	ok
smbu06GL000080	GCA_040745045.1	100.000	100.0	1.49e-62	102	ok
smbu06GL000080	GCA_041930275.1	99.020	100.0	8.04e-62	102	ok
smbu06GL000080	GCA_041952535.1	99.020	100.0	8.04e-62	102	ok
smbu06GL000080	GCA_043950735.1	98.039	100.0	7.44e-62	102	ok
smbu06GL000080	GCA_043950745.1	98.039	100.0	7.44e-62	102	ok
smbu06GL000080	GCA_045039055.1	99.020	100.0	8.04e-62	102	ok
smbu06GL000080	GCA_049315065.1	100.000	100.0	1.49e-62	102	ok
smbu06GL000080	GCA_049315075.1	99.020	100.0	1.92e-62	102	ok
smbu06GL000080	GCA_049315085.1	99.020	100.0	1.92e-62	102	ok
smbu06GL000080	GCA_049315095.1	99.020	100.0	1.92e-62	102	ok
smbu06GL000080	GCA_049315105.1	99.020	100.0	1.92e-62	102	ok
smbu06GL000080	GCA_049315115.1	100.000	100.0	1.49e-62	102	ok
smbu06GL000080	GCA_049315125.1	100.000	100.0	1.49e-62	102	ok
smbu06GL000080	GCA_049315135.1	99.020	100.0	1.92e-62	102	ok
smbu06GL000080	GCA_049315145.1	100.000	100.0	1.49e-62	102	ok
smbu06GL000080	GCA_049315155.1	99.020	100.0	1.92e-62	102	ok
smbu06GL000080	GCA_049315165.1	100.000	100.0	1.49e-62	102	ok
smbu06GL000080	GCA_049315175.1	100.000	100.0	1.49e-62	102	ok
smbu06GL000080	GCA_052655065.1	100.000	100.0	1.49e-62	102	ok
smbu06GL000080	GCA_052655335.1	100.000	100.0	1.49e-62	102	ok
smbu06GL000080	GCA_052655665.1	100.000	100.0	1.49e-62	102	ok
smbu06GL000080	GCA_052656575.1	100.000	100.0	1.49e-62	102	ok
smbu06GL000080	GCA_052657825.1	100.000	100.0	1.49e-62	102	ok
smbu06GL000080	GCA_052658005.1	100.000	100.0	1.49e-62	102	ok
smbu06GL000080	GCA_053764515.1	98.039	100.0	1.7e-61	102	ok
smbu06GL000080	GCA_055397705.1	99.020	100.0	1.15e-61	102	ok
smbu06GL000080	GCA_055397995.1	99.020	100.0	4.58e-62	102	ok
smbu06GL000080	GCA_056487485.1	98.039	100.0	1.7e-61	102	ok
smbu06GL000080	GCA_056582645.1	100.000	100.0	1.49e-62	102	ok
smbu06GL000080	GCA_058072705.1	100.000	100.0	1.62e-62	102	ok
smbu06GL000080	GCA_060306215.1	100.000	100.0	1.49e-62	102	ok
smbu06GL000080	GCA_060307205.1	98.039	100.0	7.44e-62	102	ok
smbu06GL000080	GCA_060307225.1	100.000	100.0	1.49e-62	102	ok
smbu06GL000080	GCA_061568495.1	100.000	100.0	1.49e-62	102	ok
smbu06GL000080	GCA_900636615.1	98.039	100.0	7.44e-62	102	ok
smbu06GL000080	GCA_905186115.1	98.039	100.0	7.44e-62	102	ok
smbu06GL000080	GCA_931972305.1	98.039	100.0	1.7e-61	102	ok
smbu06GL000080	GCA_963280925.1	98.039	100.0	7.44e-62	102	ok
smbu06GL000080	GCA_988227945.1	100.000	100.0	1.49e-62	102	ok
smbu06GL000080	GCA_988227985.1	100.000	100.0	1.49e-62	102	ok
smbu06GL000080	GCA_988228025.1	100.000	100.0	1.49e-62	102	ok
smbu06GL000080	GCA_988235375.1	99.020	100.0	2.37e-62	102	ok
smbu06GL000080	GCA_988236725.1	99.020	100.0	2.37e-62	102	ok
smbu06GL000080	GCA_988237225.1	100.000	100.0	1.49e-62	102	ok
smbu06GL000080	GCF_001298485.1	100.000	100.0	1.49e-62	102	ok
smbu06GL000080	GCF_001412695.1	100.000	100.0	1.49e-62	102	ok
smbu06GL000080	GCF_001598635.1	98.039	100.0	1.44e-61	102	ok
smbu06GL000080	GCF_001689055.2	98.039	100.0	1.44e-61	102	ok
smbu06GL000080	GCF_002208945.1	98.039	100.0	1.44e-61	102	ok
smbu06GL000080	GCF_002216705.1	98.039	100.0	1.7e-61	102	ok
smbu06GL000080	GCF_002278015.2	98.039	100.0	7.44e-62	102	ok
smbu06GL000080	GCF_002289045.2	98.039	100.0	1.44e-61	102	ok
smbu06GL000080	GCF_002290025.1	99.020	100.0	2.37e-62	102	ok
smbu06GL000080	GCF_002355755.1	98.039	100.0	1.44e-61	102	ok
smbu06GL000080	GCF_002761555.1	100.000	100.0	1.49e-62	102	ok
smbu06GL000080	GCF_002831505.1	100.000	100.0	1.49e-62	102	ok
smbu06GL000080	GCF_002850515.1	100.000	100.0	1.49e-62	102	ok
smbu06GL000080	GCF_002983785.1	100.000	100.0	1.49e-62	102	ok
smbu06GL000080	GCF_003269465.1	100.000	100.0	1.62e-62	102	ok
smbu06GL000080	GCF_003667965.1	100.000	100.0	1.62e-62	102	ok
smbu06GL000080	GCF_003711125.1	98.039	100.0	2.6e-61	102	ok
smbu06GL000080	GCF_003711605.1	100.000	100.0	1.49e-62	102	ok
smbu06GL000080	GCF_003812665.1	98.039	100.0	1.44e-61	102	ok
smbu06GL000080	GCF_004332055.1	100.000	100.0	1.49e-62	102	ok
smbu06GL000080	GCF_005484525.1	98.039	100.0	1.44e-61	102	ok
smbu06GL000080	GCF_006337145.1	100.000	100.0	1.49e-62	102	ok
smbu06GL000080	GCF_006351785.1	100.000	100.0	1.49e-62	102	ok
smbu06GL000080	GCF_006351845.1	100.000	100.0	1.49e-62	102	ok
smbu06GL000080	GCF_006364815.1	98.039	100.0	1.44e-61	102	ok
smbu06GL000080	GCF_006494835.1	98.039	100.0	1.44e-61	102	ok
smbu06GL000080	GCF_006494855.1	98.039	100.0	1.44e-61	102	ok
smbu06GL000080	GCF_006494875.1	98.039	100.0	1.44e-61	102	ok
smbu06GL000080	GCF_006766145.1	98.039	100.0	1.44e-61	102	ok
smbu06GL000080	GCF_007923665.2	100.000	100.0	1.49e-62	102	ok
smbu06GL000080	GCF_007923785.2	100.000	100.0	1.49e-62	102	ok
smbu06GL000080	GCF_007923865.2	100.000	100.0	1.49e-62	102	ok
smbu06GL000080	GCF_007923885.2	100.000	100.0	1.49e-62	102	ok
smbu06GL000080	GCF_007923905.2	100.000	100.0	1.49e-62	102	ok
smbu06GL000080	GCF_007923925.2	100.000	100.0	1.49e-62	102	ok
smbu06GL000080	GCF_007923945.2	100.000	100.0	1.49e-62	102	ok
smbu06GL000080	GCF_007923965.2	100.000	100.0	1.49e-62	102	ok
smbu06GL000080	GCF_008330605.1	100.000	100.0	1.49e-62	102	ok
smbu06GL000080	GCF_009730155.1	99.020	100.0	8.04e-62	102	ok
smbu06GL000080	GCF_009734005.1	100.000	100.0	1.49e-62	102	ok
smbu06GL000080	GCF_009938075.1	100.000	100.0	1.49e-62	102	ok
smbu06GL000080	GCF_010103655.1	98.039	100.0	1.44e-61	102	ok
smbu06GL000080	GCF_010120755.1	100.000	100.0	1.49e-62	102	ok
smbu06GL000080	GCF_011745645.1	100.000	100.0	1.49e-62	102	ok
smbu06GL000080	GCF_012045365.1	100.000	100.0	1.49e-62	102	ok
smbu06GL000080	GCF_012045505.1	100.000	100.0	1.49e-62	102	ok
smbu06GL000080	GCF_012594215.1	98.039	100.0	1.44e-61	102	ok
smbu06GL000080	GCF_013201055.1	100.000	100.0	1.49e-62	102	ok
smbu06GL000080	GCF_013344625.1	98.039	100.0	1.44e-61	102	ok
smbu06GL000080	GCF_013344645.1	98.039	100.0	1.44e-61	102	ok
smbu06GL000080	GCF_013344665.1	98.039	100.0	1.44e-61	102	ok
smbu06GL000080	GCF_013391145.1	98.039	100.0	7.44e-62	102	ok
smbu06GL000080	GCF_013391165.1	98.039	100.0	7.44e-62	102	ok
smbu06GL000080	GCF_013391185.1	98.039	100.0	7.44e-62	102	ok
smbu06GL000080	GCF_013391205.1	98.039	100.0	7.44e-62	102	ok
smbu06GL000080	GCF_013394325.1	97.059	100.0	5.76e-61	102	ok
smbu06GL000080	GCF_015377765.1	100.000	100.0	1.62e-62	102	ok
smbu06GL000080	GCF_015767695.1	100.000	100.0	1.49e-62	102	ok
smbu06GL000080	GCF_015767715.1	100.000	100.0	1.49e-62	102	ok
smbu06GL000080	GCF_016127235.1	98.039	100.0	7.44e-62	102	ok
smbu06GL000080	GCF_017280035.1	98.039	100.0	1.44e-61	102	ok
smbu06GL000080	GCF_017357805.1	98.039	100.0	1.44e-61	102	ok
smbu06GL000080	GCF_018516845.1	100.000	100.0	1.49e-62	102	ok
smbu06GL000080	GCF_019203145.1	100.000	100.0	1.49e-62	102	ok
smbu06GL000080	GCF_019343125.1	100.000	100.0	1.49e-62	102	ok
smbu06GL000080	GCF_019456555.1	100.000	100.0	1.49e-62	102	ok
smbu06GL000080	GCF_019456575.1	100.000	100.0	1.49e-62	102	ok
smbu06GL000080	GCF_019456595.1	100.000	100.0	1.49e-62	102	ok
smbu06GL000080	GCF_019797905.1	98.039	100.0	1.05e-61	102	ok
smbu06GL000080	GCF_019967715.1	100.000	100.0	1.49e-62	102	ok
smbu06GL000080	GCF_020881975.1	98.039	100.0	1.44e-61	102	ok
smbu06GL000080	GCF_020906605.1	98.039	100.0	1.44e-61	102	ok
smbu06GL000080	GCF_022869705.1	98.039	100.0	1.44e-61	102	ok
smbu06GL000080	GCF_023299785.1	98.039	100.0	1.44e-61	102	ok
smbu06GL000080	GCF_023375505.1	98.039	100.0	1.44e-61	102	ok
smbu06GL000080	GCF_023612035.1	98.039	100.0	1.44e-61	102	ok
smbu06GL000080	GCF_023612275.1	100.000	100.0	1.62e-62	102	ok
smbu06GL000080	GCF_024267595.1	98.039	100.0	1.44e-61	102	ok
smbu06GL000080	GCF_025957845.1	98.039	100.0	1.44e-61	102	ok
smbu06GL000080	GCF_025957925.1	98.039	100.0	1.44e-61	102	ok
smbu06GL000080	GCF_025958025.1	98.039	100.0	1.44e-61	102	ok
smbu06GL000080	GCF_025958065.1	98.039	100.0	1.44e-61	102	ok
smbu06GL000080	GCF_025958085.1	98.039	100.0	1.44e-61	102	ok
smbu06GL000080	GCF_025958625.1	98.039	100.0	1.44e-61	102	ok
smbu06GL000080	GCF_025958845.1	98.039	100.0	1.44e-61	102	ok
smbu06GL000080	GCF_025958885.1	98.039	100.0	1.44e-61	102	ok
smbu06GL000080	GCF_026650885.1	98.039	100.0	1.44e-61	102	ok
smbu06GL000080	GCF_027915235.1	100.000	100.0	1.49e-62	102	ok
smbu06GL000080	GCF_030490365.1	100.000	100.0	1.49e-62	102	ok
smbu06GL000080	GCF_030584585.1	100.000	100.0	1.49e-62	102	ok
smbu06GL000080	GCF_030584605.1	100.000	100.0	1.49e-62	102	ok
smbu06GL000080	GCF_030584685.1	100.000	100.0	1.49e-62	102	ok
smbu06GL000080	GCF_030643745.1	100.000	100.0	1.49e-62	102	ok
smbu06GL000080	GCF_033954875.1	98.039	100.0	4.1e-61	102	ok
smbu06GL000080	GCF_033954895.1	100.000	100.0	1.62e-62	102	ok
smbu06GL000080	GCF_033954915.1	100.000	100.0	1.62e-62	102	ok
smbu06GL000080	GCF_036669985.1	100.000	100.0	1.62e-62	102	ok
smbu06GL000080	GCF_040745045.1	100.000	100.0	1.49e-62	102	ok
smbu06GL000080	GCF_043950735.1	98.039	100.0	7.44e-62	102	ok
smbu06GL000080	GCF_049315065.1	100.000	100.0	1.49e-62	102	ok
smbu06GL000080	GCF_049315075.1	99.020	100.0	1.92e-62	102	ok
smbu06GL000080	GCF_049315085.1	99.020	100.0	1.92e-62	102	ok
smbu06GL000080	GCF_049315095.1	99.020	100.0	1.92e-62	102	ok
smbu06GL000080	GCF_049315105.1	99.020	100.0	1.92e-62	102	ok
smbu06GL000080	GCF_049315115.1	100.000	100.0	1.49e-62	102	ok
smbu06GL000080	GCF_049315125.1	100.000	100.0	1.49e-62	102	ok
smbu06GL000080	GCF_049315135.1	99.020	100.0	1.92e-62	102	ok
smbu06GL000080	GCF_049315145.1	100.000	100.0	1.49e-62	102	ok
smbu06GL000080	GCF_049315155.1	99.020	100.0	1.92e-62	102	ok
smbu06GL000080	GCF_049315165.1	100.000	100.0	1.49e-62	102	ok
smbu06GL000080	GCF_049315175.1	100.000	100.0	1.49e-62	102	ok
smbu06GL000080	GCF_052655065.1	100.000	100.0	1.49e-62	102	ok
smbu06GL000080	GCF_052655335.1	100.000	100.0	1.49e-62	102	ok
smbu06GL000080	GCF_052655665.1	100.000	100.0	1.49e-62	102	ok
smbu06GL000080	GCF_052656575.1	100.000	100.0	1.49e-62	102	ok
smbu06GL000080	GCF_052657825.1	100.000	100.0	1.49e-62	102	ok
smbu06GL000080	GCF_052658005.1	100.000	100.0	1.49e-62	102	ok
smbu06GL000080	GCF_053764515.1	98.039	100.0	1.7e-61	102	ok
smbu06GL000080	GCF_056487465.1	98.039	100.0	1.7e-61	102	ok
smbu06GL000080	GCF_056582645.1	100.000	100.0	1.49e-62	102	ok
smbu06GL000080	GCF_931972305.1	98.039	100.0	1.7e-61	102	ok
smbu06GL000080	GCF_988227945.1	100.000	100.0	1.49e-62	102	ok
smbu06GL000080	GCF_988227985.1	100.000	100.0	1.49e-62	102	ok
smbu06GL000080	GCF_988228025.1	100.000	100.0	1.49e-62	102	ok
smbu06GL000080	L_lactis_14B4	86.275	100.0	8.22e-54	102	ok
smbu06GL000080	L_lactis_IL1403	86.275	100.0	8.22e-54	102	ok
smbu06GL000080	L_lactis_MG1363	86.275	100.0	8.22e-54	102	ok
smbu06GL000080	smbu06_project	100.000	100.0	1.49e-62	102	ok
smbu06GL000080	smbu08_project	100.000	100.0	1.49e-62	102	ok
smbu06GL000081	E_lactis_194	100.000	100.0	7.94e-135	209	ok
smbu06GL000081	GCA_000006865.1	77.512	100.0	4.2e-104	207	ok
smbu06GL000081	GCA_000157355.2	94.258	100.0	1.29e-127	209	ok
smbu06GL000081	GCA_000344575.1	77.512	100.0	4.2e-104	207	ok
smbu06GL000081	GCA_000761115.1	77.512	100.0	4.2e-104	207	ok
smbu06GL000081	GCA_000807375.1	77.512	100.0	4.2e-104	207	ok
smbu06GL000081	GCA_002216705.1	99.522	100.0	9.83e-134	209	ok
smbu06GL000081	GCA_002278015.2	100.000	100.0	7.94e-135	209	ok
smbu06GL000081	GCA_002290025.1	99.522	100.0	1.14e-134	209	ok
smbu06GL000081	GCA_002804185.1	77.512	100.0	4.2e-104	207	ok
smbu06GL000081	GCA_002804285.1	77.512	100.0	4.2e-104	207	ok
smbu06GL000081	GCA_002813755.1	99.522	100.0	9.83e-134	209	ok
smbu06GL000081	GCA_002895225.1	77.512	100.0	4.2e-104	207	ok
smbu06GL000081	GCA_003711125.1	93.301	100.0	2.09e-129	209	ok
smbu06GL000081	GCA_003722255.1	77.512	100.0	4.2e-104	207	ok
smbu06GL000081	GCA_005347505.1	93.301	100.0	2.09e-129	209	ok
smbu06GL000081	GCA_009730155.1	94.258	100.0	1.29e-127	209	ok
smbu06GL000081	GCA_013391145.1	100.000	100.0	7.94e-135	209	ok
smbu06GL000081	GCA_013391165.1	100.000	100.0	7.94e-135	209	ok
smbu06GL000081	GCA_013391185.1	100.000	100.0	7.94e-135	209	ok
smbu06GL000081	GCA_013391205.1	100.000	100.0	7.94e-135	209	ok
smbu06GL000081	GCA_013394325.1	93.069	96.7	3.08e-124	202	ok
smbu06GL000081	GCA_015767715.1	100.000	100.0	7.94e-135	209	ok
smbu06GL000081	GCA_016127235.1	100.000	100.0	7.94e-135	209	ok
smbu06GL000081	GCA_019203145.1	100.000	100.0	7.94e-135	209	ok
smbu06GL000081	GCA_019343125.1	100.000	100.0	7.94e-135	209	ok
smbu06GL000081	GCA_019797905.1	94.737	100.0	3.53e-130	209	ok
smbu06GL000081	GCA_019967715.1	100.000	100.0	7.94e-135	209	ok
smbu06GL000081	GCA_022870765.1	94.258	100.0	1.29e-127	209	ok
smbu06GL000081	GCA_023523715.1	94.258	100.0	1.29e-127	209	ok
smbu06GL000081	GCA_023612275.1	99.043	100.0	4.62e-134	209	ok
smbu06GL000081	GCA_025402795.1	94.737	100.0	3.53e-130	209	ok
smbu06GL000081	GCA_025402855.1	94.737	100.0	3.53e-130	209	ok
smbu06GL000081	GCA_029201225.1	94.258	100.0	1.29e-127	209	ok
smbu06GL000081	GCA_029215545.1	94.258	100.0	1.29e-127	209	ok
smbu06GL000081	GCA_030490365.1	100.000	100.0	7.94e-135	209	ok
smbu06GL000081	GCA_033954875.1	100.000	100.0	7.94e-135	209	ok
smbu06GL000081	GCA_033954895.1	100.000	100.0	7.94e-135	209	ok
smbu06GL000081	GCA_033954915.1	100.000	100.0	7.94e-135	209	ok
smbu06GL000081	GCA_036669985.1	100.000	100.0	7.94e-135	209	ok
smbu06GL000081	GCA_040745045.1	100.000	100.0	7.94e-135	209	ok
smbu06GL000081	GCA_041930275.1	94.258	100.0	1.29e-127	209	ok
smbu06GL000081	GCA_041952535.1	94.258	100.0	1.29e-127	209	ok
smbu06GL000081	GCA_043950735.1	100.000	100.0	7.94e-135	209	ok
smbu06GL000081	GCA_043950745.1	100.000	100.0	7.94e-135	209	ok
smbu06GL000081	GCA_045039055.1	94.258	100.0	1.29e-127	209	ok
smbu06GL000081	GCA_049315065.1	100.000	100.0	7.94e-135	209	ok
smbu06GL000081	GCA_049315075.1	99.522	100.0	3.14e-134	209	ok
smbu06GL000081	GCA_049315085.1	99.522	100.0	3.14e-134	209	ok
smbu06GL000081	GCA_049315095.1	99.522	100.0	3.14e-134	209	ok
smbu06GL000081	GCA_049315105.1	99.522	100.0	3.14e-134	209	ok
smbu06GL000081	GCA_049315115.1	100.000	100.0	7.94e-135	209	ok
smbu06GL000081	GCA_049315125.1	100.000	100.0	7.94e-135	209	ok
smbu06GL000081	GCA_049315135.1	99.522	100.0	3.14e-134	209	ok
smbu06GL000081	GCA_049315145.1	100.000	100.0	7.94e-135	209	ok
smbu06GL000081	GCA_049315155.1	99.522	100.0	3.14e-134	209	ok
smbu06GL000081	GCA_049315165.1	100.000	100.0	7.94e-135	209	ok
smbu06GL000081	GCA_049315175.1	100.000	100.0	7.94e-135	209	ok
smbu06GL000081	GCA_052655065.1	100.000	100.0	7.94e-135	209	ok
smbu06GL000081	GCA_052655335.1	100.000	100.0	7.94e-135	209	ok
smbu06GL000081	GCA_052655665.1	100.000	100.0	7.94e-135	209	ok
smbu06GL000081	GCA_052656575.1	100.000	100.0	7.94e-135	209	ok
smbu06GL000081	GCA_052657825.1	100.000	100.0	7.94e-135	209	ok
smbu06GL000081	GCA_052658005.1	100.000	100.0	7.94e-135	209	ok
smbu06GL000081	GCA_053764515.1	99.522	100.0	9.83e-134	209	ok
smbu06GL000081	GCA_055397705.1	81.119	68.4	3.7e-64	42	rejected
smbu06GL000081	GCA_055397995.1	100.000	100.0	7.94e-135	209	ok
smbu06GL000081	GCA_056487485.1	99.522	100.0	9.83e-134	209	ok
smbu06GL000081	GCA_056582645.1	100.000	100.0	7.94e-135	209	ok
smbu06GL000081	GCA_058072705.1	100.000	100.0	7.94e-135	209	ok
smbu06GL000081	GCA_060306215.1	100.000	100.0	7.94e-135	209	ok
smbu06GL000081	GCA_060307205.1	100.000	100.0	7.94e-135	209	ok
smbu06GL000081	GCA_060307225.1	100.000	100.0	7.94e-135	209	ok
smbu06GL000081	GCA_061568495.1	100.000	100.0	7.94e-135	209	ok
smbu06GL000081	GCA_900636615.1	100.000	100.0	7.94e-135	209	ok
smbu06GL000081	GCA_905186115.1	100.000	100.0	7.94e-135	209	ok
smbu06GL000081	GCA_931972305.1	99.522	100.0	9.83e-134	209	ok
smbu06GL000081	GCA_963280925.1	100.000	100.0	7.94e-135	209	ok
smbu06GL000081	GCA_988227945.1	100.000	100.0	7.94e-135	209	ok
smbu06GL000081	GCA_988227985.1	100.000	100.0	7.94e-135	209	ok
smbu06GL000081	GCA_988228025.1	100.000	100.0	7.94e-135	209	ok
smbu06GL000081	GCA_988235375.1	99.522	100.0	1.14e-134	209	ok
smbu06GL000081	GCA_988236725.1	99.522	100.0	1.14e-134	209	ok
smbu06GL000081	GCA_988237225.1	100.000	100.0	7.94e-135	209	ok
smbu06GL000081	GCF_001298485.1	100.000	100.0	7.94e-135	209	ok
smbu06GL000081	GCF_001412695.1	100.000	100.0	7.94e-135	209	ok
smbu06GL000081	GCF_001598635.1	94.258	100.0	9.19e-129	209	ok
smbu06GL000081	GCF_001689055.2	94.258	100.0	9.19e-129	209	ok
smbu06GL000081	GCF_002208945.1	94.258	100.0	9.19e-129	209	ok
smbu06GL000081	GCF_002216705.1	99.522	100.0	9.83e-134	209	ok
smbu06GL000081	GCF_002278015.2	100.000	100.0	7.94e-135	209	ok
smbu06GL000081	GCF_002289045.2	94.258	100.0	9.19e-129	209	ok
smbu06GL000081	GCF_002290025.1	99.522	100.0	1.14e-134	209	ok
smbu06GL000081	GCF_002355755.1	94.258	100.0	9.19e-129	209	ok
smbu06GL000081	GCF_002761555.1	100.000	100.0	7.94e-135	209	ok
smbu06GL000081	GCF_002831505.1	100.000	100.0	7.94e-135	209	ok
smbu06GL000081	GCF_002850515.1	100.000	100.0	7.94e-135	209	ok
smbu06GL000081	GCF_002983785.1	100.000	100.0	7.94e-135	209	ok
smbu06GL000081	GCF_003269465.1	100.000	100.0	7.94e-135	209	ok
smbu06GL000081	GCF_003667965.1	100.000	100.0	7.94e-135	209	ok
smbu06GL000081	GCF_003711125.1	93.301	100.0	2.09e-129	209	ok
smbu06GL000081	GCF_003711605.1	100.000	100.0	7.94e-135	209	ok
smbu06GL000081	GCF_003812665.1	94.258	100.0	9.19e-129	209	ok
smbu06GL000081	GCF_004332055.1	100.000	100.0	7.94e-135	209	ok
smbu06GL000081	GCF_005484525.1	94.258	100.0	9.19e-129	209	ok
smbu06GL000081	GCF_006337145.1	100.000	100.0	7.94e-135	209	ok
smbu06GL000081	GCF_006351785.1	100.000	100.0	7.94e-135	209	ok
smbu06GL000081	GCF_006351845.1	100.000	100.0	7.94e-135	209	ok
smbu06GL000081	GCF_006364815.1	94.258	100.0	9.19e-129	209	ok
smbu06GL000081	GCF_006494835.1	94.258	100.0	9.19e-129	209	ok
smbu06GL000081	GCF_006494855.1	94.258	100.0	9.19e-129	209	ok
smbu06GL000081	GCF_006494875.1	94.258	100.0	9.19e-129	209	ok
smbu06GL000081	GCF_006766145.1	94.258	100.0	9.19e-129	209	ok
smbu06GL000081	GCF_007923665.2	100.000	100.0	7.94e-135	209	ok
smbu06GL000081	GCF_007923785.2	100.000	100.0	7.94e-135	209	ok
smbu06GL000081	GCF_007923865.2	100.000	100.0	7.94e-135	209	ok
smbu06GL000081	GCF_007923885.2	100.000	100.0	7.94e-135	209	ok
smbu06GL000081	GCF_007923905.2	100.000	100.0	7.94e-135	209	ok
smbu06GL000081	GCF_007923925.2	100.000	100.0	7.94e-135	209	ok
smbu06GL000081	GCF_007923945.2	100.000	100.0	7.94e-135	209	ok
smbu06GL000081	GCF_007923965.2	100.000	100.0	7.94e-135	209	ok
smbu06GL000081	GCF_008330605.1	100.000	100.0	7.94e-135	209	ok
smbu06GL000081	GCF_009730155.1	94.258	100.0	1.29e-127	209	ok
smbu06GL000081	GCF_009734005.1	100.000	100.0	7.94e-135	209	ok
smbu06GL000081	GCF_009938075.1	100.000	100.0	7.94e-135	209	ok
smbu06GL000081	GCF_010103655.1	94.258	100.0	9.19e-129	209	ok
smbu06GL000081	GCF_010120755.1	100.000	100.0	7.94e-135	209	ok
smbu06GL000081	GCF_011745645.1	100.000	100.0	7.94e-135	209	ok
smbu06GL000081	GCF_012045365.1	100.000	100.0	7.94e-135	209	ok
smbu06GL000081	GCF_012045505.1	100.000	100.0	7.94e-135	209	ok
smbu06GL000081	GCF_012594215.1	94.258	100.0	9.19e-129	209	ok
smbu06GL000081	GCF_013201055.1	100.000	100.0	7.94e-135	209	ok
smbu06GL000081	GCF_013344625.1	94.258	100.0	9.19e-129	209	ok
smbu06GL000081	GCF_013344645.1	94.258	100.0	9.19e-129	209	ok
smbu06GL000081	GCF_013344665.1	94.258	100.0	9.19e-129	209	ok
smbu06GL000081	GCF_013391145.1	100.000	100.0	7.94e-135	209	ok
smbu06GL000081	GCF_013391165.1	100.000	100.0	7.94e-135	209	ok
smbu06GL000081	GCF_013391185.1	100.000	100.0	7.94e-135	209	ok
smbu06GL000081	GCF_013391205.1	100.000	100.0	7.94e-135	209	ok
smbu06GL000081	GCF_013394325.1	93.069	96.7	3.08e-124	202	ok
smbu06GL000081	GCF_015377765.1	100.000	100.0	7.94e-135	209	ok
smbu06GL000081	GCF_015767695.1	100.000	100.0	7.94e-135	209	ok
smbu06GL000081	GCF_015767715.1	100.000	100.0	7.94e-135	209	ok
smbu06GL000081	GCF_016127235.1	100.000	100.0	7.94e-135	209	ok
smbu06GL000081	GCF_017280035.1	94.258	100.0	9.19e-129	209	ok
smbu06GL000081	GCF_017357805.1	94.258	100.0	9.19e-129	209	ok
smbu06GL000081	GCF_018516845.1	100.000	100.0	7.94e-135	209	ok
smbu06GL000081	GCF_019203145.1	100.000	100.0	7.94e-135	209	ok
smbu06GL000081	GCF_019343125.1	100.000	100.0	7.94e-135	209	ok
smbu06GL000081	GCF_019456555.1	100.000	100.0	7.94e-135	209	ok
smbu06GL000081	GCF_019456575.1	100.000	100.0	7.94e-135	209	ok
smbu06GL000081	GCF_019456595.1	100.000	100.0	7.94e-135	209	ok
smbu06GL000081	GCF_019797905.1	94.737	100.0	3.53e-130	209	ok
smbu06GL000081	GCF_019967715.1	100.000	100.0	7.94e-135	209	ok
smbu06GL000081	GCF_020881975.1	94.258	100.0	9.19e-129	209	ok
smbu06GL000081	GCF_020906605.1	94.258	100.0	9.19e-129	209	ok
smbu06GL000081	GCF_022869705.1	94.258	100.0	9.19e-129	209	ok
smbu06GL000081	GCF_023299785.1	94.258	100.0	9.19e-129	209	ok
smbu06GL000081	GCF_023375505.1	94.258	100.0	9.19e-129	209	ok
smbu06GL000081	GCF_023612035.1	94.258	100.0	9.19e-129	209	ok
smbu06GL000081	GCF_023612275.1	99.043	100.0	4.62e-134	209	ok
smbu06GL000081	GCF_024267595.1	94.258	100.0	9.19e-129	209	ok
smbu06GL000081	GCF_025957845.1	94.258	100.0	9.19e-129	209	ok
smbu06GL000081	GCF_025957925.1	93.909	94.3	3.02e-121	197	ok
smbu06GL000081	GCF_025958025.1	94.258	100.0	9.19e-129	209	ok
smbu06GL000081	GCF_025958065.1	94.258	100.0	9.19e-129	209	ok
smbu06GL000081	GCF_025958085.1	94.258	100.0	9.19e-129	209	ok
smbu06GL000081	GCF_025958625.1	94.258	100.0	9.19e-129	209	ok
smbu06GL000081	GCF_025958845.1	94.258	100.0	9.19e-129	209	ok
smbu06GL000081	GCF_025958885.1	94.258	100.0	9.19e-129	209	ok
smbu06GL000081	GCF_026650885.1	94.258	100.0	9.19e-129	209	ok
smbu06GL000081	GCF_027915235.1	100.000	100.0	7.94e-135	209	ok
smbu06GL000081	GCF_030490365.1	100.000	100.0	7.94e-135	209	ok
smbu06GL000081	GCF_030584585.1	100.000	100.0	7.94e-135	209	ok
smbu06GL000081	GCF_030584605.1	100.000	100.0	7.94e-135	209	ok
smbu06GL000081	GCF_030584685.1	100.000	100.0	7.94e-135	209	ok
smbu06GL000081	GCF_030643745.1	100.000	100.0	7.94e-135	209	ok
smbu06GL000081	GCF_033954875.1	100.000	100.0	7.94e-135	209	ok
smbu06GL000081	GCF_033954895.1	100.000	100.0	7.94e-135	209	ok
smbu06GL000081	GCF_033954915.1	100.000	100.0	7.94e-135	209	ok
smbu06GL000081	GCF_036669985.1	100.000	100.0	7.94e-135	209	ok
smbu06GL000081	GCF_040745045.1	100.000	100.0	7.94e-135	209	ok
smbu06GL000081	GCF_043950735.1	100.000	100.0	7.94e-135	209	ok
smbu06GL000081	GCF_049315065.1	100.000	100.0	7.94e-135	209	ok
smbu06GL000081	GCF_049315075.1	99.522	100.0	3.14e-134	209	ok
smbu06GL000081	GCF_049315085.1	99.522	100.0	3.14e-134	209	ok
smbu06GL000081	GCF_049315095.1	99.522	100.0	3.14e-134	209	ok
smbu06GL000081	GCF_049315105.1	99.522	100.0	3.14e-134	209	ok
smbu06GL000081	GCF_049315115.1	100.000	100.0	7.94e-135	209	ok
smbu06GL000081	GCF_049315125.1	100.000	100.0	7.94e-135	209	ok
smbu06GL000081	GCF_049315135.1	99.522	100.0	3.14e-134	209	ok
smbu06GL000081	GCF_049315145.1	100.000	100.0	7.94e-135	209	ok
smbu06GL000081	GCF_049315155.1	99.522	100.0	3.14e-134	209	ok
smbu06GL000081	GCF_049315165.1	100.000	100.0	7.94e-135	209	ok
smbu06GL000081	GCF_049315175.1	100.000	100.0	7.94e-135	209	ok
smbu06GL000081	GCF_052655065.1	100.000	100.0	7.94e-135	209	ok
smbu06GL000081	GCF_052655335.1	100.000	100.0	7.94e-135	209	ok
smbu06GL000081	GCF_052655665.1	100.000	100.0	7.94e-135	209	ok
smbu06GL000081	GCF_052656575.1	100.000	100.0	7.94e-135	209	ok
smbu06GL000081	GCF_052657825.1	100.000	100.0	7.94e-135	209	ok
smbu06GL000081	GCF_052658005.1	100.000	100.0	7.94e-135	209	ok
smbu06GL000081	GCF_053764515.1	99.522	100.0	9.83e-134	209	ok
smbu06GL000081	GCF_056487465.1	99.492	94.3	3.43e-126	197	ok
smbu06GL000081	GCF_056582645.1	100.000	100.0	7.94e-135	209	ok
smbu06GL000081	GCF_931972305.1	99.522	100.0	9.83e-134	209	ok
smbu06GL000081	GCF_988227945.1	100.000	100.0	7.94e-135	209	ok
smbu06GL000081	GCF_988227985.1	100.000	100.0	7.94e-135	209	ok
smbu06GL000081	GCF_988228025.1	100.000	100.0	7.94e-135	209	ok
smbu06GL000081	L_lactis_14B4	77.512	100.0	4.2e-104	207	ok
smbu06GL000081	L_lactis_IL1403	77.512	100.0	4.2e-104	207	ok
smbu06GL000081	L_lactis_MG1363	77.033	100.0	1.15e-103	207	ok
smbu06GL000081	smbu06_project	100.000	100.0	7.94e-135	209	ok
smbu06GL000081	smbu08_project	100.000	100.0	7.94e-135	209	ok
smbu06GL000082	E_lactis_194	100.000	100.0	3.03e-134	207	ok
smbu06GL000082	GCA_000006865.1	70.673	100.0	3.22e-95	208	ok
smbu06GL000082	GCA_000157355.2	93.237	100.0	3.72e-127	207	ok
smbu06GL000082	GCA_000344575.1	70.673	100.0	3.22e-95	208	ok
smbu06GL000082	GCA_000761115.1	70.673	100.0	3.22e-95	208	ok
smbu06GL000082	GCA_000807375.1	70.673	100.0	3.22e-95	208	ok
smbu06GL000082	GCA_002216705.1	97.585	100.0	2.2e-130	207	ok
smbu06GL000082	GCA_002278015.2	98.551	100.0	1.6e-132	207	ok
smbu06GL000082	GCA_002290025.1	93.720	100.0	9.06e-127	207	ok
smbu06GL000082	GCA_002804185.1	70.673	100.0	3.22e-95	208	ok
smbu06GL000082	GCA_002804285.1	70.673	100.0	3.22e-95	208	ok
smbu06GL000082	GCA_002813755.1	97.585	100.0	2.2e-130	207	ok
smbu06GL000082	GCA_002895225.1	70.673	100.0	3.22e-95	208	ok
smbu06GL000082	GCA_003711125.1	89.372	100.0	6.34e-122	207	ok
smbu06GL000082	GCA_003722255.1	70.673	100.0	3.22e-95	208	ok
smbu06GL000082	GCA_005347505.1	88.889	100.0	7.47e-121	207	ok
smbu06GL000082	GCA_009730155.1	93.237	100.0	3.01e-126	207	ok
smbu06GL000082	GCA_013391145.1	98.551	100.0	1.6e-132	207	ok
smbu06GL000082	GCA_013391165.1	98.551	100.0	1.6e-132	207	ok
smbu06GL000082	GCA_013391185.1	98.551	100.0	1.6e-132	207	ok
smbu06GL000082	GCA_013391205.1	98.551	100.0	1.6e-132	207	ok
smbu06GL000082	GCA_013394325.1	87.923	100.0	1.36e-119	207	ok
smbu06GL000082	GCA_015767715.1	100.000	100.0	3.03e-134	207	ok
smbu06GL000082	GCA_016127235.1	98.551	100.0	1.6e-132	207	ok
smbu06GL000082	GCA_019203145.1	100.000	100.0	3.03e-134	207	ok
smbu06GL000082	GCA_019343125.1	100.000	100.0	3.03e-134	207	ok
smbu06GL000082	GCA_019797905.1	88.406	100.0	4.35e-120	207	ok
smbu06GL000082	GCA_019967715.1	100.000	100.0	3.03e-134	207	ok
smbu06GL000082	GCA_022870765.1	93.237	100.0	3.72e-127	207	ok
smbu06GL000082	GCA_023523715.1	93.237	100.0	3.72e-127	207	ok
smbu06GL000082	GCA_023612275.1	100.000	100.0	3.03e-134	207	ok
smbu06GL000082	GCA_025402795.1	88.406	100.0	4.35e-120	207	ok
smbu06GL000082	GCA_025402855.1	88.406	100.0	4.35e-120	207	ok
smbu06GL000082	GCA_029201225.1	93.237	100.0	3.72e-127	207	ok
smbu06GL000082	GCA_029215545.1	93.237	100.0	3.72e-127	207	ok
smbu06GL000082	GCA_030490365.1	100.000	100.0	3.03e-134	207	ok
smbu06GL000082	GCA_033954875.1	100.000	100.0	3.03e-134	207	ok
smbu06GL000082	GCA_033954895.1	100.000	100.0	3.03e-134	207	ok
smbu06GL000082	GCA_033954915.1	100.000	100.0	3.03e-134	207	ok
smbu06GL000082	GCA_036669985.1	99.517	100.0	3.18e-133	207	ok
smbu06GL000082	GCA_040745045.1	100.000	100.0	3.03e-134	207	ok
smbu06GL000082	GCA_041930275.1	93.237	100.0	3.01e-126	207	ok
smbu06GL000082	GCA_041952535.1	93.237	100.0	3.01e-126	207	ok
smbu06GL000082	GCA_043950735.1	98.551	100.0	1.6e-132	207	ok
smbu06GL000082	GCA_043950745.1	98.551	100.0	1.6e-132	207	ok
smbu06GL000082	GCA_045039055.1	93.237	100.0	3.01e-126	207	ok
smbu06GL000082	GCA_049315065.1	100.000	100.0	3.03e-134	207	ok
smbu06GL000082	GCA_049315075.1	98.551	100.0	2.68e-132	207	ok
smbu06GL000082	GCA_049315085.1	98.551	100.0	2.68e-132	207	ok
smbu06GL000082	GCA_049315095.1	98.551	100.0	2.68e-132	207	ok
smbu06GL000082	GCA_049315105.1	98.551	100.0	2.68e-132	207	ok
smbu06GL000082	GCA_049315115.1	100.000	100.0	3.03e-134	207	ok
smbu06GL000082	GCA_049315125.1	100.000	100.0	3.03e-134	207	ok
smbu06GL000082	GCA_049315135.1	98.551	100.0	2.68e-132	207	ok
smbu06GL000082	GCA_049315145.1	100.000	100.0	3.03e-134	207	ok
smbu06GL000082	GCA_049315155.1	98.551	100.0	2.68e-132	207	ok
smbu06GL000082	GCA_049315165.1	100.000	100.0	3.03e-134	207	ok
smbu06GL000082	GCA_049315175.1	100.000	100.0	3.03e-134	207	ok
smbu06GL000082	GCA_052655065.1	100.000	100.0	3.03e-134	207	ok
smbu06GL000082	GCA_052655335.1	100.000	100.0	3.03e-134	207	ok
smbu06GL000082	GCA_052655665.1	100.000	100.0	3.03e-134	207	ok
smbu06GL000082	GCA_052656575.1	100.000	100.0	3.03e-134	207	ok
smbu06GL000082	GCA_052657825.1	100.000	100.0	3.03e-134	207	ok
smbu06GL000082	GCA_052658005.1	100.000	100.0	3.03e-134	207	ok
smbu06GL000082	GCA_053764515.1	97.585	100.0	2.2e-130	207	ok
smbu06GL000082	GCA_055397705.1	98.684	73.4	5.36e-105	32	rejected
smbu06GL000082	GCA_055397995.1	94.737	91.8	8.72e-116	189	ok
smbu06GL000082	GCA_056487485.1	97.585	100.0	2.2e-130	207	ok
smbu06GL000082	GCA_056582645.1	100.000	100.0	3.03e-134	207	ok
smbu06GL000082	GCA_058072705.1	100.000	100.0	3.03e-134	207	ok
smbu06GL000082	GCA_060306215.1	100.000	100.0	3.03e-134	207	ok
smbu06GL000082	GCA_060307205.1	98.551	100.0	1.6e-132	207	ok
smbu06GL000082	GCA_060307225.1	100.000	100.0	3.03e-134	207	ok
smbu06GL000082	GCA_061568495.1	100.000	100.0	3.03e-134	207	ok
smbu06GL000082	GCA_900636615.1	73.143	78.7	2.08e-69	6	rejected
smbu06GL000082	GCA_905186115.1	98.551	100.0	1.6e-132	207	ok
smbu06GL000082	GCA_931972305.1	97.585	100.0	2.2e-130	207	ok
smbu06GL000082	GCA_963280925.1	98.551	100.0	1.6e-132	207	ok
smbu06GL000082	GCA_988227945.1	100.000	100.0	3.03e-134	207	ok
smbu06GL000082	GCA_988227985.1	100.000	100.0	3.03e-134	207	ok
smbu06GL000082	GCA_988228025.1	100.000	100.0	3.03e-134	207	ok
smbu06GL000082	GCA_988235375.1	93.720	100.0	9.06e-127	207	ok
smbu06GL000082	GCA_988236725.1	93.720	100.0	9.06e-127	207	ok
smbu06GL000082	GCA_988237225.1	100.000	100.0	3.03e-134	207	ok
smbu06GL000082	GCF_001298485.1	100.000	100.0	3.03e-134	207	ok
smbu06GL000082	GCF_001412695.1	100.000	100.0	3.03e-134	207	ok
smbu06GL000082	GCF_001598635.1	95.652	100.0	1.78e-129	207	ok
smbu06GL000082	GCF_001689055.2	95.652	100.0	1.78e-129	207	ok
smbu06GL000082	GCF_002208945.1	95.652	100.0	1.78e-129	207	ok
smbu06GL000082	GCF_002216705.1	97.585	100.0	2.2e-130	207	ok
smbu06GL000082	GCF_002278015.2	98.551	100.0	1.6e-132	207	ok
smbu06GL000082	GCF_002289045.2	95.652	100.0	1.78e-129	207	ok
smbu06GL000082	GCF_002290025.1	93.720	100.0	9.06e-127	207	ok
smbu06GL000082	GCF_002355755.1	95.652	100.0	1.78e-129	207	ok
smbu06GL000082	GCF_002761555.1	100.000	100.0	3.03e-134	207	ok
smbu06GL000082	GCF_002831505.1	100.000	100.0	3.03e-134	207	ok
smbu06GL000082	GCF_002850515.1	100.000	100.0	3.03e-134	207	ok
smbu06GL000082	GCF_002983785.1	100.000	100.0	3.03e-134	207	ok
smbu06GL000082	GCF_003269465.1	100.000	100.0	3.03e-134	207	ok
smbu06GL000082	GCF_003667965.1	100.000	100.0	3.03e-134	207	ok
smbu06GL000082	GCF_003711125.1	89.372	100.0	6.34e-122	207	ok
smbu06GL000082	GCF_003711605.1	96.117	99.5	2.81e-128	206	ok
smbu06GL000082	GCF_003812665.1	95.652	100.0	1.78e-129	207	ok
smbu06GL000082	GCF_004332055.1	100.000	100.0	3.03e-134	207	ok
smbu06GL000082	GCF_005484525.1	95.652	100.0	1.78e-129	207	ok
smbu06GL000082	GCF_006337145.1	100.000	100.0	3.03e-134	207	ok
smbu06GL000082	GCF_006351785.1	100.000	100.0	3.03e-134	207	ok
smbu06GL000082	GCF_006351845.1	99.517	100.0	2.1e-133	207	ok
smbu06GL000082	GCF_006364815.1	95.652	100.0	1.78e-129	207	ok
smbu06GL000082	GCF_006494835.1	95.169	100.0	6.15e-129	207	ok
smbu06GL000082	GCF_006494855.1	95.169	100.0	6.15e-129	207	ok
smbu06GL000082	GCF_006494875.1	95.169	100.0	6.15e-129	207	ok
smbu06GL000082	GCF_006766145.1	95.652	100.0	1.78e-129	207	ok
smbu06GL000082	GCF_007923665.2	100.000	100.0	3.03e-134	207	ok
smbu06GL000082	GCF_007923785.2	100.000	100.0	3.03e-134	207	ok
smbu06GL000082	GCF_007923865.2	100.000	100.0	3.03e-134	207	ok
smbu06GL000082	GCF_007923885.2	100.000	100.0	3.03e-134	207	ok
smbu06GL000082	GCF_007923905.2	100.000	100.0	3.03e-134	207	ok
smbu06GL000082	GCF_007923925.2	100.000	100.0	3.03e-134	207	ok
smbu06GL000082	GCF_007923945.2	100.000	100.0	3.03e-134	207	ok
smbu06GL000082	GCF_007923965.2	100.000	100.0	3.03e-134	207	ok
smbu06GL000082	GCF_008330605.1	100.000	100.0	3.03e-134	207	ok
smbu06GL000082	GCF_009730155.1	93.237	100.0	3.01e-126	207	ok
smbu06GL000082	GCF_009734005.1	100.000	100.0	3.03e-134	207	ok
smbu06GL000082	GCF_009938075.1	100.000	100.0	3.03e-134	207	ok
smbu06GL000082	GCF_010103655.1	95.652	100.0	1.78e-129	207	ok
smbu06GL000082	GCF_010120755.1	100.000	100.0	3.03e-134	207	ok
smbu06GL000082	GCF_011745645.1	100.000	100.0	3.03e-134	207	ok
smbu06GL000082	GCF_012045365.1	100.000	100.0	3.03e-134	207	ok
smbu06GL000082	GCF_012045505.1	100.000	100.0	3.03e-134	207	ok
smbu06GL000082	GCF_012594215.1	95.652	100.0	1.78e-129	207	ok
smbu06GL000082	GCF_013201055.1	100.000	100.0	3.03e-134	207	ok
smbu06GL000082	GCF_013344625.1	95.652	100.0	1.78e-129	207	ok
smbu06GL000082	GCF_013344645.1	95.652	100.0	1.78e-129	207	ok
smbu06GL000082	GCF_013344665.1	95.652	100.0	1.78e-129	207	ok
smbu06GL000082	GCF_013391145.1	98.551	100.0	1.6e-132	207	ok
smbu06GL000082	GCF_013391165.1	98.551	100.0	1.6e-132	207	ok
smbu06GL000082	GCF_013391185.1	98.551	100.0	1.6e-132	207	ok
smbu06GL000082	GCF_013391205.1	98.551	100.0	1.6e-132	207	ok
smbu06GL000082	GCF_013394325.1	87.923	100.0	1.36e-119	207	ok
smbu06GL000082	GCF_015377765.1	100.000	100.0	3.03e-134	207	ok
smbu06GL000082	GCF_015767695.1	100.000	100.0	3.03e-134	207	ok
smbu06GL000082	GCF_015767715.1	100.000	100.0	3.03e-134	207	ok
smbu06GL000082	GCF_016127235.1	98.551	100.0	1.6e-132	207	ok
smbu06GL000082	GCF_017280035.1	95.652	100.0	1.78e-129	207	ok
smbu06GL000082	GCF_017357805.1	95.652	100.0	1.78e-129	207	ok
smbu06GL000082	GCF_018516845.1	100.000	100.0	3.03e-134	207	ok
smbu06GL000082	GCF_019203145.1	100.000	100.0	3.03e-134	207	ok
smbu06GL000082	GCF_019343125.1	100.000	100.0	3.03e-134	207	ok
smbu06GL000082	GCF_019456555.1	100.000	100.0	3.03e-134	207	ok
smbu06GL000082	GCF_019456575.1	100.000	100.0	3.03e-134	207	ok
smbu06GL000082	GCF_019456595.1	100.000	100.0	3.03e-134	207	ok
smbu06GL000082	GCF_019797905.1	88.406	100.0	4.35e-120	207	ok
smbu06GL000082	GCF_019967715.1	100.000	100.0	3.03e-134	207	ok
smbu06GL000082	GCF_020881975.1	95.652	100.0	1.78e-129	207	ok
smbu06GL000082	GCF_020906605.1	95.652	100.0	1.78e-129	207	ok
smbu06GL000082	GCF_022869705.1	95.652	100.0	1.78e-129	207	ok
smbu06GL000082	GCF_023299785.1	95.652	100.0	1.78e-129	207	ok
smbu06GL000082	GCF_023375505.1	95.652	100.0	1.78e-129	207	ok
smbu06GL000082	GCF_023612035.1	95.652	100.0	1.78e-129	207	ok
smbu06GL000082	GCF_023612275.1	100.000	100.0	3.03e-134	207	ok
smbu06GL000082	GCF_024267595.1	95.652	100.0	1.78e-129	207	ok
smbu06GL000082	GCF_025957845.1	95.652	100.0	1.78e-129	207	ok
smbu06GL000082	GCF_025957925.1	95.652	100.0	1.78e-129	207	ok
smbu06GL000082	GCF_025958025.1	95.652	100.0	1.78e-129	207	ok
smbu06GL000082	GCF_025958065.1	95.652	100.0	1.78e-129	207	ok
smbu06GL000082	GCF_025958085.1	95.652	100.0	1.78e-129	207	ok
smbu06GL000082	GCF_025958625.1	95.652	100.0	1.78e-129	207	ok
smbu06GL000082	GCF_025958845.1	95.652	100.0	1.78e-129	207	ok
smbu06GL000082	GCF_025958885.1	95.652	100.0	1.78e-129	207	ok
smbu06GL000082	GCF_026650885.1	95.652	100.0	1.78e-129	207	ok
smbu06GL000082	GCF_027915235.1	100.000	100.0	3.03e-134	207	ok
smbu06GL000082	GCF_030490365.1	100.000	100.0	3.03e-134	207	ok
smbu06GL000082	GCF_030584585.1	100.000	100.0	3.03e-134	207	ok
smbu06GL000082	GCF_030584605.1	100.000	100.0	3.03e-134	207	ok
smbu06GL000082	GCF_030584685.1	100.000	100.0	3.03e-134	207	ok
smbu06GL000082	GCF_030643745.1	100.000	100.0	3.03e-134	207	ok
smbu06GL000082	GCF_033954875.1	100.000	100.0	3.03e-134	207	ok
smbu06GL000082	GCF_033954895.1	100.000	100.0	3.03e-134	207	ok
smbu06GL000082	GCF_033954915.1	100.000	100.0	3.03e-134	207	ok
smbu06GL000082	GCF_036669985.1	99.517	100.0	3.18e-133	207	ok
smbu06GL000082	GCF_040745045.1	100.000	100.0	3.03e-134	207	ok
smbu06GL000082	GCF_043950735.1	98.551	100.0	1.6e-132	207	ok
smbu06GL000082	GCF_049315065.1	100.000	100.0	3.03e-134	207	ok
smbu06GL000082	GCF_049315075.1	98.551	100.0	2.68e-132	207	ok
smbu06GL000082	GCF_049315085.1	98.551	100.0	2.68e-132	207	ok
smbu06GL000082	GCF_049315095.1	98.551	100.0	2.68e-132	207	ok
smbu06GL000082	GCF_049315105.1	98.551	100.0	2.68e-132	207	ok
smbu06GL000082	GCF_049315115.1	100.000	100.0	3.03e-134	207	ok
smbu06GL000082	GCF_049315125.1	100.000	100.0	3.03e-134	207	ok
smbu06GL000082	GCF_049315135.1	98.551	100.0	2.68e-132	207	ok
smbu06GL000082	GCF_049315145.1	100.000	100.0	3.03e-134	207	ok
smbu06GL000082	GCF_049315155.1	98.551	100.0	2.68e-132	207	ok
smbu06GL000082	GCF_049315165.1	100.000	100.0	3.03e-134	207	ok
smbu06GL000082	GCF_049315175.1	100.000	100.0	3.03e-134	207	ok
smbu06GL000082	GCF_052655065.1	100.000	100.0	3.03e-134	207	ok
smbu06GL000082	GCF_052655335.1	100.000	100.0	3.03e-134	207	ok
smbu06GL000082	GCF_052655665.1	100.000	100.0	3.03e-134	207	ok
smbu06GL000082	GCF_052656575.1	100.000	100.0	3.03e-134	207	ok
smbu06GL000082	GCF_052657825.1	100.000	100.0	3.03e-134	207	ok
smbu06GL000082	GCF_052658005.1	100.000	100.0	3.03e-134	207	ok
smbu06GL000082	GCF_053764515.1	97.585	100.0	2.2e-130	207	ok
smbu06GL000082	GCF_056487465.1	97.585	100.0	2.2e-130	207	ok
smbu06GL000082	GCF_056582645.1	100.000	100.0	3.03e-134	207	ok
smbu06GL000082	GCF_931972305.1	97.585	100.0	2.2e-130	207	ok
smbu06GL000082	GCF_988227945.1	100.000	100.0	3.03e-134	207	ok
smbu06GL000082	GCF_988227985.1	100.000	100.0	3.03e-134	207	ok
smbu06GL000082	GCF_988228025.1	100.000	100.0	3.03e-134	207	ok
smbu06GL000082	L_lactis_14B4	70.673	100.0	3.22e-95	208	ok
smbu06GL000082	L_lactis_IL1403	70.673	100.0	3.22e-95	208	ok
smbu06GL000082	L_lactis_MG1363	70.192	100.0	2.27e-94	208	ok
smbu06GL000082	smbu06_project	100.000	100.0	3.03e-134	207	ok
smbu06GL000082	smbu08_project	100.000	100.0	3.03e-134	207	ok
smbu06GL000083	E_lactis_194	100.000	100.0	1.2e-56	96	ok
smbu06GL000083	GCA_000006865.1	63.043	95.8	1.16e-32	92	ok
smbu06GL000083	GCA_000157355.2	92.473	95.8	1.76e-50	93	ok
smbu06GL000083	GCA_000344575.1	63.043	95.8	1.16e-32	92	ok
smbu06GL000083	GCA_000761115.1	63.043	95.8	1.16e-32	92	ok
smbu06GL000083	GCA_000807375.1	63.043	95.8	1.16e-32	92	ok
smbu06GL000083	GCA_002216705.1	98.958	100.0	8.76e-56	96	ok
smbu06GL000083	GCA_002278015.2	100.000	100.0	1.2e-56	96	ok
smbu06GL000083	GCA_002290025.1	97.917	100.0	1.44e-55	96	ok
smbu06GL000083	GCA_002804185.1	63.043	95.8	1.16e-32	92	ok
smbu06GL000083	GCA_002804285.1	63.043	95.8	1.16e-32	92	ok
smbu06GL000083	GCA_002813755.1	100.000	100.0	1.2e-56	96	ok
smbu06GL000083	GCA_002895225.1	63.043	95.8	1.16e-32	92	ok
smbu06GL000083	GCA_003711125.1	87.234	97.9	5.71e-48	94	ok
smbu06GL000083	GCA_003722255.1	63.043	95.8	1.16e-32	92	ok
smbu06GL000083	GCA_005347505.1	87.234	97.9	5.71e-48	94	ok
smbu06GL000083	GCA_009730155.1	91.753	100.0	9.78e-52	97	ok
smbu06GL000083	GCA_013391145.1	100.000	100.0	1.2e-56	96	ok
smbu06GL000083	GCA_013391165.1	100.000	100.0	1.2e-56	96	ok
smbu06GL000083	GCA_013391185.1	100.000	100.0	1.2e-56	96	ok
smbu06GL000083	GCA_013391205.1	100.000	100.0	1.2e-56	96	ok
smbu06GL000083	GCA_013394325.1	87.500	100.0	2.3e-49	96	ok
smbu06GL000083	GCA_015767715.1	100.000	100.0	1.2e-56	96	ok
smbu06GL000083	GCA_016127235.1	98.958	100.0	3.52e-56	96	ok
smbu06GL000083	GCA_019203145.1	100.000	100.0	1.2e-56	96	ok
smbu06GL000083	GCA_019343125.1	100.000	100.0	1.2e-56	96	ok
smbu06GL000083	GCA_019797905.1	88.298	97.9	2.23e-48	94	ok
smbu06GL000083	GCA_019967715.1	100.000	100.0	1.2e-56	96	ok
smbu06GL000083	GCA_022870765.1	92.473	95.8	1.24e-49	93	ok
smbu06GL000083	GCA_023523715.1	92.473	95.8	1.76e-50	93	ok
smbu06GL000083	GCA_023612275.1	100.000	100.0	1.2e-56	96	ok
smbu06GL000083	GCA_025402795.1	88.298	97.9	2.23e-48	94	ok
smbu06GL000083	GCA_025402855.1	88.298	97.9	2.23e-48	94	ok
smbu06GL000083	GCA_029201225.1	92.473	95.8	1.24e-49	93	ok
smbu06GL000083	GCA_029215545.1	92.473	95.8	1.76e-50	93	ok
smbu06GL000083	GCA_030490365.1	100.000	100.0	1.2e-56	96	ok
smbu06GL000083	GCA_033954875.1	100.000	100.0	1.2e-56	96	ok
smbu06GL000083	GCA_033954895.1	100.000	100.0	1.2e-56	96	ok
smbu06GL000083	GCA_033954915.1	100.000	100.0	1.2e-56	96	ok
smbu06GL000083	GCA_036669985.1	100.000	100.0	1.2e-56	96	ok
smbu06GL000083	GCA_040745045.1	100.000	100.0	1.2e-56	96	ok
smbu06GL000083	GCA_041930275.1	91.753	100.0	9.78e-52	97	ok
smbu06GL000083	GCA_041952535.1	91.753	100.0	9.78e-52	97	ok
smbu06GL000083	GCA_043950735.1	100.000	100.0	1.2e-56	96	ok
smbu06GL000083	GCA_043950745.1	100.000	100.0	1.2e-56	96	ok
smbu06GL000083	GCA_045039055.1	91.753	100.0	9.78e-52	97	ok
smbu06GL000083	GCA_049315065.1	100.000	100.0	1.2e-56	96	ok
smbu06GL000083	GCA_049315075.1	100.000	100.0	1.2e-56	96	ok
smbu06GL000083	GCA_049315085.1	100.000	100.0	1.2e-56	96	ok
smbu06GL000083	GCA_049315095.1	100.000	100.0	1.2e-56	96	ok
smbu06GL000083	GCA_049315105.1	100.000	100.0	1.2e-56	96	ok
smbu06GL000083	GCA_049315115.1	100.000	100.0	1.2e-56	96	ok
smbu06GL000083	GCA_049315125.1	100.000	100.0	1.2e-56	96	ok
smbu06GL000083	GCA_049315135.1	100.000	100.0	1.2e-56	96	ok
smbu06GL000083	GCA_049315145.1	100.000	100.0	1.2e-56	96	ok
smbu06GL000083	GCA_049315155.1	100.000	100.0	1.2e-56	96	ok
smbu06GL000083	GCA_049315165.1	100.000	100.0	1.2e-56	96	ok
smbu06GL000083	GCA_049315175.1	100.000	100.0	1.2e-56	96	ok
smbu06GL000083	GCA_052655065.1	100.000	100.0	1.2e-56	96	ok
smbu06GL000083	GCA_052655335.1	100.000	100.0	1.2e-56	96	ok
smbu06GL000083	GCA_052655665.1	100.000	100.0	1.2e-56	96	ok
smbu06GL000083	GCA_052656575.1	100.000	100.0	1.2e-56	96	ok
smbu06GL000083	GCA_052657825.1	100.000	100.0	1.2e-56	96	ok
smbu06GL000083	GCA_052658005.1	100.000	100.0	1.2e-56	96	ok
smbu06GL000083	GCA_053764515.1	100.000	100.0	1.2e-56	96	ok
smbu06GL000083	GCA_055397705.1	88.889	84.4	4.33e-39	5	rejected
smbu06GL000083	GCA_055397995.1	80.645	96.9	1.19e-40	50	ok
smbu06GL000083	GCA_056487485.1	100.000	100.0	1.2e-56	96	ok
smbu06GL000083	GCA_056582645.1	100.000	100.0	1.2e-56	96	ok
smbu06GL000083	GCA_058072705.1	100.000	100.0	1.2e-56	96	ok
smbu06GL000083	GCA_060306215.1	100.000	100.0	1.2e-56	96	ok
smbu06GL000083	GCA_060307205.1	100.000	100.0	1.2e-56	96	ok
smbu06GL000083	GCA_060307225.1	100.000	100.0	1.2e-56	96	ok
smbu06GL000083	GCA_061568495.1	100.000	100.0	1.2e-56	96	ok
smbu06GL000083	GCA_900636615.1	100.000	100.0	1.2e-56	96	ok
smbu06GL000083	GCA_905186115.1	100.000	100.0	1.2e-56	96	ok
smbu06GL000083	GCA_931972305.1	100.000	100.0	1.2e-56	96	ok
smbu06GL000083	GCA_963280925.1	100.000	100.0	1.2e-56	96	ok
smbu06GL000083	GCA_988227945.1	100.000	100.0	1.2e-56	96	ok
smbu06GL000083	GCA_988227985.1	100.000	100.0	1.2e-56	96	ok
smbu06GL000083	GCA_988228025.1	100.000	100.0	1.2e-56	96	ok
smbu06GL000083	GCA_988235375.1	97.917	100.0	1.44e-55	96	ok
smbu06GL000083	GCA_988236725.1	97.917	100.0	1.44e-55	96	ok
smbu06GL000083	GCA_988237225.1	100.000	100.0	1.2e-56	96	ok
smbu06GL000083	GCF_001298485.1	100.000	100.0	1.2e-56	96	ok
smbu06GL000083	GCF_001412695.1	100.000	100.0	1.2e-56	96	ok
smbu06GL000083	GCF_001598635.1	92.708	100.0	1.83e-52	96	ok
smbu06GL000083	GCF_001689055.2	93.750	100.0	3.95e-53	96	ok
smbu06GL000083	GCF_002208945.1	93.750	100.0	3.95e-53	96	ok
smbu06GL000083	GCF_002216705.1	98.958	100.0	8.76e-56	96	ok
smbu06GL000083	GCF_002278015.2	100.000	100.0	1.2e-56	96	ok
smbu06GL000083	GCF_002289045.2	93.750	100.0	3.95e-53	96	ok
smbu06GL000083	GCF_002290025.1	97.917	100.0	1.44e-55	96	ok
smbu06GL000083	GCF_002355755.1	93.750	100.0	3.95e-53	96	ok
smbu06GL000083	GCF_002761555.1	100.000	100.0	1.2e-56	96	ok
smbu06GL000083	GCF_002831505.1	100.000	100.0	1.2e-56	96	ok
smbu06GL000083	GCF_002850515.1	100.000	100.0	1.2e-56	96	ok
smbu06GL000083	GCF_002983785.1	100.000	100.0	1.2e-56	96	ok
smbu06GL000083	GCF_003269465.1	100.000	100.0	1.2e-56	96	ok
smbu06GL000083	GCF_003667965.1	100.000	100.0	1.2e-56	96	ok
smbu06GL000083	GCF_003711125.1	87.234	97.9	5.71e-48	94	ok
smbu06GL000083	GCF_003711605.1	100.000	100.0	1.2e-56	96	ok
smbu06GL000083	GCF_003812665.1	93.750	100.0	3.95e-53	96	ok
smbu06GL000083	GCF_004332055.1	100.000	100.0	1.2e-56	96	ok
smbu06GL000083	GCF_005484525.1	93.750	100.0	3.95e-53	96	ok
smbu06GL000083	GCF_006337145.1	100.000	100.0	1.2e-56	96	ok
smbu06GL000083	GCF_006351785.1	100.000	100.0	1.2e-56	96	ok
smbu06GL000083	GCF_006351845.1	100.000	100.0	1.2e-56	96	ok
smbu06GL000083	GCF_006364815.1	93.750	100.0	3.95e-53	96	ok
smbu06GL000083	GCF_006494835.1	93.750	100.0	3.95e-53	96	ok
smbu06GL000083	GCF_006494855.1	93.750	100.0	3.95e-53	96	ok
smbu06GL000083	GCF_006494875.1	93.750	100.0	3.95e-53	96	ok
smbu06GL000083	GCF_006766145.1	93.750	100.0	3.95e-53	96	ok
smbu06GL000083	GCF_007923665.2	100.000	100.0	1.2e-56	96	ok
smbu06GL000083	GCF_007923785.2	100.000	100.0	1.2e-56	96	ok
smbu06GL000083	GCF_007923865.2	100.000	100.0	1.2e-56	96	ok
smbu06GL000083	GCF_007923885.2	100.000	100.0	1.2e-56	96	ok
smbu06GL000083	GCF_007923905.2	100.000	100.0	1.2e-56	96	ok
smbu06GL000083	GCF_007923925.2	100.000	100.0	1.2e-56	96	ok
smbu06GL000083	GCF_007923945.2	100.000	100.0	1.2e-56	96	ok
smbu06GL000083	GCF_007923965.2	100.000	100.0	1.2e-56	96	ok
smbu06GL000083	GCF_008330605.1	100.000	100.0	1.2e-56	96	ok
smbu06GL000083	GCF_009730155.1	91.753	100.0	9.78e-52	97	ok
smbu06GL000083	GCF_009734005.1	100.000	100.0	1.2e-56	96	ok
smbu06GL000083	GCF_009938075.1	98.958	100.0	4.8e-56	96	ok
smbu06GL000083	GCF_010103655.1	93.750	100.0	3.95e-53	96	ok
smbu06GL000083	GCF_010120755.1	100.000	100.0	1.2e-56	96	ok
smbu06GL000083	GCF_011745645.1	100.000	100.0	1.2e-56	96	ok
smbu06GL000083	GCF_012045365.1	100.000	100.0	1.2e-56	96	ok
smbu06GL000083	GCF_012045505.1	100.000	100.0	1.2e-56	96	ok
smbu06GL000083	GCF_012594215.1	93.750	100.0	3.95e-53	96	ok
smbu06GL000083	GCF_013201055.1	100.000	100.0	1.2e-56	96	ok
smbu06GL000083	GCF_013344625.1	93.750	100.0	3.95e-53	96	ok
smbu06GL000083	GCF_013344645.1	93.750	100.0	3.95e-53	96	ok
smbu06GL000083	GCF_013344665.1	93.750	100.0	3.95e-53	96	ok
smbu06GL000083	GCF_013391145.1	100.000	100.0	1.2e-56	96	ok
smbu06GL000083	GCF_013391165.1	100.000	100.0	1.2e-56	96	ok
smbu06GL000083	GCF_013391185.1	100.000	100.0	1.2e-56	96	ok
smbu06GL000083	GCF_013391205.1	100.000	100.0	1.2e-56	96	ok
smbu06GL000083	GCF_013394325.1	87.500	100.0	2.3e-49	96	ok
smbu06GL000083	GCF_015377765.1	100.000	100.0	1.2e-56	96	ok
smbu06GL000083	GCF_015767695.1	100.000	100.0	1.2e-56	96	ok
smbu06GL000083	GCF_015767715.1	100.000	100.0	1.2e-56	96	ok
smbu06GL000083	GCF_016127235.1	98.958	100.0	3.52e-56	96	ok
smbu06GL000083	GCF_017280035.1	93.750	100.0	3.95e-53	96	ok
smbu06GL000083	GCF_017357805.1	93.750	100.0	3.95e-53	96	ok
smbu06GL000083	GCF_018516845.1	100.000	100.0	1.2e-56	96	ok
smbu06GL000083	GCF_019203145.1	100.000	100.0	1.2e-56	96	ok
smbu06GL000083	GCF_019343125.1	100.000	100.0	1.2e-56	96	ok
smbu06GL000083	GCF_019456555.1	100.000	100.0	1.2e-56	96	ok
smbu06GL000083	GCF_019456575.1	100.000	100.0	1.2e-56	96	ok
smbu06GL000083	GCF_019456595.1	100.000	100.0	1.2e-56	96	ok
smbu06GL000083	GCF_019797905.1	88.298	97.9	2.23e-48	94	ok
smbu06GL000083	GCF_019967715.1	100.000	100.0	1.2e-56	96	ok
smbu06GL000083	GCF_020881975.1	92.708	100.0	1.83e-52	96	ok
smbu06GL000083	GCF_020906605.1	93.750	100.0	3.95e-53	96	ok
smbu06GL000083	GCF_022869705.1	92.708	100.0	1.83e-52	96	ok
smbu06GL000083	GCF_023299785.1	93.750	100.0	3.95e-53	96	ok
smbu06GL000083	GCF_023375505.1	93.750	100.0	3.95e-53	96	ok
smbu06GL000083	GCF_023612035.1	93.750	100.0	3.95e-53	96	ok
smbu06GL000083	GCF_023612275.1	100.000	100.0	1.2e-56	96	ok
smbu06GL000083	GCF_024267595.1	93.750	100.0	3.95e-53	96	ok
smbu06GL000083	GCF_025957845.1	93.750	100.0	3.95e-53	96	ok
smbu06GL000083	GCF_025957925.1	93.750	100.0	3.95e-53	96	ok
smbu06GL000083	GCF_025958025.1	93.750	100.0	3.95e-53	96	ok
smbu06GL000083	GCF_025958065.1	93.750	100.0	3.95e-53	96	ok
smbu06GL000083	GCF_025958085.1	93.750	100.0	3.95e-53	96	ok
smbu06GL000083	GCF_025958625.1	93.750	100.0	3.95e-53	96	ok
smbu06GL000083	GCF_025958845.1	93.750	100.0	3.95e-53	96	ok
smbu06GL000083	GCF_025958885.1	93.750	100.0	3.95e-53	96	ok
smbu06GL000083	GCF_026650885.1	93.750	100.0	3.95e-53	96	ok
smbu06GL000083	GCF_027915235.1	100.000	100.0	1.2e-56	96	ok
smbu06GL000083	GCF_030490365.1	100.000	100.0	1.2e-56	96	ok
smbu06GL000083	GCF_030584585.1	100.000	100.0	1.2e-56	96	ok
smbu06GL000083	GCF_030584605.1	100.000	100.0	1.2e-56	96	ok
smbu06GL000083	GCF_030584685.1	100.000	100.0	1.2e-56	96	ok
smbu06GL000083	GCF_030643745.1	100.000	100.0	1.2e-56	96	ok
smbu06GL000083	GCF_033954875.1	100.000	100.0	1.2e-56	96	ok
smbu06GL000083	GCF_033954895.1	100.000	100.0	1.2e-56	96	ok
smbu06GL000083	GCF_033954915.1	100.000	100.0	1.2e-56	96	ok
smbu06GL000083	GCF_036669985.1	100.000	100.0	1.2e-56	96	ok
smbu06GL000083	GCF_040745045.1	100.000	100.0	1.2e-56	96	ok
smbu06GL000083	GCF_043950735.1	100.000	100.0	1.2e-56	96	ok
smbu06GL000083	GCF_049315065.1	100.000	100.0	1.2e-56	96	ok
smbu06GL000083	GCF_049315075.1	100.000	100.0	1.2e-56	96	ok
smbu06GL000083	GCF_049315085.1	100.000	100.0	1.2e-56	96	ok
smbu06GL000083	GCF_049315095.1	100.000	100.0	1.2e-56	96	ok
smbu06GL000083	GCF_049315105.1	100.000	100.0	1.2e-56	96	ok
smbu06GL000083	GCF_049315115.1	100.000	100.0	1.2e-56	96	ok
smbu06GL000083	GCF_049315125.1	100.000	100.0	1.2e-56	96	ok
smbu06GL000083	GCF_049315135.1	100.000	100.0	1.2e-56	96	ok
smbu06GL000083	GCF_049315145.1	100.000	100.0	1.2e-56	96	ok
smbu06GL000083	GCF_049315155.1	100.000	100.0	1.2e-56	96	ok
smbu06GL000083	GCF_049315165.1	100.000	100.0	1.2e-56	96	ok
smbu06GL000083	GCF_049315175.1	100.000	100.0	1.2e-56	96	ok
smbu06GL000083	GCF_052655065.1	100.000	100.0	1.2e-56	96	ok
smbu06GL000083	GCF_052655335.1	100.000	100.0	1.2e-56	96	ok
smbu06GL000083	GCF_052655665.1	100.000	100.0	1.2e-56	96	ok
smbu06GL000083	GCF_052656575.1	100.000	100.0	1.2e-56	96	ok
smbu06GL000083	GCF_052657825.1	100.000	100.0	1.2e-56	96	ok
smbu06GL000083	GCF_052658005.1	100.000	100.0	1.2e-56	96	ok
smbu06GL000083	GCF_053764515.1	100.000	100.0	1.2e-56	96	ok
smbu06GL000083	GCF_056487465.1	100.000	100.0	1.2e-56	96	ok
smbu06GL000083	GCF_056582645.1	100.000	100.0	1.2e-56	96	ok
smbu06GL000083	GCF_931972305.1	100.000	100.0	1.2e-56	96	ok
smbu06GL000083	GCF_988227945.1	100.000	100.0	1.2e-56	96	ok
smbu06GL000083	GCF_988227985.1	100.000	100.0	1.2e-56	96	ok
smbu06GL000083	GCF_988228025.1	100.000	100.0	1.2e-56	96	ok
smbu06GL000083	L_lactis_14B4	63.043	95.8	1.16e-32	92	ok
smbu06GL000083	L_lactis_IL1403	63.043	95.8	1.16e-32	92	ok
smbu06GL000083	L_lactis_MG1363	63.918	100.0	1.71e-33	97	ok
smbu06GL000083	smbu06_project	100.000	100.0	1.2e-56	96	ok
smbu06GL000083	smbu08_project	100.000	100.0	1.2e-56	96	ok
smbu06GL000084	E_lactis_194	100.000	100.0	5.97e-173	262	ok
smbu06GL000084	GCA_000006865.1	81.008	98.5	6.35e-139	258	ok
smbu06GL000084	GCA_000157355.2	95.802	100.0	1.28e-166	262	ok
smbu06GL000084	GCA_000344575.1	81.008	98.5	6.35e-139	258	ok
smbu06GL000084	GCA_000761115.1	81.008	98.5	6.35e-139	258	ok
smbu06GL000084	GCA_000807375.1	81.008	98.5	6.36e-139	258	ok
smbu06GL000084	GCA_002216705.1	98.855	100.0	8.28e-170	261	ok
smbu06GL000084	GCA_002278015.2	98.855	100.0	1.48e-171	262	ok
smbu06GL000084	GCA_002290025.1	97.710	100.0	8.36e-170	262	ok
smbu06GL000084	GCA_002804185.1	81.008	98.5	6.35e-139	258	ok
smbu06GL000084	GCA_002804285.1	81.008	98.5	6.35e-139	258	ok
smbu06GL000084	GCA_002813755.1	98.855	100.0	8.28e-170	261	ok
smbu06GL000084	GCA_002895225.1	81.008	98.5	6.35e-139	258	ok
smbu06GL000084	GCA_003711125.1	94.656	100.0	4.95e-158	262	ok
smbu06GL000084	GCA_003722255.1	81.008	98.5	6.35e-139	258	ok
smbu06GL000084	GCA_005347505.1	94.275	100.0	1.9e-157	262	ok
smbu06GL000084	GCA_009730155.1	95.802	100.0	2.42e-166	262	ok
smbu06GL000084	GCA_013391145.1	98.855	100.0	1.48e-171	262	ok
smbu06GL000084	GCA_013391165.1	98.855	100.0	1.48e-171	262	ok
smbu06GL000084	GCA_013391185.1	98.855	100.0	1.48e-171	262	ok
smbu06GL000084	GCA_013391205.1	98.855	100.0	1.48e-171	262	ok
smbu06GL000084	GCA_013394325.1	93.893	100.0	9.36e-157	262	ok
smbu06GL000084	GCA_015767715.1	100.000	100.0	5.97e-173	262	ok
smbu06GL000084	GCA_016127235.1	98.855	100.0	1.48e-171	262	ok
smbu06GL000084	GCA_019203145.1	100.000	100.0	5.97e-173	262	ok
smbu06GL000084	GCA_019343125.1	100.000	100.0	5.97e-173	262	ok
smbu06GL000084	GCA_019797905.1	95.038	100.0	1.72e-166	262	ok
smbu06GL000084	GCA_019967715.1	100.000	100.0	5.97e-173	262	ok
smbu06GL000084	GCA_022870765.1	95.802	100.0	1.28e-166	262	ok
smbu06GL000084	GCA_023523715.1	95.802	100.0	1.28e-166	262	ok
smbu06GL000084	GCA_023612275.1	100.000	100.0	5.97e-173	262	ok
smbu06GL000084	GCA_025402795.1	95.038	100.0	1.72e-166	262	ok
smbu06GL000084	GCA_025402855.1	95.038	100.0	1.72e-166	262	ok
smbu06GL000084	GCA_029201225.1	95.802	100.0	1.28e-166	262	ok
smbu06GL000084	GCA_029215545.1	95.802	100.0	1.28e-166	262	ok
smbu06GL000084	GCA_030490365.1	100.000	100.0	5.97e-173	262	ok
smbu06GL000084	GCA_033954875.1	100.000	100.0	5.97e-173	262	ok
smbu06GL000084	GCA_033954895.1	100.000	100.0	5.97e-173	262	ok
smbu06GL000084	GCA_033954915.1	100.000	100.0	5.97e-173	262	ok
smbu06GL000084	GCA_036669985.1	100.000	100.0	5.97e-173	262	ok
smbu06GL000084	GCA_040745045.1	100.000	100.0	5.97e-173	262	ok
smbu06GL000084	GCA_041930275.1	95.802	100.0	2.42e-166	262	ok
smbu06GL000084	GCA_041952535.1	95.802	100.0	2.42e-166	262	ok
smbu06GL000084	GCA_043950735.1	98.855	100.0	1.48e-171	262	ok
smbu06GL000084	GCA_043950745.1	98.855	100.0	1.48e-171	262	ok
smbu06GL000084	GCA_045039055.1	95.802	100.0	2.42e-166	262	ok
smbu06GL000084	GCA_049315065.1	100.000	100.0	5.97e-173	262	ok
smbu06GL000084	GCA_049315075.1	98.092	100.0	1.2e-170	262	ok
smbu06GL000084	GCA_049315085.1	98.092	100.0	1.2e-170	262	ok
smbu06GL000084	GCA_049315095.1	98.092	100.0	1.2e-170	262	ok
smbu06GL000084	GCA_049315105.1	98.092	100.0	1.2e-170	262	ok
smbu06GL000084	GCA_049315115.1	100.000	100.0	5.97e-173	262	ok
smbu06GL000084	GCA_049315125.1	100.000	100.0	5.97e-173	262	ok
smbu06GL000084	GCA_049315135.1	98.092	100.0	1.2e-170	262	ok
smbu06GL000084	GCA_049315145.1	100.000	100.0	5.97e-173	262	ok
smbu06GL000084	GCA_049315155.1	98.092	100.0	1.2e-170	262	ok
smbu06GL000084	GCA_049315165.1	100.000	100.0	5.97e-173	262	ok
smbu06GL000084	GCA_049315175.1	100.000	100.0	5.97e-173	262	ok
smbu06GL000084	GCA_052655065.1	100.000	100.0	5.97e-173	262	ok
smbu06GL000084	GCA_052655335.1	100.000	100.0	5.97e-173	262	ok
smbu06GL000084	GCA_052655665.1	100.000	100.0	5.97e-173	262	ok
smbu06GL000084	GCA_052656575.1	100.000	100.0	5.97e-173	262	ok
smbu06GL000084	GCA_052657825.1	100.000	100.0	5.97e-173	262	ok
smbu06GL000084	GCA_052658005.1	100.000	100.0	5.97e-173	262	ok
smbu06GL000084	GCA_053764515.1	98.855	100.0	8.28e-170	261	ok
smbu06GL000084	GCA_055397705.1	74.214	58.4	1.02e-63	77	ok
smbu06GL000084	GCA_055397995.1	87.037	82.4	6.84e-122	216	ok
smbu06GL000084	GCA_056487485.1	98.855	100.0	8.28e-170	261	ok
smbu06GL000084	GCA_056582645.1	100.000	100.0	5.97e-173	262	ok
smbu06GL000084	GCA_058072705.1	100.000	100.0	5.97e-173	262	ok
smbu06GL000084	GCA_060306215.1	100.000	100.0	5.97e-173	262	ok
smbu06GL000084	GCA_060307205.1	98.855	100.0	1.48e-171	262	ok
smbu06GL000084	GCA_060307225.1	100.000	100.0	5.97e-173	262	ok
smbu06GL000084	GCA_061568495.1	100.000	100.0	5.97e-173	262	ok
smbu06GL000084	GCA_900636615.1	98.925	35.5	1.46e-115	0	rejected
smbu06GL000084	GCA_905186115.1	98.855	100.0	1.48e-171	262	ok
smbu06GL000084	GCA_931972305.1	98.855	100.0	8.28e-170	261	ok
smbu06GL000084	GCA_963280925.1	98.855	100.0	1.48e-171	262	ok
smbu06GL000084	GCA_988227945.1	100.000	100.0	5.97e-173	262	ok
smbu06GL000084	GCA_988227985.1	100.000	100.0	5.97e-173	262	ok
smbu06GL000084	GCA_988228025.1	100.000	100.0	5.97e-173	262	ok
smbu06GL000084	GCA_988235375.1	97.710	100.0	8.36e-170	262	ok
smbu06GL000084	GCA_988236725.1	97.710	100.0	8.36e-170	262	ok
smbu06GL000084	GCA_988237225.1	100.000	100.0	5.97e-173	262	ok
smbu06GL000084	GCF_001298485.1	100.000	100.0	5.97e-173	262	ok
smbu06GL000084	GCF_001412695.1	100.000	100.0	5.97e-173	262	ok
smbu06GL000084	GCF_001598635.1	96.525	98.9	7.56e-166	259	ok
smbu06GL000084	GCF_001689055.2	96.525	98.9	7.56e-166	259	ok
smbu06GL000084	GCF_002208945.1	96.525	98.9	7.56e-166	259	ok
smbu06GL000084	GCF_002216705.1	98.855	100.0	8.28e-170	261	ok
smbu06GL000084	GCF_002278015.2	98.855	100.0	1.48e-171	262	ok
smbu06GL000084	GCF_002289045.2	96.525	98.9	7.56e-166	259	ok
smbu06GL000084	GCF_002290025.1	97.710	100.0	8.36e-170	262	ok
smbu06GL000084	GCF_002355755.1	96.525	98.9	7.56e-166	259	ok
smbu06GL000084	GCF_002761555.1	100.000	100.0	5.97e-173	262	ok
smbu06GL000084	GCF_002831505.1	100.000	100.0	5.97e-173	262	ok
smbu06GL000084	GCF_002850515.1	100.000	100.0	5.97e-173	262	ok
smbu06GL000084	GCF_002983785.1	100.000	100.0	5.97e-173	262	ok
smbu06GL000084	GCF_003269465.1	100.000	100.0	5.97e-173	262	ok
smbu06GL000084	GCF_003667965.1	100.000	100.0	5.97e-173	262	ok
smbu06GL000084	GCF_003711125.1	94.656	100.0	4.95e-158	262	ok
smbu06GL000084	GCF_003711605.1	100.000	100.0	5.97e-173	262	ok
smbu06GL000084	GCF_003812665.1	96.525	98.9	7.56e-166	259	ok
smbu06GL000084	GCF_004332055.1	100.000	100.0	5.97e-173	262	ok
smbu06GL000084	GCF_005484525.1	96.525	98.9	7.56e-166	259	ok
smbu06GL000084	GCF_006337145.1	100.000	100.0	5.97e-173	262	ok
smbu06GL000084	GCF_006351785.1	100.000	100.0	5.97e-173	262	ok
smbu06GL000084	GCF_006351845.1	100.000	100.0	5.97e-173	262	ok
smbu06GL000084	GCF_006364815.1	96.525	98.9	7.56e-166	259	ok
smbu06GL000084	GCF_006494835.1	96.525	98.9	7.56e-166	259	ok
smbu06GL000084	GCF_006494855.1	96.525	98.9	7.56e-166	259	ok
smbu06GL000084	GCF_006494875.1	96.525	98.9	7.56e-166	259	ok
smbu06GL000084	GCF_006766145.1	96.525	98.9	7.56e-166	259	ok
smbu06GL000084	GCF_007923665.2	100.000	100.0	5.97e-173	262	ok
smbu06GL000084	GCF_007923785.2	100.000	100.0	5.97e-173	262	ok
smbu06GL000084	GCF_007923865.2	100.000	100.0	5.97e-173	262	ok
smbu06GL000084	GCF_007923885.2	100.000	100.0	5.97e-173	262	ok
smbu06GL000084	GCF_007923905.2	100.000	100.0	5.97e-173	262	ok
smbu06GL000084	GCF_007923925.2	100.000	100.0	5.97e-173	262	ok
smbu06GL000084	GCF_007923945.2	100.000	100.0	5.97e-173	262	ok
smbu06GL000084	GCF_007923965.2	100.000	100.0	5.97e-173	262	ok
smbu06GL000084	GCF_008330605.1	100.000	100.0	5.97e-173	262	ok
smbu06GL000084	GCF_009730155.1	95.802	100.0	2.42e-166	262	ok
smbu06GL000084	GCF_009734005.1	100.000	100.0	5.97e-173	262	ok
smbu06GL000084	GCF_009938075.1	100.000	100.0	5.97e-173	262	ok
smbu06GL000084	GCF_010103655.1	96.525	98.9	7.56e-166	259	ok
smbu06GL000084	GCF_010120755.1	100.000	100.0	5.97e-173	262	ok
smbu06GL000084	GCF_011745645.1	100.000	100.0	5.97e-173	262	ok
smbu06GL000084	GCF_012045365.1	100.000	100.0	5.97e-173	262	ok
smbu06GL000084	GCF_012045505.1	100.000	100.0	5.97e-173	262	ok
smbu06GL000084	GCF_012594215.1	96.525	98.9	7.56e-166	259	ok
smbu06GL000084	GCF_013201055.1	100.000	100.0	5.97e-173	262	ok
smbu06GL000084	GCF_013344625.1	96.525	98.9	7.56e-166	259	ok
smbu06GL000084	GCF_013344645.1	96.525	98.9	7.56e-166	259	ok
smbu06GL000084	GCF_013344665.1	96.525	98.9	7.56e-166	259	ok
smbu06GL000084	GCF_013391145.1	98.855	100.0	1.48e-171	262	ok
smbu06GL000084	GCF_013391165.1	98.855	100.0	1.48e-171	262	ok
smbu06GL000084	GCF_013391185.1	98.855	100.0	1.48e-171	262	ok
smbu06GL000084	GCF_013391205.1	98.855	100.0	1.48e-171	262	ok
smbu06GL000084	GCF_013394325.1	93.893	100.0	9.36e-157	262	ok
smbu06GL000084	GCF_015377765.1	100.000	100.0	5.97e-173	262	ok
smbu06GL000084	GCF_015767695.1	100.000	100.0	5.97e-173	262	ok
smbu06GL000084	GCF_015767715.1	100.000	100.0	5.97e-173	262	ok
smbu06GL000084	GCF_016127235.1	98.855	100.0	1.48e-171	262	ok
smbu06GL000084	GCF_017280035.1	96.525	98.9	7.56e-166	259	ok
smbu06GL000084	GCF_017357805.1	96.525	98.9	7.56e-166	259	ok
smbu06GL000084	GCF_018516845.1	100.000	100.0	5.97e-173	262	ok
smbu06GL000084	GCF_019203145.1	100.000	100.0	5.97e-173	262	ok
smbu06GL000084	GCF_019343125.1	100.000	100.0	5.97e-173	262	ok
smbu06GL000084	GCF_019456555.1	100.000	100.0	5.97e-173	262	ok
smbu06GL000084	GCF_019456575.1	100.000	100.0	5.97e-173	262	ok
smbu06GL000084	GCF_019456595.1	100.000	100.0	5.97e-173	262	ok
smbu06GL000084	GCF_019797905.1	95.038	100.0	1.72e-166	262	ok
smbu06GL000084	GCF_019967715.1	100.000	100.0	5.97e-173	262	ok
smbu06GL000084	GCF_020881975.1	96.525	98.9	7.56e-166	259	ok
smbu06GL000084	GCF_020906605.1	96.525	98.9	7.56e-166	259	ok
smbu06GL000084	GCF_022869705.1	96.525	98.9	7.56e-166	259	ok
smbu06GL000084	GCF_023299785.1	96.525	98.9	7.56e-166	259	ok
smbu06GL000084	GCF_023375505.1	96.525	98.9	7.56e-166	259	ok
smbu06GL000084	GCF_023612035.1	96.525	98.9	7.56e-166	259	ok
smbu06GL000084	GCF_023612275.1	100.000	100.0	5.97e-173	262	ok
smbu06GL000084	GCF_024267595.1	96.525	98.9	7.56e-166	259	ok
smbu06GL000084	GCF_025957845.1	96.525	98.9	7.56e-166	259	ok
smbu06GL000084	GCF_025957925.1	96.525	98.9	7.56e-166	259	ok
smbu06GL000084	GCF_025958025.1	96.525	98.9	7.56e-166	259	ok
smbu06GL000084	GCF_025958065.1	96.525	98.9	7.56e-166	259	ok
smbu06GL000084	GCF_025958085.1	96.525	98.9	7.56e-166	259	ok
smbu06GL000084	GCF_025958625.1	96.525	98.9	7.56e-166	259	ok
smbu06GL000084	GCF_025958845.1	96.525	98.9	7.56e-166	259	ok
smbu06GL000084	GCF_025958885.1	96.525	98.9	7.56e-166	259	ok
smbu06GL000084	GCF_026650885.1	96.525	98.9	7.56e-166	259	ok
smbu06GL000084	GCF_027915235.1	100.000	100.0	5.97e-173	262	ok
smbu06GL000084	GCF_030490365.1	100.000	100.0	5.97e-173	262	ok
smbu06GL000084	GCF_030584585.1	100.000	100.0	5.98e-173	262	ok
smbu06GL000084	GCF_030584605.1	100.000	100.0	5.98e-173	262	ok
smbu06GL000084	GCF_030584685.1	100.000	100.0	5.98e-173	262	ok
smbu06GL000084	GCF_030643745.1	100.000	100.0	5.97e-173	262	ok
smbu06GL000084	GCF_033954875.1	100.000	100.0	5.97e-173	262	ok
smbu06GL000084	GCF_033954895.1	100.000	100.0	5.97e-173	262	ok
smbu06GL000084	GCF_033954915.1	100.000	100.0	5.97e-173	262	ok
smbu06GL000084	GCF_036669985.1	100.000	100.0	5.97e-173	262	ok
smbu06GL000084	GCF_040745045.1	100.000	100.0	5.97e-173	262	ok
smbu06GL000084	GCF_043950735.1	98.855	100.0	1.48e-171	262	ok
smbu06GL000084	GCF_049315065.1	100.000	100.0	5.97e-173	262	ok
smbu06GL000084	GCF_049315075.1	98.092	100.0	1.2e-170	262	ok
smbu06GL000084	GCF_049315085.1	98.092	100.0	1.2e-170	262	ok
smbu06GL000084	GCF_049315095.1	98.092	100.0	1.2e-170	262	ok
smbu06GL000084	GCF_049315105.1	98.092	100.0	1.2e-170	262	ok
smbu06GL000084	GCF_049315115.1	100.000	100.0	5.97e-173	262	ok
smbu06GL000084	GCF_049315125.1	100.000	100.0	5.97e-173	262	ok
smbu06GL000084	GCF_049315135.1	98.092	100.0	1.2e-170	262	ok
smbu06GL000084	GCF_049315145.1	100.000	100.0	5.97e-173	262	ok
smbu06GL000084	GCF_049315155.1	98.092	100.0	1.2e-170	262	ok
smbu06GL000084	GCF_049315165.1	100.000	100.0	5.97e-173	262	ok
smbu06GL000084	GCF_049315175.1	100.000	100.0	5.97e-173	262	ok
smbu06GL000084	GCF_052655065.1	100.000	100.0	5.97e-173	262	ok
smbu06GL000084	GCF_052655335.1	100.000	100.0	5.97e-173	262	ok
smbu06GL000084	GCF_052655665.1	100.000	100.0	5.97e-173	262	ok
smbu06GL000084	GCF_052656575.1	100.000	100.0	5.97e-173	262	ok
smbu06GL000084	GCF_052657825.1	100.000	100.0	5.97e-173	262	ok
smbu06GL000084	GCF_052658005.1	100.000	100.0	5.97e-173	262	ok
smbu06GL000084	GCF_053764515.1	98.855	100.0	8.28e-170	261	ok
smbu06GL000084	GCF_056487465.1	98.855	100.0	8.28e-170	261	ok
smbu06GL000084	GCF_056582645.1	100.000	100.0	5.97e-173	262	ok
smbu06GL000084	GCF_931972305.1	98.855	100.0	8.28e-170	261	ok
smbu06GL000084	GCF_988227945.1	100.000	100.0	5.97e-173	262	ok
smbu06GL000084	GCF_988227985.1	100.000	100.0	5.97e-173	262	ok
smbu06GL000084	GCF_988228025.1	100.000	100.0	5.97e-173	262	ok
smbu06GL000084	L_lactis_14B4	81.008	98.5	6.36e-139	258	ok
smbu06GL000084	L_lactis_IL1403	81.008	98.5	6.35e-139	258	ok
smbu06GL000084	L_lactis_MG1363	79.845	98.5	5.43e-137	258	ok
smbu06GL000084	smbu06_project	100.000	100.0	5.97e-173	262	ok
smbu06GL000084	smbu08_project	100.000	100.0	5.97e-173	262	ok
smbu06GL000085	E_lactis_194	100.000	100.0	3.14e-56	92	ok
smbu06GL000085	GCA_000006865.1	89.130	100.0	1.08e-51	92	ok
smbu06GL000085	GCA_000157355.2	91.304	100.0	4.81e-53	92	ok
smbu06GL000085	GCA_000344575.1	89.130	100.0	1.08e-51	92	ok
smbu06GL000085	GCA_000761115.1	89.130	100.0	1.08e-51	92	ok
smbu06GL000085	GCA_000807375.1	89.130	100.0	1.08e-51	92	ok
smbu06GL000085	GCA_002216705.1	94.565	100.0	4.25e-54	92	ok
smbu06GL000085	GCA_002278015.2	97.826	100.0	1.19e-55	92	ok
smbu06GL000085	GCA_002290025.1	100.000	100.0	3.14e-56	92	ok
smbu06GL000085	GCA_002804185.1	89.130	100.0	1.08e-51	92	ok
smbu06GL000085	GCA_002804285.1	89.130	100.0	1.08e-51	92	ok
smbu06GL000085	GCA_002813755.1	94.565	100.0	4.25e-54	92	ok
smbu06GL000085	GCA_002895225.1	89.130	100.0	1.08e-51	92	ok
smbu06GL000085	GCA_003711125.1	90.217	100.0	2.38e-52	92	ok
smbu06GL000085	GCA_003722255.1	89.130	100.0	1.08e-51	92	ok
smbu06GL000085	GCA_005347505.1	90.217	100.0	1.12e-52	92	ok
smbu06GL000085	GCA_009730155.1	92.391	100.0	1.75e-53	92	ok
smbu06GL000085	GCA_013391145.1	97.826	100.0	1.19e-55	92	ok
smbu06GL000085	GCA_013391165.1	97.826	100.0	1.19e-55	92	ok
smbu06GL000085	GCA_013391185.1	97.826	100.0	1.19e-55	92	ok
smbu06GL000085	GCA_013391205.1	97.826	100.0	1.19e-55	92	ok
smbu06GL000085	GCA_013394325.1	93.478	100.0	1.11e-53	92	ok
smbu06GL000085	GCA_015767715.1	100.000	100.0	3.14e-56	92	ok
smbu06GL000085	GCA_016127235.1	97.826	100.0	1.19e-55	92	ok
smbu06GL000085	GCA_019203145.1	100.000	100.0	3.14e-56	92	ok
smbu06GL000085	GCA_019343125.1	100.000	100.0	3.14e-56	92	ok
smbu06GL000085	GCA_019797905.1	93.478	100.0	1.11e-53	92	ok
smbu06GL000085	GCA_019967715.1	100.000	100.0	3.14e-56	92	ok
smbu06GL000085	GCA_022870765.1	91.304	100.0	4.81e-53	92	ok
smbu06GL000085	GCA_023523715.1	91.304	100.0	4.81e-53	92	ok
smbu06GL000085	GCA_023612275.1	100.000	100.0	3.14e-56	92	ok
smbu06GL000085	GCA_025402795.1	93.478	100.0	1.11e-53	92	ok
smbu06GL000085	GCA_025402855.1	93.478	100.0	1.11e-53	92	ok
smbu06GL000085	GCA_029201225.1	91.304	100.0	4.81e-53	92	ok
smbu06GL000085	GCA_029215545.1	91.304	100.0	4.81e-53	92	ok
smbu06GL000085	GCA_030490365.1	100.000	100.0	3.14e-56	92	ok
smbu06GL000085	GCA_033954875.1	100.000	100.0	3.14e-56	92	ok
smbu06GL000085	GCA_033954895.1	100.000	100.0	3.14e-56	92	ok
smbu06GL000085	GCA_033954915.1	100.000	100.0	3.14e-56	92	ok
smbu06GL000085	GCA_036669985.1	100.000	100.0	3.14e-56	92	ok
smbu06GL000085	GCA_040745045.1	100.000	100.0	3.14e-56	92	ok
smbu06GL000085	GCA_041930275.1	92.391	100.0	1.75e-53	92	ok
smbu06GL000085	GCA_041952535.1	92.391	100.0	1.75e-53	92	ok
smbu06GL000085	GCA_043950735.1	97.826	100.0	1.19e-55	92	ok
smbu06GL000085	GCA_043950745.1	97.826	100.0	1.19e-55	92	ok
smbu06GL000085	GCA_045039055.1	92.391	100.0	1.75e-53	92	ok
smbu06GL000085	GCA_049315065.1	100.000	100.0	3.14e-56	92	ok
smbu06GL000085	GCA_049315075.1	100.000	100.0	3.14e-56	92	ok
smbu06GL000085	GCA_049315085.1	100.000	100.0	3.14e-56	92	ok
smbu06GL000085	GCA_049315095.1	100.000	100.0	3.14e-56	92	ok
smbu06GL000085	GCA_049315105.1	100.000	100.0	3.14e-56	92	ok
smbu06GL000085	GCA_049315115.1	100.000	100.0	3.14e-56	92	ok
smbu06GL000085	GCA_049315125.1	100.000	100.0	3.14e-56	92	ok
smbu06GL000085	GCA_049315135.1	100.000	100.0	3.14e-56	92	ok
smbu06GL000085	GCA_049315145.1	100.000	100.0	3.14e-56	92	ok
smbu06GL000085	GCA_049315155.1	100.000	100.0	3.14e-56	92	ok
smbu06GL000085	GCA_049315165.1	100.000	100.0	3.14e-56	92	ok
smbu06GL000085	GCA_049315175.1	100.000	100.0	3.14e-56	92	ok
smbu06GL000085	GCA_052655065.1	100.000	100.0	3.14e-56	92	ok
smbu06GL000085	GCA_052655335.1	100.000	100.0	3.14e-56	92	ok
smbu06GL000085	GCA_052655665.1	100.000	100.0	3.14e-56	92	ok
smbu06GL000085	GCA_052656575.1	100.000	100.0	3.14e-56	92	ok
smbu06GL000085	GCA_052657825.1	100.000	100.0	3.14e-56	92	ok
smbu06GL000085	GCA_052658005.1	100.000	100.0	3.14e-56	92	ok
smbu06GL000085	GCA_053764515.1	94.565	100.0	4.25e-54	92	ok
smbu06GL000085	GCA_055397705.1	63.265	100.0	3.46e-30	91	ok
smbu06GL000085	GCA_055397995.1	89.130	100.0	5.98e-49	91	ok
smbu06GL000085	GCA_056487485.1	93.939	71.7	1.64e-36	28	ok
smbu06GL000085	GCA_056582645.1	100.000	100.0	3.14e-56	92	ok
smbu06GL000085	GCA_058072705.1	100.000	100.0	3.14e-56	92	ok
smbu06GL000085	GCA_060306215.1	100.000	100.0	3.14e-56	92	ok
smbu06GL000085	GCA_060307205.1	97.826	100.0	1.19e-55	92	ok
smbu06GL000085	GCA_060307225.1	100.000	100.0	3.14e-56	92	ok
smbu06GL000085	GCA_061568495.1	100.000	100.0	3.14e-56	92	ok
smbu06GL000085	GCA_900636615.1	96.429	60.9	1.07e-29	56	ok
smbu06GL000085	GCA_905186115.1	97.826	100.0	1.19e-55	92	ok
smbu06GL000085	GCA_931972305.1	94.565	100.0	4.25e-54	92	ok
smbu06GL000085	GCA_963280925.1	97.826	100.0	1.19e-55	92	ok
smbu06GL000085	GCA_988227945.1	100.000	100.0	3.14e-56	92	ok
smbu06GL000085	GCA_988227985.1	100.000	100.0	3.14e-56	92	ok
smbu06GL000085	GCA_988228025.1	100.000	100.0	3.14e-56	92	ok
smbu06GL000085	GCA_988235375.1	100.000	100.0	3.14e-56	92	ok
smbu06GL000085	GCA_988236725.1	100.000	100.0	3.14e-56	92	ok
smbu06GL000085	GCA_988237225.1	100.000	100.0	3.14e-56	92	ok
smbu06GL000085	GCF_001298485.1	100.000	100.0	3.14e-56	92	ok
smbu06GL000085	GCF_001412695.1	100.000	100.0	3.14e-56	92	ok
smbu06GL000085	GCF_001598635.1	93.478	100.0	3.2e-53	92	ok
smbu06GL000085	GCF_001689055.2	93.478	100.0	3.2e-53	92	ok
smbu06GL000085	GCF_002208945.1	93.478	100.0	3.2e-53	92	ok
smbu06GL000085	GCF_002216705.1	94.565	100.0	4.25e-54	92	ok
smbu06GL000085	GCF_002278015.2	97.826	100.0	1.19e-55	92	ok
smbu06GL000085	GCF_002289045.2	93.478	100.0	3.2e-53	92	ok
smbu06GL000085	GCF_002290025.1	100.000	100.0	3.14e-56	92	ok
smbu06GL000085	GCF_002355755.1	93.478	100.0	3.2e-53	92	ok
smbu06GL000085	GCF_002761555.1	100.000	100.0	3.14e-56	92	ok
smbu06GL000085	GCF_002831505.1	100.000	100.0	3.14e-56	92	ok
smbu06GL000085	GCF_002850515.1	100.000	100.0	3.14e-56	92	ok
smbu06GL000085	GCF_002983785.1	100.000	100.0	3.14e-56	92	ok
smbu06GL000085	GCF_003269465.1	100.000	100.0	3.14e-56	92	ok
smbu06GL000085	GCF_003667965.1	100.000	100.0	3.14e-56	92	ok
smbu06GL000085	GCF_003711125.1	90.217	100.0	2.38e-52	92	ok
smbu06GL000085	GCF_003711605.1	100.000	100.0	3.14e-56	92	ok
smbu06GL000085	GCF_003812665.1	93.478	100.0	3.2e-53	92	ok
smbu06GL000085	GCF_004332055.1	100.000	100.0	3.14e-56	92	ok
smbu06GL000085	GCF_005484525.1	93.478	100.0	3.2e-53	92	ok
smbu06GL000085	GCF_006337145.1	100.000	100.0	3.14e-56	92	ok
smbu06GL000085	GCF_006351785.1	100.000	100.0	3.14e-56	92	ok
smbu06GL000085	GCF_006351845.1	100.000	100.0	3.14e-56	92	ok
smbu06GL000085	GCF_006364815.1	93.478	100.0	3.2e-53	92	ok
smbu06GL000085	GCF_006494835.1	93.478	100.0	3.2e-53	92	ok
smbu06GL000085	GCF_006494855.1	93.478	100.0	3.2e-53	92	ok
smbu06GL000085	GCF_006494875.1	93.478	100.0	3.2e-53	92	ok
smbu06GL000085	GCF_006766145.1	93.478	100.0	3.2e-53	92	ok
smbu06GL000085	GCF_007923665.2	100.000	100.0	3.14e-56	92	ok
smbu06GL000085	GCF_007923785.2	100.000	100.0	3.14e-56	92	ok
smbu06GL000085	GCF_007923865.2	100.000	100.0	3.14e-56	92	ok
smbu06GL000085	GCF_007923885.2	100.000	100.0	3.14e-56	92	ok
smbu06GL000085	GCF_007923905.2	100.000	100.0	3.14e-56	92	ok
smbu06GL000085	GCF_007923925.2	100.000	100.0	3.14e-56	92	ok
smbu06GL000085	GCF_007923945.2	100.000	100.0	3.14e-56	92	ok
smbu06GL000085	GCF_007923965.2	100.000	100.0	3.14e-56	92	ok
smbu06GL000085	GCF_008330605.1	100.000	100.0	3.14e-56	92	ok
smbu06GL000085	GCF_009730155.1	92.391	100.0	1.75e-53	92	ok
smbu06GL000085	GCF_009734005.1	100.000	100.0	3.14e-56	92	ok
smbu06GL000085	GCF_009938075.1	100.000	100.0	3.14e-56	92	ok
smbu06GL000085	GCF_010103655.1	93.478	100.0	3.2e-53	92	ok
smbu06GL000085	GCF_010120755.1	100.000	100.0	3.14e-56	92	ok
smbu06GL000085	GCF_011745645.1	100.000	100.0	3.14e-56	92	ok
smbu06GL000085	GCF_012045365.1	100.000	100.0	3.14e-56	92	ok
smbu06GL000085	GCF_012045505.1	100.000	100.0	3.14e-56	92	ok
smbu06GL000085	GCF_012594215.1	93.478	100.0	3.2e-53	92	ok
smbu06GL000085	GCF_013201055.1	100.000	100.0	3.14e-56	92	ok
smbu06GL000085	GCF_013344625.1	93.478	100.0	3.2e-53	92	ok
smbu06GL000085	GCF_013344645.1	93.478	100.0	3.2e-53	92	ok
smbu06GL000085	GCF_013344665.1	93.478	100.0	3.2e-53	92	ok
smbu06GL000085	GCF_013391145.1	97.826	100.0	1.19e-55	92	ok
smbu06GL000085	GCF_013391165.1	97.826	100.0	1.19e-55	92	ok
smbu06GL000085	GCF_013391185.1	97.826	100.0	1.19e-55	92	ok
smbu06GL000085	GCF_013391205.1	97.826	100.0	1.19e-55	92	ok
smbu06GL000085	GCF_013394325.1	93.478	100.0	1.11e-53	92	ok
smbu06GL000085	GCF_015377765.1	100.000	100.0	3.14e-56	92	ok
smbu06GL000085	GCF_015767695.1	100.000	100.0	3.14e-56	92	ok
smbu06GL000085	GCF_015767715.1	100.000	100.0	3.14e-56	92	ok
smbu06GL000085	GCF_016127235.1	97.826	100.0	1.19e-55	92	ok
smbu06GL000085	GCF_017280035.1	93.478	100.0	3.2e-53	92	ok
smbu06GL000085	GCF_017357805.1	93.478	100.0	3.2e-53	92	ok
smbu06GL000085	GCF_018516845.1	100.000	100.0	3.14e-56	92	ok
smbu06GL000085	GCF_019203145.1	100.000	100.0	3.14e-56	92	ok
smbu06GL000085	GCF_019343125.1	100.000	100.0	3.14e-56	92	ok
smbu06GL000085	GCF_019456555.1	100.000	100.0	3.14e-56	92	ok
smbu06GL000085	GCF_019456575.1	100.000	100.0	3.14e-56	92	ok
smbu06GL000085	GCF_019456595.1	100.000	100.0	3.14e-56	92	ok
smbu06GL000085	GCF_019797905.1	93.478	100.0	1.11e-53	92	ok
smbu06GL000085	GCF_019967715.1	100.000	100.0	3.14e-56	92	ok
smbu06GL000085	GCF_020881975.1	93.478	100.0	3.2e-53	92	ok
smbu06GL000085	GCF_020906605.1	93.478	100.0	3.2e-53	92	ok
smbu06GL000085	GCF_022869705.1	93.478	100.0	3.2e-53	92	ok
smbu06GL000085	GCF_023299785.1	93.478	100.0	3.2e-53	92	ok
smbu06GL000085	GCF_023375505.1	93.478	100.0	3.2e-53	92	ok
smbu06GL000085	GCF_023612035.1	93.478	100.0	3.2e-53	92	ok
smbu06GL000085	GCF_023612275.1	100.000	100.0	3.14e-56	92	ok
smbu06GL000085	GCF_024267595.1	93.478	100.0	3.2e-53	92	ok
smbu06GL000085	GCF_025957845.1	93.478	100.0	3.2e-53	92	ok
smbu06GL000085	GCF_025957925.1	93.478	100.0	3.2e-53	92	ok
smbu06GL000085	GCF_025958025.1	93.478	100.0	3.2e-53	92	ok
smbu06GL000085	GCF_025958065.1	93.478	100.0	3.2e-53	92	ok
smbu06GL000085	GCF_025958085.1	93.478	100.0	3.2e-53	92	ok
smbu06GL000085	GCF_025958625.1	93.478	100.0	3.2e-53	92	ok
smbu06GL000085	GCF_025958845.1	93.478	100.0	3.2e-53	92	ok
smbu06GL000085	GCF_025958885.1	93.478	100.0	3.2e-53	92	ok
smbu06GL000085	GCF_026650885.1	93.478	100.0	3.2e-53	92	ok
smbu06GL000085	GCF_027915235.1	100.000	100.0	3.14e-56	92	ok
smbu06GL000085	GCF_030490365.1	100.000	100.0	3.14e-56	92	ok
smbu06GL000085	GCF_030584585.1	100.000	100.0	3.14e-56	92	ok
smbu06GL000085	GCF_030584605.1	100.000	100.0	3.14e-56	92	ok
smbu06GL000085	GCF_030584685.1	100.000	100.0	3.14e-56	92	ok
smbu06GL000085	GCF_030643745.1	100.000	100.0	3.14e-56	92	ok
smbu06GL000085	GCF_033954875.1	100.000	100.0	3.14e-56	92	ok
smbu06GL000085	GCF_033954895.1	100.000	100.0	3.14e-56	92	ok
smbu06GL000085	GCF_033954915.1	100.000	100.0	3.14e-56	92	ok
smbu06GL000085	GCF_036669985.1	100.000	100.0	3.14e-56	92	ok
smbu06GL000085	GCF_040745045.1	100.000	100.0	3.14e-56	92	ok
smbu06GL000085	GCF_043950735.1	97.826	100.0	1.19e-55	92	ok
smbu06GL000085	GCF_049315065.1	100.000	100.0	3.14e-56	92	ok
smbu06GL000085	GCF_049315075.1	100.000	100.0	3.14e-56	92	ok
smbu06GL000085	GCF_049315085.1	100.000	100.0	3.14e-56	92	ok
smbu06GL000085	GCF_049315095.1	100.000	100.0	3.14e-56	92	ok
smbu06GL000085	GCF_049315105.1	100.000	100.0	3.14e-56	92	ok
smbu06GL000085	GCF_049315115.1	100.000	100.0	3.14e-56	92	ok
smbu06GL000085	GCF_049315125.1	100.000	100.0	3.14e-56	92	ok
smbu06GL000085	GCF_049315135.1	100.000	100.0	3.14e-56	92	ok
smbu06GL000085	GCF_049315145.1	100.000	100.0	3.14e-56	92	ok
smbu06GL000085	GCF_049315155.1	100.000	100.0	3.14e-56	92	ok
smbu06GL000085	GCF_049315165.1	100.000	100.0	3.14e-56	92	ok
smbu06GL000085	GCF_049315175.1	100.000	100.0	3.14e-56	92	ok
smbu06GL000085	GCF_052655065.1	100.000	100.0	3.14e-56	92	ok
smbu06GL000085	GCF_052655335.1	100.000	100.0	3.14e-56	92	ok
smbu06GL000085	GCF_052655665.1	100.000	100.0	3.14e-56	92	ok
smbu06GL000085	GCF_052656575.1	100.000	100.0	3.14e-56	92	ok
smbu06GL000085	GCF_052657825.1	100.000	100.0	3.14e-56	92	ok
smbu06GL000085	GCF_052658005.1	100.000	100.0	3.14e-56	92	ok
smbu06GL000085	GCF_053764515.1	94.565	100.0	4.25e-54	92	ok
smbu06GL000085	GCF_056487465.1	94.565	100.0	4.25e-54	92	ok
smbu06GL000085	GCF_056582645.1	100.000	100.0	3.14e-56	92	ok
smbu06GL000085	GCF_931972305.1	94.565	100.0	4.25e-54	92	ok
smbu06GL000085	GCF_988227945.1	100.000	100.0	3.14e-56	92	ok
smbu06GL000085	GCF_988227985.1	100.000	100.0	3.14e-56	92	ok
smbu06GL000085	GCF_988228025.1	100.000	100.0	3.14e-56	92	ok
smbu06GL000085	L_lactis_14B4	89.130	100.0	1.08e-51	92	ok
smbu06GL000085	L_lactis_IL1403	89.130	100.0	1.08e-51	92	ok
smbu06GL000085	L_lactis_MG1363	89.130	100.0	8.91e-52	92	ok
smbu06GL000085	smbu06_project	100.000	100.0	3.14e-56	92	ok
smbu06GL000085	smbu08_project	100.000	100.0	3.14e-56	92	ok
smbu06GL000086	E_lactis_194	100.000	100.0	1.58e-69	115	ok
smbu06GL000086	GCA_000006865.1	80.870	100.0	1.15e-52	114	ok
smbu06GL000086	GCA_000157355.2	93.043	100.0	4.04e-66	115	ok
smbu06GL000086	GCA_000344575.1	80.870	100.0	1.15e-52	114	ok
smbu06GL000086	GCA_000761115.1	80.870	100.0	1.15e-52	114	ok
smbu06GL000086	GCA_000807375.1	80.870	100.0	1.15e-52	114	ok
smbu06GL000086	GCA_002216705.1	98.261	100.0	7.65e-69	115	ok
smbu06GL000086	GCA_002278015.2	99.130	100.0	4.99e-69	115	ok
smbu06GL000086	GCA_002290025.1	98.261	100.0	7.65e-69	115	ok
smbu06GL000086	GCA_002804185.1	80.870	100.0	1.15e-52	114	ok
smbu06GL000086	GCA_002804285.1	80.870	100.0	1.15e-52	114	ok
smbu06GL000086	GCA_002813755.1	98.261	100.0	7.65e-69	115	ok
smbu06GL000086	GCA_002895225.1	80.870	100.0	1.15e-52	114	ok
smbu06GL000086	GCA_003711125.1	97.391	100.0	4.01e-68	115	ok
smbu06GL000086	GCA_003722255.1	80.870	100.0	1.15e-52	114	ok
smbu06GL000086	GCA_005347505.1	97.391	100.0	4.01e-68	115	ok
smbu06GL000086	GCA_009730155.1	93.043	100.0	4.04e-66	115	ok
smbu06GL000086	GCA_013391145.1	99.130	100.0	4.99e-69	115	ok
smbu06GL000086	GCA_013391165.1	99.130	100.0	4.99e-69	115	ok
smbu06GL000086	GCA_013391185.1	99.130	100.0	4.99e-69	115	ok
smbu06GL000086	GCA_013391205.1	99.130	100.0	4.99e-69	115	ok
smbu06GL000086	GCA_013394325.1	97.391	100.0	4.01e-68	115	ok
smbu06GL000086	GCA_015767715.1	100.000	100.0	1.58e-69	115	ok
smbu06GL000086	GCA_016127235.1	99.130	100.0	4.99e-69	115	ok
smbu06GL000086	GCA_019203145.1	100.000	100.0	1.58e-69	115	ok
smbu06GL000086	GCA_019343125.1	100.000	100.0	1.58e-69	115	ok
smbu06GL000086	GCA_019797905.1	95.652	100.0	2.73e-67	115	ok
smbu06GL000086	GCA_019967715.1	100.000	100.0	1.58e-69	115	ok
smbu06GL000086	GCA_022870765.1	93.043	100.0	4.04e-66	115	ok
smbu06GL000086	GCA_023523715.1	93.043	100.0	4.04e-66	115	ok
smbu06GL000086	GCA_023612275.1	100.000	100.0	1.58e-69	115	ok
smbu06GL000086	GCA_025402795.1	95.652	100.0	2.73e-67	115	ok
smbu06GL000086	GCA_025402855.1	95.652	100.0	2.73e-67	115	ok
smbu06GL000086	GCA_029201225.1	93.043	100.0	4.04e-66	115	ok
smbu06GL000086	GCA_029215545.1	93.043	100.0	4.04e-66	115	ok
smbu06GL000086	GCA_030490365.1	100.000	100.0	1.58e-69	115	ok
smbu06GL000086	GCA_033954875.1	100.000	100.0	1.58e-69	115	ok
smbu06GL000086	GCA_033954895.1	100.000	100.0	1.58e-69	115	ok
smbu06GL000086	GCA_033954915.1	100.000	100.0	1.58e-69	115	ok
smbu06GL000086	GCA_036669985.1	100.000	100.0	1.58e-69	115	ok
smbu06GL000086	GCA_040745045.1	100.000	100.0	1.58e-69	115	ok
smbu06GL000086	GCA_041930275.1	93.043	100.0	4.04e-66	115	ok
smbu06GL000086	GCA_041952535.1	93.043	100.0	4.04e-66	115	ok
smbu06GL000086	GCA_043950735.1	99.130	100.0	4.99e-69	115	ok
smbu06GL000086	GCA_043950745.1	99.130	100.0	4.99e-69	115	ok
smbu06GL000086	GCA_045039055.1	93.043	100.0	4.04e-66	115	ok
smbu06GL000086	GCA_049315065.1	100.000	100.0	1.58e-69	115	ok
smbu06GL000086	GCA_049315075.1	99.130	100.0	4.99e-69	115	ok
smbu06GL000086	GCA_049315085.1	99.130	100.0	4.99e-69	115	ok
smbu06GL000086	GCA_049315095.1	99.130	100.0	4.99e-69	115	ok
smbu06GL000086	GCA_049315105.1	99.130	100.0	4.99e-69	115	ok
smbu06GL000086	GCA_049315115.1	100.000	100.0	1.58e-69	115	ok
smbu06GL000086	GCA_049315125.1	100.000	100.0	1.58e-69	115	ok
smbu06GL000086	GCA_049315135.1	99.130	100.0	4.99e-69	115	ok
smbu06GL000086	GCA_049315145.1	100.000	100.0	1.58e-69	115	ok
smbu06GL000086	GCA_049315155.1	99.130	100.0	4.99e-69	115	ok
smbu06GL000086	GCA_049315165.1	100.000	100.0	1.58e-69	115	ok
smbu06GL000086	GCA_049315175.1	100.000	100.0	1.58e-69	115	ok
smbu06GL000086	GCA_052655065.1	100.000	100.0	1.58e-69	115	ok
smbu06GL000086	GCA_052655335.1	100.000	100.0	1.58e-69	115	ok
smbu06GL000086	GCA_052655665.1	100.000	100.0	1.58e-69	115	ok
smbu06GL000086	GCA_052656575.1	100.000	100.0	1.58e-69	115	ok
smbu06GL000086	GCA_052657825.1	100.000	100.0	1.58e-69	115	ok
smbu06GL000086	GCA_052658005.1	100.000	100.0	1.58e-69	115	ok
smbu06GL000086	GCA_053764515.1	98.261	100.0	7.65e-69	115	ok
smbu06GL000086	GCA_055397705.1	100.000	100.0	1.58e-69	115	ok
smbu06GL000086	GCA_055397995.1	88.696	100.0	3.63e-64	115	ok
smbu06GL000086	GCA_056487485.1	98.261	100.0	7.65e-69	115	ok
smbu06GL000086	GCA_056582645.1	100.000	100.0	1.58e-69	115	ok
smbu06GL000086	GCA_058072705.1	100.000	100.0	1.58e-69	115	ok
smbu06GL000086	GCA_060306215.1	100.000	100.0	1.58e-69	115	ok
smbu06GL000086	GCA_060307205.1	99.130	100.0	4.99e-69	115	ok
smbu06GL000086	GCA_060307225.1	100.000	100.0	1.58e-69	115	ok
smbu06GL000086	GCA_061568495.1	100.000	100.0	1.58e-69	115	ok
smbu06GL000086	GCA_900636615.1	99.130	100.0	4.99e-69	115	ok
smbu06GL000086	GCA_905186115.1	99.130	100.0	4.99e-69	115	ok
smbu06GL000086	GCA_931972305.1	98.261	100.0	7.65e-69	115	ok
smbu06GL000086	GCA_963280925.1	99.130	100.0	4.99e-69	115	ok
smbu06GL000086	GCA_988227945.1	100.000	100.0	1.58e-69	115	ok
smbu06GL000086	GCA_988227985.1	100.000	100.0	1.58e-69	115	ok
smbu06GL000086	GCA_988228025.1	100.000	100.0	1.58e-69	115	ok
smbu06GL000086	GCA_988235375.1	98.261	100.0	7.65e-69	115	ok
smbu06GL000086	GCA_988236725.1	98.261	100.0	7.65e-69	115	ok
smbu06GL000086	GCA_988237225.1	100.000	100.0	1.58e-69	115	ok
smbu06GL000086	GCF_001298485.1	99.130	100.0	4.99e-69	115	ok
smbu06GL000086	GCF_001412695.1	99.130	100.0	4.99e-69	115	ok
smbu06GL000086	GCF_001598635.1	96.522	100.0	1.46e-67	115	ok
smbu06GL000086	GCF_001689055.2	96.522	100.0	1.46e-67	115	ok
smbu06GL000086	GCF_002208945.1	96.522	100.0	1.46e-67	115	ok
smbu06GL000086	GCF_002216705.1	98.261	100.0	7.65e-69	115	ok
smbu06GL000086	GCF_002278015.2	99.130	100.0	4.99e-69	115	ok
smbu06GL000086	GCF_002289045.2	96.522	100.0	1.46e-67	115	ok
smbu06GL000086	GCF_002290025.1	98.261	100.0	7.65e-69	115	ok
smbu06GL000086	GCF_002355755.1	96.522	100.0	1.46e-67	115	ok
smbu06GL000086	GCF_002761555.1	99.130	100.0	4.99e-69	115	ok
smbu06GL000086	GCF_002831505.1	99.130	100.0	4.99e-69	115	ok
smbu06GL000086	GCF_002850515.1	99.130	100.0	4.99e-69	115	ok
smbu06GL000086	GCF_002983785.1	99.130	100.0	4.99e-69	115	ok
smbu06GL000086	GCF_003269465.1	100.000	100.0	1.58e-69	115	ok
smbu06GL000086	GCF_003667965.1	100.000	100.0	1.58e-69	115	ok
smbu06GL000086	GCF_003711125.1	97.391	100.0	4.01e-68	115	ok
smbu06GL000086	GCF_003711605.1	100.000	100.0	1.58e-69	115	ok
smbu06GL000086	GCF_003812665.1	96.522	100.0	1.46e-67	115	ok
smbu06GL000086	GCF_004332055.1	99.130	100.0	4.99e-69	115	ok
smbu06GL000086	GCF_005484525.1	96.522	100.0	1.46e-67	115	ok
smbu06GL000086	GCF_006337145.1	100.000	100.0	1.58e-69	115	ok
smbu06GL000086	GCF_006351785.1	99.130	100.0	4.99e-69	115	ok
smbu06GL000086	GCF_006351845.1	99.130	100.0	4.99e-69	115	ok
smbu06GL000086	GCF_006364815.1	96.522	100.0	1.46e-67	115	ok
smbu06GL000086	GCF_006494835.1	96.522	100.0	1.46e-67	115	ok
smbu06GL000086	GCF_006494855.1	96.522	100.0	1.46e-67	115	ok
smbu06GL000086	GCF_006494875.1	96.522	100.0	1.46e-67	115	ok
smbu06GL000086	GCF_006766145.1	96.522	100.0	1.46e-67	115	ok
smbu06GL000086	GCF_007923665.2	99.130	100.0	4.99e-69	115	ok
smbu06GL000086	GCF_007923785.2	99.130	100.0	4.99e-69	115	ok
smbu06GL000086	GCF_007923865.2	99.130	100.0	4.99e-69	115	ok
smbu06GL000086	GCF_007923885.2	99.130	100.0	4.99e-69	115	ok
smbu06GL000086	GCF_007923905.2	99.130	100.0	4.99e-69	115	ok
smbu06GL000086	GCF_007923925.2	99.130	100.0	4.99e-69	115	ok
smbu06GL000086	GCF_007923945.2	99.130	100.0	4.99e-69	115	ok
smbu06GL000086	GCF_007923965.2	99.130	100.0	4.99e-69	115	ok
smbu06GL000086	GCF_008330605.1	100.000	100.0	1.58e-69	115	ok
smbu06GL000086	GCF_009730155.1	93.043	100.0	4.04e-66	115	ok
smbu06GL000086	GCF_009734005.1	99.130	100.0	4.99e-69	115	ok
smbu06GL000086	GCF_009938075.1	99.130	100.0	4.99e-69	115	ok
smbu06GL000086	GCF_010103655.1	96.522	100.0	1.46e-67	115	ok
smbu06GL000086	GCF_010120755.1	99.130	100.0	4.99e-69	115	ok
smbu06GL000086	GCF_011745645.1	100.000	100.0	1.58e-69	115	ok
smbu06GL000086	GCF_012045365.1	100.000	100.0	1.58e-69	115	ok
smbu06GL000086	GCF_012045505.1	100.000	100.0	1.58e-69	115	ok
smbu06GL000086	GCF_012594215.1	96.522	100.0	1.46e-67	115	ok
smbu06GL000086	GCF_013201055.1	100.000	100.0	1.58e-69	115	ok
smbu06GL000086	GCF_013344625.1	96.522	100.0	1.46e-67	115	ok
smbu06GL000086	GCF_013344645.1	96.522	100.0	1.46e-67	115	ok
smbu06GL000086	GCF_013344665.1	96.522	100.0	1.46e-67	115	ok
smbu06GL000086	GCF_013391145.1	99.130	100.0	4.99e-69	115	ok
smbu06GL000086	GCF_013391165.1	99.130	100.0	4.99e-69	115	ok
smbu06GL000086	GCF_013391185.1	99.130	100.0	4.99e-69	115	ok
smbu06GL000086	GCF_013391205.1	99.130	100.0	4.99e-69	115	ok
smbu06GL000086	GCF_013394325.1	97.391	100.0	4.01e-68	115	ok
smbu06GL000086	GCF_015377765.1	100.000	100.0	1.58e-69	115	ok
smbu06GL000086	GCF_015767695.1	99.130	100.0	4.99e-69	115	ok
smbu06GL000086	GCF_015767715.1	100.000	100.0	1.58e-69	115	ok
smbu06GL000086	GCF_016127235.1	99.130	100.0	4.99e-69	115	ok
smbu06GL000086	GCF_017280035.1	96.522	100.0	1.46e-67	115	ok
smbu06GL000086	GCF_017357805.1	96.522	100.0	1.46e-67	115	ok
smbu06GL000086	GCF_018516845.1	99.130	100.0	4.99e-69	115	ok
smbu06GL000086	GCF_019203145.1	100.000	100.0	1.58e-69	115	ok
smbu06GL000086	GCF_019343125.1	100.000	100.0	1.58e-69	115	ok
smbu06GL000086	GCF_019456555.1	99.130	100.0	4.99e-69	115	ok
smbu06GL000086	GCF_019456575.1	99.130	100.0	4.99e-69	115	ok
smbu06GL000086	GCF_019456595.1	99.130	100.0	4.99e-69	115	ok
smbu06GL000086	GCF_019797905.1	95.652	100.0	2.73e-67	115	ok
smbu06GL000086	GCF_019967715.1	100.000	100.0	1.58e-69	115	ok
smbu06GL000086	GCF_020881975.1	96.522	100.0	1.46e-67	115	ok
smbu06GL000086	GCF_020906605.1	96.522	100.0	1.46e-67	115	ok
smbu06GL000086	GCF_022869705.1	96.522	100.0	1.46e-67	115	ok
smbu06GL000086	GCF_023299785.1	96.522	100.0	1.46e-67	115	ok
smbu06GL000086	GCF_023375505.1	96.522	100.0	1.46e-67	115	ok
smbu06GL000086	GCF_023612035.1	96.522	100.0	1.46e-67	115	ok
smbu06GL000086	GCF_023612275.1	100.000	100.0	1.58e-69	115	ok
smbu06GL000086	GCF_024267595.1	96.522	100.0	1.46e-67	115	ok
smbu06GL000086	GCF_025957845.1	96.522	100.0	1.46e-67	115	ok
smbu06GL000086	GCF_025957925.1	96.522	100.0	1.46e-67	115	ok
smbu06GL000086	GCF_025958025.1	96.522	100.0	1.46e-67	115	ok
smbu06GL000086	GCF_025958065.1	96.522	100.0	1.46e-67	115	ok
smbu06GL000086	GCF_025958085.1	96.522	100.0	1.46e-67	115	ok
smbu06GL000086	GCF_025958625.1	96.522	100.0	1.46e-67	115	ok
smbu06GL000086	GCF_025958845.1	96.522	100.0	1.46e-67	115	ok
smbu06GL000086	GCF_025958885.1	96.522	100.0	1.46e-67	115	ok
smbu06GL000086	GCF_026650885.1	96.522	100.0	1.46e-67	115	ok
smbu06GL000086	GCF_027915235.1	100.000	100.0	1.58e-69	115	ok
smbu06GL000086	GCF_030490365.1	100.000	100.0	1.58e-69	115	ok
smbu06GL000086	GCF_030584585.1	99.130	100.0	4.99e-69	115	ok
smbu06GL000086	GCF_030584605.1	99.130	100.0	4.99e-69	115	ok
smbu06GL000086	GCF_030584685.1	99.130	100.0	4.99e-69	115	ok
smbu06GL000086	GCF_030643745.1	100.000	100.0	1.58e-69	115	ok
smbu06GL000086	GCF_033954875.1	100.000	100.0	1.58e-69	115	ok
smbu06GL000086	GCF_033954895.1	100.000	100.0	1.58e-69	115	ok
smbu06GL000086	GCF_033954915.1	100.000	100.0	1.58e-69	115	ok
smbu06GL000086	GCF_036669985.1	100.000	100.0	1.58e-69	115	ok
smbu06GL000086	GCF_040745045.1	100.000	100.0	1.58e-69	115	ok
smbu06GL000086	GCF_043950735.1	99.130	100.0	4.99e-69	115	ok
smbu06GL000086	GCF_049315065.1	100.000	100.0	1.58e-69	115	ok
smbu06GL000086	GCF_049315075.1	99.130	100.0	4.99e-69	115	ok
smbu06GL000086	GCF_049315085.1	99.130	100.0	4.99e-69	115	ok
smbu06GL000086	GCF_049315095.1	99.130	100.0	4.99e-69	115	ok
smbu06GL000086	GCF_049315105.1	99.130	100.0	4.99e-69	115	ok
smbu06GL000086	GCF_049315115.1	100.000	100.0	1.58e-69	115	ok
smbu06GL000086	GCF_049315125.1	100.000	100.0	1.58e-69	115	ok
smbu06GL000086	GCF_049315135.1	99.130	100.0	4.99e-69	115	ok
smbu06GL000086	GCF_049315145.1	100.000	100.0	1.58e-69	115	ok
smbu06GL000086	GCF_049315155.1	99.130	100.0	4.99e-69	115	ok
smbu06GL000086	GCF_049315165.1	100.000	100.0	1.58e-69	115	ok
smbu06GL000086	GCF_049315175.1	100.000	100.0	1.58e-69	115	ok
smbu06GL000086	GCF_052655065.1	100.000	100.0	1.58e-69	115	ok
smbu06GL000086	GCF_052655335.1	100.000	100.0	1.58e-69	115	ok
smbu06GL000086	GCF_052655665.1	100.000	100.0	1.58e-69	115	ok
smbu06GL000086	GCF_052656575.1	100.000	100.0	1.58e-69	115	ok
smbu06GL000086	GCF_052657825.1	100.000	100.0	1.58e-69	115	ok
smbu06GL000086	GCF_052658005.1	100.000	100.0	1.58e-69	115	ok
smbu06GL000086	GCF_053764515.1	98.261	100.0	7.65e-69	115	ok
smbu06GL000086	GCF_056487465.1	98.261	100.0	7.65e-69	115	ok
smbu06GL000086	GCF_056582645.1	100.000	100.0	1.58e-69	115	ok
smbu06GL000086	GCF_931972305.1	98.261	100.0	7.65e-69	115	ok
smbu06GL000086	GCF_988227945.1	100.000	100.0	1.58e-69	115	ok
smbu06GL000086	GCF_988227985.1	100.000	100.0	1.58e-69	115	ok
smbu06GL000086	GCF_988228025.1	100.000	100.0	1.58e-69	115	ok
smbu06GL000086	L_lactis_14B4	80.870	100.0	1.15e-52	114	ok
smbu06GL000086	L_lactis_IL1403	80.870	100.0	1.15e-52	114	ok
smbu06GL000086	L_lactis_MG1363	80.870	100.0	1.15e-52	114	ok
smbu06GL000086	smbu06_project	100.000	100.0	1.58e-69	115	ok
smbu06GL000086	smbu08_project	100.000	100.0	1.58e-69	115	ok
smbu06GL000087	E_lactis_194	99.541	100.0	4.92e-141	218	ok
smbu06GL000087	GCA_000006865.1	81.776	98.2	3.23e-118	214	ok
smbu06GL000087	GCA_000157355.2	94.037	100.0	9.49e-136	218	ok
smbu06GL000087	GCA_000344575.1	82.243	98.2	1.09e-118	214	ok
smbu06GL000087	GCA_000761115.1	82.243	98.2	1.09e-118	214	ok
smbu06GL000087	GCA_000807375.1	82.243	98.2	1.09e-118	214	ok
smbu06GL000087	GCA_002216705.1	94.931	99.5	1.47e-134	217	ok
smbu06GL000087	GCA_002278015.2	98.165	100.0	1.57e-139	218	ok
smbu06GL000087	GCA_002290025.1	98.165	100.0	3.97e-139	218	ok
smbu06GL000087	GCA_002804185.1	82.243	98.2	1.09e-118	214	ok
smbu06GL000087	GCA_002804285.1	82.243	98.2	1.09e-118	214	ok
smbu06GL000087	GCA_002813755.1	96.789	100.0	2.33e-138	218	ok
smbu06GL000087	GCA_002895225.1	82.243	98.2	1.09e-118	214	ok
smbu06GL000087	GCA_003711125.1	95.413	100.0	2.27e-136	218	ok
smbu06GL000087	GCA_003722255.1	81.776	98.2	3.23e-118	214	ok
smbu06GL000087	GCA_005347505.1	95.413	100.0	2.27e-136	218	ok
smbu06GL000087	GCA_009730155.1	94.495	100.0	2.86e-136	218	ok
smbu06GL000087	GCA_013391145.1	98.165	100.0	1.57e-139	218	ok
smbu06GL000087	GCA_013391165.1	98.165	100.0	1.57e-139	218	ok
smbu06GL000087	GCA_013391185.1	98.165	100.0	1.57e-139	218	ok
smbu06GL000087	GCA_013391205.1	98.165	100.0	1.57e-139	218	ok
smbu06GL000087	GCA_013394325.1	94.954	100.0	9.31e-136	218	ok
smbu06GL000087	GCA_015767715.1	99.541	100.0	4.92e-141	218	ok
smbu06GL000087	GCA_016127235.1	98.165	100.0	1.57e-139	218	ok
smbu06GL000087	GCA_019203145.1	99.541	100.0	4.92e-141	218	ok
smbu06GL000087	GCA_019343125.1	99.541	100.0	4.92e-141	218	ok
smbu06GL000087	GCA_019797905.1	95.413	100.0	2.27e-136	218	ok
smbu06GL000087	GCA_019967715.1	99.541	100.0	4.92e-141	218	ok
smbu06GL000087	GCA_022870765.1	94.037	100.0	9.49e-136	218	ok
smbu06GL000087	GCA_023523715.1	94.037	100.0	9.49e-136	218	ok
smbu06GL000087	GCA_023612275.1	99.541	100.0	4.92e-141	218	ok
smbu06GL000087	GCA_025402795.1	95.413	100.0	2.27e-136	218	ok
smbu06GL000087	GCA_025402855.1	95.413	100.0	2.27e-136	218	ok
smbu06GL000087	GCA_029201225.1	94.037	100.0	9.49e-136	218	ok
smbu06GL000087	GCA_029215545.1	94.037	100.0	9.49e-136	218	ok
smbu06GL000087	GCA_030490365.1	99.541	100.0	4.92e-141	218	ok
smbu06GL000087	GCA_033954875.1	99.541	100.0	4.92e-141	218	ok
smbu06GL000087	GCA_033954895.1	99.541	100.0	4.92e-141	218	ok
smbu06GL000087	GCA_033954915.1	99.541	100.0	4.92e-141	218	ok
smbu06GL000087	GCA_036669985.1	99.541	100.0	4.92e-141	218	ok
smbu06GL000087	GCA_040745045.1	99.541	100.0	4.92e-141	218	ok
smbu06GL000087	GCA_041930275.1	94.495	100.0	2.86e-136	218	ok
smbu06GL000087	GCA_041952535.1	94.495	100.0	2.86e-136	218	ok
smbu06GL000087	GCA_043950735.1	98.165	100.0	1.57e-139	218	ok
smbu06GL000087	GCA_043950745.1	98.165	100.0	1.57e-139	218	ok
smbu06GL000087	GCA_045039055.1	94.495	100.0	2.86e-136	218	ok
smbu06GL000087	GCA_049315065.1	99.541	100.0	4.92e-141	218	ok
smbu06GL000087	GCA_049315075.1	97.706	100.0	2.92e-139	218	ok
smbu06GL000087	GCA_049315085.1	97.706	100.0	2.92e-139	218	ok
smbu06GL000087	GCA_049315095.1	97.706	100.0	2.92e-139	218	ok
smbu06GL000087	GCA_049315105.1	97.706	100.0	2.92e-139	218	ok
smbu06GL000087	GCA_049315115.1	99.541	100.0	4.92e-141	218	ok
smbu06GL000087	GCA_049315125.1	99.541	100.0	4.92e-141	218	ok
smbu06GL000087	GCA_049315135.1	97.706	100.0	2.92e-139	218	ok
smbu06GL000087	GCA_049315145.1	99.541	100.0	4.92e-141	218	ok
smbu06GL000087	GCA_049315155.1	97.706	100.0	2.92e-139	218	ok
smbu06GL000087	GCA_049315165.1	99.541	100.0	4.92e-141	218	ok
smbu06GL000087	GCA_049315175.1	99.541	100.0	4.92e-141	218	ok
smbu06GL000087	GCA_052655065.1	99.541	100.0	4.92e-141	218	ok
smbu06GL000087	GCA_052655335.1	99.541	100.0	4.92e-141	218	ok
smbu06GL000087	GCA_052655665.1	99.541	100.0	4.92e-141	218	ok
smbu06GL000087	GCA_052656575.1	99.541	100.0	4.92e-141	218	ok
smbu06GL000087	GCA_052657825.1	99.541	100.0	4.92e-141	218	ok
smbu06GL000087	GCA_052658005.1	99.541	100.0	4.92e-141	218	ok
smbu06GL000087	GCA_053764515.1	96.789	100.0	2.33e-138	218	ok
smbu06GL000087	GCA_055397705.1	99.541	100.0	4.92e-141	218	ok
smbu06GL000087	GCA_055397995.1	93.103	53.2	1.15e-102	116	ok
smbu06GL000087	GCA_056487485.1	96.789	100.0	2.33e-138	218	ok
smbu06GL000087	GCA_056582645.1	99.541	100.0	4.92e-141	218	ok
smbu06GL000087	GCA_058072705.1	99.541	100.0	4.92e-141	218	ok
smbu06GL000087	GCA_060306215.1	99.541	100.0	4.92e-141	218	ok
smbu06GL000087	GCA_060307205.1	98.165	100.0	1.57e-139	218	ok
smbu06GL000087	GCA_060307225.1	99.541	100.0	4.92e-141	218	ok
smbu06GL000087	GCA_061568495.1	99.541	100.0	4.92e-141	218	ok
smbu06GL000087	GCA_900636615.1	98.165	100.0	1.57e-139	218	ok
smbu06GL000087	GCA_905186115.1	98.165	100.0	1.57e-139	218	ok
smbu06GL000087	GCA_931972305.1	96.789	100.0	2.33e-138	218	ok
smbu06GL000087	GCA_963280925.1	98.165	100.0	1.57e-139	218	ok
smbu06GL000087	GCA_988227945.1	99.541	100.0	4.92e-141	218	ok
smbu06GL000087	GCA_988227985.1	99.541	100.0	4.92e-141	218	ok
smbu06GL000087	GCA_988228025.1	99.541	100.0	4.92e-141	218	ok
smbu06GL000087	GCA_988235375.1	98.165	100.0	3.97e-139	218	ok
smbu06GL000087	GCA_988236725.1	98.165	100.0	3.97e-139	218	ok
smbu06GL000087	GCA_988237225.1	99.541	100.0	4.92e-141	218	ok
smbu06GL000087	GCF_001298485.1	99.541	100.0	4.92e-141	218	ok
smbu06GL000087	GCF_001412695.1	99.541	100.0	4.92e-141	218	ok
smbu06GL000087	GCF_001598635.1	95.872	100.0	2.16e-137	218	ok
smbu06GL000087	GCF_001689055.2	95.872	100.0	2.16e-137	218	ok
smbu06GL000087	GCF_002208945.1	95.872	100.0	2.16e-137	218	ok
smbu06GL000087	GCF_002216705.1	94.931	99.5	1.47e-134	217	ok
smbu06GL000087	GCF_002278015.2	98.165	100.0	1.57e-139	218	ok
smbu06GL000087	GCF_002289045.2	95.872	100.0	2.16e-137	218	ok
smbu06GL000087	GCF_002290025.1	98.165	100.0	3.97e-139	218	ok
smbu06GL000087	GCF_002355755.1	95.872	100.0	2.16e-137	218	ok
smbu06GL000087	GCF_002761555.1	99.541	100.0	4.92e-141	218	ok
smbu06GL000087	GCF_002831505.1	99.541	100.0	4.92e-141	218	ok
smbu06GL000087	GCF_002850515.1	99.541	100.0	4.92e-141	218	ok
smbu06GL000087	GCF_002983785.1	99.541	100.0	4.92e-141	218	ok
smbu06GL000087	GCF_003269465.1	99.541	100.0	4.92e-141	218	ok
smbu06GL000087	GCF_003667965.1	99.541	100.0	4.92e-141	218	ok
smbu06GL000087	GCF_003711125.1	95.413	100.0	2.27e-136	218	ok
smbu06GL000087	GCF_003711605.1	97.351	69.3	4.06e-117	151	ok
smbu06GL000087	GCF_003812665.1	95.872	100.0	2.16e-137	218	ok
smbu06GL000087	GCF_004332055.1	99.541	100.0	4.92e-141	218	ok
smbu06GL000087	GCF_005484525.1	95.872	100.0	2.16e-137	218	ok
smbu06GL000087	GCF_006337145.1	99.541	100.0	4.92e-141	218	ok
smbu06GL000087	GCF_006351785.1	99.541	100.0	4.92e-141	218	ok
smbu06GL000087	GCF_006351845.1	99.541	100.0	4.92e-141	218	ok
smbu06GL000087	GCF_006364815.1	95.872	100.0	2.16e-137	218	ok
smbu06GL000087	GCF_006494835.1	95.872	100.0	2.16e-137	218	ok
smbu06GL000087	GCF_006494855.1	95.872	100.0	2.16e-137	218	ok
smbu06GL000087	GCF_006494875.1	95.872	100.0	2.16e-137	218	ok
smbu06GL000087	GCF_006766145.1	95.872	100.0	2.16e-137	218	ok
smbu06GL000087	GCF_007923665.2	99.541	100.0	4.92e-141	218	ok
smbu06GL000087	GCF_007923785.2	99.541	100.0	4.92e-141	218	ok
smbu06GL000087	GCF_007923865.2	99.541	100.0	4.92e-141	218	ok
smbu06GL000087	GCF_007923885.2	99.541	100.0	4.92e-141	218	ok
smbu06GL000087	GCF_007923905.2	99.541	100.0	4.92e-141	218	ok
smbu06GL000087	GCF_007923925.2	99.541	100.0	4.92e-141	218	ok
smbu06GL000087	GCF_007923945.2	99.541	100.0	4.92e-141	218	ok
smbu06GL000087	GCF_007923965.2	99.541	100.0	4.92e-141	218	ok
smbu06GL000087	GCF_008330605.1	99.541	100.0	4.92e-141	218	ok
smbu06GL000087	GCF_009730155.1	94.495	100.0	2.86e-136	218	ok
smbu06GL000087	GCF_009734005.1	99.541	100.0	4.92e-141	218	ok
smbu06GL000087	GCF_009938075.1	99.541	100.0	4.92e-141	218	ok
smbu06GL000087	GCF_010103655.1	95.872	100.0	2.16e-137	218	ok
smbu06GL000087	GCF_010120755.1	99.541	100.0	4.92e-141	218	ok
smbu06GL000087	GCF_011745645.1	99.541	100.0	4.92e-141	218	ok
smbu06GL000087	GCF_012045365.1	99.541	100.0	4.92e-141	218	ok
smbu06GL000087	GCF_012045505.1	99.541	100.0	4.92e-141	218	ok
smbu06GL000087	GCF_012594215.1	95.872	100.0	2.16e-137	218	ok
smbu06GL000087	GCF_013201055.1	99.541	100.0	4.92e-141	218	ok
smbu06GL000087	GCF_013344625.1	95.872	100.0	2.16e-137	218	ok
smbu06GL000087	GCF_013344645.1	95.872	100.0	2.16e-137	218	ok
smbu06GL000087	GCF_013344665.1	95.872	100.0	2.16e-137	218	ok
smbu06GL000087	GCF_013391145.1	98.165	100.0	1.57e-139	218	ok
smbu06GL000087	GCF_013391165.1	98.165	100.0	1.57e-139	218	ok
smbu06GL000087	GCF_013391185.1	98.165	100.0	1.57e-139	218	ok
smbu06GL000087	GCF_013391205.1	98.165	100.0	1.57e-139	218	ok
smbu06GL000087	GCF_013394325.1	94.954	100.0	9.31e-136	218	ok
smbu06GL000087	GCF_015377765.1	99.541	100.0	4.92e-141	218	ok
smbu06GL000087	GCF_015767695.1	99.541	100.0	4.92e-141	218	ok
smbu06GL000087	GCF_015767715.1	99.541	100.0	4.92e-141	218	ok
smbu06GL000087	GCF_016127235.1	98.165	100.0	1.57e-139	218	ok
smbu06GL000087	GCF_017280035.1	95.872	100.0	2.16e-137	218	ok
smbu06GL000087	GCF_017357805.1	95.872	100.0	2.16e-137	218	ok
smbu06GL000087	GCF_018516845.1	99.541	100.0	4.92e-141	218	ok
smbu06GL000087	GCF_019203145.1	99.541	100.0	4.92e-141	218	ok
smbu06GL000087	GCF_019343125.1	99.541	100.0	4.92e-141	218	ok
smbu06GL000087	GCF_019456555.1	99.541	100.0	4.92e-141	218	ok
smbu06GL000087	GCF_019456575.1	99.541	100.0	4.92e-141	218	ok
smbu06GL000087	GCF_019456595.1	99.541	100.0	4.92e-141	218	ok
smbu06GL000087	GCF_019797905.1	95.413	100.0	2.27e-136	218	ok
smbu06GL000087	GCF_019967715.1	99.541	100.0	4.92e-141	218	ok
smbu06GL000087	GCF_020881975.1	95.872	100.0	2.16e-137	218	ok
smbu06GL000087	GCF_020906605.1	95.872	100.0	2.16e-137	218	ok
smbu06GL000087	GCF_022869705.1	95.872	100.0	2.16e-137	218	ok
smbu06GL000087	GCF_023299785.1	95.872	100.0	2.16e-137	218	ok
smbu06GL000087	GCF_023375505.1	95.872	100.0	2.16e-137	218	ok
smbu06GL000087	GCF_023612035.1	95.872	100.0	2.16e-137	218	ok
smbu06GL000087	GCF_023612275.1	99.541	100.0	4.92e-141	218	ok
smbu06GL000087	GCF_024267595.1	95.872	100.0	2.16e-137	218	ok
smbu06GL000087	GCF_025957845.1	95.872	100.0	2.16e-137	218	ok
smbu06GL000087	GCF_025957925.1	95.872	100.0	2.16e-137	218	ok
smbu06GL000087	GCF_025958025.1	95.872	100.0	2.16e-137	218	ok
smbu06GL000087	GCF_025958065.1	95.872	100.0	2.16e-137	218	ok
smbu06GL000087	GCF_025958085.1	95.872	100.0	2.16e-137	218	ok
smbu06GL000087	GCF_025958625.1	95.872	100.0	2.16e-137	218	ok
smbu06GL000087	GCF_025958845.1	95.872	100.0	2.16e-137	218	ok
smbu06GL000087	GCF_025958885.1	95.872	100.0	2.16e-137	218	ok
smbu06GL000087	GCF_026650885.1	95.872	100.0	2.16e-137	218	ok
smbu06GL000087	GCF_027915235.1	99.541	100.0	4.92e-141	218	ok
smbu06GL000087	GCF_030490365.1	99.541	100.0	4.92e-141	218	ok
smbu06GL000087	GCF_030584585.1	99.541	100.0	4.92e-141	218	ok
smbu06GL000087	GCF_030584605.1	99.541	100.0	4.92e-141	218	ok
smbu06GL000087	GCF_030584685.1	99.541	100.0	4.92e-141	218	ok
smbu06GL000087	GCF_030643745.1	99.541	100.0	4.92e-141	218	ok
smbu06GL000087	GCF_033954875.1	99.541	100.0	4.92e-141	218	ok
smbu06GL000087	GCF_033954895.1	99.541	100.0	4.92e-141	218	ok
smbu06GL000087	GCF_033954915.1	99.541	100.0	4.92e-141	218	ok
smbu06GL000087	GCF_036669985.1	99.541	100.0	4.92e-141	218	ok
smbu06GL000087	GCF_040745045.1	99.541	100.0	4.92e-141	218	ok
smbu06GL000087	GCF_043950735.1	98.165	100.0	1.57e-139	218	ok
smbu06GL000087	GCF_049315065.1	99.541	100.0	4.92e-141	218	ok
smbu06GL000087	GCF_049315075.1	97.706	100.0	2.92e-139	218	ok
smbu06GL000087	GCF_049315085.1	97.706	100.0	2.92e-139	218	ok
smbu06GL000087	GCF_049315095.1	97.706	100.0	2.92e-139	218	ok
smbu06GL000087	GCF_049315105.1	97.706	100.0	2.92e-139	218	ok
smbu06GL000087	GCF_049315115.1	99.541	100.0	4.92e-141	218	ok
smbu06GL000087	GCF_049315125.1	99.541	100.0	4.92e-141	218	ok
smbu06GL000087	GCF_049315135.1	97.706	100.0	2.92e-139	218	ok
smbu06GL000087	GCF_049315145.1	99.541	100.0	4.92e-141	218	ok
smbu06GL000087	GCF_049315155.1	97.706	100.0	2.92e-139	218	ok
smbu06GL000087	GCF_049315165.1	99.541	100.0	4.92e-141	218	ok
smbu06GL000087	GCF_049315175.1	99.541	100.0	4.92e-141	218	ok
smbu06GL000087	GCF_052655065.1	99.541	100.0	4.92e-141	218	ok
smbu06GL000087	GCF_052655335.1	99.541	100.0	4.92e-141	218	ok
smbu06GL000087	GCF_052655665.1	99.541	100.0	4.92e-141	218	ok
smbu06GL000087	GCF_052656575.1	99.541	100.0	4.92e-141	218	ok
smbu06GL000087	GCF_052657825.1	99.541	100.0	4.92e-141	218	ok
smbu06GL000087	GCF_052658005.1	99.541	100.0	4.92e-141	218	ok
smbu06GL000087	GCF_053764515.1	96.789	100.0	2.33e-138	218	ok
smbu06GL000087	GCF_056487465.1	96.789	100.0	2.33e-138	218	ok
smbu06GL000087	GCF_056582645.1	99.541	100.0	4.92e-141	218	ok
smbu06GL000087	GCF_931972305.1	96.789	100.0	2.33e-138	218	ok
smbu06GL000087	GCF_988227945.1	99.541	100.0	4.92e-141	218	ok
smbu06GL000087	GCF_988227985.1	99.541	100.0	4.92e-141	218	ok
smbu06GL000087	GCF_988228025.1	99.541	100.0	4.92e-141	218	ok
smbu06GL000087	L_lactis_14B4	82.243	98.2	1.09e-118	214	ok
smbu06GL000087	L_lactis_IL1403	81.776	98.2	3.23e-118	214	ok
smbu06GL000087	L_lactis_MG1363	82.243	98.2	1.09e-118	214	ok
smbu06GL000087	smbu06_project	99.541	100.0	4.92e-141	218	ok
smbu06GL000087	smbu08_project	99.541	100.0	4.92e-141	218	ok
smbu06GL000088	E_lactis_194	100.000	100.0	3.19e-89	144	ok
smbu06GL000088	GCA_000006865.1	86.029	94.4	1.46e-72	136	ok
smbu06GL000088	GCA_000157355.2	97.917	100.0	1.39e-87	144	ok
smbu06GL000088	GCA_000344575.1	86.029	94.4	1.46e-72	136	ok
smbu06GL000088	GCA_000761115.1	86.029	94.4	1.46e-72	136	ok
smbu06GL000088	GCA_000807375.1	86.029	94.4	1.46e-72	136	ok
smbu06GL000088	GCA_002216705.1	96.528	100.0	2.72e-86	144	ok
smbu06GL000088	GCA_002278015.2	99.306	100.0	1.89e-88	144	ok
smbu06GL000088	GCA_002290025.1	98.611	100.0	9.62e-89	144	ok
smbu06GL000088	GCA_002804185.1	86.029	94.4	1.46e-72	136	ok
smbu06GL000088	GCA_002804285.1	86.029	94.4	1.46e-72	136	ok
smbu06GL000088	GCA_002813755.1	96.528	100.0	2.72e-86	144	ok
smbu06GL000088	GCA_002895225.1	86.029	94.4	1.46e-72	136	ok
smbu06GL000088	GCA_003711125.1	98.611	100.0	9.62e-89	144	ok
smbu06GL000088	GCA_003722255.1	86.029	94.4	1.46e-72	136	ok
smbu06GL000088	GCA_005347505.1	98.611	100.0	9.62e-89	144	ok
smbu06GL000088	GCA_009730155.1	97.222	100.0	5.78e-87	144	ok
smbu06GL000088	GCA_013391145.1	99.306	100.0	1.89e-88	144	ok
smbu06GL000088	GCA_013391165.1	99.306	100.0	1.89e-88	144	ok
smbu06GL000088	GCA_013391185.1	99.306	100.0	1.89e-88	144	ok
smbu06GL000088	GCA_013391205.1	99.306	100.0	1.89e-88	144	ok
smbu06GL000088	GCA_013394325.1	95.139	100.0	4.34e-86	144	ok
smbu06GL000088	GCA_015767715.1	100.000	100.0	3.19e-89	144	ok
smbu06GL000088	GCA_016127235.1	99.306	100.0	1.89e-88	144	ok
smbu06GL000088	GCA_019203145.1	100.000	100.0	3.19e-89	144	ok
smbu06GL000088	GCA_019343125.1	100.000	100.0	3.19e-89	144	ok
smbu06GL000088	GCA_019797905.1	98.611	100.0	9.62e-89	144	ok
smbu06GL000088	GCA_019967715.1	100.000	100.0	3.19e-89	144	ok
smbu06GL000088	GCA_022870765.1	97.917	100.0	1.39e-87	144	ok
smbu06GL000088	GCA_023523715.1	97.917	100.0	1.39e-87	144	ok
smbu06GL000088	GCA_023612275.1	100.000	100.0	3.19e-89	144	ok
smbu06GL000088	GCA_025402795.1	98.611	100.0	9.62e-89	144	ok
smbu06GL000088	GCA_025402855.1	98.611	100.0	9.62e-89	144	ok
smbu06GL000088	GCA_029201225.1	97.917	100.0	1.39e-87	144	ok
smbu06GL000088	GCA_029215545.1	97.917	100.0	1.39e-87	144	ok
smbu06GL000088	GCA_030490365.1	100.000	100.0	3.19e-89	144	ok
smbu06GL000088	GCA_033954875.1	100.000	100.0	3.19e-89	144	ok
smbu06GL000088	GCA_033954895.1	100.000	100.0	3.19e-89	144	ok
smbu06GL000088	GCA_033954915.1	100.000	100.0	3.19e-89	144	ok
smbu06GL000088	GCA_036669985.1	100.000	100.0	3.19e-89	144	ok
smbu06GL000088	GCA_040745045.1	100.000	100.0	3.19e-89	144	ok
smbu06GL000088	GCA_041930275.1	97.222	100.0	5.78e-87	144	ok
smbu06GL000088	GCA_041952535.1	97.222	100.0	5.78e-87	144	ok
smbu06GL000088	GCA_043950735.1	99.306	100.0	1.89e-88	144	ok
smbu06GL000088	GCA_043950745.1	99.306	100.0	1.89e-88	144	ok
smbu06GL000088	GCA_045039055.1	97.222	100.0	5.78e-87	144	ok
smbu06GL000088	GCA_049315065.1	100.000	100.0	3.19e-89	144	ok
smbu06GL000088	GCA_049315075.1	100.000	100.0	3.19e-89	144	ok
smbu06GL000088	GCA_049315085.1	100.000	100.0	3.19e-89	144	ok
smbu06GL000088	GCA_049315095.1	100.000	100.0	3.19e-89	144	ok
smbu06GL000088	GCA_049315105.1	100.000	100.0	3.19e-89	144	ok
smbu06GL000088	GCA_049315115.1	100.000	100.0	3.19e-89	144	ok
smbu06GL000088	GCA_049315125.1	100.000	100.0	3.19e-89	144	ok
smbu06GL000088	GCA_049315135.1	100.000	100.0	3.19e-89	144	ok
smbu06GL000088	GCA_049315145.1	100.000	100.0	3.19e-89	144	ok
smbu06GL000088	GCA_049315155.1	100.000	100.0	3.19e-89	144	ok
smbu06GL000088	GCA_049315165.1	100.000	100.0	3.19e-89	144	ok
smbu06GL000088	GCA_049315175.1	100.000	100.0	3.19e-89	144	ok
smbu06GL000088	GCA_052655065.1	100.000	100.0	3.19e-89	144	ok
smbu06GL000088	GCA_052655335.1	100.000	100.0	3.19e-89	144	ok
smbu06GL000088	GCA_052655665.1	100.000	100.0	3.19e-89	144	ok
smbu06GL000088	GCA_052656575.1	100.000	100.0	3.19e-89	144	ok
smbu06GL000088	GCA_052657825.1	100.000	100.0	3.19e-89	144	ok
smbu06GL000088	GCA_052658005.1	100.000	100.0	3.19e-89	144	ok
smbu06GL000088	GCA_053764515.1	96.528	100.0	2.72e-86	144	ok
smbu06GL000088	GCA_055397705.1	100.000	100.0	3.19e-89	144	ok
smbu06GL000088	GCA_055397995.1	93.056	100.0	6.68e-83	143	ok
smbu06GL000088	GCA_056487485.1	96.528	100.0	2.72e-86	144	ok
smbu06GL000088	GCA_056582645.1	100.000	100.0	3.19e-89	144	ok
smbu06GL000088	GCA_058072705.1	100.000	100.0	3.19e-89	144	ok
smbu06GL000088	GCA_060306215.1	100.000	100.0	3.19e-89	144	ok
smbu06GL000088	GCA_060307205.1	99.306	100.0	1.89e-88	144	ok
smbu06GL000088	GCA_060307225.1	100.000	100.0	3.19e-89	144	ok
smbu06GL000088	GCA_061568495.1	100.000	100.0	3.19e-89	144	ok
smbu06GL000088	GCA_900636615.1	99.306	100.0	1.89e-88	144	ok
smbu06GL000088	GCA_905186115.1	99.306	100.0	1.89e-88	144	ok
smbu06GL000088	GCA_931972305.1	96.528	100.0	2.72e-86	144	ok
smbu06GL000088	GCA_963280925.1	99.306	100.0	1.89e-88	144	ok
smbu06GL000088	GCA_988227945.1	100.000	100.0	3.19e-89	144	ok
smbu06GL000088	GCA_988227985.1	100.000	100.0	3.19e-89	144	ok
smbu06GL000088	GCA_988228025.1	100.000	100.0	3.19e-89	144	ok
smbu06GL000088	GCA_988235375.1	98.611	100.0	9.62e-89	144	ok
smbu06GL000088	GCA_988236725.1	98.611	100.0	9.62e-89	144	ok
smbu06GL000088	GCA_988237225.1	100.000	100.0	3.19e-89	144	ok
smbu06GL000088	GCF_001298485.1	100.000	100.0	3.19e-89	144	ok
smbu06GL000088	GCF_001412695.1	100.000	100.0	3.19e-89	144	ok
smbu06GL000088	GCF_001598635.1	95.139	100.0	2.92e-85	144	ok
smbu06GL000088	GCF_001689055.2	95.139	100.0	2.92e-85	144	ok
smbu06GL000088	GCF_002208945.1	95.139	100.0	2.92e-85	144	ok
smbu06GL000088	GCF_002216705.1	96.528	100.0	2.72e-86	144	ok
smbu06GL000088	GCF_002278015.2	99.306	100.0	1.89e-88	144	ok
smbu06GL000088	GCF_002289045.2	95.139	100.0	2.92e-85	144	ok
smbu06GL000088	GCF_002290025.1	98.611	100.0	9.62e-89	144	ok
smbu06GL000088	GCF_002355755.1	95.139	100.0	2.92e-85	144	ok
smbu06GL000088	GCF_002761555.1	100.000	100.0	3.19e-89	144	ok
smbu06GL000088	GCF_002831505.1	100.000	100.0	3.19e-89	144	ok
smbu06GL000088	GCF_002850515.1	100.000	100.0	3.19e-89	144	ok
smbu06GL000088	GCF_002983785.1	100.000	100.0	3.19e-89	144	ok
smbu06GL000088	GCF_003269465.1	100.000	100.0	3.19e-89	144	ok
smbu06GL000088	GCF_003667965.1	100.000	100.0	3.19e-89	144	ok
smbu06GL000088	GCF_003711125.1	98.611	100.0	9.62e-89	144	ok
smbu06GL000088	GCF_003711605.1	100.000	100.0	3.19e-89	144	ok
smbu06GL000088	GCF_003812665.1	95.139	100.0	2.92e-85	144	ok
smbu06GL000088	GCF_004332055.1	100.000	100.0	3.19e-89	144	ok
smbu06GL000088	GCF_005484525.1	95.139	100.0	2.92e-85	144	ok
smbu06GL000088	GCF_006337145.1	100.000	100.0	3.19e-89	144	ok
smbu06GL000088	GCF_006351785.1	100.000	100.0	3.19e-89	144	ok
smbu06GL000088	GCF_006351845.1	100.000	100.0	3.19e-89	144	ok
smbu06GL000088	GCF_006364815.1	95.139	100.0	2.92e-85	144	ok
smbu06GL000088	GCF_006494835.1	95.139	100.0	2.92e-85	144	ok
smbu06GL000088	GCF_006494855.1	95.139	100.0	2.92e-85	144	ok
smbu06GL000088	GCF_006494875.1	95.139	100.0	2.92e-85	144	ok
smbu06GL000088	GCF_006766145.1	95.139	100.0	2.92e-85	144	ok
smbu06GL000088	GCF_007923665.2	100.000	100.0	3.19e-89	144	ok
smbu06GL000088	GCF_007923785.2	100.000	100.0	3.19e-89	144	ok
smbu06GL000088	GCF_007923865.2	100.000	100.0	3.19e-89	144	ok
smbu06GL000088	GCF_007923885.2	100.000	100.0	3.19e-89	144	ok
smbu06GL000088	GCF_007923905.2	100.000	100.0	3.19e-89	144	ok
smbu06GL000088	GCF_007923925.2	100.000	100.0	3.19e-89	144	ok
smbu06GL000088	GCF_007923945.2	100.000	100.0	3.19e-89	144	ok
smbu06GL000088	GCF_007923965.2	100.000	100.0	3.19e-89	144	ok
smbu06GL000088	GCF_008330605.1	100.000	100.0	3.19e-89	144	ok
smbu06GL000088	GCF_009730155.1	97.222	100.0	5.78e-87	144	ok
smbu06GL000088	GCF_009734005.1	100.000	100.0	3.19e-89	144	ok
smbu06GL000088	GCF_009938075.1	100.000	100.0	3.19e-89	144	ok
smbu06GL000088	GCF_010103655.1	95.139	100.0	2.92e-85	144	ok
smbu06GL000088	GCF_010120755.1	100.000	100.0	3.19e-89	144	ok
smbu06GL000088	GCF_011745645.1	100.000	100.0	3.19e-89	144	ok
smbu06GL000088	GCF_012045365.1	100.000	100.0	3.19e-89	144	ok
smbu06GL000088	GCF_012045505.1	100.000	100.0	3.19e-89	144	ok
smbu06GL000088	GCF_012594215.1	95.139	100.0	2.92e-85	144	ok
smbu06GL000088	GCF_013201055.1	100.000	100.0	3.19e-89	144	ok
smbu06GL000088	GCF_013344625.1	95.139	100.0	2.92e-85	144	ok
smbu06GL000088	GCF_013344645.1	95.139	100.0	2.92e-85	144	ok
smbu06GL000088	GCF_013344665.1	95.139	100.0	2.92e-85	144	ok
smbu06GL000088	GCF_013391145.1	99.306	100.0	1.89e-88	144	ok
smbu06GL000088	GCF_013391165.1	99.306	100.0	1.89e-88	144	ok
smbu06GL000088	GCF_013391185.1	99.306	100.0	1.89e-88	144	ok
smbu06GL000088	GCF_013391205.1	99.306	100.0	1.89e-88	144	ok
smbu06GL000088	GCF_013394325.1	95.139	100.0	4.34e-86	144	ok
smbu06GL000088	GCF_015377765.1	100.000	100.0	3.19e-89	144	ok
smbu06GL000088	GCF_015767695.1	100.000	100.0	3.19e-89	144	ok
smbu06GL000088	GCF_015767715.1	100.000	100.0	3.19e-89	144	ok
smbu06GL000088	GCF_016127235.1	99.306	100.0	1.89e-88	144	ok
smbu06GL000088	GCF_017280035.1	95.139	100.0	2.92e-85	144	ok
smbu06GL000088	GCF_017357805.1	95.139	100.0	2.92e-85	144	ok
smbu06GL000088	GCF_018516845.1	100.000	100.0	3.19e-89	144	ok
smbu06GL000088	GCF_019203145.1	100.000	100.0	3.19e-89	144	ok
smbu06GL000088	GCF_019343125.1	100.000	100.0	3.19e-89	144	ok
smbu06GL000088	GCF_019456555.1	100.000	100.0	3.19e-89	144	ok
smbu06GL000088	GCF_019456575.1	100.000	100.0	3.19e-89	144	ok
smbu06GL000088	GCF_019456595.1	100.000	100.0	3.19e-89	144	ok
smbu06GL000088	GCF_019797905.1	98.611	100.0	9.62e-89	144	ok
smbu06GL000088	GCF_019967715.1	100.000	100.0	3.19e-89	144	ok
smbu06GL000088	GCF_020881975.1	95.139	100.0	2.92e-85	144	ok
smbu06GL000088	GCF_020906605.1	95.139	100.0	2.92e-85	144	ok
smbu06GL000088	GCF_022869705.1	95.139	100.0	2.92e-85	144	ok
smbu06GL000088	GCF_023299785.1	95.139	100.0	2.92e-85	144	ok
smbu06GL000088	GCF_023375505.1	95.139	100.0	2.92e-85	144	ok
smbu06GL000088	GCF_023612035.1	95.139	100.0	2.92e-85	144	ok
smbu06GL000088	GCF_023612275.1	100.000	100.0	3.19e-89	144	ok
smbu06GL000088	GCF_024267595.1	95.139	100.0	2.92e-85	144	ok
smbu06GL000088	GCF_025957845.1	95.139	100.0	2.92e-85	144	ok
smbu06GL000088	GCF_025957925.1	95.139	100.0	2.92e-85	144	ok
smbu06GL000088	GCF_025958025.1	95.139	100.0	2.92e-85	144	ok
smbu06GL000088	GCF_025958065.1	95.139	100.0	2.92e-85	144	ok
smbu06GL000088	GCF_025958085.1	95.139	100.0	2.92e-85	144	ok
smbu06GL000088	GCF_025958625.1	95.139	100.0	2.92e-85	144	ok
smbu06GL000088	GCF_025958845.1	95.139	100.0	2.92e-85	144	ok
smbu06GL000088	GCF_025958885.1	95.139	100.0	2.92e-85	144	ok
smbu06GL000088	GCF_026650885.1	95.139	100.0	2.92e-85	144	ok
smbu06GL000088	GCF_027915235.1	100.000	100.0	3.19e-89	144	ok
smbu06GL000088	GCF_030490365.1	100.000	100.0	3.19e-89	144	ok
smbu06GL000088	GCF_030584585.1	100.000	100.0	3.19e-89	144	ok
smbu06GL000088	GCF_030584605.1	100.000	100.0	3.19e-89	144	ok
smbu06GL000088	GCF_030584685.1	100.000	100.0	3.19e-89	144	ok
smbu06GL000088	GCF_030643745.1	100.000	100.0	3.19e-89	144	ok
smbu06GL000088	GCF_033954875.1	100.000	100.0	3.19e-89	144	ok
smbu06GL000088	GCF_033954895.1	100.000	100.0	3.19e-89	144	ok
smbu06GL000088	GCF_033954915.1	100.000	100.0	3.19e-89	144	ok
smbu06GL000088	GCF_036669985.1	100.000	100.0	3.19e-89	144	ok
smbu06GL000088	GCF_040745045.1	100.000	100.0	3.19e-89	144	ok
smbu06GL000088	GCF_043950735.1	99.306	100.0	1.89e-88	144	ok
smbu06GL000088	GCF_049315065.1	100.000	100.0	3.19e-89	144	ok
smbu06GL000088	GCF_049315075.1	100.000	100.0	3.19e-89	144	ok
smbu06GL000088	GCF_049315085.1	100.000	100.0	3.19e-89	144	ok
smbu06GL000088	GCF_049315095.1	100.000	100.0	3.19e-89	144	ok
smbu06GL000088	GCF_049315105.1	100.000	100.0	3.19e-89	144	ok
smbu06GL000088	GCF_049315115.1	100.000	100.0	3.19e-89	144	ok
smbu06GL000088	GCF_049315125.1	100.000	100.0	3.19e-89	144	ok
smbu06GL000088	GCF_049315135.1	100.000	100.0	3.19e-89	144	ok
smbu06GL000088	GCF_049315145.1	100.000	100.0	3.19e-89	144	ok
smbu06GL000088	GCF_049315155.1	100.000	100.0	3.19e-89	144	ok
smbu06GL000088	GCF_049315165.1	100.000	100.0	3.19e-89	144	ok
smbu06GL000088	GCF_049315175.1	100.000	100.0	3.19e-89	144	ok
smbu06GL000088	GCF_052655065.1	100.000	100.0	3.19e-89	144	ok
smbu06GL000088	GCF_052655335.1	100.000	100.0	3.19e-89	144	ok
smbu06GL000088	GCF_052655665.1	100.000	100.0	3.19e-89	144	ok
smbu06GL000088	GCF_052656575.1	100.000	100.0	3.19e-89	144	ok
smbu06GL000088	GCF_052657825.1	100.000	100.0	3.19e-89	144	ok
smbu06GL000088	GCF_052658005.1	100.000	100.0	3.19e-89	144	ok
smbu06GL000088	GCF_053764515.1	96.528	100.0	2.72e-86	144	ok
smbu06GL000088	GCF_056487465.1	96.528	100.0	2.72e-86	144	ok
smbu06GL000088	GCF_056582645.1	100.000	100.0	3.19e-89	144	ok
smbu06GL000088	GCF_931972305.1	96.528	100.0	2.72e-86	144	ok
smbu06GL000088	GCF_988227945.1	100.000	100.0	3.19e-89	144	ok
smbu06GL000088	GCF_988227985.1	100.000	100.0	3.19e-89	144	ok
smbu06GL000088	GCF_988228025.1	100.000	100.0	3.19e-89	144	ok
smbu06GL000088	L_lactis_14B4	86.029	94.4	1.46e-72	136	ok
smbu06GL000088	L_lactis_IL1403	86.029	94.4	1.46e-72	136	ok
smbu06GL000088	L_lactis_MG1363	86.765	94.4	1.03e-72	136	ok
smbu06GL000088	smbu06_project	100.000	100.0	3.19e-89	144	ok
smbu06GL000088	smbu08_project	100.000	100.0	3.19e-89	144	ok
smbu06GL000089	E_lactis_194	98.462	100.0	9.29e-34	65	ok
smbu06GL000089	GCA_000006865.1	55.556	83.1	8.02e-13	0	rejected
smbu06GL000089	GCA_000157355.2	98.462	100.0	9.29e-34	65	ok
smbu06GL000089	GCA_000344575.1	55.556	83.1	8.02e-13	0	rejected
smbu06GL000089	GCA_000761115.1	55.556	83.1	8.02e-13	0	rejected
smbu06GL000089	GCA_000807375.1	55.556	83.1	8.02e-13	0	rejected
smbu06GL000089	GCA_002216705.1	98.462	100.0	9.29e-34	65	ok
smbu06GL000089	GCA_002278015.2	98.462	100.0	9.29e-34	65	ok
smbu06GL000089	GCA_002290025.1	98.462	100.0	9.29e-34	65	ok
smbu06GL000089	GCA_002804185.1	55.556	83.1	8.02e-13	0	rejected
smbu06GL000089	GCA_002804285.1	55.556	83.1	8.02e-13	0	rejected
smbu06GL000089	GCA_002813755.1	98.462	100.0	9.29e-34	65	ok
smbu06GL000089	GCA_002895225.1	55.556	83.1	8.02e-13	0	rejected
smbu06GL000089	GCA_003711125.1	98.438	98.5	3.04e-33	64	ok
smbu06GL000089	GCA_003722255.1	55.556	83.1	8.02e-13	0	rejected
smbu06GL000089	GCA_005347505.1	98.438	98.5	3.04e-33	64	ok
smbu06GL000089	GCA_009730155.1	98.462	100.0	9.29e-34	65	ok
smbu06GL000089	GCA_013391145.1	98.462	100.0	9.29e-34	65	ok
smbu06GL000089	GCA_013391165.1	98.462	100.0	9.29e-34	65	ok
smbu06GL000089	GCA_013391185.1	98.462	100.0	9.29e-34	65	ok
smbu06GL000089	GCA_013391205.1	98.462	100.0	9.29e-34	65	ok
smbu06GL000089	GCA_013394325.1	95.312	98.5	2.58e-32	64	ok
smbu06GL000089	GCA_015767715.1	98.462	100.0	9.29e-34	65	ok
smbu06GL000089	GCA_016127235.1	98.462	100.0	9.29e-34	65	ok
smbu06GL000089	GCA_019203145.1	98.462	100.0	9.29e-34	65	ok
smbu06GL000089	GCA_019343125.1	98.462	100.0	9.29e-34	65	ok
smbu06GL000089	GCA_019797905.1	98.438	98.5	3.04e-33	64	ok
smbu06GL000089	GCA_019967715.1	98.462	100.0	9.29e-34	65	ok
smbu06GL000089	GCA_022870765.1	96.923	100.0	3.69e-33	65	ok
smbu06GL000089	GCA_023523715.1	98.462	100.0	9.29e-34	65	ok
smbu06GL000089	GCA_023612275.1	98.462	100.0	9.29e-34	65	ok
smbu06GL000089	GCA_025402795.1	98.438	98.5	3.04e-33	64	ok
smbu06GL000089	GCA_025402855.1	98.438	98.5	3.04e-33	64	ok
smbu06GL000089	GCA_029201225.1	96.923	100.0	3.69e-33	65	ok
smbu06GL000089	GCA_029215545.1	96.923	100.0	3.69e-33	65	ok
smbu06GL000089	GCA_030490365.1	98.462	100.0	9.29e-34	65	ok
smbu06GL000089	GCA_033954875.1	98.462	100.0	9.29e-34	65	ok
smbu06GL000089	GCA_033954895.1	98.462	100.0	9.29e-34	65	ok
smbu06GL000089	GCA_033954915.1	98.462	100.0	9.29e-34	65	ok
smbu06GL000089	GCA_036669985.1	98.462	100.0	9.29e-34	65	ok
smbu06GL000089	GCA_040745045.1	98.462	100.0	9.29e-34	65	ok
smbu06GL000089	GCA_041930275.1	98.462	100.0	9.29e-34	65	ok
smbu06GL000089	GCA_041952535.1	98.462	100.0	9.29e-34	65	ok
smbu06GL000089	GCA_043950735.1	98.462	100.0	9.29e-34	65	ok
smbu06GL000089	GCA_043950745.1	98.462	100.0	9.29e-34	65	ok
smbu06GL000089	GCA_045039055.1	98.462	100.0	9.29e-34	65	ok
smbu06GL000089	GCA_049315065.1	98.462	100.0	9.29e-34	65	ok
smbu06GL000089	GCA_049315075.1	98.462	100.0	9.29e-34	65	ok
smbu06GL000089	GCA_049315085.1	98.462	100.0	9.29e-34	65	ok
smbu06GL000089	GCA_049315095.1	98.462	100.0	9.29e-34	65	ok
smbu06GL000089	GCA_049315105.1	98.462	100.0	9.29e-34	65	ok
smbu06GL000089	GCA_049315115.1	98.462	100.0	9.29e-34	65	ok
smbu06GL000089	GCA_049315125.1	98.462	100.0	9.29e-34	65	ok
smbu06GL000089	GCA_049315135.1	98.462	100.0	9.29e-34	65	ok
smbu06GL000089	GCA_049315145.1	98.462	100.0	9.29e-34	65	ok
smbu06GL000089	GCA_049315155.1	98.462	100.0	9.29e-34	65	ok
smbu06GL000089	GCA_049315165.1	98.462	100.0	9.29e-34	65	ok
smbu06GL000089	GCA_049315175.1	98.462	100.0	9.29e-34	65	ok
smbu06GL000089	GCA_052655065.1	98.462	100.0	9.29e-34	65	ok
smbu06GL000089	GCA_052655335.1	98.462	100.0	9.29e-34	65	ok
smbu06GL000089	GCA_052655665.1	98.462	100.0	9.29e-34	65	ok
smbu06GL000089	GCA_052656575.1	98.462	100.0	9.29e-34	65	ok
smbu06GL000089	GCA_052657825.1	98.462	100.0	9.29e-34	65	ok
smbu06GL000089	GCA_052658005.1	98.462	100.0	9.29e-34	65	ok
smbu06GL000089	GCA_053764515.1	98.462	100.0	9.29e-34	65	ok
smbu06GL000089	GCA_055397705.1	98.462	100.0	9.29e-34	65	ok
smbu06GL000089	GCA_055397995.1	100.000	90.8	5.1e-31	59	ok
smbu06GL000089	GCA_056487485.1	98.462	100.0	9.29e-34	65	ok
smbu06GL000089	GCA_056582645.1	98.462	100.0	9.29e-34	65	ok
smbu06GL000089	GCA_058072705.1	98.462	100.0	9.29e-34	65	ok
smbu06GL000089	GCA_060306215.1	98.462	100.0	9.29e-34	65	ok
smbu06GL000089	GCA_060307205.1	98.462	100.0	9.29e-34	65	ok
smbu06GL000089	GCA_060307225.1	98.462	100.0	9.29e-34	65	ok
smbu06GL000089	GCA_061568495.1	98.462	100.0	9.29e-34	65	ok
smbu06GL000089	GCA_900636615.1	98.462	100.0	9.29e-34	65	ok
smbu06GL000089	GCA_905186115.1	98.462	100.0	9.29e-34	65	ok
smbu06GL000089	GCA_931972305.1	98.462	100.0	9.29e-34	65	ok
smbu06GL000089	GCA_963280925.1	98.462	100.0	9.29e-34	65	ok
smbu06GL000089	GCA_988227945.1	98.462	100.0	9.29e-34	65	ok
smbu06GL000089	GCA_988227985.1	98.462	100.0	9.29e-34	65	ok
smbu06GL000089	GCA_988228025.1	98.462	100.0	9.29e-34	65	ok
smbu06GL000089	GCA_988235375.1	98.462	100.0	9.29e-34	65	ok
smbu06GL000089	GCA_988236725.1	98.462	100.0	9.29e-34	65	ok
smbu06GL000089	GCA_988237225.1	98.462	100.0	9.29e-34	65	ok
smbu06GL000089	GCF_001298485.1	96.923	100.0	4.23e-33	65	ok
smbu06GL000089	GCF_001412695.1	96.923	100.0	4.23e-33	65	ok
smbu06GL000089	GCF_001598635.1	95.312	98.5	4.03e-32	64	ok
smbu06GL000089	GCF_001689055.2	95.312	98.5	4.03e-32	64	ok
smbu06GL000089	GCF_002208945.1	95.312	98.5	4.03e-32	64	ok
smbu06GL000089	GCF_002216705.1	98.462	100.0	9.29e-34	65	ok
smbu06GL000089	GCF_002278015.2	98.462	100.0	9.29e-34	65	ok
smbu06GL000089	GCF_002289045.2	95.312	98.5	4.03e-32	64	ok
smbu06GL000089	GCF_002290025.1	98.462	100.0	9.29e-34	65	ok
smbu06GL000089	GCF_002355755.1	95.312	98.5	4.03e-32	64	ok
smbu06GL000089	GCF_002761555.1	98.462	100.0	9.29e-34	65	ok
smbu06GL000089	GCF_002831505.1	98.462	100.0	9.29e-34	65	ok
smbu06GL000089	GCF_002850515.1	98.462	100.0	9.29e-34	65	ok
smbu06GL000089	GCF_002983785.1	98.462	100.0	9.29e-34	65	ok
smbu06GL000089	GCF_003269465.1	98.462	100.0	9.29e-34	65	ok
smbu06GL000089	GCF_003667965.1	98.462	100.0	9.29e-34	65	ok
smbu06GL000089	GCF_003711125.1	98.438	98.5	3.04e-33	64	ok
smbu06GL000089	GCF_003711605.1	98.462	100.0	9.29e-34	65	ok
smbu06GL000089	GCF_003812665.1	95.312	98.5	4.03e-32	64	ok
smbu06GL000089	GCF_004332055.1	98.462	100.0	9.29e-34	65	ok
smbu06GL000089	GCF_005484525.1	95.312	98.5	4.03e-32	64	ok
smbu06GL000089	GCF_006337145.1	98.462	100.0	9.29e-34	65	ok
smbu06GL000089	GCF_006351785.1	98.462	100.0	9.29e-34	65	ok
smbu06GL000089	GCF_006351845.1	98.462	100.0	9.29e-34	65	ok
smbu06GL000089	GCF_006364815.1	95.312	98.5	4.03e-32	64	ok
smbu06GL000089	GCF_006494835.1	95.312	98.5	4.03e-32	64	ok
smbu06GL000089	GCF_006494855.1	95.312	98.5	4.03e-32	64	ok
smbu06GL000089	GCF_006494875.1	95.312	98.5	4.03e-32	64	ok
smbu06GL000089	GCF_006766145.1	95.312	98.5	4.03e-32	64	ok
smbu06GL000089	GCF_007923665.2	98.462	100.0	9.29e-34	65	ok
smbu06GL000089	GCF_007923785.2	98.462	100.0	9.29e-34	65	ok
smbu06GL000089	GCF_007923865.2	98.462	100.0	9.29e-34	65	ok
smbu06GL000089	GCF_007923885.2	98.462	100.0	9.29e-34	65	ok
smbu06GL000089	GCF_007923905.2	98.462	100.0	9.29e-34	65	ok
smbu06GL000089	GCF_007923925.2	98.462	100.0	9.29e-34	65	ok
smbu06GL000089	GCF_007923945.2	98.462	100.0	9.29e-34	65	ok
smbu06GL000089	GCF_007923965.2	98.462	100.0	9.29e-34	65	ok
smbu06GL000089	GCF_008330605.1	98.462	100.0	9.29e-34	65	ok
smbu06GL000089	GCF_009730155.1	98.462	100.0	9.29e-34	65	ok
smbu06GL000089	GCF_009734005.1	98.462	100.0	9.29e-34	65	ok
smbu06GL000089	GCF_009938075.1	98.462	100.0	9.29e-34	65	ok
smbu06GL000089	GCF_010103655.1	95.312	98.5	4.03e-32	64	ok
smbu06GL000089	GCF_010120755.1	98.462	100.0	9.29e-34	65	ok
smbu06GL000089	GCF_011745645.1	98.462	100.0	9.29e-34	65	ok
smbu06GL000089	GCF_012045365.1	98.462	100.0	9.29e-34	65	ok
smbu06GL000089	GCF_012045505.1	98.462	100.0	9.29e-34	65	ok
smbu06GL000089	GCF_012594215.1	95.312	98.5	4.03e-32	64	ok
smbu06GL000089	GCF_013201055.1	98.462	100.0	9.29e-34	65	ok
smbu06GL000089	GCF_013344625.1	95.312	98.5	4.03e-32	64	ok
smbu06GL000089	GCF_013344645.1	95.312	98.5	4.03e-32	64	ok
smbu06GL000089	GCF_013344665.1	95.312	98.5	4.03e-32	64	ok
smbu06GL000089	GCF_013391145.1	98.462	100.0	9.29e-34	65	ok
smbu06GL000089	GCF_013391165.1	98.462	100.0	9.29e-34	65	ok
smbu06GL000089	GCF_013391185.1	98.462	100.0	9.29e-34	65	ok
smbu06GL000089	GCF_013391205.1	98.462	100.0	9.29e-34	65	ok
smbu06GL000089	GCF_013394325.1	95.312	98.5	2.58e-32	64	ok
smbu06GL000089	GCF_015377765.1	98.462	100.0	9.29e-34	65	ok
smbu06GL000089	GCF_015767695.1	98.462	100.0	9.29e-34	65	ok
smbu06GL000089	GCF_015767715.1	98.462	100.0	9.29e-34	65	ok
smbu06GL000089	GCF_016127235.1	98.462	100.0	9.29e-34	65	ok
smbu06GL000089	GCF_017280035.1	95.312	98.5	4.03e-32	64	ok
smbu06GL000089	GCF_017357805.1	95.312	98.5	4.03e-32	64	ok
smbu06GL000089	GCF_018516845.1	98.462	100.0	9.29e-34	65	ok
smbu06GL000089	GCF_019203145.1	98.462	100.0	9.29e-34	65	ok
smbu06GL000089	GCF_019343125.1	98.462	100.0	9.29e-34	65	ok
smbu06GL000089	GCF_019456555.1	98.462	100.0	9.29e-34	65	ok
smbu06GL000089	GCF_019456575.1	98.462	100.0	9.29e-34	65	ok
smbu06GL000089	GCF_019456595.1	98.462	100.0	9.29e-34	65	ok
smbu06GL000089	GCF_019797905.1	98.438	98.5	3.04e-33	64	ok
smbu06GL000089	GCF_019967715.1	98.462	100.0	9.29e-34	65	ok
smbu06GL000089	GCF_020881975.1	95.312	98.5	4.03e-32	64	ok
smbu06GL000089	GCF_020906605.1	95.312	98.5	4.03e-32	64	ok
smbu06GL000089	GCF_022869705.1	95.312	98.5	4.03e-32	64	ok
smbu06GL000089	GCF_023299785.1	95.312	98.5	4.03e-32	64	ok
smbu06GL000089	GCF_023375505.1	95.312	98.5	4.03e-32	64	ok
smbu06GL000089	GCF_023612035.1	95.312	98.5	4.03e-32	64	ok
smbu06GL000089	GCF_023612275.1	98.462	100.0	9.29e-34	65	ok
smbu06GL000089	GCF_024267595.1	95.312	98.5	4.03e-32	64	ok
smbu06GL000089	GCF_025957845.1	95.312	98.5	4.03e-32	64	ok
smbu06GL000089	GCF_025957925.1	95.312	98.5	4.03e-32	64	ok
smbu06GL000089	GCF_025958025.1	95.312	98.5	4.03e-32	64	ok
smbu06GL000089	GCF_025958065.1	95.312	98.5	4.03e-32	64	ok
smbu06GL000089	GCF_025958085.1	95.312	98.5	4.03e-32	64	ok
smbu06GL000089	GCF_025958625.1	95.312	98.5	4.03e-32	64	ok
smbu06GL000089	GCF_025958845.1	95.312	98.5	4.03e-32	64	ok
smbu06GL000089	GCF_025958885.1	95.312	98.5	4.03e-32	64	ok
smbu06GL000089	GCF_026650885.1	95.312	98.5	4.03e-32	64	ok
smbu06GL000089	GCF_027915235.1	98.462	100.0	9.29e-34	65	ok
smbu06GL000089	GCF_030490365.1	98.462	100.0	9.29e-34	65	ok
smbu06GL000089	GCF_030584585.1	98.462	100.0	9.29e-34	65	ok
smbu06GL000089	GCF_030584605.1	98.462	100.0	9.29e-34	65	ok
smbu06GL000089	GCF_030584685.1	98.462	100.0	9.29e-34	65	ok
smbu06GL000089	GCF_030643745.1	98.462	100.0	9.29e-34	65	ok
smbu06GL000089	GCF_033954875.1	98.462	100.0	9.29e-34	65	ok
smbu06GL000089	GCF_033954895.1	98.462	100.0	9.29e-34	65	ok
smbu06GL000089	GCF_033954915.1	98.462	100.0	9.29e-34	65	ok
smbu06GL000089	GCF_036669985.1	98.462	100.0	9.29e-34	65	ok
smbu06GL000089	GCF_040745045.1	98.462	100.0	9.29e-34	65	ok
smbu06GL000089	GCF_043950735.1	98.462	100.0	9.29e-34	65	ok
smbu06GL000089	GCF_049315065.1	98.462	100.0	9.29e-34	65	ok
smbu06GL000089	GCF_049315075.1	98.462	100.0	9.29e-34	65	ok
smbu06GL000089	GCF_049315085.1	98.462	100.0	9.29e-34	65	ok
smbu06GL000089	GCF_049315095.1	98.462	100.0	9.29e-34	65	ok
smbu06GL000089	GCF_049315105.1	98.462	100.0	9.29e-34	65	ok
smbu06GL000089	GCF_049315115.1	98.462	100.0	9.29e-34	65	ok
smbu06GL000089	GCF_049315125.1	98.462	100.0	9.29e-34	65	ok
smbu06GL000089	GCF_049315135.1	98.462	100.0	9.29e-34	65	ok
smbu06GL000089	GCF_049315145.1	98.462	100.0	9.29e-34	65	ok
smbu06GL000089	GCF_049315155.1	98.462	100.0	9.29e-34	65	ok
smbu06GL000089	GCF_049315165.1	98.462	100.0	9.29e-34	65	ok
smbu06GL000089	GCF_049315175.1	98.462	100.0	9.29e-34	65	ok
smbu06GL000089	GCF_052655065.1	98.462	100.0	9.29e-34	65	ok
smbu06GL000089	GCF_052655335.1	98.462	100.0	9.29e-34	65	ok
smbu06GL000089	GCF_052655665.1	98.462	100.0	9.29e-34	65	ok
smbu06GL000089	GCF_052656575.1	98.462	100.0	9.29e-34	65	ok
smbu06GL000089	GCF_052657825.1	98.462	100.0	9.29e-34	65	ok
smbu06GL000089	GCF_052658005.1	98.462	100.0	9.29e-34	65	ok
smbu06GL000089	GCF_053764515.1	98.462	100.0	9.29e-34	65	ok
smbu06GL000089	GCF_056487465.1	98.462	100.0	9.29e-34	65	ok
smbu06GL000089	GCF_056582645.1	98.462	100.0	9.29e-34	65	ok
smbu06GL000089	GCF_931972305.1	98.462	100.0	9.29e-34	65	ok
smbu06GL000089	GCF_988227945.1	98.462	100.0	9.29e-34	65	ok
smbu06GL000089	GCF_988227985.1	98.462	100.0	9.29e-34	65	ok
smbu06GL000089	GCF_988228025.1	98.462	100.0	9.29e-34	65	ok
smbu06GL000089	L_lactis_14B4	55.556	83.1	8.02e-13	0	rejected
smbu06GL000089	L_lactis_IL1403	55.556	83.1	8.02e-13	0	rejected
smbu06GL000089	L_lactis_MG1363	55.556	83.1	8.02e-13	0	rejected
smbu06GL000089	smbu06_project	98.462	100.0	9.29e-34	65	ok
smbu06GL000089	smbu08_project	98.462	100.0	9.29e-34	65	ok
smbu06GL000090	E_lactis_194	100.000	100.0	9.79e-53	88	ok
smbu06GL000090	GCA_000006865.1	84.524	95.5	2.85e-42	23	ok
smbu06GL000090	GCA_000157355.2	89.773	100.0	2.4e-47	88	ok
smbu06GL000090	GCA_000344575.1	84.524	95.5	2.85e-42	23	ok
smbu06GL000090	GCA_000761115.1	84.524	95.5	2.85e-42	23	ok
smbu06GL000090	GCA_000807375.1	84.524	95.5	2.85e-42	23	ok
smbu06GL000090	GCA_002216705.1	97.727	100.0	1.71e-51	88	ok
smbu06GL000090	GCA_002278015.2	96.591	100.0	9.44e-51	88	ok
smbu06GL000090	GCA_002290025.1	98.864	100.0	1.32e-51	88	ok
smbu06GL000090	GCA_002804185.1	84.524	95.5	2.85e-42	23	ok
smbu06GL000090	GCA_002804285.1	84.524	95.5	2.85e-42	23	ok
smbu06GL000090	GCA_002813755.1	97.727	100.0	1.71e-51	88	ok
smbu06GL000090	GCA_002895225.1	84.524	95.5	2.85e-42	23	ok
smbu06GL000090	GCA_003711125.1	88.636	100.0	9.33e-47	88	ok
smbu06GL000090	GCA_003722255.1	84.524	95.5	2.85e-42	23	ok
smbu06GL000090	GCA_005347505.1	88.636	100.0	9.33e-47	88	ok
smbu06GL000090	GCA_009730155.1	89.773	100.0	2.4e-47	88	ok
smbu06GL000090	GCA_013391145.1	96.591	100.0	9.44e-51	88	ok
smbu06GL000090	GCA_013391165.1	96.591	100.0	9.44e-51	88	ok
smbu06GL000090	GCA_013391185.1	96.591	100.0	9.44e-51	88	ok
smbu06GL000090	GCA_013391205.1	96.591	100.0	9.44e-51	88	ok
smbu06GL000090	GCA_013394325.1	88.636	100.0	9.33e-47	88	ok
smbu06GL000090	GCA_015767715.1	100.000	100.0	9.79e-53	88	ok
smbu06GL000090	GCA_016127235.1	96.591	100.0	9.44e-51	88	ok
smbu06GL000090	GCA_019203145.1	100.000	100.0	9.79e-53	88	ok
smbu06GL000090	GCA_019343125.1	100.000	100.0	9.79e-53	88	ok
smbu06GL000090	GCA_019797905.1	89.773	100.0	5.8e-47	88	ok
smbu06GL000090	GCA_019967715.1	100.000	100.0	9.79e-53	88	ok
smbu06GL000090	GCA_022870765.1	88.636	100.0	4.87e-47	88	ok
smbu06GL000090	GCA_023523715.1	89.773	100.0	2.4e-47	88	ok
smbu06GL000090	GCA_023612275.1	100.000	100.0	9.79e-53	88	ok
smbu06GL000090	GCA_025402795.1	89.773	100.0	5.8e-47	88	ok
smbu06GL000090	GCA_025402855.1	89.773	100.0	5.8e-47	88	ok
smbu06GL000090	GCA_029201225.1	88.636	100.0	4.87e-47	88	ok
smbu06GL000090	GCA_029215545.1	88.636	100.0	4.87e-47	88	ok
smbu06GL000090	GCA_030490365.1	100.000	100.0	9.79e-53	88	ok
smbu06GL000090	GCA_033954875.1	100.000	100.0	9.79e-53	88	ok
smbu06GL000090	GCA_033954895.1	100.000	100.0	9.79e-53	88	ok
smbu06GL000090	GCA_033954915.1	100.000	100.0	9.79e-53	88	ok
smbu06GL000090	GCA_036669985.1	100.000	100.0	9.79e-53	88	ok
smbu06GL000090	GCA_040745045.1	100.000	100.0	9.79e-53	88	ok
smbu06GL000090	GCA_041930275.1	89.773	100.0	2.4e-47	88	ok
smbu06GL000090	GCA_041952535.1	89.773	100.0	2.4e-47	88	ok
smbu06GL000090	GCA_043950735.1	96.591	100.0	9.44e-51	88	ok
smbu06GL000090	GCA_043950745.1	96.591	100.0	9.44e-51	88	ok
smbu06GL000090	GCA_045039055.1	89.773	100.0	2.4e-47	88	ok
smbu06GL000090	GCA_049315065.1	100.000	100.0	9.79e-53	88	ok
smbu06GL000090	GCA_049315075.1	97.727	100.0	3.58e-51	88	ok
smbu06GL000090	GCA_049315085.1	97.727	100.0	3.58e-51	88	ok
smbu06GL000090	GCA_049315095.1	97.727	100.0	3.58e-51	88	ok
smbu06GL000090	GCA_049315105.1	97.727	100.0	3.58e-51	88	ok
smbu06GL000090	GCA_049315115.1	100.000	100.0	9.79e-53	88	ok
smbu06GL000090	GCA_049315125.1	100.000	100.0	9.79e-53	88	ok
smbu06GL000090	GCA_049315135.1	97.727	100.0	3.58e-51	88	ok
smbu06GL000090	GCA_049315145.1	100.000	100.0	9.79e-53	88	ok
smbu06GL000090	GCA_049315155.1	97.727	100.0	3.58e-51	88	ok
smbu06GL000090	GCA_049315165.1	100.000	100.0	9.79e-53	88	ok
smbu06GL000090	GCA_049315175.1	100.000	100.0	9.79e-53	88	ok
smbu06GL000090	GCA_052655065.1	100.000	100.0	9.79e-53	88	ok
smbu06GL000090	GCA_052655335.1	100.000	100.0	9.79e-53	88	ok
smbu06GL000090	GCA_052655665.1	100.000	100.0	9.79e-53	88	ok
smbu06GL000090	GCA_052656575.1	100.000	100.0	9.79e-53	88	ok
smbu06GL000090	GCA_052657825.1	100.000	100.0	9.79e-53	88	ok
smbu06GL000090	GCA_052658005.1	100.000	100.0	9.79e-53	88	ok
smbu06GL000090	GCA_053764515.1	97.727	100.0	1.71e-51	88	ok
smbu06GL000090	GCA_055397705.1	91.667	68.2	1.36e-33	60	ok
smbu06GL000090	GCA_055397995.1	91.304	52.3	8.43e-30	46	ok
smbu06GL000090	GCA_056487485.1	97.727	100.0	1.71e-51	88	ok
smbu06GL000090	GCA_056582645.1	100.000	100.0	9.79e-53	88	ok
smbu06GL000090	GCA_058072705.1	100.000	100.0	9.79e-53	88	ok
smbu06GL000090	GCA_060306215.1	100.000	100.0	9.79e-53	88	ok
smbu06GL000090	GCA_060307205.1	96.591	100.0	9.44e-51	88	ok
smbu06GL000090	GCA_060307225.1	100.000	100.0	9.79e-53	88	ok
smbu06GL000090	GCA_061568495.1	100.000	100.0	9.79e-53	88	ok
smbu06GL000090	GCA_900636615.1	96.591	100.0	9.44e-51	88	ok
smbu06GL000090	GCA_905186115.1	96.591	100.0	9.44e-51	88	ok
smbu06GL000090	GCA_931972305.1	97.727	100.0	1.71e-51	88	ok
smbu06GL000090	GCA_963280925.1	96.591	100.0	9.44e-51	88	ok
smbu06GL000090	GCA_988227945.1	100.000	100.0	9.79e-53	88	ok
smbu06GL000090	GCA_988227985.1	100.000	100.0	9.79e-53	88	ok
smbu06GL000090	GCA_988228025.1	100.000	100.0	9.79e-53	88	ok
smbu06GL000090	GCA_988235375.1	98.864	100.0	1.32e-51	88	ok
smbu06GL000090	GCA_988236725.1	98.864	100.0	1.32e-51	88	ok
smbu06GL000090	GCA_988237225.1	100.000	100.0	9.79e-53	88	ok
smbu06GL000090	GCF_001298485.1	100.000	100.0	9.79e-53	88	ok
smbu06GL000090	GCF_001412695.1	100.000	100.0	9.79e-53	88	ok
smbu06GL000090	GCF_001598635.1	94.318	100.0	3.73e-49	88	ok
smbu06GL000090	GCF_001689055.2	94.318	100.0	3.73e-49	88	ok
smbu06GL000090	GCF_002208945.1	94.318	100.0	3.73e-49	88	ok
smbu06GL000090	GCF_002216705.1	97.727	100.0	1.71e-51	88	ok
smbu06GL000090	GCF_002278015.2	96.591	100.0	9.44e-51	88	ok
smbu06GL000090	GCF_002289045.2	94.318	100.0	3.73e-49	88	ok
smbu06GL000090	GCF_002290025.1	98.864	100.0	1.32e-51	88	ok
smbu06GL000090	GCF_002355755.1	94.318	100.0	3.73e-49	88	ok
smbu06GL000090	GCF_002761555.1	100.000	100.0	9.79e-53	88	ok
smbu06GL000090	GCF_002831505.1	100.000	100.0	9.79e-53	88	ok
smbu06GL000090	GCF_002850515.1	100.000	100.0	9.79e-53	88	ok
smbu06GL000090	GCF_002983785.1	100.000	100.0	9.79e-53	88	ok
smbu06GL000090	GCF_003269465.1	100.000	100.0	9.79e-53	88	ok
smbu06GL000090	GCF_003667965.1	100.000	100.0	9.79e-53	88	ok
smbu06GL000090	GCF_003711125.1	88.636	100.0	9.33e-47	88	ok
smbu06GL000090	GCF_003711605.1	100.000	100.0	9.79e-53	88	ok
smbu06GL000090	GCF_003812665.1	94.318	100.0	3.73e-49	88	ok
smbu06GL000090	GCF_004332055.1	100.000	100.0	9.79e-53	88	ok
smbu06GL000090	GCF_005484525.1	94.318	100.0	3.73e-49	88	ok
smbu06GL000090	GCF_006337145.1	100.000	100.0	9.79e-53	88	ok
smbu06GL000090	GCF_006351785.1	100.000	100.0	9.79e-53	88	ok
smbu06GL000090	GCF_006351845.1	100.000	100.0	9.79e-53	88	ok
smbu06GL000090	GCF_006364815.1	94.318	100.0	3.73e-49	88	ok
smbu06GL000090	GCF_006494835.1	94.318	100.0	3.73e-49	88	ok
smbu06GL000090	GCF_006494855.1	94.318	100.0	3.73e-49	88	ok
smbu06GL000090	GCF_006494875.1	94.318	100.0	3.73e-49	88	ok
smbu06GL000090	GCF_006766145.1	94.318	100.0	3.73e-49	88	ok
smbu06GL000090	GCF_007923665.2	100.000	100.0	9.79e-53	88	ok
smbu06GL000090	GCF_007923785.2	100.000	100.0	9.79e-53	88	ok
smbu06GL000090	GCF_007923865.2	100.000	100.0	9.79e-53	88	ok
smbu06GL000090	GCF_007923885.2	100.000	100.0	9.79e-53	88	ok
smbu06GL000090	GCF_007923905.2	100.000	100.0	9.79e-53	88	ok
smbu06GL000090	GCF_007923925.2	100.000	100.0	9.79e-53	88	ok
smbu06GL000090	GCF_007923945.2	100.000	100.0	9.79e-53	88	ok
smbu06GL000090	GCF_007923965.2	100.000	100.0	9.79e-53	88	ok
smbu06GL000090	GCF_008330605.1	100.000	100.0	9.79e-53	88	ok
smbu06GL000090	GCF_009730155.1	89.773	100.0	2.4e-47	88	ok
smbu06GL000090	GCF_009734005.1	100.000	100.0	9.79e-53	88	ok
smbu06GL000090	GCF_009938075.1	100.000	100.0	9.79e-53	88	ok
smbu06GL000090	GCF_010103655.1	94.318	100.0	3.73e-49	88	ok
smbu06GL000090	GCF_010120755.1	100.000	100.0	9.79e-53	88	ok
smbu06GL000090	GCF_011745645.1	100.000	100.0	9.79e-53	88	ok
smbu06GL000090	GCF_012045365.1	100.000	100.0	9.79e-53	88	ok
smbu06GL000090	GCF_012045505.1	100.000	100.0	9.79e-53	88	ok
smbu06GL000090	GCF_012594215.1	94.318	100.0	3.73e-49	88	ok
smbu06GL000090	GCF_013201055.1	100.000	100.0	9.79e-53	88	ok
smbu06GL000090	GCF_013344625.1	94.318	100.0	3.73e-49	88	ok
smbu06GL000090	GCF_013344645.1	94.318	100.0	3.73e-49	88	ok
smbu06GL000090	GCF_013344665.1	94.318	100.0	3.73e-49	88	ok
smbu06GL000090	GCF_013391145.1	96.591	100.0	9.44e-51	88	ok
smbu06GL000090	GCF_013391165.1	96.591	100.0	9.44e-51	88	ok
smbu06GL000090	GCF_013391185.1	96.591	100.0	9.44e-51	88	ok
smbu06GL000090	GCF_013391205.1	96.591	100.0	9.44e-51	88	ok
smbu06GL000090	GCF_013394325.1	88.636	100.0	9.33e-47	88	ok
smbu06GL000090	GCF_015377765.1	100.000	100.0	9.79e-53	88	ok
smbu06GL000090	GCF_015767695.1	100.000	100.0	9.79e-53	88	ok
smbu06GL000090	GCF_015767715.1	100.000	100.0	9.79e-53	88	ok
smbu06GL000090	GCF_016127235.1	96.591	100.0	9.44e-51	88	ok
smbu06GL000090	GCF_017280035.1	94.318	100.0	3.73e-49	88	ok
smbu06GL000090	GCF_017357805.1	94.318	100.0	3.73e-49	88	ok
smbu06GL000090	GCF_018516845.1	100.000	100.0	9.79e-53	88	ok
smbu06GL000090	GCF_019203145.1	100.000	100.0	9.79e-53	88	ok
smbu06GL000090	GCF_019343125.1	100.000	100.0	9.79e-53	88	ok
smbu06GL000090	GCF_019456555.1	100.000	100.0	9.79e-53	88	ok
smbu06GL000090	GCF_019456575.1	100.000	100.0	9.79e-53	88	ok
smbu06GL000090	GCF_019456595.1	100.000	100.0	9.79e-53	88	ok
smbu06GL000090	GCF_019797905.1	89.773	100.0	5.8e-47	88	ok
smbu06GL000090	GCF_019967715.1	100.000	100.0	9.79e-53	88	ok
smbu06GL000090	GCF_020881975.1	94.318	100.0	3.73e-49	88	ok
smbu06GL000090	GCF_020906605.1	94.318	100.0	3.73e-49	88	ok
smbu06GL000090	GCF_022869705.1	94.318	100.0	3.73e-49	88	ok
smbu06GL000090	GCF_023299785.1	94.318	100.0	3.73e-49	88	ok
smbu06GL000090	GCF_023375505.1	94.318	100.0	3.73e-49	88	ok
smbu06GL000090	GCF_023612035.1	94.318	100.0	3.73e-49	88	ok
smbu06GL000090	GCF_023612275.1	100.000	100.0	9.79e-53	88	ok
smbu06GL000090	GCF_024267595.1	94.318	100.0	3.73e-49	88	ok
smbu06GL000090	GCF_025957845.1	94.318	100.0	3.73e-49	88	ok
smbu06GL000090	GCF_025957925.1	94.318	100.0	3.73e-49	88	ok
smbu06GL000090	GCF_025958025.1	94.318	100.0	3.73e-49	88	ok
smbu06GL000090	GCF_025958065.1	94.318	100.0	3.73e-49	88	ok
smbu06GL000090	GCF_025958085.1	94.318	100.0	3.73e-49	88	ok
smbu06GL000090	GCF_025958625.1	94.318	100.0	3.73e-49	88	ok
smbu06GL000090	GCF_025958845.1	94.318	100.0	3.73e-49	88	ok
smbu06GL000090	GCF_025958885.1	94.318	100.0	3.73e-49	88	ok
smbu06GL000090	GCF_026650885.1	94.318	100.0	3.73e-49	88	ok
smbu06GL000090	GCF_027915235.1	100.000	100.0	9.79e-53	88	ok
smbu06GL000090	GCF_030490365.1	100.000	100.0	9.79e-53	88	ok
smbu06GL000090	GCF_030584585.1	100.000	100.0	9.79e-53	88	ok
smbu06GL000090	GCF_030584605.1	100.000	100.0	9.79e-53	88	ok
smbu06GL000090	GCF_030584685.1	100.000	100.0	9.79e-53	88	ok
smbu06GL000090	GCF_030643745.1	100.000	100.0	9.79e-53	88	ok
smbu06GL000090	GCF_033954875.1	100.000	100.0	9.79e-53	88	ok
smbu06GL000090	GCF_033954895.1	100.000	100.0	9.79e-53	88	ok
smbu06GL000090	GCF_033954915.1	100.000	100.0	9.79e-53	88	ok
smbu06GL000090	GCF_036669985.1	100.000	100.0	9.79e-53	88	ok
smbu06GL000090	GCF_040745045.1	100.000	100.0	9.79e-53	88	ok
smbu06GL000090	GCF_043950735.1	96.591	100.0	9.44e-51	88	ok
smbu06GL000090	GCF_049315065.1	100.000	100.0	9.79e-53	88	ok
smbu06GL000090	GCF_049315075.1	97.727	100.0	3.58e-51	88	ok
smbu06GL000090	GCF_049315085.1	97.727	100.0	3.58e-51	88	ok
smbu06GL000090	GCF_049315095.1	97.727	100.0	3.58e-51	88	ok
smbu06GL000090	GCF_049315105.1	97.727	100.0	3.58e-51	88	ok
smbu06GL000090	GCF_049315115.1	100.000	100.0	9.79e-53	88	ok
smbu06GL000090	GCF_049315125.1	100.000	100.0	9.79e-53	88	ok
smbu06GL000090	GCF_049315135.1	97.727	100.0	3.58e-51	88	ok
smbu06GL000090	GCF_049315145.1	100.000	100.0	9.79e-53	88	ok
smbu06GL000090	GCF_049315155.1	97.727	100.0	3.58e-51	88	ok
smbu06GL000090	GCF_049315165.1	100.000	100.0	9.79e-53	88	ok
smbu06GL000090	GCF_049315175.1	100.000	100.0	9.79e-53	88	ok
smbu06GL000090	GCF_052655065.1	100.000	100.0	9.79e-53	88	ok
smbu06GL000090	GCF_052655335.1	100.000	100.0	9.79e-53	88	ok
smbu06GL000090	GCF_052655665.1	100.000	100.0	9.79e-53	88	ok
smbu06GL000090	GCF_052656575.1	100.000	100.0	9.79e-53	88	ok
smbu06GL000090	GCF_052657825.1	100.000	100.0	9.79e-53	88	ok
smbu06GL000090	GCF_052658005.1	100.000	100.0	9.79e-53	88	ok
smbu06GL000090	GCF_053764515.1	97.727	100.0	1.71e-51	88	ok
smbu06GL000090	GCF_056487465.1	97.727	100.0	1.71e-51	88	ok
smbu06GL000090	GCF_056582645.1	100.000	100.0	9.79e-53	88	ok
smbu06GL000090	GCF_931972305.1	97.727	100.0	1.71e-51	88	ok
smbu06GL000090	GCF_988227945.1	100.000	100.0	9.79e-53	88	ok
smbu06GL000090	GCF_988227985.1	100.000	100.0	9.79e-53	88	ok
smbu06GL000090	GCF_988228025.1	100.000	100.0	9.79e-53	88	ok
smbu06GL000090	L_lactis_14B4	84.524	95.5	2.85e-42	23	ok
smbu06GL000090	L_lactis_IL1403	84.524	95.5	2.85e-42	23	ok
smbu06GL000090	L_lactis_MG1363	84.524	95.5	2.85e-42	23	ok
smbu06GL000090	smbu06_project	100.000	100.0	9.79e-53	88	ok
smbu06GL000090	smbu08_project	100.000	100.0	9.79e-53	88	ok
smbu06GL000091	E_lactis_194	99.180	100.0	2.42e-72	122	ok
smbu06GL000091	GCA_000006865.1	83.607	100.0	1.28e-61	122	ok
smbu06GL000091	GCA_000157355.2	97.541	100.0	6.28e-71	122	ok
smbu06GL000091	GCA_000344575.1	83.607	100.0	1.28e-61	122	ok
smbu06GL000091	GCA_000761115.1	83.607	100.0	1.28e-61	122	ok
smbu06GL000091	GCA_000807375.1	83.607	100.0	1.28e-61	122	ok
smbu06GL000091	GCA_002216705.1	96.721	100.0	4.98e-71	122	ok
smbu06GL000091	GCA_002278015.2	99.180	100.0	2.42e-72	122	ok
smbu06GL000091	GCA_002290025.1	99.180	100.0	2.42e-72	122	ok
smbu06GL000091	GCA_002804185.1	83.607	100.0	1.28e-61	122	ok
smbu06GL000091	GCA_002804285.1	83.607	100.0	1.28e-61	122	ok
smbu06GL000091	GCA_002813755.1	96.721	100.0	4.98e-71	122	ok
smbu06GL000091	GCA_002895225.1	83.607	100.0	1.28e-61	122	ok
smbu06GL000091	GCA_003711125.1	97.541	100.0	4.79e-71	122	ok
smbu06GL000091	GCA_003722255.1	83.607	100.0	1.28e-61	122	ok
smbu06GL000091	GCA_005347505.1	97.541	100.0	4.79e-71	122	ok
smbu06GL000091	GCA_009730155.1	97.541	100.0	6.28e-71	122	ok
smbu06GL000091	GCA_013391145.1	99.180	100.0	2.42e-72	122	ok
smbu06GL000091	GCA_013391165.1	99.180	100.0	2.42e-72	122	ok
smbu06GL000091	GCA_013391185.1	99.180	100.0	2.42e-72	122	ok
smbu06GL000091	GCA_013391205.1	99.180	100.0	2.42e-72	122	ok
smbu06GL000091	GCA_013394325.1	97.541	100.0	4.79e-71	122	ok
smbu06GL000091	GCA_015767715.1	99.180	100.0	2.42e-72	122	ok
smbu06GL000091	GCA_016127235.1	99.180	100.0	2.42e-72	122	ok
smbu06GL000091	GCA_019203145.1	99.180	100.0	2.42e-72	122	ok
smbu06GL000091	GCA_019343125.1	99.180	100.0	2.42e-72	122	ok
smbu06GL000091	GCA_019797905.1	97.541	100.0	4.79e-71	122	ok
smbu06GL000091	GCA_019967715.1	99.180	100.0	2.42e-72	122	ok
smbu06GL000091	GCA_022870765.1	97.541	100.0	6.28e-71	122	ok
smbu06GL000091	GCA_023523715.1	97.541	100.0	6.28e-71	122	ok
smbu06GL000091	GCA_023612275.1	99.180	100.0	2.42e-72	122	ok
smbu06GL000091	GCA_025402795.1	97.541	100.0	4.79e-71	122	ok
smbu06GL000091	GCA_025402855.1	97.541	100.0	4.79e-71	122	ok
smbu06GL000091	GCA_029201225.1	97.541	100.0	6.28e-71	122	ok
smbu06GL000091	GCA_029215545.1	97.541	100.0	6.28e-71	122	ok
smbu06GL000091	GCA_030490365.1	99.180	100.0	2.42e-72	122	ok
smbu06GL000091	GCA_033954875.1	99.180	100.0	2.42e-72	122	ok
smbu06GL000091	GCA_033954895.1	99.180	100.0	2.42e-72	122	ok
smbu06GL000091	GCA_033954915.1	99.180	100.0	2.42e-72	122	ok
smbu06GL000091	GCA_036669985.1	99.180	100.0	2.42e-72	122	ok
smbu06GL000091	GCA_040745045.1	99.180	100.0	2.42e-72	122	ok
smbu06GL000091	GCA_041930275.1	97.541	100.0	6.28e-71	122	ok
smbu06GL000091	GCA_041952535.1	97.541	100.0	6.28e-71	122	ok
smbu06GL000091	GCA_043950735.1	99.180	100.0	2.42e-72	122	ok
smbu06GL000091	GCA_043950745.1	99.180	100.0	2.42e-72	122	ok
smbu06GL000091	GCA_045039055.1	97.541	100.0	6.28e-71	122	ok
smbu06GL000091	GCA_049315065.1	99.180	100.0	2.42e-72	122	ok
smbu06GL000091	GCA_049315075.1	98.361	100.0	1.12e-71	122	ok
smbu06GL000091	GCA_049315085.1	98.361	100.0	1.12e-71	122	ok
smbu06GL000091	GCA_049315095.1	98.361	100.0	1.12e-71	122	ok
smbu06GL000091	GCA_049315105.1	98.361	100.0	1.12e-71	122	ok
smbu06GL000091	GCA_049315115.1	99.180	100.0	2.42e-72	122	ok
smbu06GL000091	GCA_049315125.1	99.180	100.0	2.42e-72	122	ok
smbu06GL000091	GCA_049315135.1	98.361	100.0	1.12e-71	122	ok
smbu06GL000091	GCA_049315145.1	99.180	100.0	2.42e-72	122	ok
smbu06GL000091	GCA_049315155.1	98.361	100.0	1.12e-71	122	ok
smbu06GL000091	GCA_049315165.1	99.180	100.0	2.42e-72	122	ok
smbu06GL000091	GCA_049315175.1	99.180	100.0	2.42e-72	122	ok
smbu06GL000091	GCA_052655065.1	99.180	100.0	2.42e-72	122	ok
smbu06GL000091	GCA_052655335.1	99.180	100.0	2.42e-72	122	ok
smbu06GL000091	GCA_052655665.1	99.180	100.0	2.42e-72	122	ok
smbu06GL000091	GCA_052656575.1	99.180	100.0	2.42e-72	122	ok
smbu06GL000091	GCA_052657825.1	99.180	100.0	2.42e-72	122	ok
smbu06GL000091	GCA_052658005.1	99.180	100.0	2.42e-72	122	ok
smbu06GL000091	GCA_053764515.1	96.721	100.0	4.98e-71	122	ok
smbu06GL000091	GCA_055397705.1	70.330	74.6	4.06e-35	6	rejected
smbu06GL000091	GCA_055397995.1	98.276	47.5	7e-56	20	rejected
smbu06GL000091	GCA_056487485.1	96.721	100.0	4.98e-71	122	ok
smbu06GL000091	GCA_056582645.1	99.180	100.0	2.42e-72	122	ok
smbu06GL000091	GCA_058072705.1	99.180	100.0	2.42e-72	122	ok
smbu06GL000091	GCA_060306215.1	99.180	100.0	2.42e-72	122	ok
smbu06GL000091	GCA_060307205.1	99.180	100.0	2.42e-72	122	ok
smbu06GL000091	GCA_060307225.1	99.180	100.0	2.42e-72	122	ok
smbu06GL000091	GCA_061568495.1	99.180	100.0	2.42e-72	122	ok
smbu06GL000091	GCA_900636615.1	99.180	100.0	2.42e-72	122	ok
smbu06GL000091	GCA_905186115.1	99.180	100.0	2.42e-72	122	ok
smbu06GL000091	GCA_931972305.1	96.721	100.0	4.98e-71	122	ok
smbu06GL000091	GCA_963280925.1	99.180	100.0	2.42e-72	122	ok
smbu06GL000091	GCA_988227945.1	99.180	100.0	2.42e-72	122	ok
smbu06GL000091	GCA_988227985.1	99.180	100.0	2.42e-72	122	ok
smbu06GL000091	GCA_988228025.1	99.180	100.0	2.42e-72	122	ok
smbu06GL000091	GCA_988235375.1	99.180	100.0	2.42e-72	122	ok
smbu06GL000091	GCA_988236725.1	99.180	100.0	2.42e-72	122	ok
smbu06GL000091	GCA_988237225.1	99.180	100.0	2.42e-72	122	ok
smbu06GL000091	GCF_001298485.1	99.180	100.0	2.42e-72	122	ok
smbu06GL000091	GCF_001412695.1	99.180	100.0	2.42e-72	122	ok
smbu06GL000091	GCF_001598635.1	95.902	100.0	4.81e-70	122	ok
smbu06GL000091	GCF_001689055.2	95.902	100.0	4.81e-70	122	ok
smbu06GL000091	GCF_002208945.1	95.902	100.0	4.81e-70	122	ok
smbu06GL000091	GCF_002216705.1	96.721	100.0	4.98e-71	122	ok
smbu06GL000091	GCF_002278015.2	99.180	100.0	2.42e-72	122	ok
smbu06GL000091	GCF_002289045.2	95.902	100.0	4.81e-70	122	ok
smbu06GL000091	GCF_002290025.1	99.180	100.0	2.42e-72	122	ok
smbu06GL000091	GCF_002355755.1	95.902	100.0	4.81e-70	122	ok
smbu06GL000091	GCF_002761555.1	99.180	100.0	2.42e-72	122	ok
smbu06GL000091	GCF_002831505.1	99.180	100.0	2.42e-72	122	ok
smbu06GL000091	GCF_002850515.1	99.180	100.0	2.42e-72	122	ok
smbu06GL000091	GCF_002983785.1	99.180	100.0	2.42e-72	122	ok
smbu06GL000091	GCF_003269465.1	99.180	100.0	2.42e-72	122	ok
smbu06GL000091	GCF_003667965.1	99.180	100.0	2.42e-72	122	ok
smbu06GL000091	GCF_003711125.1	97.541	100.0	4.79e-71	122	ok
smbu06GL000091	GCF_003711605.1	99.180	100.0	2.42e-72	122	ok
smbu06GL000091	GCF_003812665.1	95.902	100.0	4.81e-70	122	ok
smbu06GL000091	GCF_004332055.1	99.180	100.0	2.42e-72	122	ok
smbu06GL000091	GCF_005484525.1	95.902	100.0	4.81e-70	122	ok
smbu06GL000091	GCF_006337145.1	99.180	100.0	2.42e-72	122	ok
smbu06GL000091	GCF_006351785.1	99.180	100.0	2.42e-72	122	ok
smbu06GL000091	GCF_006351845.1	99.180	100.0	2.42e-72	122	ok
smbu06GL000091	GCF_006364815.1	95.902	100.0	4.81e-70	122	ok
smbu06GL000091	GCF_006494835.1	95.902	100.0	4.81e-70	122	ok
smbu06GL000091	GCF_006494855.1	95.902	100.0	4.81e-70	122	ok
smbu06GL000091	GCF_006494875.1	95.902	100.0	4.81e-70	122	ok
smbu06GL000091	GCF_006766145.1	95.902	100.0	4.81e-70	122	ok
smbu06GL000091	GCF_007923665.2	99.180	100.0	2.42e-72	122	ok
smbu06GL000091	GCF_007923785.2	99.180	100.0	2.42e-72	122	ok
smbu06GL000091	GCF_007923865.2	99.180	100.0	2.42e-72	122	ok
smbu06GL000091	GCF_007923885.2	99.180	100.0	2.42e-72	122	ok
smbu06GL000091	GCF_007923905.2	99.180	100.0	2.42e-72	122	ok
smbu06GL000091	GCF_007923925.2	99.180	100.0	2.42e-72	122	ok
smbu06GL000091	GCF_007923945.2	99.180	100.0	2.42e-72	122	ok
smbu06GL000091	GCF_007923965.2	99.180	100.0	2.42e-72	122	ok
smbu06GL000091	GCF_008330605.1	99.180	100.0	2.42e-72	122	ok
smbu06GL000091	GCF_009730155.1	97.541	100.0	6.28e-71	122	ok
smbu06GL000091	GCF_009734005.1	99.180	100.0	2.42e-72	122	ok
smbu06GL000091	GCF_009938075.1	99.180	100.0	2.42e-72	122	ok
smbu06GL000091	GCF_010103655.1	95.902	100.0	4.81e-70	122	ok
smbu06GL000091	GCF_010120755.1	99.180	100.0	2.42e-72	122	ok
smbu06GL000091	GCF_011745645.1	99.180	100.0	2.42e-72	122	ok
smbu06GL000091	GCF_012045365.1	99.180	100.0	2.42e-72	122	ok
smbu06GL000091	GCF_012045505.1	99.180	100.0	2.42e-72	122	ok
smbu06GL000091	GCF_012594215.1	95.902	100.0	4.81e-70	122	ok
smbu06GL000091	GCF_013201055.1	99.180	100.0	2.42e-72	122	ok
smbu06GL000091	GCF_013344625.1	95.902	100.0	4.81e-70	122	ok
smbu06GL000091	GCF_013344645.1	95.902	100.0	4.81e-70	122	ok
smbu06GL000091	GCF_013344665.1	95.902	100.0	4.81e-70	122	ok
smbu06GL000091	GCF_013391145.1	99.180	100.0	2.42e-72	122	ok
smbu06GL000091	GCF_013391165.1	99.180	100.0	2.42e-72	122	ok
smbu06GL000091	GCF_013391185.1	99.180	100.0	2.42e-72	122	ok
smbu06GL000091	GCF_013391205.1	99.180	100.0	2.42e-72	122	ok
smbu06GL000091	GCF_013394325.1	97.541	100.0	4.79e-71	122	ok
smbu06GL000091	GCF_015377765.1	99.180	100.0	2.42e-72	122	ok
smbu06GL000091	GCF_015767695.1	99.180	100.0	2.42e-72	122	ok
smbu06GL000091	GCF_015767715.1	99.180	100.0	2.42e-72	122	ok
smbu06GL000091	GCF_016127235.1	99.180	100.0	2.42e-72	122	ok
smbu06GL000091	GCF_017280035.1	95.902	100.0	4.81e-70	122	ok
smbu06GL000091	GCF_017357805.1	95.902	100.0	4.81e-70	122	ok
smbu06GL000091	GCF_018516845.1	99.180	100.0	2.42e-72	122	ok
smbu06GL000091	GCF_019203145.1	99.180	100.0	2.42e-72	122	ok
smbu06GL000091	GCF_019343125.1	99.180	100.0	2.42e-72	122	ok
smbu06GL000091	GCF_019456555.1	99.180	100.0	2.42e-72	122	ok
smbu06GL000091	GCF_019456575.1	99.180	100.0	2.42e-72	122	ok
smbu06GL000091	GCF_019456595.1	99.180	100.0	2.42e-72	122	ok
smbu06GL000091	GCF_019797905.1	97.541	100.0	4.79e-71	122	ok
smbu06GL000091	GCF_019967715.1	99.180	100.0	2.42e-72	122	ok
smbu06GL000091	GCF_020881975.1	95.902	100.0	4.81e-70	122	ok
smbu06GL000091	GCF_020906605.1	95.902	100.0	4.81e-70	122	ok
smbu06GL000091	GCF_022869705.1	95.902	100.0	4.81e-70	122	ok
smbu06GL000091	GCF_023299785.1	95.902	100.0	4.81e-70	122	ok
smbu06GL000091	GCF_023375505.1	95.902	100.0	4.81e-70	122	ok
smbu06GL000091	GCF_023612035.1	95.902	100.0	4.81e-70	122	ok
smbu06GL000091	GCF_023612275.1	99.180	100.0	2.42e-72	122	ok
smbu06GL000091	GCF_024267595.1	95.902	100.0	4.81e-70	122	ok
smbu06GL000091	GCF_025957845.1	95.902	100.0	4.81e-70	122	ok
smbu06GL000091	GCF_025957925.1	95.902	100.0	4.81e-70	122	ok
smbu06GL000091	GCF_025958025.1	95.902	100.0	4.81e-70	122	ok
smbu06GL000091	GCF_025958065.1	95.902	100.0	4.81e-70	122	ok
smbu06GL000091	GCF_025958085.1	95.902	100.0	4.81e-70	122	ok
smbu06GL000091	GCF_025958625.1	95.902	100.0	4.81e-70	122	ok
smbu06GL000091	GCF_025958845.1	95.902	100.0	4.81e-70	122	ok
smbu06GL000091	GCF_025958885.1	95.902	100.0	4.81e-70	122	ok
smbu06GL000091	GCF_026650885.1	95.902	100.0	4.81e-70	122	ok
smbu06GL000091	GCF_027915235.1	99.180	100.0	2.42e-72	122	ok
smbu06GL000091	GCF_030490365.1	99.180	100.0	2.42e-72	122	ok
smbu06GL000091	GCF_030584585.1	99.180	100.0	2.42e-72	122	ok
smbu06GL000091	GCF_030584605.1	99.180	100.0	2.42e-72	122	ok
smbu06GL000091	GCF_030584685.1	99.180	100.0	2.42e-72	122	ok
smbu06GL000091	GCF_030643745.1	99.180	100.0	2.42e-72	122	ok
smbu06GL000091	GCF_033954875.1	99.180	100.0	2.42e-72	122	ok
smbu06GL000091	GCF_033954895.1	99.180	100.0	2.42e-72	122	ok
smbu06GL000091	GCF_033954915.1	99.180	100.0	2.42e-72	122	ok
smbu06GL000091	GCF_036669985.1	99.180	100.0	2.42e-72	122	ok
smbu06GL000091	GCF_040745045.1	99.180	100.0	2.42e-72	122	ok
smbu06GL000091	GCF_043950735.1	99.180	100.0	2.42e-72	122	ok
smbu06GL000091	GCF_049315065.1	99.180	100.0	2.42e-72	122	ok
smbu06GL000091	GCF_049315075.1	98.361	100.0	1.12e-71	122	ok
smbu06GL000091	GCF_049315085.1	98.361	100.0	1.12e-71	122	ok
smbu06GL000091	GCF_049315095.1	98.361	100.0	1.12e-71	122	ok
smbu06GL000091	GCF_049315105.1	98.361	100.0	1.12e-71	122	ok
smbu06GL000091	GCF_049315115.1	99.180	100.0	2.42e-72	122	ok
smbu06GL000091	GCF_049315125.1	99.180	100.0	2.42e-72	122	ok
smbu06GL000091	GCF_049315135.1	98.361	100.0	1.12e-71	122	ok
smbu06GL000091	GCF_049315145.1	99.180	100.0	2.42e-72	122	ok
smbu06GL000091	GCF_049315155.1	98.361	100.0	1.12e-71	122	ok
smbu06GL000091	GCF_049315165.1	99.180	100.0	2.42e-72	122	ok
smbu06GL000091	GCF_049315175.1	99.180	100.0	2.42e-72	122	ok
smbu06GL000091	GCF_052655065.1	99.180	100.0	2.42e-72	122	ok
smbu06GL000091	GCF_052655335.1	99.180	100.0	2.42e-72	122	ok
smbu06GL000091	GCF_052655665.1	99.180	100.0	2.42e-72	122	ok
smbu06GL000091	GCF_052656575.1	99.180	100.0	2.42e-72	122	ok
smbu06GL000091	GCF_052657825.1	99.180	100.0	2.42e-72	122	ok
smbu06GL000091	GCF_052658005.1	99.180	100.0	2.42e-72	122	ok
smbu06GL000091	GCF_053764515.1	96.721	100.0	4.98e-71	122	ok
smbu06GL000091	GCF_056487465.1	96.721	100.0	4.98e-71	122	ok
smbu06GL000091	GCF_056582645.1	99.180	100.0	2.42e-72	122	ok
smbu06GL000091	GCF_931972305.1	96.721	100.0	4.98e-71	122	ok
smbu06GL000091	GCF_988227945.1	99.180	100.0	2.42e-72	122	ok
smbu06GL000091	GCF_988227985.1	99.180	100.0	2.42e-72	122	ok
smbu06GL000091	GCF_988228025.1	99.180	100.0	2.42e-72	122	ok
smbu06GL000091	L_lactis_14B4	83.607	100.0	1.28e-61	122	ok
smbu06GL000091	L_lactis_IL1403	83.607	100.0	1.28e-61	122	ok
smbu06GL000091	L_lactis_MG1363	83.607	100.0	1.28e-61	122	ok
smbu06GL000091	smbu06_project	99.180	100.0	2.42e-72	122	ok
smbu06GL000091	smbu08_project	99.180	100.0	2.42e-72	122	ok
smbu06GL000092	E_lactis_194	100.000	100.0	7.89e-58	102	ok
smbu06GL000092	GCA_000006865.1	65.347	99.0	2.37e-35	101	ok
smbu06GL000092	GCA_000157355.2	94.175	100.0	6.94e-45	103	ok
smbu06GL000092	GCA_000344575.1	65.347	99.0	2.37e-35	101	ok
smbu06GL000092	GCA_000761115.1	65.347	99.0	2.37e-35	101	ok
smbu06GL000092	GCA_000807375.1	65.347	99.0	2.37e-35	101	ok
smbu06GL000092	GCA_002216705.1	94.118	100.0	2.07e-56	102	ok
smbu06GL000092	GCA_002278015.2	99.010	99.0	3.62e-57	101	ok
smbu06GL000092	GCA_002290025.1	97.059	100.0	2.27e-57	102	ok
smbu06GL000092	GCA_002804185.1	65.347	99.0	2.37e-35	101	ok
smbu06GL000092	GCA_002804285.1	65.347	99.0	2.37e-35	101	ok
smbu06GL000092	GCA_002813755.1	94.118	100.0	2.07e-56	102	ok
smbu06GL000092	GCA_002895225.1	65.347	99.0	2.11e-35	101	ok
smbu06GL000092	GCA_003711125.1	82.524	100.0	5.16e-46	103	ok
smbu06GL000092	GCA_003722255.1	65.347	99.0	2.37e-35	101	ok
smbu06GL000092	GCA_005347505.1	82.524	100.0	5.16e-46	103	ok
smbu06GL000092	GCA_009730155.1	94.175	100.0	6.94e-45	103	ok
smbu06GL000092	GCA_013391145.1	99.010	99.0	3.62e-57	101	ok
smbu06GL000092	GCA_013391165.1	99.010	99.0	3.62e-57	101	ok
smbu06GL000092	GCA_013391185.1	98.020	99.0	2.94e-56	101	ok
smbu06GL000092	GCA_013391205.1	99.010	99.0	3.62e-57	101	ok
smbu06GL000092	GCA_013394325.1	81.553	100.0	9.05e-46	103	ok
smbu06GL000092	GCA_015767715.1	100.000	100.0	7.89e-58	102	ok
smbu06GL000092	GCA_016127235.1	99.010	99.0	3.62e-57	101	ok
smbu06GL000092	GCA_019203145.1	100.000	100.0	7.89e-58	102	ok
smbu06GL000092	GCA_019343125.1	100.000	100.0	7.89e-58	102	ok
smbu06GL000092	GCA_019797905.1	83.495	100.0	5.78e-38	103	ok
smbu06GL000092	GCA_019967715.1	100.000	100.0	7.89e-58	102	ok
smbu06GL000092	GCA_022870765.1	93.204	100.0	2.47e-44	103	ok
smbu06GL000092	GCA_023523715.1	94.175	100.0	6.94e-45	103	ok
smbu06GL000092	GCA_023612275.1	100.000	100.0	7.89e-58	102	ok
smbu06GL000092	GCA_025402795.1	83.495	100.0	5.78e-38	103	ok
smbu06GL000092	GCA_025402855.1	83.495	100.0	5.78e-38	103	ok
smbu06GL000092	GCA_029201225.1	93.204	100.0	2.47e-44	103	ok
smbu06GL000092	GCA_029215545.1	93.204	100.0	2.47e-44	103	ok
smbu06GL000092	GCA_030490365.1	100.000	100.0	7.89e-58	102	ok
smbu06GL000092	GCA_033954875.1	100.000	100.0	7.89e-58	102	ok
smbu06GL000092	GCA_033954895.1	100.000	100.0	7.89e-58	102	ok
smbu06GL000092	GCA_033954915.1	100.000	100.0	7.89e-58	102	ok
smbu06GL000092	GCA_036669985.1	100.000	100.0	7.89e-58	102	ok
smbu06GL000092	GCA_040745045.1	100.000	100.0	7.89e-58	102	ok
smbu06GL000092	GCA_041930275.1	94.175	100.0	6.94e-45	103	ok
smbu06GL000092	GCA_041952535.1	94.175	100.0	6.94e-45	103	ok
smbu06GL000092	GCA_043950735.1	99.010	99.0	3.62e-57	101	ok
smbu06GL000092	GCA_043950745.1	99.010	99.0	3.62e-57	101	ok
smbu06GL000092	GCA_045039055.1	94.175	100.0	6.94e-45	103	ok
smbu06GL000092	GCA_049315065.1	100.000	100.0	7.89e-58	102	ok
smbu06GL000092	GCA_049315075.1	98.039	100.0	2.29e-57	102	ok
smbu06GL000092	GCA_049315085.1	98.039	100.0	2.29e-57	102	ok
smbu06GL000092	GCA_049315095.1	98.039	100.0	2.29e-57	102	ok
smbu06GL000092	GCA_049315105.1	98.039	100.0	2.29e-57	102	ok
smbu06GL000092	GCA_049315115.1	100.000	100.0	7.89e-58	102	ok
smbu06GL000092	GCA_049315125.1	100.000	100.0	7.89e-58	102	ok
smbu06GL000092	GCA_049315135.1	98.039	100.0	2.29e-57	102	ok
smbu06GL000092	GCA_049315145.1	100.000	100.0	7.89e-58	102	ok
smbu06GL000092	GCA_049315155.1	98.039	100.0	2.29e-57	102	ok
smbu06GL000092	GCA_049315165.1	100.000	100.0	7.89e-58	102	ok
smbu06GL000092	GCA_049315175.1	100.000	100.0	7.89e-58	102	ok
smbu06GL000092	GCA_052655065.1	100.000	100.0	7.89e-58	102	ok
smbu06GL000092	GCA_052655335.1	100.000	100.0	7.89e-58	102	ok
smbu06GL000092	GCA_052655665.1	100.000	100.0	7.89e-58	102	ok
smbu06GL000092	GCA_052656575.1	100.000	100.0	7.89e-58	102	ok
smbu06GL000092	GCA_052657825.1	100.000	100.0	7.89e-58	102	ok
smbu06GL000092	GCA_052658005.1	100.000	100.0	7.89e-58	102	ok
smbu06GL000092	GCA_053764515.1	94.118	100.0	2.07e-56	102	ok
smbu06GL000092	GCA_055397705.1	100.000	83.3	2.86e-47	85	ok
smbu06GL000092	GCA_055397995.1	99.010	99.0	3.62e-57	101	ok
smbu06GL000092	GCA_056487485.1	94.118	100.0	2.07e-56	102	ok
smbu06GL000092	GCA_056582645.1	100.000	100.0	7.89e-58	102	ok
smbu06GL000092	GCA_058072705.1	100.000	100.0	7.89e-58	102	ok
smbu06GL000092	GCA_060306215.1	100.000	100.0	7.89e-58	102	ok
smbu06GL000092	GCA_060307205.1	99.010	99.0	3.62e-57	101	ok
smbu06GL000092	GCA_060307225.1	100.000	100.0	7.89e-58	102	ok
smbu06GL000092	GCA_061568495.1	100.000	100.0	7.89e-58	102	ok
smbu06GL000092	GCA_900636615.1	99.010	99.0	3.62e-57	101	ok
smbu06GL000092	GCA_905186115.1	99.010	99.0	3.62e-57	101	ok
smbu06GL000092	GCA_931972305.1	94.118	100.0	2.07e-56	102	ok
smbu06GL000092	GCA_963280925.1	99.010	99.0	3.62e-57	101	ok
smbu06GL000092	GCA_988227945.1	100.000	100.0	7.89e-58	102	ok
smbu06GL000092	GCA_988227985.1	100.000	100.0	7.89e-58	102	ok
smbu06GL000092	GCA_988228025.1	100.000	100.0	7.89e-58	102	ok
smbu06GL000092	GCA_988235375.1	97.059	100.0	2.27e-57	102	ok
smbu06GL000092	GCA_988236725.1	97.059	100.0	2.27e-57	102	ok
smbu06GL000092	GCA_988237225.1	100.000	100.0	7.89e-58	102	ok
smbu06GL000092	GCF_001298485.1	100.000	100.0	7.89e-58	102	ok
smbu06GL000092	GCF_001412695.1	100.000	100.0	7.89e-58	102	ok
smbu06GL000092	GCF_001598635.1	88.350	100.0	5.6e-50	103	ok
smbu06GL000092	GCF_001689055.2	88.350	100.0	5.6e-50	103	ok
smbu06GL000092	GCF_002208945.1	88.350	100.0	5.6e-50	103	ok
smbu06GL000092	GCF_002216705.1	94.118	100.0	2.07e-56	102	ok
smbu06GL000092	GCF_002278015.2	99.010	99.0	3.62e-57	101	ok
smbu06GL000092	GCF_002289045.2	88.350	100.0	5.6e-50	103	ok
smbu06GL000092	GCF_002290025.1	97.059	100.0	2.27e-57	102	ok
smbu06GL000092	GCF_002355755.1	88.350	100.0	5.6e-50	103	ok
smbu06GL000092	GCF_002761555.1	100.000	100.0	7.89e-58	102	ok
smbu06GL000092	GCF_002831505.1	100.000	100.0	7.89e-58	102	ok
smbu06GL000092	GCF_002850515.1	100.000	100.0	7.89e-58	102	ok
smbu06GL000092	GCF_002983785.1	100.000	100.0	7.89e-58	102	ok
smbu06GL000092	GCF_003269465.1	100.000	100.0	7.89e-58	102	ok
smbu06GL000092	GCF_003667965.1	100.000	100.0	7.89e-58	102	ok
smbu06GL000092	GCF_003711125.1	82.524	100.0	5.16e-46	103	ok
smbu06GL000092	GCF_003711605.1	100.000	100.0	7.89e-58	102	ok
smbu06GL000092	GCF_003812665.1	88.350	100.0	5.6e-50	103	ok
smbu06GL000092	GCF_004332055.1	100.000	100.0	7.89e-58	102	ok
smbu06GL000092	GCF_005484525.1	88.350	100.0	5.6e-50	103	ok
smbu06GL000092	GCF_006337145.1	100.000	100.0	7.89e-58	102	ok
smbu06GL000092	GCF_006351785.1	100.000	100.0	7.89e-58	102	ok
smbu06GL000092	GCF_006351845.1	100.000	100.0	7.89e-58	102	ok
smbu06GL000092	GCF_006364815.1	88.350	100.0	5.6e-50	103	ok
smbu06GL000092	GCF_006494835.1	88.350	100.0	5.6e-50	103	ok
smbu06GL000092	GCF_006494855.1	88.350	100.0	5.6e-50	103	ok
smbu06GL000092	GCF_006494875.1	88.350	100.0	5.6e-50	103	ok
smbu06GL000092	GCF_006766145.1	88.350	100.0	5.6e-50	103	ok
smbu06GL000092	GCF_007923665.2	100.000	100.0	7.89e-58	102	ok
smbu06GL000092	GCF_007923785.2	100.000	100.0	7.89e-58	102	ok
smbu06GL000092	GCF_007923865.2	100.000	100.0	7.89e-58	102	ok
smbu06GL000092	GCF_007923885.2	100.000	100.0	7.89e-58	102	ok
smbu06GL000092	GCF_007923905.2	100.000	100.0	7.89e-58	102	ok
smbu06GL000092	GCF_007923925.2	100.000	100.0	7.89e-58	102	ok
smbu06GL000092	GCF_007923945.2	100.000	100.0	7.89e-58	102	ok
smbu06GL000092	GCF_007923965.2	100.000	100.0	7.89e-58	102	ok
smbu06GL000092	GCF_008330605.1	100.000	100.0	7.89e-58	102	ok
smbu06GL000092	GCF_009730155.1	94.175	100.0	6.94e-45	103	ok
smbu06GL000092	GCF_009734005.1	100.000	100.0	7.89e-58	102	ok
smbu06GL000092	GCF_009938075.1	100.000	100.0	7.89e-58	102	ok
smbu06GL000092	GCF_010103655.1	88.350	100.0	5.6e-50	103	ok
smbu06GL000092	GCF_010120755.1	100.000	100.0	7.89e-58	102	ok
smbu06GL000092	GCF_011745645.1	100.000	100.0	7.89e-58	102	ok
smbu06GL000092	GCF_012045365.1	100.000	100.0	7.89e-58	102	ok
smbu06GL000092	GCF_012045505.1	100.000	100.0	7.89e-58	102	ok
smbu06GL000092	GCF_012594215.1	88.350	100.0	5.6e-50	103	ok
smbu06GL000092	GCF_013201055.1	100.000	100.0	7.89e-58	102	ok
smbu06GL000092	GCF_013344625.1	88.350	100.0	5.6e-50	103	ok
smbu06GL000092	GCF_013344645.1	88.350	100.0	5.6e-50	103	ok
smbu06GL000092	GCF_013344665.1	88.350	100.0	5.6e-50	103	ok
smbu06GL000092	GCF_013391145.1	99.010	99.0	3.62e-57	101	ok
smbu06GL000092	GCF_013391165.1	99.010	99.0	3.62e-57	101	ok
smbu06GL000092	GCF_013391185.1	98.020	99.0	2.94e-56	101	ok
smbu06GL000092	GCF_013391205.1	99.010	99.0	3.62e-57	101	ok
smbu06GL000092	GCF_013394325.1	81.553	100.0	9.05e-46	103	ok
smbu06GL000092	GCF_015377765.1	100.000	100.0	7.89e-58	102	ok
smbu06GL000092	GCF_015767695.1	100.000	100.0	7.89e-58	102	ok
smbu06GL000092	GCF_015767715.1	100.000	100.0	7.89e-58	102	ok
smbu06GL000092	GCF_016127235.1	99.010	99.0	3.62e-57	101	ok
smbu06GL000092	GCF_017280035.1	88.350	100.0	5.6e-50	103	ok
smbu06GL000092	GCF_017357805.1	88.350	100.0	5.6e-50	103	ok
smbu06GL000092	GCF_018516845.1	100.000	100.0	7.89e-58	102	ok
smbu06GL000092	GCF_019203145.1	100.000	100.0	7.89e-58	102	ok
smbu06GL000092	GCF_019343125.1	100.000	100.0	7.89e-58	102	ok
smbu06GL000092	GCF_019456555.1	100.000	100.0	7.89e-58	102	ok
smbu06GL000092	GCF_019456575.1	100.000	100.0	7.89e-58	102	ok
smbu06GL000092	GCF_019456595.1	100.000	100.0	7.89e-58	102	ok
smbu06GL000092	GCF_019797905.1	83.495	100.0	5.78e-38	103	ok
smbu06GL000092	GCF_019967715.1	100.000	100.0	7.89e-58	102	ok
smbu06GL000092	GCF_020881975.1	88.350	100.0	5.6e-50	103	ok
smbu06GL000092	GCF_020906605.1	88.350	100.0	5.6e-50	103	ok
smbu06GL000092	GCF_022869705.1	88.350	100.0	5.6e-50	103	ok
smbu06GL000092	GCF_023299785.1	88.350	100.0	5.6e-50	103	ok
smbu06GL000092	GCF_023375505.1	88.350	100.0	5.6e-50	103	ok
smbu06GL000092	GCF_023612035.1	88.350	100.0	5.6e-50	103	ok
smbu06GL000092	GCF_023612275.1	100.000	100.0	7.89e-58	102	ok
smbu06GL000092	GCF_024267595.1	88.350	100.0	5.6e-50	103	ok
smbu06GL000092	GCF_025957845.1	88.350	100.0	5.6e-50	103	ok
smbu06GL000092	GCF_025957925.1	88.350	100.0	5.6e-50	103	ok
smbu06GL000092	GCF_025958025.1	88.350	100.0	5.6e-50	103	ok
smbu06GL000092	GCF_025958065.1	88.350	100.0	5.6e-50	103	ok
smbu06GL000092	GCF_025958085.1	88.350	100.0	5.6e-50	103	ok
smbu06GL000092	GCF_025958625.1	88.350	100.0	5.6e-50	103	ok
smbu06GL000092	GCF_025958845.1	88.350	100.0	5.6e-50	103	ok
smbu06GL000092	GCF_025958885.1	88.350	100.0	5.6e-50	103	ok
smbu06GL000092	GCF_026650885.1	88.350	100.0	5.6e-50	103	ok
smbu06GL000092	GCF_027915235.1	100.000	100.0	7.89e-58	102	ok
smbu06GL000092	GCF_030490365.1	100.000	100.0	7.89e-58	102	ok
smbu06GL000092	GCF_030584585.1	100.000	100.0	7.89e-58	102	ok
smbu06GL000092	GCF_030584605.1	100.000	100.0	7.89e-58	102	ok
smbu06GL000092	GCF_030584685.1	100.000	100.0	7.89e-58	102	ok
smbu06GL000092	GCF_030643745.1	100.000	100.0	7.89e-58	102	ok
smbu06GL000092	GCF_033954875.1	100.000	100.0	7.89e-58	102	ok
smbu06GL000092	GCF_033954895.1	100.000	100.0	7.89e-58	102	ok
smbu06GL000092	GCF_033954915.1	100.000	100.0	7.89e-58	102	ok
smbu06GL000092	GCF_036669985.1	100.000	100.0	7.89e-58	102	ok
smbu06GL000092	GCF_040745045.1	100.000	100.0	7.89e-58	102	ok
smbu06GL000092	GCF_043950735.1	99.010	99.0	3.62e-57	101	ok
smbu06GL000092	GCF_049315065.1	100.000	100.0	7.89e-58	102	ok
smbu06GL000092	GCF_049315075.1	98.039	100.0	2.29e-57	102	ok
smbu06GL000092	GCF_049315085.1	98.039	100.0	2.29e-57	102	ok
smbu06GL000092	GCF_049315095.1	98.039	100.0	2.29e-57	102	ok
smbu06GL000092	GCF_049315105.1	98.039	100.0	2.29e-57	102	ok
smbu06GL000092	GCF_049315115.1	100.000	100.0	7.89e-58	102	ok
smbu06GL000092	GCF_049315125.1	100.000	100.0	7.89e-58	102	ok
smbu06GL000092	GCF_049315135.1	98.039	100.0	2.29e-57	102	ok
smbu06GL000092	GCF_049315145.1	100.000	100.0	7.89e-58	102	ok
smbu06GL000092	GCF_049315155.1	98.039	100.0	2.29e-57	102	ok
smbu06GL000092	GCF_049315165.1	100.000	100.0	7.89e-58	102	ok
smbu06GL000092	GCF_049315175.1	100.000	100.0	7.89e-58	102	ok
smbu06GL000092	GCF_052655065.1	100.000	100.0	7.89e-58	102	ok
smbu06GL000092	GCF_052655335.1	100.000	100.0	7.89e-58	102	ok
smbu06GL000092	GCF_052655665.1	100.000	100.0	7.89e-58	102	ok
smbu06GL000092	GCF_052656575.1	100.000	100.0	7.89e-58	102	ok
smbu06GL000092	GCF_052657825.1	100.000	100.0	7.89e-58	102	ok
smbu06GL000092	GCF_052658005.1	100.000	100.0	7.89e-58	102	ok
smbu06GL000092	GCF_053764515.1	94.118	100.0	2.07e-56	102	ok
smbu06GL000092	GCF_056487465.1	94.118	100.0	2.07e-56	102	ok
smbu06GL000092	GCF_056582645.1	100.000	100.0	7.89e-58	102	ok
smbu06GL000092	GCF_931972305.1	94.118	100.0	2.07e-56	102	ok
smbu06GL000092	GCF_988227945.1	100.000	100.0	7.89e-58	102	ok
smbu06GL000092	GCF_988227985.1	100.000	100.0	7.89e-58	102	ok
smbu06GL000092	GCF_988228025.1	100.000	100.0	7.89e-58	102	ok
smbu06GL000092	L_lactis_14B4	65.347	99.0	2.37e-35	101	ok
smbu06GL000092	L_lactis_IL1403	65.347	99.0	2.37e-35	101	ok
smbu06GL000092	L_lactis_MG1363	65.347	99.0	2.37e-35	101	ok
smbu06GL000092	smbu06_project	100.000	100.0	7.89e-58	102	ok
smbu06GL000092	smbu08_project	100.000	100.0	7.89e-58	102	ok
smbu06GL000093	E_lactis_194	100.000	100.0	2.92e-115	179	ok
smbu06GL000093	GCA_000006865.1	83.146	99.4	2.61e-98	2	rejected
smbu06GL000093	GCA_000157355.2	93.296	100.0	4.49e-109	179	ok
smbu06GL000093	GCA_000344575.1	83.146	99.4	2.61e-98	2	rejected
smbu06GL000093	GCA_000761115.1	83.146	99.4	2.61e-98	2	rejected
smbu06GL000093	GCA_000807375.1	83.146	99.4	2.61e-98	2	rejected
smbu06GL000093	GCA_002216705.1	98.883	100.0	3.65e-114	179	ok
smbu06GL000093	GCA_002278015.2	100.000	100.0	2.92e-115	179	ok
smbu06GL000093	GCA_002290025.1	98.883	100.0	1.91e-114	179	ok
smbu06GL000093	GCA_002804185.1	83.146	99.4	2.61e-98	2	rejected
smbu06GL000093	GCA_002804285.1	83.146	99.4	2.61e-98	2	rejected
smbu06GL000093	GCA_002813755.1	98.883	100.0	3.65e-114	179	ok
smbu06GL000093	GCA_002895225.1	83.146	99.4	2.61e-98	2	rejected
smbu06GL000093	GCA_003711125.1	91.061	100.0	2.57e-107	179	ok
smbu06GL000093	GCA_003722255.1	83.146	99.4	2.61e-98	2	rejected
smbu06GL000093	GCA_005347505.1	91.061	100.0	2.57e-107	179	ok
smbu06GL000093	GCA_009730155.1	93.296	100.0	5.14e-109	179	ok
smbu06GL000093	GCA_013391145.1	100.000	100.0	2.92e-115	179	ok
smbu06GL000093	GCA_013391165.1	100.000	100.0	2.92e-115	179	ok
smbu06GL000093	GCA_013391185.1	100.000	100.0	2.92e-115	179	ok
smbu06GL000093	GCA_013391205.1	100.000	100.0	2.92e-115	179	ok
smbu06GL000093	GCA_013394325.1	91.061	100.0	2.57e-107	179	ok
smbu06GL000093	GCA_015767715.1	100.000	100.0	2.92e-115	179	ok
smbu06GL000093	GCA_016127235.1	100.000	100.0	2.92e-115	179	ok
smbu06GL000093	GCA_019203145.1	100.000	100.0	2.92e-115	179	ok
smbu06GL000093	GCA_019343125.1	100.000	100.0	2.92e-115	179	ok
smbu06GL000093	GCA_019797905.1	91.061	100.0	1.88e-107	179	ok
smbu06GL000093	GCA_019967715.1	100.000	100.0	2.92e-115	179	ok
smbu06GL000093	GCA_022870765.1	93.296	100.0	4.49e-109	179	ok
smbu06GL000093	GCA_023523715.1	93.296	100.0	4.49e-109	179	ok
smbu06GL000093	GCA_023612275.1	100.000	100.0	2.92e-115	179	ok
smbu06GL000093	GCA_025402795.1	91.061	100.0	1.88e-107	179	ok
smbu06GL000093	GCA_025402855.1	91.061	100.0	1.88e-107	179	ok
smbu06GL000093	GCA_029201225.1	93.296	100.0	4.49e-109	179	ok
smbu06GL000093	GCA_029215545.1	93.296	100.0	4.49e-109	179	ok
smbu06GL000093	GCA_030490365.1	100.000	100.0	2.92e-115	179	ok
smbu06GL000093	GCA_033954875.1	100.000	100.0	2.92e-115	179	ok
smbu06GL000093	GCA_033954895.1	100.000	100.0	2.92e-115	179	ok
smbu06GL000093	GCA_033954915.1	100.000	100.0	2.92e-115	179	ok
smbu06GL000093	GCA_036669985.1	100.000	100.0	2.92e-115	179	ok
smbu06GL000093	GCA_040745045.1	100.000	100.0	2.92e-115	179	ok
smbu06GL000093	GCA_041930275.1	93.296	100.0	5.14e-109	179	ok
smbu06GL000093	GCA_041952535.1	93.296	100.0	5.14e-109	179	ok
smbu06GL000093	GCA_043950735.1	100.000	100.0	2.92e-115	179	ok
smbu06GL000093	GCA_043950745.1	100.000	100.0	2.92e-115	179	ok
smbu06GL000093	GCA_045039055.1	93.296	100.0	5.14e-109	179	ok
smbu06GL000093	GCA_049315065.1	100.000	100.0	2.92e-115	179	ok
smbu06GL000093	GCA_049315075.1	99.441	100.0	1.39e-114	179	ok
smbu06GL000093	GCA_049315085.1	99.441	100.0	1.39e-114	179	ok
smbu06GL000093	GCA_049315095.1	99.441	100.0	1.39e-114	179	ok
smbu06GL000093	GCA_049315105.1	99.441	100.0	1.39e-114	179	ok
smbu06GL000093	GCA_049315115.1	100.000	100.0	2.92e-115	179	ok
smbu06GL000093	GCA_049315125.1	100.000	100.0	2.92e-115	179	ok
smbu06GL000093	GCA_049315135.1	99.441	100.0	1.39e-114	179	ok
smbu06GL000093	GCA_049315145.1	100.000	100.0	2.92e-115	179	ok
smbu06GL000093	GCA_049315155.1	99.441	100.0	1.39e-114	179	ok
smbu06GL000093	GCA_049315165.1	100.000	100.0	2.92e-115	179	ok
smbu06GL000093	GCA_049315175.1	100.000	100.0	2.92e-115	179	ok
smbu06GL000093	GCA_052655065.1	100.000	100.0	2.92e-115	179	ok
smbu06GL000093	GCA_052655335.1	100.000	100.0	2.92e-115	179	ok
smbu06GL000093	GCA_052655665.1	100.000	100.0	2.92e-115	179	ok
smbu06GL000093	GCA_052656575.1	100.000	100.0	2.92e-115	179	ok
smbu06GL000093	GCA_052657825.1	100.000	100.0	2.92e-115	179	ok
smbu06GL000093	GCA_052658005.1	100.000	100.0	2.92e-115	179	ok
smbu06GL000093	GCA_053764515.1	98.883	100.0	3.65e-114	179	ok
smbu06GL000093	GCA_055397705.1	78.378	61.5	7.83e-71	72	ok
smbu06GL000093	GCA_055397995.1	100.000	100.0	2.92e-115	179	ok
smbu06GL000093	GCA_056487485.1	98.883	100.0	3.65e-114	179	ok
smbu06GL000093	GCA_056582645.1	100.000	100.0	2.92e-115	179	ok
smbu06GL000093	GCA_058072705.1	100.000	100.0	2.92e-115	179	ok
smbu06GL000093	GCA_060306215.1	100.000	100.0	2.92e-115	179	ok
smbu06GL000093	GCA_060307205.1	100.000	100.0	2.92e-115	179	ok
smbu06GL000093	GCA_060307225.1	100.000	100.0	2.92e-115	179	ok
smbu06GL000093	GCA_061568495.1	100.000	100.0	2.92e-115	179	ok
smbu06GL000093	GCA_900636615.1	100.000	100.0	2.92e-115	179	ok
smbu06GL000093	GCA_905186115.1	100.000	89.4	2.39e-102	30	rejected
smbu06GL000093	GCA_931972305.1	98.883	100.0	3.65e-114	179	ok
smbu06GL000093	GCA_963280925.1	100.000	100.0	2.92e-115	179	ok
smbu06GL000093	GCA_988227945.1	100.000	100.0	2.92e-115	179	ok
smbu06GL000093	GCA_988227985.1	100.000	100.0	2.92e-115	179	ok
smbu06GL000093	GCA_988228025.1	100.000	100.0	2.92e-115	179	ok
smbu06GL000093	GCA_988235375.1	98.883	100.0	1.91e-114	179	ok
smbu06GL000093	GCA_988236725.1	98.883	100.0	1.91e-114	179	ok
smbu06GL000093	GCA_988237225.1	100.000	100.0	2.92e-115	179	ok
smbu06GL000093	GCF_001298485.1	100.000	100.0	2.92e-115	179	ok
smbu06GL000093	GCF_001412695.1	100.000	100.0	2.92e-115	179	ok
smbu06GL000093	GCF_001598635.1	95.531	100.0	2.61e-111	179	ok
smbu06GL000093	GCF_001689055.2	95.531	100.0	2.61e-111	179	ok
smbu06GL000093	GCF_002208945.1	95.531	100.0	2.61e-111	179	ok
smbu06GL000093	GCF_002216705.1	98.883	100.0	3.65e-114	179	ok
smbu06GL000093	GCF_002278015.2	100.000	100.0	2.92e-115	179	ok
smbu06GL000093	GCF_002289045.2	95.531	100.0	2.61e-111	179	ok
smbu06GL000093	GCF_002290025.1	98.883	100.0	1.91e-114	179	ok
smbu06GL000093	GCF_002355755.1	95.531	100.0	2.61e-111	179	ok
smbu06GL000093	GCF_002761555.1	100.000	100.0	2.92e-115	179	ok
smbu06GL000093	GCF_002831505.1	100.000	100.0	2.92e-115	179	ok
smbu06GL000093	GCF_002850515.1	100.000	100.0	2.92e-115	179	ok
smbu06GL000093	GCF_002983785.1	100.000	100.0	2.92e-115	179	ok
smbu06GL000093	GCF_003269465.1	100.000	100.0	2.92e-115	179	ok
smbu06GL000093	GCF_003667965.1	100.000	100.0	2.92e-115	179	ok
smbu06GL000093	GCF_003711125.1	91.061	100.0	2.57e-107	179	ok
smbu06GL000093	GCF_003711605.1	100.000	100.0	2.92e-115	179	ok
smbu06GL000093	GCF_003812665.1	95.531	100.0	2.61e-111	179	ok
smbu06GL000093	GCF_004332055.1	100.000	100.0	2.92e-115	179	ok
smbu06GL000093	GCF_005484525.1	95.531	100.0	2.61e-111	179	ok
smbu06GL000093	GCF_006337145.1	100.000	100.0	2.92e-115	179	ok
smbu06GL000093	GCF_006351785.1	100.000	100.0	2.92e-115	179	ok
smbu06GL000093	GCF_006351845.1	100.000	100.0	2.92e-115	179	ok
smbu06GL000093	GCF_006364815.1	95.531	100.0	2.61e-111	179	ok
smbu06GL000093	GCF_006494835.1	95.531	100.0	2.61e-111	179	ok
smbu06GL000093	GCF_006494855.1	95.531	100.0	2.61e-111	179	ok
smbu06GL000093	GCF_006494875.1	95.531	100.0	2.61e-111	179	ok
smbu06GL000093	GCF_006766145.1	95.531	100.0	2.61e-111	179	ok
smbu06GL000093	GCF_007923665.2	100.000	100.0	2.92e-115	179	ok
smbu06GL000093	GCF_007923785.2	100.000	100.0	2.92e-115	179	ok
smbu06GL000093	GCF_007923865.2	100.000	100.0	2.92e-115	179	ok
smbu06GL000093	GCF_007923885.2	100.000	100.0	2.92e-115	179	ok
smbu06GL000093	GCF_007923905.2	100.000	100.0	2.92e-115	179	ok
smbu06GL000093	GCF_007923925.2	100.000	100.0	2.92e-115	179	ok
smbu06GL000093	GCF_007923945.2	100.000	100.0	2.92e-115	179	ok
smbu06GL000093	GCF_007923965.2	100.000	100.0	2.92e-115	179	ok
smbu06GL000093	GCF_008330605.1	100.000	100.0	2.92e-115	179	ok
smbu06GL000093	GCF_009730155.1	93.296	100.0	5.14e-109	179	ok
smbu06GL000093	GCF_009734005.1	100.000	100.0	2.92e-115	179	ok
smbu06GL000093	GCF_009938075.1	100.000	100.0	2.92e-115	179	ok
smbu06GL000093	GCF_010103655.1	95.531	100.0	2.61e-111	179	ok
smbu06GL000093	GCF_010120755.1	100.000	100.0	2.92e-115	179	ok
smbu06GL000093	GCF_011745645.1	100.000	100.0	2.92e-115	179	ok
smbu06GL000093	GCF_012045365.1	100.000	100.0	2.92e-115	179	ok
smbu06GL000093	GCF_012045505.1	100.000	100.0	2.92e-115	179	ok
smbu06GL000093	GCF_012594215.1	95.531	100.0	2.61e-111	179	ok
smbu06GL000093	GCF_013201055.1	100.000	100.0	2.92e-115	179	ok
smbu06GL000093	GCF_013344625.1	95.531	100.0	2.61e-111	179	ok
smbu06GL000093	GCF_013344645.1	95.531	100.0	2.61e-111	179	ok
smbu06GL000093	GCF_013344665.1	95.531	100.0	2.61e-111	179	ok
smbu06GL000093	GCF_013391145.1	100.000	100.0	2.92e-115	179	ok
smbu06GL000093	GCF_013391165.1	100.000	100.0	2.92e-115	179	ok
smbu06GL000093	GCF_013391185.1	100.000	100.0	2.92e-115	179	ok
smbu06GL000093	GCF_013391205.1	100.000	100.0	2.92e-115	179	ok
smbu06GL000093	GCF_013394325.1	91.061	100.0	2.57e-107	179	ok
smbu06GL000093	GCF_015377765.1	100.000	100.0	2.92e-115	179	ok
smbu06GL000093	GCF_015767695.1	100.000	100.0	2.92e-115	179	ok
smbu06GL000093	GCF_015767715.1	100.000	100.0	2.92e-115	179	ok
smbu06GL000093	GCF_016127235.1	100.000	100.0	2.92e-115	179	ok
smbu06GL000093	GCF_017280035.1	95.531	100.0	2.61e-111	179	ok
smbu06GL000093	GCF_017357805.1	95.531	100.0	2.61e-111	179	ok
smbu06GL000093	GCF_018516845.1	100.000	100.0	2.92e-115	179	ok
smbu06GL000093	GCF_019203145.1	100.000	100.0	2.92e-115	179	ok
smbu06GL000093	GCF_019343125.1	100.000	100.0	2.92e-115	179	ok
smbu06GL000093	GCF_019456555.1	100.000	100.0	2.92e-115	179	ok
smbu06GL000093	GCF_019456575.1	100.000	100.0	2.92e-115	179	ok
smbu06GL000093	GCF_019456595.1	100.000	100.0	2.92e-115	179	ok
smbu06GL000093	GCF_019797905.1	91.061	100.0	1.88e-107	179	ok
smbu06GL000093	GCF_019967715.1	100.000	100.0	2.92e-115	179	ok
smbu06GL000093	GCF_020881975.1	95.531	100.0	2.61e-111	179	ok
smbu06GL000093	GCF_020906605.1	95.531	100.0	2.61e-111	179	ok
smbu06GL000093	GCF_022869705.1	95.531	100.0	2.61e-111	179	ok
smbu06GL000093	GCF_023299785.1	95.531	100.0	2.61e-111	179	ok
smbu06GL000093	GCF_023375505.1	95.531	100.0	2.61e-111	179	ok
smbu06GL000093	GCF_023612035.1	95.531	100.0	2.61e-111	179	ok
smbu06GL000093	GCF_023612275.1	100.000	100.0	2.92e-115	179	ok
smbu06GL000093	GCF_024267595.1	95.531	100.0	2.61e-111	179	ok
smbu06GL000093	GCF_025957845.1	95.531	100.0	2.61e-111	179	ok
smbu06GL000093	GCF_025957925.1	95.531	100.0	2.61e-111	179	ok
smbu06GL000093	GCF_025958025.1	95.531	100.0	2.61e-111	179	ok
smbu06GL000093	GCF_025958065.1	95.531	100.0	2.61e-111	179	ok
smbu06GL000093	GCF_025958085.1	95.531	100.0	2.61e-111	179	ok
smbu06GL000093	GCF_025958625.1	95.531	100.0	2.61e-111	179	ok
smbu06GL000093	GCF_025958845.1	95.531	100.0	2.61e-111	179	ok
smbu06GL000093	GCF_025958885.1	95.531	100.0	2.61e-111	179	ok
smbu06GL000093	GCF_026650885.1	95.531	100.0	2.61e-111	179	ok
smbu06GL000093	GCF_027915235.1	100.000	100.0	2.92e-115	179	ok
smbu06GL000093	GCF_030490365.1	100.000	100.0	2.92e-115	179	ok
smbu06GL000093	GCF_030584585.1	100.000	100.0	2.92e-115	179	ok
smbu06GL000093	GCF_030584605.1	100.000	100.0	2.92e-115	179	ok
smbu06GL000093	GCF_030584685.1	100.000	100.0	2.92e-115	179	ok
smbu06GL000093	GCF_030643745.1	100.000	100.0	2.92e-115	179	ok
smbu06GL000093	GCF_033954875.1	100.000	100.0	2.92e-115	179	ok
smbu06GL000093	GCF_033954895.1	100.000	100.0	2.92e-115	179	ok
smbu06GL000093	GCF_033954915.1	100.000	100.0	2.92e-115	179	ok
smbu06GL000093	GCF_036669985.1	100.000	100.0	2.92e-115	179	ok
smbu06GL000093	GCF_040745045.1	100.000	100.0	2.92e-115	179	ok
smbu06GL000093	GCF_043950735.1	100.000	100.0	2.92e-115	179	ok
smbu06GL000093	GCF_049315065.1	100.000	100.0	2.92e-115	179	ok
smbu06GL000093	GCF_049315075.1	99.441	100.0	1.39e-114	179	ok
smbu06GL000093	GCF_049315085.1	99.441	100.0	1.39e-114	179	ok
smbu06GL000093	GCF_049315095.1	99.441	100.0	1.39e-114	179	ok
smbu06GL000093	GCF_049315105.1	99.441	100.0	1.39e-114	179	ok
smbu06GL000093	GCF_049315115.1	100.000	100.0	2.92e-115	179	ok
smbu06GL000093	GCF_049315125.1	100.000	100.0	2.92e-115	179	ok
smbu06GL000093	GCF_049315135.1	99.441	100.0	1.39e-114	179	ok
smbu06GL000093	GCF_049315145.1	100.000	100.0	2.92e-115	179	ok
smbu06GL000093	GCF_049315155.1	99.441	100.0	1.39e-114	179	ok
smbu06GL000093	GCF_049315165.1	100.000	100.0	2.92e-115	179	ok
smbu06GL000093	GCF_049315175.1	100.000	100.0	2.92e-115	179	ok
smbu06GL000093	GCF_052655065.1	100.000	100.0	2.92e-115	179	ok
smbu06GL000093	GCF_052655335.1	100.000	100.0	2.92e-115	179	ok
smbu06GL000093	GCF_052655665.1	100.000	100.0	2.92e-115	179	ok
smbu06GL000093	GCF_052656575.1	100.000	100.0	2.92e-115	179	ok
smbu06GL000093	GCF_052657825.1	100.000	100.0	2.92e-115	179	ok
smbu06GL000093	GCF_052658005.1	100.000	100.0	2.92e-115	179	ok
smbu06GL000093	GCF_053764515.1	98.883	100.0	3.65e-114	179	ok
smbu06GL000093	GCF_056487465.1	98.883	100.0	3.65e-114	179	ok
smbu06GL000093	GCF_056582645.1	100.000	100.0	2.92e-115	179	ok
smbu06GL000093	GCF_931972305.1	98.883	100.0	3.65e-114	179	ok
smbu06GL000093	GCF_988227945.1	100.000	100.0	2.92e-115	179	ok
smbu06GL000093	GCF_988227985.1	100.000	100.0	2.92e-115	179	ok
smbu06GL000093	GCF_988228025.1	100.000	100.0	2.92e-115	179	ok
smbu06GL000093	L_lactis_14B4	83.146	99.4	2.61e-98	2	rejected
smbu06GL000093	L_lactis_IL1403	83.146	99.4	2.61e-98	2	rejected
smbu06GL000093	L_lactis_MG1363	83.146	99.4	2.61e-98	2	rejected
smbu06GL000093	smbu06_project	100.000	100.0	2.92e-115	179	ok
smbu06GL000093	smbu08_project	100.000	100.0	2.92e-115	179	ok
smbu06GL000094	E_lactis_194	98.361	100.0	1.01e-34	61	ok
smbu06GL000094	GCA_000006865.1	90.164	100.0	2.6e-32	61	ok
smbu06GL000094	GCA_000157355.2	96.721	100.0	4.1e-34	61	ok
smbu06GL000094	GCA_000344575.1	90.164	100.0	2.6e-32	61	ok
smbu06GL000094	GCA_000761115.1	90.164	100.0	2.6e-32	61	ok
smbu06GL000094	GCA_000807375.1	90.164	100.0	2.6e-32	61	ok
smbu06GL000094	GCA_002216705.1	96.721	100.0	9.18e-34	61	ok
smbu06GL000094	GCA_002278015.2	96.721	100.0	9.18e-34	61	ok
smbu06GL000094	GCA_002290025.1	96.721	100.0	9.18e-34	61	ok
smbu06GL000094	GCA_002804185.1	90.164	100.0	2.6e-32	61	ok
smbu06GL000094	GCA_002804285.1	90.164	100.0	2.6e-32	61	ok
smbu06GL000094	GCA_002813755.1	96.721	100.0	9.18e-34	61	ok
smbu06GL000094	GCA_002895225.1	90.164	100.0	2.6e-32	61	ok
smbu06GL000094	GCA_003711125.1	95.082	100.0	1.66e-33	61	ok
smbu06GL000094	GCA_003722255.1	90.164	100.0	2.6e-32	61	ok
smbu06GL000094	GCA_005347505.1	95.082	100.0	1.66e-33	61	ok
smbu06GL000094	GCA_009730155.1	96.721	100.0	4.1e-34	61	ok
smbu06GL000094	GCA_013391145.1	96.721	100.0	9.18e-34	61	ok
smbu06GL000094	GCA_013391165.1	96.721	100.0	9.18e-34	61	ok
smbu06GL000094	GCA_013391185.1	96.721	100.0	9.18e-34	61	ok
smbu06GL000094	GCA_013391205.1	96.721	100.0	9.18e-34	61	ok
smbu06GL000094	GCA_013394325.1	95.082	100.0	1.66e-33	61	ok
smbu06GL000094	GCA_015767715.1	98.361	100.0	1.01e-34	61	ok
smbu06GL000094	GCA_016127235.1	96.721	100.0	9.18e-34	61	ok
smbu06GL000094	GCA_019203145.1	98.361	100.0	1.01e-34	61	ok
smbu06GL000094	GCA_019343125.1	98.361	100.0	1.01e-34	61	ok
smbu06GL000094	GCA_019797905.1	95.082	100.0	1.66e-33	61	ok
smbu06GL000094	GCA_019967715.1	98.361	100.0	1.01e-34	61	ok
smbu06GL000094	GCA_022870765.1	96.721	100.0	4.1e-34	61	ok
smbu06GL000094	GCA_023523715.1	96.721	100.0	4.1e-34	61	ok
smbu06GL000094	GCA_023612275.1	98.361	100.0	1.01e-34	61	ok
smbu06GL000094	GCA_025402795.1	95.082	100.0	1.66e-33	61	ok
smbu06GL000094	GCA_025402855.1	95.082	100.0	1.66e-33	61	ok
smbu06GL000094	GCA_029201225.1	96.721	100.0	4.1e-34	61	ok
smbu06GL000094	GCA_029215545.1	96.721	100.0	4.1e-34	61	ok
smbu06GL000094	GCA_030490365.1	98.361	100.0	1.01e-34	61	ok
smbu06GL000094	GCA_033954875.1	98.361	100.0	1.01e-34	61	ok
smbu06GL000094	GCA_033954895.1	98.361	100.0	1.01e-34	61	ok
smbu06GL000094	GCA_033954915.1	98.361	100.0	1.01e-34	61	ok
smbu06GL000094	GCA_036669985.1	98.361	100.0	1.01e-34	61	ok
smbu06GL000094	GCA_040745045.1	98.361	100.0	1.01e-34	61	ok
smbu06GL000094	GCA_041930275.1	96.721	100.0	4.1e-34	61	ok
smbu06GL000094	GCA_041952535.1	96.721	100.0	4.1e-34	61	ok
smbu06GL000094	GCA_043950735.1	96.721	100.0	9.18e-34	61	ok
smbu06GL000094	GCA_043950745.1	96.721	100.0	9.18e-34	61	ok
smbu06GL000094	GCA_045039055.1	96.721	100.0	4.1e-34	61	ok
smbu06GL000094	GCA_049315065.1	98.361	100.0	1.01e-34	61	ok
smbu06GL000094	GCA_049315075.1	96.721	100.0	9.18e-34	61	ok
smbu06GL000094	GCA_049315085.1	96.721	100.0	9.18e-34	61	ok
smbu06GL000094	GCA_049315095.1	96.721	100.0	9.18e-34	61	ok
smbu06GL000094	GCA_049315105.1	96.721	100.0	9.18e-34	61	ok
smbu06GL000094	GCA_049315115.1	98.361	100.0	1.01e-34	61	ok
smbu06GL000094	GCA_049315125.1	98.361	100.0	1.01e-34	61	ok
smbu06GL000094	GCA_049315135.1	96.721	100.0	9.18e-34	61	ok
smbu06GL000094	GCA_049315145.1	98.361	100.0	1.01e-34	61	ok
smbu06GL000094	GCA_049315155.1	96.721	100.0	9.18e-34	61	ok
smbu06GL000094	GCA_049315165.1	98.361	100.0	1.01e-34	61	ok
smbu06GL000094	GCA_049315175.1	98.361	100.0	1.01e-34	61	ok
smbu06GL000094	GCA_052655065.1	98.361	100.0	1.01e-34	61	ok
smbu06GL000094	GCA_052655335.1	98.361	100.0	1.01e-34	61	ok
smbu06GL000094	GCA_052655665.1	98.361	100.0	1.01e-34	61	ok
smbu06GL000094	GCA_052656575.1	98.361	100.0	1.01e-34	61	ok
smbu06GL000094	GCA_052657825.1	98.361	100.0	1.01e-34	61	ok
smbu06GL000094	GCA_052658005.1	98.361	100.0	1.01e-34	61	ok
smbu06GL000094	GCA_053764515.1	96.721	100.0	9.18e-34	61	ok
smbu06GL000094	GCA_055397705.1	98.361	100.0	1.01e-34	61	ok
smbu06GL000094	GCA_055397995.1	96.721	100.0	9.18e-34	61	ok
smbu06GL000094	GCA_056487485.1	96.721	100.0	9.18e-34	61	ok
smbu06GL000094	GCA_056582645.1	98.361	100.0	1.01e-34	61	ok
smbu06GL000094	GCA_058072705.1	98.361	100.0	1.01e-34	61	ok
smbu06GL000094	GCA_060306215.1	98.361	100.0	1.01e-34	61	ok
smbu06GL000094	GCA_060307205.1	96.721	100.0	9.18e-34	61	ok
smbu06GL000094	GCA_060307225.1	98.361	100.0	1.01e-34	61	ok
smbu06GL000094	GCA_061568495.1	98.361	100.0	1.01e-34	61	ok
smbu06GL000094	GCA_900636615.1	96.721	100.0	9.18e-34	61	ok
smbu06GL000094	GCA_905186115.1	96.721	100.0	9.18e-34	61	ok
smbu06GL000094	GCA_931972305.1	96.721	100.0	9.18e-34	61	ok
smbu06GL000094	GCA_963280925.1	96.721	100.0	9.18e-34	61	ok
smbu06GL000094	GCA_988227945.1	98.361	100.0	1.01e-34	61	ok
smbu06GL000094	GCA_988227985.1	98.361	100.0	1.01e-34	61	ok
smbu06GL000094	GCA_988228025.1	98.361	100.0	1.01e-34	61	ok
smbu06GL000094	GCA_988235375.1	96.721	100.0	9.18e-34	61	ok
smbu06GL000094	GCA_988236725.1	96.721	100.0	9.18e-34	61	ok
smbu06GL000094	GCA_988237225.1	98.361	100.0	1.01e-34	61	ok
smbu06GL000094	GCF_001298485.1	98.361	100.0	1.01e-34	61	ok
smbu06GL000094	GCF_001412695.1	98.361	100.0	1.01e-34	61	ok
smbu06GL000094	GCF_001598635.1	96.721	100.0	9.18e-34	61	ok
smbu06GL000094	GCF_001689055.2	96.721	100.0	9.18e-34	61	ok
smbu06GL000094	GCF_002208945.1	96.721	100.0	9.18e-34	61	ok
smbu06GL000094	GCF_002216705.1	96.721	100.0	9.18e-34	61	ok
smbu06GL000094	GCF_002278015.2	96.721	100.0	9.18e-34	61	ok
smbu06GL000094	GCF_002289045.2	96.721	100.0	9.18e-34	61	ok
smbu06GL000094	GCF_002290025.1	96.721	100.0	9.18e-34	61	ok
smbu06GL000094	GCF_002355755.1	96.721	100.0	9.18e-34	61	ok
smbu06GL000094	GCF_002761555.1	98.361	100.0	1.01e-34	61	ok
smbu06GL000094	GCF_002831505.1	98.361	100.0	1.01e-34	61	ok
smbu06GL000094	GCF_002850515.1	98.361	100.0	1.01e-34	61	ok
smbu06GL000094	GCF_002983785.1	98.361	100.0	1.01e-34	61	ok
smbu06GL000094	GCF_003269465.1	98.361	100.0	1.01e-34	61	ok
smbu06GL000094	GCF_003667965.1	98.361	100.0	1.01e-34	61	ok
smbu06GL000094	GCF_003711125.1	95.082	100.0	1.66e-33	61	ok
smbu06GL000094	GCF_003711605.1	98.361	100.0	1.01e-34	61	ok
smbu06GL000094	GCF_003812665.1	96.721	100.0	9.18e-34	61	ok
smbu06GL000094	GCF_004332055.1	98.361	100.0	1.01e-34	61	ok
smbu06GL000094	GCF_005484525.1	96.721	100.0	9.18e-34	61	ok
smbu06GL000094	GCF_006337145.1	98.361	100.0	1.01e-34	61	ok
smbu06GL000094	GCF_006351785.1	98.361	100.0	1.01e-34	61	ok
smbu06GL000094	GCF_006351845.1	98.361	100.0	1.01e-34	61	ok
smbu06GL000094	GCF_006364815.1	96.721	100.0	9.18e-34	61	ok
smbu06GL000094	GCF_006494835.1	96.721	100.0	9.18e-34	61	ok
smbu06GL000094	GCF_006494855.1	96.721	100.0	9.18e-34	61	ok
smbu06GL000094	GCF_006494875.1	96.721	100.0	9.18e-34	61	ok
smbu06GL000094	GCF_006766145.1	96.721	100.0	9.18e-34	61	ok
smbu06GL000094	GCF_007923665.2	98.361	100.0	1.01e-34	61	ok
smbu06GL000094	GCF_007923785.2	98.361	100.0	1.01e-34	61	ok
smbu06GL000094	GCF_007923865.2	98.361	100.0	1.01e-34	61	ok
smbu06GL000094	GCF_007923885.2	98.361	100.0	1.01e-34	61	ok
smbu06GL000094	GCF_007923905.2	98.361	100.0	1.01e-34	61	ok
smbu06GL000094	GCF_007923925.2	98.361	100.0	1.01e-34	61	ok
smbu06GL000094	GCF_007923945.2	98.361	100.0	1.01e-34	61	ok
smbu06GL000094	GCF_007923965.2	98.361	100.0	1.01e-34	61	ok
smbu06GL000094	GCF_008330605.1	98.361	100.0	1.01e-34	61	ok
smbu06GL000094	GCF_009730155.1	96.721	100.0	4.1e-34	61	ok
smbu06GL000094	GCF_009734005.1	98.361	100.0	1.01e-34	61	ok
smbu06GL000094	GCF_009938075.1	98.361	100.0	1.01e-34	61	ok
smbu06GL000094	GCF_010103655.1	96.721	100.0	9.18e-34	61	ok
smbu06GL000094	GCF_010120755.1	98.361	100.0	1.01e-34	61	ok
smbu06GL000094	GCF_011745645.1	98.361	100.0	1.01e-34	61	ok
smbu06GL000094	GCF_012045365.1	98.361	100.0	1.01e-34	61	ok
smbu06GL000094	GCF_012045505.1	98.361	100.0	1.01e-34	61	ok
smbu06GL000094	GCF_012594215.1	96.721	100.0	9.18e-34	61	ok
smbu06GL000094	GCF_013201055.1	98.361	100.0	1.01e-34	61	ok
smbu06GL000094	GCF_013344625.1	96.721	100.0	9.18e-34	61	ok
smbu06GL000094	GCF_013344645.1	96.721	100.0	9.18e-34	61	ok
smbu06GL000094	GCF_013344665.1	96.721	100.0	9.18e-34	61	ok
smbu06GL000094	GCF_013391145.1	96.721	100.0	9.18e-34	61	ok
smbu06GL000094	GCF_013391165.1	96.721	100.0	9.18e-34	61	ok
smbu06GL000094	GCF_013391185.1	96.721	100.0	9.18e-34	61	ok
smbu06GL000094	GCF_013391205.1	96.721	100.0	9.18e-34	61	ok
smbu06GL000094	GCF_013394325.1	95.082	100.0	1.66e-33	61	ok
smbu06GL000094	GCF_015377765.1	98.361	100.0	1.01e-34	61	ok
smbu06GL000094	GCF_015767695.1	98.361	100.0	1.01e-34	61	ok
smbu06GL000094	GCF_015767715.1	98.361	100.0	1.01e-34	61	ok
smbu06GL000094	GCF_016127235.1	96.721	100.0	9.18e-34	61	ok
smbu06GL000094	GCF_017280035.1	96.721	100.0	9.18e-34	61	ok
smbu06GL000094	GCF_017357805.1	96.721	100.0	9.18e-34	61	ok
smbu06GL000094	GCF_018516845.1	98.361	100.0	1.01e-34	61	ok
smbu06GL000094	GCF_019203145.1	98.361	100.0	1.01e-34	61	ok
smbu06GL000094	GCF_019343125.1	98.361	100.0	1.01e-34	61	ok
smbu06GL000094	GCF_019456555.1	98.361	100.0	1.01e-34	61	ok
smbu06GL000094	GCF_019456575.1	98.361	100.0	1.01e-34	61	ok
smbu06GL000094	GCF_019456595.1	98.361	100.0	1.01e-34	61	ok
smbu06GL000094	GCF_019797905.1	95.082	100.0	1.66e-33	61	ok
smbu06GL000094	GCF_019967715.1	98.361	100.0	1.01e-34	61	ok
smbu06GL000094	GCF_020881975.1	96.721	100.0	9.18e-34	61	ok
smbu06GL000094	GCF_020906605.1	96.721	100.0	9.18e-34	61	ok
smbu06GL000094	GCF_022869705.1	96.721	100.0	9.18e-34	61	ok
smbu06GL000094	GCF_023299785.1	96.721	100.0	9.18e-34	61	ok
smbu06GL000094	GCF_023375505.1	96.721	100.0	9.18e-34	61	ok
smbu06GL000094	GCF_023612035.1	96.721	100.0	9.18e-34	61	ok
smbu06GL000094	GCF_023612275.1	98.361	100.0	1.01e-34	61	ok
smbu06GL000094	GCF_024267595.1	96.721	100.0	9.18e-34	61	ok
smbu06GL000094	GCF_025957845.1	96.721	100.0	9.18e-34	61	ok
smbu06GL000094	GCF_025957925.1	96.721	100.0	9.18e-34	61	ok
smbu06GL000094	GCF_025958025.1	96.721	100.0	9.18e-34	61	ok
smbu06GL000094	GCF_025958065.1	96.721	100.0	9.18e-34	61	ok
smbu06GL000094	GCF_025958085.1	96.721	100.0	9.18e-34	61	ok
smbu06GL000094	GCF_025958625.1	96.721	100.0	9.18e-34	61	ok
smbu06GL000094	GCF_025958845.1	96.721	100.0	9.18e-34	61	ok
smbu06GL000094	GCF_025958885.1	96.721	100.0	9.18e-34	61	ok
smbu06GL000094	GCF_026650885.1	96.721	100.0	9.18e-34	61	ok
smbu06GL000094	GCF_027915235.1	98.361	100.0	1.01e-34	61	ok
smbu06GL000094	GCF_030490365.1	98.361	100.0	1.01e-34	61	ok
smbu06GL000094	GCF_030584585.1	98.361	100.0	1.01e-34	61	ok
smbu06GL000094	GCF_030584605.1	98.361	100.0	1.01e-34	61	ok
smbu06GL000094	GCF_030584685.1	98.361	100.0	1.01e-34	61	ok
smbu06GL000094	GCF_030643745.1	98.361	100.0	1.01e-34	61	ok
smbu06GL000094	GCF_033954875.1	98.361	100.0	1.01e-34	61	ok
smbu06GL000094	GCF_033954895.1	98.361	100.0	1.01e-34	61	ok
smbu06GL000094	GCF_033954915.1	98.361	100.0	1.01e-34	61	ok
smbu06GL000094	GCF_036669985.1	98.361	100.0	1.01e-34	61	ok
smbu06GL000094	GCF_040745045.1	98.361	100.0	1.01e-34	61	ok
smbu06GL000094	GCF_043950735.1	96.721	100.0	9.18e-34	61	ok
smbu06GL000094	GCF_049315065.1	98.361	100.0	1.01e-34	61	ok
smbu06GL000094	GCF_049315075.1	96.721	100.0	9.18e-34	61	ok
smbu06GL000094	GCF_049315085.1	96.721	100.0	9.18e-34	61	ok
smbu06GL000094	GCF_049315095.1	96.721	100.0	9.18e-34	61	ok
smbu06GL000094	GCF_049315105.1	96.721	100.0	9.18e-34	61	ok
smbu06GL000094	GCF_049315115.1	98.361	100.0	1.01e-34	61	ok
smbu06GL000094	GCF_049315125.1	98.361	100.0	1.01e-34	61	ok
smbu06GL000094	GCF_049315135.1	96.721	100.0	9.18e-34	61	ok
smbu06GL000094	GCF_049315145.1	98.361	100.0	1.01e-34	61	ok
smbu06GL000094	GCF_049315155.1	96.721	100.0	9.18e-34	61	ok
smbu06GL000094	GCF_049315165.1	98.361	100.0	1.01e-34	61	ok
smbu06GL000094	GCF_049315175.1	98.361	100.0	1.01e-34	61	ok
smbu06GL000094	GCF_052655065.1	98.361	100.0	1.01e-34	61	ok
smbu06GL000094	GCF_052655335.1	98.361	100.0	1.01e-34	61	ok
smbu06GL000094	GCF_052655665.1	98.361	100.0	1.01e-34	61	ok
smbu06GL000094	GCF_052656575.1	98.361	100.0	1.01e-34	61	ok
smbu06GL000094	GCF_052657825.1	98.361	100.0	1.01e-34	61	ok
smbu06GL000094	GCF_052658005.1	98.361	100.0	1.01e-34	61	ok
smbu06GL000094	GCF_053764515.1	96.721	100.0	9.18e-34	61	ok
smbu06GL000094	GCF_056487465.1	96.721	100.0	9.18e-34	61	ok
smbu06GL000094	GCF_056582645.1	98.361	100.0	1.01e-34	61	ok
smbu06GL000094	GCF_931972305.1	96.721	100.0	9.18e-34	61	ok
smbu06GL000094	GCF_988227945.1	98.361	100.0	1.01e-34	61	ok
smbu06GL000094	GCF_988227985.1	98.361	100.0	1.01e-34	61	ok
smbu06GL000094	GCF_988228025.1	98.361	100.0	1.01e-34	61	ok
smbu06GL000094	L_lactis_14B4	90.164	100.0	2.6e-32	61	ok
smbu06GL000094	L_lactis_IL1403	90.164	100.0	2.6e-32	61	ok
smbu06GL000094	L_lactis_MG1363	90.164	100.0	2.6e-32	61	ok
smbu06GL000094	smbu06_project	98.361	100.0	1.01e-34	61	ok
smbu06GL000094	smbu08_project	98.361	100.0	1.01e-34	61	ok
smbu06GL000095	E_lactis_194	100.000	100.0	2.27e-81	132	ok
smbu06GL000095	GCA_000006865.1	81.061	100.0	4.91e-67	132	ok
smbu06GL000095	GCA_000157355.2	94.697	100.0	5.58e-79	132	ok
smbu06GL000095	GCA_000344575.1	81.818	100.0	3.18e-67	132	ok
smbu06GL000095	GCA_000761115.1	81.818	100.0	3.18e-67	132	ok
smbu06GL000095	GCA_000807375.1	81.818	100.0	3.18e-67	132	ok
smbu06GL000095	GCA_002216705.1	96.970	100.0	9.41e-79	132	ok
smbu06GL000095	GCA_002278015.2	100.000	100.0	2.27e-81	132	ok
smbu06GL000095	GCA_002290025.1	97.727	100.0	1.46e-80	132	ok
smbu06GL000095	GCA_002804185.1	81.818	100.0	3.18e-67	132	ok
smbu06GL000095	GCA_002804285.1	81.818	100.0	3.18e-67	132	ok
smbu06GL000095	GCA_002813755.1	96.970	100.0	9.41e-79	132	ok
smbu06GL000095	GCA_002895225.1	81.818	100.0	3.18e-67	132	ok
smbu06GL000095	GCA_003711125.1	92.424	100.0	2.14e-76	132	ok
smbu06GL000095	GCA_003722255.1	81.061	100.0	4.91e-67	132	ok
smbu06GL000095	GCA_005347505.1	92.424	100.0	2.14e-76	132	ok
smbu06GL000095	GCA_009730155.1	95.455	100.0	1.83e-79	132	ok
smbu06GL000095	GCA_013391145.1	100.000	100.0	2.27e-81	132	ok
smbu06GL000095	GCA_013391165.1	100.000	100.0	2.27e-81	132	ok
smbu06GL000095	GCA_013391185.1	100.000	100.0	2.27e-81	132	ok
smbu06GL000095	GCA_013391205.1	100.000	100.0	2.27e-81	132	ok
smbu06GL000095	GCA_013394325.1	93.939	100.0	2.74e-77	132	ok
smbu06GL000095	GCA_015767715.1	100.000	100.0	2.27e-81	132	ok
smbu06GL000095	GCA_016127235.1	100.000	100.0	2.27e-81	132	ok
smbu06GL000095	GCA_019203145.1	100.000	100.0	2.27e-81	132	ok
smbu06GL000095	GCA_019343125.1	100.000	100.0	2.27e-81	132	ok
smbu06GL000095	GCA_019797905.1	93.182	100.0	9.46e-77	132	ok
smbu06GL000095	GCA_019967715.1	100.000	100.0	2.27e-81	132	ok
smbu06GL000095	GCA_022870765.1	94.697	100.0	5.58e-79	132	ok
smbu06GL000095	GCA_023523715.1	94.697	100.0	5.58e-79	132	ok
smbu06GL000095	GCA_023612275.1	100.000	100.0	2.27e-81	132	ok
smbu06GL000095	GCA_025402795.1	93.182	100.0	9.46e-77	132	ok
smbu06GL000095	GCA_025402855.1	93.182	100.0	9.46e-77	132	ok
smbu06GL000095	GCA_029201225.1	94.697	100.0	5.58e-79	132	ok
smbu06GL000095	GCA_029215545.1	94.697	100.0	5.58e-79	132	ok
smbu06GL000095	GCA_030490365.1	100.000	100.0	2.27e-81	132	ok
smbu06GL000095	GCA_033954875.1	100.000	100.0	2.27e-81	132	ok
smbu06GL000095	GCA_033954895.1	100.000	100.0	2.27e-81	132	ok
smbu06GL000095	GCA_033954915.1	100.000	100.0	2.27e-81	132	ok
smbu06GL000095	GCA_036669985.1	100.000	100.0	2.27e-81	132	ok
smbu06GL000095	GCA_040745045.1	100.000	100.0	2.27e-81	132	ok
smbu06GL000095	GCA_041930275.1	95.455	100.0	1.83e-79	132	ok
smbu06GL000095	GCA_041952535.1	95.455	100.0	1.83e-79	132	ok
smbu06GL000095	GCA_043950735.1	100.000	100.0	2.27e-81	132	ok
smbu06GL000095	GCA_043950745.1	100.000	100.0	2.27e-81	132	ok
smbu06GL000095	GCA_045039055.1	95.455	100.0	1.83e-79	132	ok
smbu06GL000095	GCA_049315065.1	100.000	100.0	2.27e-81	132	ok
smbu06GL000095	GCA_049315075.1	100.000	100.0	2.27e-81	132	ok
smbu06GL000095	GCA_049315085.1	100.000	100.0	2.27e-81	132	ok
smbu06GL000095	GCA_049315095.1	100.000	100.0	2.27e-81	132	ok
smbu06GL000095	GCA_049315105.1	100.000	100.0	2.27e-81	132	ok
smbu06GL000095	GCA_049315115.1	100.000	100.0	2.27e-81	132	ok
smbu06GL000095	GCA_049315125.1	100.000	100.0	2.27e-81	132	ok
smbu06GL000095	GCA_049315135.1	100.000	100.0	2.27e-81	132	ok
smbu06GL000095	GCA_049315145.1	100.000	100.0	2.27e-81	132	ok
smbu06GL000095	GCA_049315155.1	100.000	100.0	2.27e-81	132	ok
smbu06GL000095	GCA_049315165.1	100.000	100.0	2.27e-81	132	ok
smbu06GL000095	GCA_049315175.1	100.000	100.0	2.27e-81	132	ok
smbu06GL000095	GCA_052655065.1	100.000	100.0	2.27e-81	132	ok
smbu06GL000095	GCA_052655335.1	100.000	100.0	2.27e-81	132	ok
smbu06GL000095	GCA_052655665.1	100.000	100.0	2.27e-81	132	ok
smbu06GL000095	GCA_052656575.1	100.000	100.0	2.27e-81	132	ok
smbu06GL000095	GCA_052657825.1	100.000	100.0	2.27e-81	132	ok
smbu06GL000095	GCA_052658005.1	100.000	100.0	2.27e-81	132	ok
smbu06GL000095	GCA_053764515.1	96.970	100.0	9.41e-79	132	ok
smbu06GL000095	GCA_055397705.1	100.000	100.0	2.27e-81	132	ok
smbu06GL000095	GCA_055397995.1	100.000	100.0	2.27e-81	132	ok
smbu06GL000095	GCA_056487485.1	96.970	100.0	9.41e-79	132	ok
smbu06GL000095	GCA_056582645.1	100.000	100.0	2.27e-81	132	ok
smbu06GL000095	GCA_058072705.1	100.000	100.0	2.27e-81	132	ok
smbu06GL000095	GCA_060306215.1	100.000	100.0	2.27e-81	132	ok
smbu06GL000095	GCA_060307205.1	100.000	100.0	2.27e-81	132	ok
smbu06GL000095	GCA_060307225.1	100.000	100.0	2.27e-81	132	ok
smbu06GL000095	GCA_061568495.1	100.000	100.0	2.27e-81	132	ok
smbu06GL000095	GCA_900636615.1	100.000	100.0	2.27e-81	132	ok
smbu06GL000095	GCA_905186115.1	100.000	100.0	2.27e-81	132	ok
smbu06GL000095	GCA_931972305.1	96.970	100.0	9.41e-79	132	ok
smbu06GL000095	GCA_963280925.1	100.000	100.0	2.27e-81	132	ok
smbu06GL000095	GCA_988227945.1	100.000	100.0	2.27e-81	132	ok
smbu06GL000095	GCA_988227985.1	100.000	100.0	2.27e-81	132	ok
smbu06GL000095	GCA_988228025.1	100.000	100.0	2.27e-81	132	ok
smbu06GL000095	GCA_988235375.1	97.727	100.0	1.46e-80	132	ok
smbu06GL000095	GCA_988236725.1	97.727	100.0	1.46e-80	132	ok
smbu06GL000095	GCA_988237225.1	100.000	100.0	2.27e-81	132	ok
smbu06GL000095	GCF_001298485.1	100.000	100.0	2.27e-81	132	ok
smbu06GL000095	GCF_001412695.1	100.000	100.0	2.27e-81	132	ok
smbu06GL000095	GCF_001598635.1	95.455	100.0	1.89e-78	132	ok
smbu06GL000095	GCF_001689055.2	95.455	100.0	1.89e-78	132	ok
smbu06GL000095	GCF_002208945.1	95.455	100.0	1.89e-78	132	ok
smbu06GL000095	GCF_002216705.1	96.970	100.0	9.41e-79	132	ok
smbu06GL000095	GCF_002278015.2	100.000	100.0	2.27e-81	132	ok
smbu06GL000095	GCF_002289045.2	95.455	100.0	1.89e-78	132	ok
smbu06GL000095	GCF_002290025.1	97.727	100.0	1.46e-80	132	ok
smbu06GL000095	GCF_002355755.1	95.455	100.0	1.89e-78	132	ok
smbu06GL000095	GCF_002761555.1	100.000	100.0	2.27e-81	132	ok
smbu06GL000095	GCF_002831505.1	100.000	100.0	2.27e-81	132	ok
smbu06GL000095	GCF_002850515.1	100.000	100.0	2.27e-81	132	ok
smbu06GL000095	GCF_002983785.1	100.000	100.0	2.27e-81	132	ok
smbu06GL000095	GCF_003269465.1	100.000	100.0	2.27e-81	132	ok
smbu06GL000095	GCF_003667965.1	100.000	100.0	2.27e-81	132	ok
smbu06GL000095	GCF_003711125.1	92.424	100.0	2.14e-76	132	ok
smbu06GL000095	GCF_003711605.1	100.000	100.0	2.27e-81	132	ok
smbu06GL000095	GCF_003812665.1	95.455	100.0	1.89e-78	132	ok
smbu06GL000095	GCF_004332055.1	100.000	100.0	2.27e-81	132	ok
smbu06GL000095	GCF_005484525.1	95.455	100.0	1.89e-78	132	ok
smbu06GL000095	GCF_006337145.1	100.000	100.0	2.27e-81	132	ok
smbu06GL000095	GCF_006351785.1	100.000	100.0	2.27e-81	132	ok
smbu06GL000095	GCF_006351845.1	100.000	100.0	2.27e-81	132	ok
smbu06GL000095	GCF_006364815.1	95.455	100.0	1.89e-78	132	ok
smbu06GL000095	GCF_006494835.1	95.455	100.0	1.89e-78	132	ok
smbu06GL000095	GCF_006494855.1	95.455	100.0	1.89e-78	132	ok
smbu06GL000095	GCF_006494875.1	95.455	100.0	1.89e-78	132	ok
smbu06GL000095	GCF_006766145.1	95.455	100.0	1.89e-78	132	ok
smbu06GL000095	GCF_007923665.2	100.000	100.0	2.27e-81	132	ok
smbu06GL000095	GCF_007923785.2	100.000	100.0	2.27e-81	132	ok
smbu06GL000095	GCF_007923865.2	100.000	100.0	2.27e-81	132	ok
smbu06GL000095	GCF_007923885.2	100.000	100.0	2.27e-81	132	ok
smbu06GL000095	GCF_007923905.2	100.000	100.0	2.27e-81	132	ok
smbu06GL000095	GCF_007923925.2	100.000	100.0	2.27e-81	132	ok
smbu06GL000095	GCF_007923945.2	100.000	100.0	2.27e-81	132	ok
smbu06GL000095	GCF_007923965.2	100.000	100.0	2.27e-81	132	ok
smbu06GL000095	GCF_008330605.1	100.000	100.0	2.27e-81	132	ok
smbu06GL000095	GCF_009730155.1	95.455	100.0	1.83e-79	132	ok
smbu06GL000095	GCF_009734005.1	100.000	100.0	2.27e-81	132	ok
smbu06GL000095	GCF_009938075.1	100.000	100.0	2.27e-81	132	ok
smbu06GL000095	GCF_010103655.1	95.455	100.0	1.89e-78	132	ok
smbu06GL000095	GCF_010120755.1	100.000	100.0	2.27e-81	132	ok
smbu06GL000095	GCF_011745645.1	100.000	100.0	2.27e-81	132	ok
smbu06GL000095	GCF_012045365.1	100.000	100.0	2.27e-81	132	ok
smbu06GL000095	GCF_012045505.1	100.000	100.0	2.27e-81	132	ok
smbu06GL000095	GCF_012594215.1	95.455	100.0	1.89e-78	132	ok
smbu06GL000095	GCF_013201055.1	100.000	100.0	2.27e-81	132	ok
smbu06GL000095	GCF_013344625.1	95.455	100.0	1.89e-78	132	ok
smbu06GL000095	GCF_013344645.1	95.455	100.0	1.89e-78	132	ok
smbu06GL000095	GCF_013344665.1	95.455	100.0	1.89e-78	132	ok
smbu06GL000095	GCF_013391145.1	100.000	100.0	2.27e-81	132	ok
smbu06GL000095	GCF_013391165.1	100.000	100.0	2.27e-81	132	ok
smbu06GL000095	GCF_013391185.1	100.000	100.0	2.27e-81	132	ok
smbu06GL000095	GCF_013391205.1	100.000	100.0	2.27e-81	132	ok
smbu06GL000095	GCF_013394325.1	93.939	100.0	2.74e-77	132	ok
smbu06GL000095	GCF_015377765.1	100.000	100.0	2.27e-81	132	ok
smbu06GL000095	GCF_015767695.1	100.000	100.0	2.27e-81	132	ok
smbu06GL000095	GCF_015767715.1	100.000	100.0	2.27e-81	132	ok
smbu06GL000095	GCF_016127235.1	100.000	100.0	2.27e-81	132	ok
smbu06GL000095	GCF_017280035.1	95.455	100.0	1.89e-78	132	ok
smbu06GL000095	GCF_017357805.1	95.455	100.0	1.89e-78	132	ok
smbu06GL000095	GCF_018516845.1	100.000	100.0	2.27e-81	132	ok
smbu06GL000095	GCF_019203145.1	100.000	100.0	2.27e-81	132	ok
smbu06GL000095	GCF_019343125.1	100.000	100.0	2.27e-81	132	ok
smbu06GL000095	GCF_019456555.1	100.000	100.0	2.27e-81	132	ok
smbu06GL000095	GCF_019456575.1	100.000	100.0	2.27e-81	132	ok
smbu06GL000095	GCF_019456595.1	100.000	100.0	2.27e-81	132	ok
smbu06GL000095	GCF_019797905.1	93.182	100.0	9.46e-77	132	ok
smbu06GL000095	GCF_019967715.1	100.000	100.0	2.27e-81	132	ok
smbu06GL000095	GCF_020881975.1	95.455	100.0	1.89e-78	132	ok
smbu06GL000095	GCF_020906605.1	95.455	100.0	1.89e-78	132	ok
smbu06GL000095	GCF_022869705.1	95.455	100.0	1.89e-78	132	ok
smbu06GL000095	GCF_023299785.1	95.455	100.0	1.89e-78	132	ok
smbu06GL000095	GCF_023375505.1	95.455	100.0	1.89e-78	132	ok
smbu06GL000095	GCF_023612035.1	95.455	100.0	1.89e-78	132	ok
smbu06GL000095	GCF_023612275.1	100.000	100.0	2.27e-81	132	ok
smbu06GL000095	GCF_024267595.1	95.455	100.0	1.89e-78	132	ok
smbu06GL000095	GCF_025957845.1	95.455	100.0	1.89e-78	132	ok
smbu06GL000095	GCF_025957925.1	95.455	100.0	1.89e-78	132	ok
smbu06GL000095	GCF_025958025.1	95.455	100.0	1.89e-78	132	ok
smbu06GL000095	GCF_025958065.1	95.455	100.0	1.89e-78	132	ok
smbu06GL000095	GCF_025958085.1	95.455	100.0	1.89e-78	132	ok
smbu06GL000095	GCF_025958625.1	95.455	100.0	1.89e-78	132	ok
smbu06GL000095	GCF_025958845.1	95.455	100.0	1.89e-78	132	ok
smbu06GL000095	GCF_025958885.1	95.455	100.0	1.89e-78	132	ok
smbu06GL000095	GCF_026650885.1	95.455	100.0	1.89e-78	132	ok
smbu06GL000095	GCF_027915235.1	100.000	100.0	2.27e-81	132	ok
smbu06GL000095	GCF_030490365.1	100.000	100.0	2.27e-81	132	ok
smbu06GL000095	GCF_030584585.1	100.000	100.0	2.27e-81	132	ok
smbu06GL000095	GCF_030584605.1	100.000	100.0	2.27e-81	132	ok
smbu06GL000095	GCF_030584685.1	100.000	100.0	2.27e-81	132	ok
smbu06GL000095	GCF_030643745.1	100.000	100.0	2.27e-81	132	ok
smbu06GL000095	GCF_033954875.1	100.000	100.0	2.27e-81	132	ok
smbu06GL000095	GCF_033954895.1	100.000	100.0	2.27e-81	132	ok
smbu06GL000095	GCF_033954915.1	100.000	100.0	2.27e-81	132	ok
smbu06GL000095	GCF_036669985.1	100.000	100.0	2.27e-81	132	ok
smbu06GL000095	GCF_040745045.1	100.000	100.0	2.27e-81	132	ok
smbu06GL000095	GCF_043950735.1	100.000	100.0	2.27e-81	132	ok
smbu06GL000095	GCF_049315065.1	100.000	100.0	2.27e-81	132	ok
smbu06GL000095	GCF_049315075.1	100.000	100.0	2.27e-81	132	ok
smbu06GL000095	GCF_049315085.1	100.000	100.0	2.27e-81	132	ok
smbu06GL000095	GCF_049315095.1	100.000	100.0	2.27e-81	132	ok
smbu06GL000095	GCF_049315105.1	100.000	100.0	2.27e-81	132	ok
smbu06GL000095	GCF_049315115.1	100.000	100.0	2.27e-81	132	ok
smbu06GL000095	GCF_049315125.1	100.000	100.0	2.27e-81	132	ok
smbu06GL000095	GCF_049315135.1	100.000	100.0	2.27e-81	132	ok
smbu06GL000095	GCF_049315145.1	100.000	100.0	2.27e-81	132	ok
smbu06GL000095	GCF_049315155.1	100.000	100.0	2.27e-81	132	ok
smbu06GL000095	GCF_049315165.1	100.000	100.0	2.27e-81	132	ok
smbu06GL000095	GCF_049315175.1	100.000	100.0	2.27e-81	132	ok
smbu06GL000095	GCF_052655065.1	100.000	100.0	2.27e-81	132	ok
smbu06GL000095	GCF_052655335.1	100.000	100.0	2.27e-81	132	ok
smbu06GL000095	GCF_052655665.1	100.000	100.0	2.27e-81	132	ok
smbu06GL000095	GCF_052656575.1	100.000	100.0	2.27e-81	132	ok
smbu06GL000095	GCF_052657825.1	100.000	100.0	2.27e-81	132	ok
smbu06GL000095	GCF_052658005.1	100.000	100.0	2.27e-81	132	ok
smbu06GL000095	GCF_053764515.1	96.970	100.0	9.41e-79	132	ok
smbu06GL000095	GCF_056487465.1	96.970	100.0	9.41e-79	132	ok
smbu06GL000095	GCF_056582645.1	100.000	100.0	2.27e-81	132	ok
smbu06GL000095	GCF_931972305.1	96.970	100.0	9.41e-79	132	ok
smbu06GL000095	GCF_988227945.1	100.000	100.0	2.27e-81	132	ok
smbu06GL000095	GCF_988227985.1	100.000	100.0	2.27e-81	132	ok
smbu06GL000095	GCF_988228025.1	100.000	100.0	2.27e-81	132	ok
smbu06GL000095	L_lactis_14B4	81.818	100.0	3.18e-67	132	ok
smbu06GL000095	L_lactis_IL1403	81.061	100.0	4.91e-67	132	ok
smbu06GL000095	L_lactis_MG1363	81.061	100.0	6.08e-67	132	ok
smbu06GL000095	smbu06_project	100.000	100.0	2.27e-81	132	ok
smbu06GL000095	smbu08_project	100.000	100.0	2.27e-81	132	ok
smbu06GL000096	E_lactis_194	99.438	100.0	4.34e-111	178	ok
smbu06GL000096	GCA_000006865.1	65.730	100.0	1.69e-69	178	ok
smbu06GL000096	GCA_000157355.2	85.955	100.0	4.19e-98	178	ok
smbu06GL000096	GCA_000344575.1	65.730	100.0	1.69e-69	178	ok
smbu06GL000096	GCA_000761115.1	65.730	100.0	1.69e-69	178	ok
smbu06GL000096	GCA_000807375.1	65.730	100.0	1.69e-69	178	ok
smbu06GL000096	GCA_002216705.1	94.944	100.0	5.82e-108	178	ok
smbu06GL000096	GCA_002278015.2	97.753	100.0	3.79e-110	178	ok
smbu06GL000096	GCA_002290025.1	94.944	100.0	1.95e-107	178	ok
smbu06GL000096	GCA_002804185.1	65.730	100.0	1.69e-69	178	ok
smbu06GL000096	GCA_002804285.1	65.730	100.0	1.69e-69	178	ok
smbu06GL000096	GCA_002813755.1	94.944	100.0	5.82e-108	178	ok
smbu06GL000096	GCA_002895225.1	65.730	100.0	1.69e-69	178	ok
smbu06GL000096	GCA_003711125.1	88.764	100.0	6.09e-101	178	ok
smbu06GL000096	GCA_003722255.1	65.730	100.0	1.69e-69	178	ok
smbu06GL000096	GCA_005347505.1	88.764	100.0	6.09e-101	178	ok
smbu06GL000096	GCA_009730155.1	85.393	100.0	1.99e-98	178	ok
smbu06GL000096	GCA_013391145.1	97.753	100.0	3.79e-110	178	ok
smbu06GL000096	GCA_013391165.1	97.753	100.0	3.79e-110	178	ok
smbu06GL000096	GCA_013391185.1	97.753	100.0	3.79e-110	178	ok
smbu06GL000096	GCA_013391205.1	97.753	100.0	3.79e-110	178	ok
smbu06GL000096	GCA_013394325.1	91.011	100.0	3.68e-102	178	ok
smbu06GL000096	GCA_015767715.1	99.438	100.0	4.34e-111	178	ok
smbu06GL000096	GCA_016127235.1	97.753	100.0	3.79e-110	178	ok
smbu06GL000096	GCA_019203145.1	99.438	100.0	4.34e-111	178	ok
smbu06GL000096	GCA_019343125.1	99.438	100.0	4.34e-111	178	ok
smbu06GL000096	GCA_019797905.1	90.449	100.0	7.53e-102	178	ok
smbu06GL000096	GCA_019967715.1	99.438	100.0	4.34e-111	178	ok
smbu06GL000096	GCA_022870765.1	85.955	100.0	4.19e-98	178	ok
smbu06GL000096	GCA_023523715.1	85.955	100.0	4.19e-98	178	ok
smbu06GL000096	GCA_023612275.1	99.438	100.0	4.34e-111	178	ok
smbu06GL000096	GCA_025402795.1	90.449	100.0	7.53e-102	178	ok
smbu06GL000096	GCA_025402855.1	90.449	100.0	7.53e-102	178	ok
smbu06GL000096	GCA_029201225.1	85.955	100.0	4.19e-98	178	ok
smbu06GL000096	GCA_029215545.1	85.955	100.0	4.19e-98	178	ok
smbu06GL000096	GCA_030490365.1	99.438	100.0	4.34e-111	178	ok
smbu06GL000096	GCA_033954875.1	99.438	100.0	4.34e-111	178	ok
smbu06GL000096	GCA_033954895.1	99.438	100.0	4.34e-111	178	ok
smbu06GL000096	GCA_033954915.1	99.438	100.0	4.34e-111	178	ok
smbu06GL000096	GCA_036669985.1	99.438	100.0	4.34e-111	178	ok
smbu06GL000096	GCA_040745045.1	98.876	100.0	2.55e-110	178	ok
smbu06GL000096	GCA_041930275.1	85.393	100.0	1.99e-98	178	ok
smbu06GL000096	GCA_041952535.1	85.393	100.0	1.99e-98	178	ok
smbu06GL000096	GCA_043950735.1	97.753	100.0	3.79e-110	178	ok
smbu06GL000096	GCA_043950745.1	97.753	100.0	3.79e-110	178	ok
smbu06GL000096	GCA_045039055.1	85.393	100.0	1.99e-98	178	ok
smbu06GL000096	GCA_049315065.1	98.876	100.0	2.55e-110	178	ok
smbu06GL000096	GCA_049315075.1	97.753	100.0	1.32e-109	178	ok
smbu06GL000096	GCA_049315085.1	97.753	100.0	1.32e-109	178	ok
smbu06GL000096	GCA_049315095.1	97.753	100.0	1.32e-109	178	ok
smbu06GL000096	GCA_049315105.1	97.753	100.0	1.32e-109	178	ok
smbu06GL000096	GCA_049315115.1	99.438	100.0	4.34e-111	178	ok
smbu06GL000096	GCA_049315125.1	99.438	100.0	4.34e-111	178	ok
smbu06GL000096	GCA_049315135.1	97.753	100.0	1.32e-109	178	ok
smbu06GL000096	GCA_049315145.1	99.438	100.0	4.34e-111	178	ok
smbu06GL000096	GCA_049315155.1	97.753	100.0	1.32e-109	178	ok
smbu06GL000096	GCA_049315165.1	99.438	100.0	4.34e-111	178	ok
smbu06GL000096	GCA_049315175.1	98.876	100.0	2.55e-110	178	ok
smbu06GL000096	GCA_052655065.1	99.438	100.0	4.34e-111	178	ok
smbu06GL000096	GCA_052655335.1	99.438	100.0	4.34e-111	178	ok
smbu06GL000096	GCA_052655665.1	99.438	100.0	4.34e-111	178	ok
smbu06GL000096	GCA_052656575.1	99.438	100.0	4.34e-111	178	ok
smbu06GL000096	GCA_052657825.1	99.438	100.0	4.34e-111	178	ok
smbu06GL000096	GCA_052658005.1	99.438	100.0	4.34e-111	178	ok
smbu06GL000096	GCA_053764515.1	94.382	100.0	1.97e-107	178	ok
smbu06GL000096	GCA_055397705.1	99.438	100.0	4.34e-111	178	ok
smbu06GL000096	GCA_055397995.1	97.753	100.0	3.79e-110	178	ok
smbu06GL000096	GCA_056487485.1	94.944	100.0	5.82e-108	178	ok
smbu06GL000096	GCA_056582645.1	99.438	100.0	4.34e-111	178	ok
smbu06GL000096	GCA_058072705.1	99.438	100.0	4.34e-111	178	ok
smbu06GL000096	GCA_060306215.1	99.438	100.0	4.34e-111	178	ok
smbu06GL000096	GCA_060307205.1	97.753	100.0	3.79e-110	178	ok
smbu06GL000096	GCA_060307225.1	99.438	100.0	4.34e-111	178	ok
smbu06GL000096	GCA_061568495.1	98.876	100.0	2.55e-110	178	ok
smbu06GL000096	GCA_900636615.1	97.753	100.0	3.79e-110	178	ok
smbu06GL000096	GCA_905186115.1	98.256	96.6	1.48e-106	172	ok
smbu06GL000096	GCA_931972305.1	94.944	100.0	5.82e-108	178	ok
smbu06GL000096	GCA_963280925.1	97.753	100.0	3.79e-110	178	ok
smbu06GL000096	GCA_988227945.1	99.438	100.0	4.34e-111	178	ok
smbu06GL000096	GCA_988227985.1	99.438	100.0	4.34e-111	178	ok
smbu06GL000096	GCA_988228025.1	99.438	100.0	4.34e-111	178	ok
smbu06GL000096	GCA_988235375.1	94.944	100.0	1.95e-107	178	ok
smbu06GL000096	GCA_988236725.1	94.944	100.0	1.95e-107	178	ok
smbu06GL000096	GCA_988237225.1	99.438	100.0	4.34e-111	178	ok
smbu06GL000096	GCF_001298485.1	98.876	100.0	7.11e-111	178	ok
smbu06GL000096	GCF_001412695.1	98.876	100.0	7.11e-111	178	ok
smbu06GL000096	GCF_001598635.1	88.202	100.0	2.73e-99	178	ok
smbu06GL000096	GCF_001689055.2	88.202	100.0	2.73e-99	178	ok
smbu06GL000096	GCF_002208945.1	88.202	100.0	2.73e-99	178	ok
smbu06GL000096	GCF_002216705.1	94.944	100.0	5.82e-108	178	ok
smbu06GL000096	GCF_002278015.2	97.753	100.0	3.79e-110	178	ok
smbu06GL000096	GCF_002289045.2	88.202	100.0	2.73e-99	178	ok
smbu06GL000096	GCF_002290025.1	94.944	100.0	1.95e-107	178	ok
smbu06GL000096	GCF_002355755.1	88.202	100.0	2.73e-99	178	ok
smbu06GL000096	GCF_002761555.1	98.876	100.0	7.11e-111	178	ok
smbu06GL000096	GCF_002831505.1	98.876	100.0	7.11e-111	178	ok
smbu06GL000096	GCF_002850515.1	98.876	100.0	7.11e-111	178	ok
smbu06GL000096	GCF_002983785.1	98.876	100.0	7.11e-111	178	ok
smbu06GL000096	GCF_003269465.1	99.438	100.0	4.34e-111	178	ok
smbu06GL000096	GCF_003667965.1	99.438	100.0	4.34e-111	178	ok
smbu06GL000096	GCF_003711125.1	88.764	100.0	6.09e-101	178	ok
smbu06GL000096	GCF_003711605.1	99.438	100.0	4.34e-111	178	ok
smbu06GL000096	GCF_003812665.1	88.202	100.0	2.73e-99	178	ok
smbu06GL000096	GCF_004332055.1	98.876	100.0	7.11e-111	178	ok
smbu06GL000096	GCF_005484525.1	88.202	100.0	2.73e-99	178	ok
smbu06GL000096	GCF_006337145.1	99.438	100.0	4.34e-111	178	ok
smbu06GL000096	GCF_006351785.1	98.876	100.0	7.11e-111	178	ok
smbu06GL000096	GCF_006351845.1	98.876	100.0	7.11e-111	178	ok
smbu06GL000096	GCF_006364815.1	88.202	100.0	2.73e-99	178	ok
smbu06GL000096	GCF_006494835.1	87.640	100.0	1.7e-98	178	ok
smbu06GL000096	GCF_006494855.1	87.640	100.0	1.7e-98	178	ok
smbu06GL000096	GCF_006494875.1	87.640	100.0	1.7e-98	178	ok
smbu06GL000096	GCF_006766145.1	88.202	100.0	2.73e-99	178	ok
smbu06GL000096	GCF_007923665.2	98.876	100.0	7.11e-111	178	ok
smbu06GL000096	GCF_007923785.2	98.876	100.0	7.11e-111	178	ok
smbu06GL000096	GCF_007923865.2	98.876	100.0	7.11e-111	178	ok
smbu06GL000096	GCF_007923885.2	98.876	100.0	7.11e-111	178	ok
smbu06GL000096	GCF_007923905.2	98.876	100.0	7.11e-111	178	ok
smbu06GL000096	GCF_007923925.2	98.876	100.0	7.11e-111	178	ok
smbu06GL000096	GCF_007923945.2	98.876	100.0	7.11e-111	178	ok
smbu06GL000096	GCF_007923965.2	98.876	100.0	7.11e-111	178	ok
smbu06GL000096	GCF_008330605.1	99.438	100.0	4.34e-111	178	ok
smbu06GL000096	GCF_009730155.1	85.393	100.0	1.99e-98	178	ok
smbu06GL000096	GCF_009734005.1	98.876	100.0	7.11e-111	178	ok
smbu06GL000096	GCF_009938075.1	98.876	100.0	7.11e-111	178	ok
smbu06GL000096	GCF_010103655.1	87.640	100.0	1.77e-98	178	ok
smbu06GL000096	GCF_010120755.1	98.876	100.0	7.11e-111	178	ok
smbu06GL000096	GCF_011745645.1	98.876	100.0	2.55e-110	178	ok
smbu06GL000096	GCF_012045365.1	99.438	100.0	4.34e-111	178	ok
smbu06GL000096	GCF_012045505.1	99.438	100.0	4.34e-111	178	ok
smbu06GL000096	GCF_012594215.1	88.202	100.0	2.73e-99	178	ok
smbu06GL000096	GCF_013201055.1	98.876	100.0	2.55e-110	178	ok
smbu06GL000096	GCF_013344625.1	88.202	100.0	2.73e-99	178	ok
smbu06GL000096	GCF_013344645.1	88.202	100.0	2.73e-99	178	ok
smbu06GL000096	GCF_013344665.1	87.640	100.0	1.7e-98	178	ok
smbu06GL000096	GCF_013391145.1	97.753	100.0	3.79e-110	178	ok
smbu06GL000096	GCF_013391165.1	97.753	100.0	3.79e-110	178	ok
smbu06GL000096	GCF_013391185.1	97.753	100.0	3.79e-110	178	ok
smbu06GL000096	GCF_013391205.1	97.753	100.0	3.79e-110	178	ok
smbu06GL000096	GCF_013394325.1	91.011	100.0	3.68e-102	178	ok
smbu06GL000096	GCF_015377765.1	99.438	100.0	4.34e-111	178	ok
smbu06GL000096	GCF_015767695.1	98.876	100.0	7.11e-111	178	ok
smbu06GL000096	GCF_015767715.1	99.438	100.0	4.34e-111	178	ok
smbu06GL000096	GCF_016127235.1	97.753	100.0	3.79e-110	178	ok
smbu06GL000096	GCF_017280035.1	88.202	100.0	2.73e-99	178	ok
smbu06GL000096	GCF_017357805.1	88.202	100.0	2.73e-99	178	ok
smbu06GL000096	GCF_018516845.1	98.876	100.0	7.11e-111	178	ok
smbu06GL000096	GCF_019203145.1	99.438	100.0	4.34e-111	178	ok
smbu06GL000096	GCF_019343125.1	99.438	100.0	4.34e-111	178	ok
smbu06GL000096	GCF_019456555.1	98.876	100.0	7.11e-111	178	ok
smbu06GL000096	GCF_019456575.1	98.876	100.0	7.11e-111	178	ok
smbu06GL000096	GCF_019456595.1	98.876	100.0	7.11e-111	178	ok
smbu06GL000096	GCF_019797905.1	90.449	100.0	7.53e-102	178	ok
smbu06GL000096	GCF_019967715.1	99.438	100.0	4.34e-111	178	ok
smbu06GL000096	GCF_020881975.1	88.202	100.0	2.73e-99	178	ok
smbu06GL000096	GCF_020906605.1	88.202	100.0	2.73e-99	178	ok
smbu06GL000096	GCF_022869705.1	88.202	100.0	2.73e-99	178	ok
smbu06GL000096	GCF_023299785.1	88.202	100.0	2.73e-99	178	ok
smbu06GL000096	GCF_023375505.1	88.202	100.0	2.73e-99	178	ok
smbu06GL000096	GCF_023612035.1	88.202	100.0	2.73e-99	178	ok
smbu06GL000096	GCF_023612275.1	99.438	100.0	4.34e-111	178	ok
smbu06GL000096	GCF_024267595.1	88.202	100.0	2.73e-99	178	ok
smbu06GL000096	GCF_025957845.1	88.202	100.0	2.73e-99	178	ok
smbu06GL000096	GCF_025957925.1	88.202	100.0	2.73e-99	178	ok
smbu06GL000096	GCF_025958025.1	88.202	100.0	2.73e-99	178	ok
smbu06GL000096	GCF_025958065.1	88.202	100.0	2.73e-99	178	ok
smbu06GL000096	GCF_025958085.1	88.202	100.0	2.73e-99	178	ok
smbu06GL000096	GCF_025958625.1	88.202	100.0	2.73e-99	178	ok
smbu06GL000096	GCF_025958845.1	88.202	100.0	2.73e-99	178	ok
smbu06GL000096	GCF_025958885.1	88.202	100.0	2.73e-99	178	ok
smbu06GL000096	GCF_026650885.1	88.202	100.0	2.73e-99	178	ok
smbu06GL000096	GCF_027915235.1	99.438	100.0	4.34e-111	178	ok
smbu06GL000096	GCF_030490365.1	99.438	100.0	4.34e-111	178	ok
smbu06GL000096	GCF_030584585.1	98.876	100.0	7.11e-111	178	ok
smbu06GL000096	GCF_030584605.1	98.876	100.0	7.11e-111	178	ok
smbu06GL000096	GCF_030584685.1	98.876	100.0	7.11e-111	178	ok
smbu06GL000096	GCF_030643745.1	99.438	100.0	4.34e-111	178	ok
smbu06GL000096	GCF_033954875.1	99.438	100.0	4.34e-111	178	ok
smbu06GL000096	GCF_033954895.1	99.438	100.0	4.34e-111	178	ok
smbu06GL000096	GCF_033954915.1	99.438	100.0	4.34e-111	178	ok
smbu06GL000096	GCF_036669985.1	99.438	100.0	4.34e-111	178	ok
smbu06GL000096	GCF_040745045.1	98.876	100.0	2.55e-110	178	ok
smbu06GL000096	GCF_043950735.1	97.753	100.0	3.79e-110	178	ok
smbu06GL000096	GCF_049315065.1	98.876	100.0	2.55e-110	178	ok
smbu06GL000096	GCF_049315075.1	97.753	100.0	1.32e-109	178	ok
smbu06GL000096	GCF_049315085.1	97.753	100.0	1.32e-109	178	ok
smbu06GL000096	GCF_049315095.1	97.753	100.0	1.32e-109	178	ok
smbu06GL000096	GCF_049315105.1	97.753	100.0	1.32e-109	178	ok
smbu06GL000096	GCF_049315115.1	99.438	100.0	4.34e-111	178	ok
smbu06GL000096	GCF_049315125.1	99.438	100.0	4.34e-111	178	ok
smbu06GL000096	GCF_049315135.1	97.753	100.0	1.32e-109	178	ok
smbu06GL000096	GCF_049315145.1	99.438	100.0	4.34e-111	178	ok
smbu06GL000096	GCF_049315155.1	97.753	100.0	1.32e-109	178	ok
smbu06GL000096	GCF_049315165.1	99.438	100.0	4.34e-111	178	ok
smbu06GL000096	GCF_049315175.1	98.876	100.0	2.55e-110	178	ok
smbu06GL000096	GCF_052655065.1	99.438	100.0	4.34e-111	178	ok
smbu06GL000096	GCF_052655335.1	99.438	100.0	4.34e-111	178	ok
smbu06GL000096	GCF_052655665.1	99.438	100.0	4.34e-111	178	ok
smbu06GL000096	GCF_052656575.1	99.438	100.0	4.34e-111	178	ok
smbu06GL000096	GCF_052657825.1	99.438	100.0	4.34e-111	178	ok
smbu06GL000096	GCF_052658005.1	99.438	100.0	4.34e-111	178	ok
smbu06GL000096	GCF_053764515.1	94.382	100.0	1.97e-107	178	ok
smbu06GL000096	GCF_056487465.1	94.944	100.0	5.82e-108	178	ok
smbu06GL000096	GCF_056582645.1	99.438	100.0	4.34e-111	178	ok
smbu06GL000096	GCF_931972305.1	94.944	100.0	5.82e-108	178	ok
smbu06GL000096	GCF_988227945.1	99.438	100.0	4.34e-111	178	ok
smbu06GL000096	GCF_988227985.1	99.438	100.0	4.34e-111	178	ok
smbu06GL000096	GCF_988228025.1	99.438	100.0	4.34e-111	178	ok
smbu06GL000096	L_lactis_14B4	65.730	100.0	1.69e-69	178	ok
smbu06GL000096	L_lactis_IL1403	65.730	100.0	1.69e-69	178	ok
smbu06GL000096	L_lactis_MG1363	65.730	100.0	4.75e-69	178	ok
smbu06GL000096	smbu06_project	99.438	100.0	4.34e-111	178	ok
smbu06GL000096	smbu08_project	99.438	100.0	4.34e-111	178	ok
smbu06GL000097	E_lactis_194	99.153	100.0	2.58e-72	118	ok
smbu06GL000097	GCA_000006865.1	72.881	100.0	2.75e-43	115	ok
smbu06GL000097	GCA_000157355.2	91.525	100.0	3e-66	118	ok
smbu06GL000097	GCA_000344575.1	72.881	100.0	1.75e-43	115	ok
smbu06GL000097	GCA_000761115.1	72.881	100.0	1.75e-43	115	ok
smbu06GL000097	GCA_000807375.1	72.881	100.0	1.87e-43	115	ok
smbu06GL000097	GCA_002216705.1	96.610	100.0	1.21e-70	118	ok
smbu06GL000097	GCA_002278015.2	98.305	100.0	9.19e-72	118	ok
smbu06GL000097	GCA_002290025.1	96.610	100.0	1.43e-70	118	ok
smbu06GL000097	GCA_002804185.1	72.881	100.0	2.75e-43	115	ok
smbu06GL000097	GCA_002804285.1	72.881	100.0	2.75e-43	115	ok
smbu06GL000097	GCA_002813755.1	96.610	100.0	1.21e-70	118	ok
smbu06GL000097	GCA_002895225.1	72.881	100.0	2.75e-43	115	ok
smbu06GL000097	GCA_003711125.1	91.525	100.0	3.55e-65	118	ok
smbu06GL000097	GCA_003722255.1	72.881	100.0	2.75e-43	115	ok
smbu06GL000097	GCA_005347505.1	91.525	100.0	3.55e-65	118	ok
smbu06GL000097	GCA_009730155.1	93.220	100.0	1.16e-66	118	ok
smbu06GL000097	GCA_013391145.1	98.305	100.0	9.19e-72	118	ok
smbu06GL000097	GCA_013391165.1	98.305	100.0	9.19e-72	118	ok
smbu06GL000097	GCA_013391185.1	98.305	100.0	9.19e-72	118	ok
smbu06GL000097	GCA_013391205.1	98.305	100.0	9.19e-72	118	ok
smbu06GL000097	GCA_013394325.1	89.831	100.0	3.83e-65	118	ok
smbu06GL000097	GCA_015767715.1	99.153	100.0	2.58e-72	118	ok
smbu06GL000097	GCA_016127235.1	98.305	100.0	9.19e-72	118	ok
smbu06GL000097	GCA_019203145.1	99.153	100.0	2.58e-72	118	ok
smbu06GL000097	GCA_019343125.1	99.153	100.0	2.58e-72	118	ok
smbu06GL000097	GCA_019797905.1	91.525	100.0	6.76e-66	118	ok
smbu06GL000097	GCA_019967715.1	99.153	100.0	2.58e-72	118	ok
smbu06GL000097	GCA_022870765.1	91.525	100.0	3e-66	118	ok
smbu06GL000097	GCA_023523715.1	91.525	100.0	3e-66	118	ok
smbu06GL000097	GCA_023612275.1	99.153	100.0	2.58e-72	118	ok
smbu06GL000097	GCA_025402795.1	91.525	100.0	6.76e-66	118	ok
smbu06GL000097	GCA_025402855.1	91.525	100.0	6.76e-66	118	ok
smbu06GL000097	GCA_029201225.1	91.525	100.0	3e-66	118	ok
smbu06GL000097	GCA_029215545.1	91.525	100.0	3e-66	118	ok
smbu06GL000097	GCA_030490365.1	99.153	100.0	2.58e-72	118	ok
smbu06GL000097	GCA_033954875.1	99.153	100.0	2.58e-72	118	ok
smbu06GL000097	GCA_033954895.1	99.153	100.0	2.58e-72	118	ok
smbu06GL000097	GCA_033954915.1	99.153	100.0	2.58e-72	118	ok
smbu06GL000097	GCA_036669985.1	99.153	100.0	2.58e-72	118	ok
smbu06GL000097	GCA_040745045.1	99.153	100.0	2.58e-72	118	ok
smbu06GL000097	GCA_041930275.1	93.220	100.0	1.16e-66	118	ok
smbu06GL000097	GCA_041952535.1	93.220	100.0	1.16e-66	118	ok
smbu06GL000097	GCA_043950735.1	98.305	100.0	9.19e-72	118	ok
smbu06GL000097	GCA_043950745.1	98.305	100.0	9.19e-72	118	ok
smbu06GL000097	GCA_045039055.1	93.220	100.0	1.16e-66	118	ok
smbu06GL000097	GCA_049315065.1	99.153	100.0	2.58e-72	118	ok
smbu06GL000097	GCA_049315075.1	98.305	100.0	3.29e-72	118	ok
smbu06GL000097	GCA_049315085.1	98.305	100.0	3.29e-72	118	ok
smbu06GL000097	GCA_049315095.1	98.305	100.0	3.29e-72	118	ok
smbu06GL000097	GCA_049315105.1	98.305	100.0	3.29e-72	118	ok
smbu06GL000097	GCA_049315115.1	99.153	100.0	2.58e-72	118	ok
smbu06GL000097	GCA_049315125.1	99.153	100.0	2.58e-72	118	ok
smbu06GL000097	GCA_049315135.1	98.305	100.0	3.29e-72	118	ok
smbu06GL000097	GCA_049315145.1	99.153	100.0	2.58e-72	118	ok
smbu06GL000097	GCA_049315155.1	98.305	100.0	3.29e-72	118	ok
smbu06GL000097	GCA_049315165.1	99.153	100.0	2.58e-72	118	ok
smbu06GL000097	GCA_049315175.1	99.153	100.0	2.58e-72	118	ok
smbu06GL000097	GCA_052655065.1	99.153	100.0	2.58e-72	118	ok
smbu06GL000097	GCA_052655335.1	99.153	100.0	2.58e-72	118	ok
smbu06GL000097	GCA_052655665.1	99.153	100.0	2.58e-72	118	ok
smbu06GL000097	GCA_052656575.1	99.153	100.0	2.58e-72	118	ok
smbu06GL000097	GCA_052657825.1	99.153	100.0	2.58e-72	118	ok
smbu06GL000097	GCA_052658005.1	99.153	100.0	2.58e-72	118	ok
smbu06GL000097	GCA_053764515.1	96.610	100.0	1.21e-70	118	ok
smbu06GL000097	GCA_055397705.1	99.153	100.0	2.58e-72	118	ok
smbu06GL000097	GCA_055397995.1	98.305	100.0	9.19e-72	118	ok
smbu06GL000097	GCA_056487485.1	96.610	100.0	1.21e-70	118	ok
smbu06GL000097	GCA_056582645.1	99.153	100.0	2.58e-72	118	ok
smbu06GL000097	GCA_058072705.1	99.153	100.0	2.58e-72	118	ok
smbu06GL000097	GCA_060306215.1	99.153	100.0	2.58e-72	118	ok
smbu06GL000097	GCA_060307205.1	98.305	100.0	9.19e-72	118	ok
smbu06GL000097	GCA_060307225.1	99.153	100.0	2.58e-72	118	ok
smbu06GL000097	GCA_061568495.1	99.153	100.0	2.58e-72	118	ok
smbu06GL000097	GCA_900636615.1	98.305	100.0	9.19e-72	118	ok
smbu06GL000097	GCA_905186115.1	98.305	100.0	9.19e-72	118	ok
smbu06GL000097	GCA_931972305.1	96.610	100.0	1.21e-70	118	ok
smbu06GL000097	GCA_963280925.1	98.305	100.0	9.19e-72	118	ok
smbu06GL000097	GCA_988227945.1	99.153	100.0	2.58e-72	118	ok
smbu06GL000097	GCA_988227985.1	99.153	100.0	2.58e-72	118	ok
smbu06GL000097	GCA_988228025.1	99.153	100.0	2.58e-72	118	ok
smbu06GL000097	GCA_988235375.1	96.610	100.0	1.43e-70	118	ok
smbu06GL000097	GCA_988236725.1	96.610	100.0	1.43e-70	118	ok
smbu06GL000097	GCA_988237225.1	99.153	100.0	2.58e-72	118	ok
smbu06GL000097	GCF_001298485.1	99.153	100.0	2.58e-72	118	ok
smbu06GL000097	GCF_001412695.1	99.153	100.0	2.58e-72	118	ok
smbu06GL000097	GCF_001598635.1	92.373	100.0	5.49e-67	118	ok
smbu06GL000097	GCF_001689055.2	92.373	100.0	5.49e-67	118	ok
smbu06GL000097	GCF_002208945.1	92.373	100.0	5.49e-67	118	ok
smbu06GL000097	GCF_002216705.1	96.610	100.0	1.21e-70	118	ok
smbu06GL000097	GCF_002278015.2	98.305	100.0	9.19e-72	118	ok
smbu06GL000097	GCF_002289045.2	92.373	100.0	5.49e-67	118	ok
smbu06GL000097	GCF_002290025.1	96.610	100.0	1.43e-70	118	ok
smbu06GL000097	GCF_002355755.1	92.373	100.0	5.49e-67	118	ok
smbu06GL000097	GCF_002761555.1	99.153	100.0	2.58e-72	118	ok
smbu06GL000097	GCF_002831505.1	99.153	100.0	2.58e-72	118	ok
smbu06GL000097	GCF_002850515.1	98.305	100.0	1.17e-71	118	ok
smbu06GL000097	GCF_002983785.1	99.153	100.0	2.58e-72	118	ok
smbu06GL000097	GCF_003269465.1	99.153	100.0	2.58e-72	118	ok
smbu06GL000097	GCF_003667965.1	99.153	100.0	2.58e-72	118	ok
smbu06GL000097	GCF_003711125.1	91.525	100.0	3.55e-65	118	ok
smbu06GL000097	GCF_003711605.1	99.153	100.0	2.58e-72	118	ok
smbu06GL000097	GCF_003812665.1	92.373	100.0	5.49e-67	118	ok
smbu06GL000097	GCF_004332055.1	99.153	100.0	2.58e-72	118	ok
smbu06GL000097	GCF_005484525.1	92.373	100.0	5.49e-67	118	ok
smbu06GL000097	GCF_006337145.1	99.153	100.0	2.58e-72	118	ok
smbu06GL000097	GCF_006351785.1	98.305	100.0	1.17e-71	118	ok
smbu06GL000097	GCF_006351845.1	99.153	100.0	2.58e-72	118	ok
smbu06GL000097	GCF_006364815.1	92.373	100.0	5.49e-67	118	ok
smbu06GL000097	GCF_006494835.1	92.373	100.0	5.49e-67	118	ok
smbu06GL000097	GCF_006494855.1	92.373	100.0	5.49e-67	118	ok
smbu06GL000097	GCF_006494875.1	92.373	100.0	5.49e-67	118	ok
smbu06GL000097	GCF_006766145.1	92.373	100.0	5.49e-67	118	ok
smbu06GL000097	GCF_007923665.2	98.305	100.0	1.17e-71	118	ok
smbu06GL000097	GCF_007923785.2	98.305	100.0	1.17e-71	118	ok
smbu06GL000097	GCF_007923865.2	99.153	100.0	2.58e-72	118	ok
smbu06GL000097	GCF_007923885.2	99.153	100.0	2.58e-72	118	ok
smbu06GL000097	GCF_007923905.2	98.305	100.0	1.17e-71	118	ok
smbu06GL000097	GCF_007923925.2	99.153	100.0	2.58e-72	118	ok
smbu06GL000097	GCF_007923945.2	99.153	100.0	2.58e-72	118	ok
smbu06GL000097	GCF_007923965.2	99.153	100.0	2.58e-72	118	ok
smbu06GL000097	GCF_008330605.1	99.153	100.0	2.58e-72	118	ok
smbu06GL000097	GCF_009730155.1	93.220	100.0	1.16e-66	118	ok
smbu06GL000097	GCF_009734005.1	99.153	100.0	2.58e-72	118	ok
smbu06GL000097	GCF_009938075.1	99.153	100.0	2.58e-72	118	ok
smbu06GL000097	GCF_010103655.1	92.373	100.0	5.49e-67	118	ok
smbu06GL000097	GCF_010120755.1	99.153	100.0	2.58e-72	118	ok
smbu06GL000097	GCF_011745645.1	99.153	100.0	2.58e-72	118	ok
smbu06GL000097	GCF_012045365.1	99.153	100.0	2.58e-72	118	ok
smbu06GL000097	GCF_012045505.1	99.153	100.0	2.58e-72	118	ok
smbu06GL000097	GCF_012594215.1	92.373	100.0	5.49e-67	118	ok
smbu06GL000097	GCF_013201055.1	99.153	100.0	2.58e-72	118	ok
smbu06GL000097	GCF_013344625.1	92.373	100.0	5.49e-67	118	ok
smbu06GL000097	GCF_013344645.1	92.373	100.0	5.49e-67	118	ok
smbu06GL000097	GCF_013344665.1	92.373	100.0	5.49e-67	118	ok
smbu06GL000097	GCF_013391145.1	98.305	100.0	9.19e-72	118	ok
smbu06GL000097	GCF_013391165.1	98.305	100.0	9.19e-72	118	ok
smbu06GL000097	GCF_013391185.1	98.305	100.0	9.19e-72	118	ok
smbu06GL000097	GCF_013391205.1	98.305	100.0	9.19e-72	118	ok
smbu06GL000097	GCF_013394325.1	89.831	100.0	3.83e-65	118	ok
smbu06GL000097	GCF_015377765.1	99.153	100.0	2.58e-72	118	ok
smbu06GL000097	GCF_015767695.1	99.153	100.0	2.58e-72	118	ok
smbu06GL000097	GCF_015767715.1	99.153	100.0	2.58e-72	118	ok
smbu06GL000097	GCF_016127235.1	98.305	100.0	9.19e-72	118	ok
smbu06GL000097	GCF_017280035.1	92.373	100.0	5.49e-67	118	ok
smbu06GL000097	GCF_017357805.1	92.373	100.0	5.49e-67	118	ok
smbu06GL000097	GCF_018516845.1	99.153	100.0	2.58e-72	118	ok
smbu06GL000097	GCF_019203145.1	99.153	100.0	2.58e-72	118	ok
smbu06GL000097	GCF_019343125.1	99.153	100.0	2.58e-72	118	ok
smbu06GL000097	GCF_019456555.1	99.153	100.0	2.58e-72	118	ok
smbu06GL000097	GCF_019456575.1	99.153	100.0	2.58e-72	118	ok
smbu06GL000097	GCF_019456595.1	99.153	100.0	2.58e-72	118	ok
smbu06GL000097	GCF_019797905.1	91.525	100.0	6.76e-66	118	ok
smbu06GL000097	GCF_019967715.1	99.153	100.0	2.58e-72	118	ok
smbu06GL000097	GCF_020881975.1	92.373	100.0	5.49e-67	118	ok
smbu06GL000097	GCF_020906605.1	92.373	100.0	5.49e-67	118	ok
smbu06GL000097	GCF_022869705.1	92.373	100.0	5.49e-67	118	ok
smbu06GL000097	GCF_023299785.1	92.373	100.0	5.49e-67	118	ok
smbu06GL000097	GCF_023375505.1	92.373	100.0	5.49e-67	118	ok
smbu06GL000097	GCF_023612035.1	92.373	100.0	5.49e-67	118	ok
smbu06GL000097	GCF_023612275.1	99.153	100.0	2.58e-72	118	ok
smbu06GL000097	GCF_024267595.1	92.373	100.0	5.49e-67	118	ok
smbu06GL000097	GCF_025957845.1	92.373	100.0	5.49e-67	118	ok
smbu06GL000097	GCF_025957925.1	92.373	100.0	5.49e-67	118	ok
smbu06GL000097	GCF_025958025.1	92.373	100.0	5.49e-67	118	ok
smbu06GL000097	GCF_025958065.1	92.373	100.0	5.49e-67	118	ok
smbu06GL000097	GCF_025958085.1	92.373	100.0	5.49e-67	118	ok
smbu06GL000097	GCF_025958625.1	92.373	100.0	5.49e-67	118	ok
smbu06GL000097	GCF_025958845.1	92.373	100.0	5.49e-67	118	ok
smbu06GL000097	GCF_025958885.1	92.373	100.0	5.49e-67	118	ok
smbu06GL000097	GCF_026650885.1	92.373	100.0	5.49e-67	118	ok
smbu06GL000097	GCF_027915235.1	99.153	100.0	2.58e-72	118	ok
smbu06GL000097	GCF_030490365.1	99.153	100.0	2.58e-72	118	ok
smbu06GL000097	GCF_030584585.1	99.153	100.0	2.58e-72	118	ok
smbu06GL000097	GCF_030584605.1	99.153	100.0	2.58e-72	118	ok
smbu06GL000097	GCF_030584685.1	99.153	100.0	2.58e-72	118	ok
smbu06GL000097	GCF_030643745.1	99.153	100.0	2.58e-72	118	ok
smbu06GL000097	GCF_033954875.1	99.153	100.0	2.58e-72	118	ok
smbu06GL000097	GCF_033954895.1	99.153	100.0	2.58e-72	118	ok
smbu06GL000097	GCF_033954915.1	99.153	100.0	2.58e-72	118	ok
smbu06GL000097	GCF_036669985.1	99.153	100.0	2.58e-72	118	ok
smbu06GL000097	GCF_040745045.1	99.153	100.0	2.58e-72	118	ok
smbu06GL000097	GCF_043950735.1	98.305	100.0	9.19e-72	118	ok
smbu06GL000097	GCF_049315065.1	99.153	100.0	2.58e-72	118	ok
smbu06GL000097	GCF_049315075.1	98.305	100.0	3.29e-72	118	ok
smbu06GL000097	GCF_049315085.1	98.305	100.0	3.29e-72	118	ok
smbu06GL000097	GCF_049315095.1	98.305	100.0	3.29e-72	118	ok
smbu06GL000097	GCF_049315105.1	98.305	100.0	3.29e-72	118	ok
smbu06GL000097	GCF_049315115.1	99.153	100.0	2.58e-72	118	ok
smbu06GL000097	GCF_049315125.1	99.153	100.0	2.58e-72	118	ok
smbu06GL000097	GCF_049315135.1	98.305	100.0	3.29e-72	118	ok
smbu06GL000097	GCF_049315145.1	99.153	100.0	2.58e-72	118	ok
smbu06GL000097	GCF_049315155.1	98.305	100.0	3.29e-72	118	ok
smbu06GL000097	GCF_049315165.1	99.153	100.0	2.58e-72	118	ok
smbu06GL000097	GCF_049315175.1	99.153	100.0	2.58e-72	118	ok
smbu06GL000097	GCF_052655065.1	99.153	100.0	2.58e-72	118	ok
smbu06GL000097	GCF_052655335.1	99.153	100.0	2.58e-72	118	ok
smbu06GL000097	GCF_052655665.1	99.153	100.0	2.58e-72	118	ok
smbu06GL000097	GCF_052656575.1	99.153	100.0	2.58e-72	118	ok
smbu06GL000097	GCF_052657825.1	99.153	100.0	2.58e-72	118	ok
smbu06GL000097	GCF_052658005.1	99.153	100.0	2.58e-72	118	ok
smbu06GL000097	GCF_053764515.1	96.610	100.0	1.21e-70	118	ok
smbu06GL000097	GCF_056487465.1	96.610	100.0	1.21e-70	118	ok
smbu06GL000097	GCF_056582645.1	99.153	100.0	2.58e-72	118	ok
smbu06GL000097	GCF_931972305.1	96.610	100.0	1.21e-70	118	ok
smbu06GL000097	GCF_988227945.1	99.153	100.0	2.58e-72	118	ok
smbu06GL000097	GCF_988227985.1	99.153	100.0	2.58e-72	118	ok
smbu06GL000097	GCF_988228025.1	99.153	100.0	2.58e-72	118	ok
smbu06GL000097	L_lactis_14B4	72.881	100.0	4.34e-43	115	ok
smbu06GL000097	L_lactis_IL1403	72.881	100.0	2.75e-43	115	ok
smbu06GL000097	L_lactis_MG1363	72.881	100.0	2.57e-43	115	ok
smbu06GL000097	smbu06_project	99.153	100.0	2.58e-72	118	ok
smbu06GL000097	smbu08_project	99.153	100.0	2.58e-72	118	ok
smbu06GL000098	E_lactis_194	100.000	100.0	3.67e-101	166	ok
smbu06GL000098	GCA_000006865.1	81.875	96.4	1.31e-68	10	rejected
smbu06GL000098	GCA_000157355.2	98.193	100.0	5.27e-99	166	ok
smbu06GL000098	GCA_000344575.1	81.875	96.4	1.31e-68	10	rejected
smbu06GL000098	GCA_000761115.1	81.875	96.4	1.31e-68	10	rejected
smbu06GL000098	GCA_000807375.1	81.875	96.4	1.31e-68	10	rejected
smbu06GL000098	GCA_002216705.1	99.398	100.0	2.31e-100	166	ok
smbu06GL000098	GCA_002278015.2	100.000	100.0	3.67e-101	166	ok
smbu06GL000098	GCA_002290025.1	98.795	100.0	3.24e-100	166	ok
smbu06GL000098	GCA_002804185.1	81.875	96.4	1.31e-68	10	rejected
smbu06GL000098	GCA_002804285.1	81.875	96.4	1.31e-68	10	rejected
smbu06GL000098	GCA_002813755.1	99.398	100.0	2.31e-100	166	ok
smbu06GL000098	GCA_002895225.1	81.875	96.4	1.31e-68	10	rejected
smbu06GL000098	GCA_003711125.1	93.902	98.8	1.96e-94	164	ok
smbu06GL000098	GCA_003722255.1	81.875	96.4	1.31e-68	10	rejected
smbu06GL000098	GCA_005347505.1	93.902	98.8	1.96e-94	164	ok
smbu06GL000098	GCA_009730155.1	98.193	100.0	5.27e-99	166	ok
smbu06GL000098	GCA_013391145.1	100.000	100.0	3.67e-101	166	ok
smbu06GL000098	GCA_013391165.1	100.000	100.0	3.67e-101	166	ok
smbu06GL000098	GCA_013391185.1	100.000	100.0	3.67e-101	166	ok
smbu06GL000098	GCA_013391205.1	100.000	100.0	3.67e-101	166	ok
smbu06GL000098	GCA_013394325.1	92.683	98.8	1.16e-93	164	ok
smbu06GL000098	GCA_015767715.1	100.000	100.0	3.67e-101	166	ok
smbu06GL000098	GCA_016127235.1	100.000	100.0	3.67e-101	166	ok
smbu06GL000098	GCA_019203145.1	100.000	100.0	3.67e-101	166	ok
smbu06GL000098	GCA_019343125.1	100.000	100.0	3.67e-101	166	ok
smbu06GL000098	GCA_019797905.1	93.902	98.8	3.27e-94	164	ok
smbu06GL000098	GCA_019967715.1	100.000	100.0	3.67e-101	166	ok
smbu06GL000098	GCA_022870765.1	98.193	100.0	5.27e-99	166	ok
smbu06GL000098	GCA_023523715.1	98.193	100.0	5.27e-99	166	ok
smbu06GL000098	GCA_023612275.1	100.000	100.0	3.67e-101	166	ok
smbu06GL000098	GCA_025402795.1	93.902	98.8	3.27e-94	164	ok
smbu06GL000098	GCA_025402855.1	93.902	98.8	3.27e-94	164	ok
smbu06GL000098	GCA_029201225.1	98.193	100.0	5.27e-99	166	ok
smbu06GL000098	GCA_029215545.1	98.193	100.0	5.27e-99	166	ok
smbu06GL000098	GCA_030490365.1	100.000	100.0	3.67e-101	166	ok
smbu06GL000098	GCA_033954875.1	100.000	100.0	3.67e-101	166	ok
smbu06GL000098	GCA_033954895.1	100.000	100.0	3.67e-101	166	ok
smbu06GL000098	GCA_033954915.1	100.000	100.0	3.67e-101	166	ok
smbu06GL000098	GCA_036669985.1	100.000	100.0	3.67e-101	166	ok
smbu06GL000098	GCA_040745045.1	100.000	100.0	3.67e-101	166	ok
smbu06GL000098	GCA_041930275.1	98.193	100.0	5.27e-99	166	ok
smbu06GL000098	GCA_041952535.1	98.193	100.0	5.27e-99	166	ok
smbu06GL000098	GCA_043950735.1	100.000	100.0	3.67e-101	166	ok
smbu06GL000098	GCA_043950745.1	100.000	100.0	3.67e-101	166	ok
smbu06GL000098	GCA_045039055.1	98.193	100.0	5.27e-99	166	ok
smbu06GL000098	GCA_049315065.1	100.000	100.0	3.67e-101	166	ok
smbu06GL000098	GCA_049315075.1	100.000	100.0	3.67e-101	166	ok
smbu06GL000098	GCA_049315085.1	100.000	100.0	3.67e-101	166	ok
smbu06GL000098	GCA_049315095.1	100.000	100.0	3.67e-101	166	ok
smbu06GL000098	GCA_049315105.1	100.000	100.0	3.67e-101	166	ok
smbu06GL000098	GCA_049315115.1	100.000	100.0	3.67e-101	166	ok
smbu06GL000098	GCA_049315125.1	100.000	100.0	3.67e-101	166	ok
smbu06GL000098	GCA_049315135.1	100.000	100.0	3.67e-101	166	ok
smbu06GL000098	GCA_049315145.1	100.000	100.0	3.67e-101	166	ok
smbu06GL000098	GCA_049315155.1	100.000	100.0	3.67e-101	166	ok
smbu06GL000098	GCA_049315165.1	100.000	100.0	3.67e-101	166	ok
smbu06GL000098	GCA_049315175.1	100.000	100.0	3.67e-101	166	ok
smbu06GL000098	GCA_052655065.1	100.000	100.0	3.67e-101	166	ok
smbu06GL000098	GCA_052655335.1	100.000	100.0	3.67e-101	166	ok
smbu06GL000098	GCA_052655665.1	100.000	100.0	3.67e-101	166	ok
smbu06GL000098	GCA_052656575.1	100.000	100.0	3.67e-101	166	ok
smbu06GL000098	GCA_052657825.1	100.000	100.0	3.67e-101	166	ok
smbu06GL000098	GCA_052658005.1	100.000	100.0	3.67e-101	166	ok
smbu06GL000098	GCA_053764515.1	99.398	100.0	2.31e-100	166	ok
smbu06GL000098	GCA_055397705.1	100.000	100.0	3.67e-101	166	ok
smbu06GL000098	GCA_055397995.1	100.000	100.0	3.67e-101	166	ok
smbu06GL000098	GCA_056487485.1	99.398	100.0	2.31e-100	166	ok
smbu06GL000098	GCA_056582645.1	100.000	100.0	3.67e-101	166	ok
smbu06GL000098	GCA_058072705.1	100.000	100.0	3.67e-101	166	ok
smbu06GL000098	GCA_060306215.1	100.000	100.0	3.67e-101	166	ok
smbu06GL000098	GCA_060307205.1	100.000	100.0	3.67e-101	166	ok
smbu06GL000098	GCA_060307225.1	100.000	100.0	3.67e-101	166	ok
smbu06GL000098	GCA_061568495.1	100.000	100.0	3.67e-101	166	ok
smbu06GL000098	GCA_900636615.1	100.000	100.0	3.67e-101	166	ok
smbu06GL000098	GCA_905186115.1	100.000	100.0	3.67e-101	166	ok
smbu06GL000098	GCA_931972305.1	99.398	100.0	2.31e-100	166	ok
smbu06GL000098	GCA_963280925.1	100.000	100.0	3.67e-101	166	ok
smbu06GL000098	GCA_988227945.1	100.000	100.0	3.67e-101	166	ok
smbu06GL000098	GCA_988227985.1	100.000	100.0	3.67e-101	166	ok
smbu06GL000098	GCA_988228025.1	100.000	100.0	3.67e-101	166	ok
smbu06GL000098	GCA_988235375.1	98.795	100.0	3.24e-100	166	ok
smbu06GL000098	GCA_988236725.1	98.795	100.0	3.24e-100	166	ok
smbu06GL000098	GCA_988237225.1	100.000	100.0	3.67e-101	166	ok
smbu06GL000098	GCF_001298485.1	100.000	100.0	3.67e-101	166	ok
smbu06GL000098	GCF_001412695.1	100.000	100.0	3.67e-101	166	ok
smbu06GL000098	GCF_001598635.1	97.590	100.0	1.53e-98	166	ok
smbu06GL000098	GCF_001689055.2	97.590	100.0	1.53e-98	166	ok
smbu06GL000098	GCF_002208945.1	97.590	100.0	1.53e-98	166	ok
smbu06GL000098	GCF_002216705.1	99.398	100.0	2.31e-100	166	ok
smbu06GL000098	GCF_002278015.2	100.000	100.0	3.67e-101	166	ok
smbu06GL000098	GCF_002289045.2	97.590	100.0	1.53e-98	166	ok
smbu06GL000098	GCF_002290025.1	98.795	100.0	3.24e-100	166	ok
smbu06GL000098	GCF_002355755.1	97.590	100.0	1.53e-98	166	ok
smbu06GL000098	GCF_002761555.1	100.000	100.0	3.67e-101	166	ok
smbu06GL000098	GCF_002831505.1	100.000	100.0	3.67e-101	166	ok
smbu06GL000098	GCF_002850515.1	100.000	100.0	3.67e-101	166	ok
smbu06GL000098	GCF_002983785.1	100.000	100.0	3.67e-101	166	ok
smbu06GL000098	GCF_003269465.1	100.000	100.0	3.67e-101	166	ok
smbu06GL000098	GCF_003667965.1	100.000	100.0	3.67e-101	166	ok
smbu06GL000098	GCF_003711125.1	93.902	98.8	1.96e-94	164	ok
smbu06GL000098	GCF_003711605.1	100.000	100.0	3.67e-101	166	ok
smbu06GL000098	GCF_003812665.1	97.590	100.0	1.53e-98	166	ok
smbu06GL000098	GCF_004332055.1	100.000	100.0	3.67e-101	166	ok
smbu06GL000098	GCF_005484525.1	97.590	100.0	1.53e-98	166	ok
smbu06GL000098	GCF_006337145.1	100.000	100.0	3.67e-101	166	ok
smbu06GL000098	GCF_006351785.1	100.000	100.0	3.67e-101	166	ok
smbu06GL000098	GCF_006351845.1	100.000	100.0	3.67e-101	166	ok
smbu06GL000098	GCF_006364815.1	97.590	100.0	1.53e-98	166	ok
smbu06GL000098	GCF_006494835.1	97.590	100.0	1.53e-98	166	ok
smbu06GL000098	GCF_006494855.1	97.590	100.0	1.53e-98	166	ok
smbu06GL000098	GCF_006494875.1	97.590	100.0	1.53e-98	166	ok
smbu06GL000098	GCF_006766145.1	97.590	100.0	1.53e-98	166	ok
smbu06GL000098	GCF_007923665.2	100.000	100.0	3.67e-101	166	ok
smbu06GL000098	GCF_007923785.2	100.000	100.0	3.67e-101	166	ok
smbu06GL000098	GCF_007923865.2	100.000	100.0	3.67e-101	166	ok
smbu06GL000098	GCF_007923885.2	100.000	100.0	3.67e-101	166	ok
smbu06GL000098	GCF_007923905.2	100.000	100.0	3.67e-101	166	ok
smbu06GL000098	GCF_007923925.2	100.000	100.0	3.67e-101	166	ok
smbu06GL000098	GCF_007923945.2	100.000	100.0	3.67e-101	166	ok
smbu06GL000098	GCF_007923965.2	100.000	100.0	3.67e-101	166	ok
smbu06GL000098	GCF_008330605.1	100.000	100.0	3.67e-101	166	ok
smbu06GL000098	GCF_009730155.1	98.193	100.0	5.27e-99	166	ok
smbu06GL000098	GCF_009734005.1	100.000	100.0	3.67e-101	166	ok
smbu06GL000098	GCF_009938075.1	100.000	100.0	3.67e-101	166	ok
smbu06GL000098	GCF_010103655.1	97.590	100.0	1.53e-98	166	ok
smbu06GL000098	GCF_010120755.1	100.000	100.0	3.67e-101	166	ok
smbu06GL000098	GCF_011745645.1	100.000	100.0	3.67e-101	166	ok
smbu06GL000098	GCF_012045365.1	100.000	100.0	3.67e-101	166	ok
smbu06GL000098	GCF_012045505.1	100.000	100.0	3.67e-101	166	ok
smbu06GL000098	GCF_012594215.1	97.590	100.0	1.53e-98	166	ok
smbu06GL000098	GCF_013201055.1	100.000	100.0	3.67e-101	166	ok
smbu06GL000098	GCF_013344625.1	97.590	100.0	1.53e-98	166	ok
smbu06GL000098	GCF_013344645.1	97.590	100.0	1.53e-98	166	ok
smbu06GL000098	GCF_013344665.1	97.590	100.0	1.53e-98	166	ok
smbu06GL000098	GCF_013391145.1	100.000	100.0	3.67e-101	166	ok
smbu06GL000098	GCF_013391165.1	100.000	100.0	3.67e-101	166	ok
smbu06GL000098	GCF_013391185.1	100.000	100.0	3.67e-101	166	ok
smbu06GL000098	GCF_013391205.1	100.000	100.0	3.67e-101	166	ok
smbu06GL000098	GCF_013394325.1	92.683	98.8	1.16e-93	164	ok
smbu06GL000098	GCF_015377765.1	100.000	100.0	3.67e-101	166	ok
smbu06GL000098	GCF_015767695.1	100.000	100.0	3.67e-101	166	ok
smbu06GL000098	GCF_015767715.1	100.000	100.0	3.67e-101	166	ok
smbu06GL000098	GCF_016127235.1	100.000	100.0	3.67e-101	166	ok
smbu06GL000098	GCF_017280035.1	97.590	100.0	1.53e-98	166	ok
smbu06GL000098	GCF_017357805.1	97.590	100.0	1.53e-98	166	ok
smbu06GL000098	GCF_018516845.1	100.000	100.0	3.67e-101	166	ok
smbu06GL000098	GCF_019203145.1	100.000	100.0	3.67e-101	166	ok
smbu06GL000098	GCF_019343125.1	100.000	100.0	3.67e-101	166	ok
smbu06GL000098	GCF_019456555.1	100.000	100.0	3.67e-101	166	ok
smbu06GL000098	GCF_019456575.1	100.000	100.0	3.67e-101	166	ok
smbu06GL000098	GCF_019456595.1	100.000	100.0	3.67e-101	166	ok
smbu06GL000098	GCF_019797905.1	93.902	98.8	3.27e-94	164	ok
smbu06GL000098	GCF_019967715.1	100.000	100.0	3.67e-101	166	ok
smbu06GL000098	GCF_020881975.1	97.590	100.0	1.53e-98	166	ok
smbu06GL000098	GCF_020906605.1	97.590	100.0	1.53e-98	166	ok
smbu06GL000098	GCF_022869705.1	97.590	100.0	1.53e-98	166	ok
smbu06GL000098	GCF_023299785.1	97.590	100.0	1.53e-98	166	ok
smbu06GL000098	GCF_023375505.1	97.590	100.0	1.53e-98	166	ok
smbu06GL000098	GCF_023612035.1	96.988	100.0	3.69e-98	166	ok
smbu06GL000098	GCF_023612275.1	100.000	100.0	3.67e-101	166	ok
smbu06GL000098	GCF_024267595.1	97.590	100.0	1.53e-98	166	ok
smbu06GL000098	GCF_025957845.1	97.590	100.0	1.53e-98	166	ok
smbu06GL000098	GCF_025957925.1	97.590	100.0	1.53e-98	166	ok
smbu06GL000098	GCF_025958025.1	97.590	100.0	1.53e-98	166	ok
smbu06GL000098	GCF_025958065.1	97.590	100.0	1.53e-98	166	ok
smbu06GL000098	GCF_025958085.1	97.590	100.0	1.53e-98	166	ok
smbu06GL000098	GCF_025958625.1	97.590	100.0	1.53e-98	166	ok
smbu06GL000098	GCF_025958845.1	97.590	100.0	1.53e-98	166	ok
smbu06GL000098	GCF_025958885.1	97.590	100.0	1.53e-98	166	ok
smbu06GL000098	GCF_026650885.1	97.590	100.0	1.53e-98	166	ok
smbu06GL000098	GCF_027915235.1	100.000	100.0	3.67e-101	166	ok
smbu06GL000098	GCF_030490365.1	100.000	100.0	3.67e-101	166	ok
smbu06GL000098	GCF_030584585.1	100.000	100.0	3.67e-101	166	ok
smbu06GL000098	GCF_030584605.1	100.000	100.0	3.67e-101	166	ok
smbu06GL000098	GCF_030584685.1	100.000	100.0	3.67e-101	166	ok
smbu06GL000098	GCF_030643745.1	100.000	100.0	3.67e-101	166	ok
smbu06GL000098	GCF_033954875.1	100.000	100.0	3.67e-101	166	ok
smbu06GL000098	GCF_033954895.1	100.000	100.0	3.67e-101	166	ok
smbu06GL000098	GCF_033954915.1	100.000	100.0	3.67e-101	166	ok
smbu06GL000098	GCF_036669985.1	100.000	100.0	3.67e-101	166	ok
smbu06GL000098	GCF_040745045.1	100.000	100.0	3.67e-101	166	ok
smbu06GL000098	GCF_043950735.1	100.000	100.0	3.67e-101	166	ok
smbu06GL000098	GCF_049315065.1	100.000	100.0	3.67e-101	166	ok
smbu06GL000098	GCF_049315075.1	100.000	100.0	3.67e-101	166	ok
smbu06GL000098	GCF_049315085.1	100.000	100.0	3.67e-101	166	ok
smbu06GL000098	GCF_049315095.1	100.000	100.0	3.67e-101	166	ok
smbu06GL000098	GCF_049315105.1	100.000	100.0	3.67e-101	166	ok
smbu06GL000098	GCF_049315115.1	100.000	100.0	3.67e-101	166	ok
smbu06GL000098	GCF_049315125.1	100.000	100.0	3.67e-101	166	ok
smbu06GL000098	GCF_049315135.1	100.000	100.0	3.67e-101	166	ok
smbu06GL000098	GCF_049315145.1	100.000	100.0	3.67e-101	166	ok
smbu06GL000098	GCF_049315155.1	100.000	100.0	3.67e-101	166	ok
smbu06GL000098	GCF_049315165.1	100.000	100.0	3.67e-101	166	ok
smbu06GL000098	GCF_049315175.1	100.000	100.0	3.67e-101	166	ok
smbu06GL000098	GCF_052655065.1	100.000	100.0	3.67e-101	166	ok
smbu06GL000098	GCF_052655335.1	100.000	100.0	3.67e-101	166	ok
smbu06GL000098	GCF_052655665.1	100.000	100.0	3.67e-101	166	ok
smbu06GL000098	GCF_052656575.1	100.000	100.0	3.67e-101	166	ok
smbu06GL000098	GCF_052657825.1	100.000	100.0	3.67e-101	166	ok
smbu06GL000098	GCF_052658005.1	100.000	100.0	3.67e-101	166	ok
smbu06GL000098	GCF_053764515.1	99.398	100.0	2.31e-100	166	ok
smbu06GL000098	GCF_056487465.1	99.398	100.0	2.31e-100	166	ok
smbu06GL000098	GCF_056582645.1	100.000	100.0	3.67e-101	166	ok
smbu06GL000098	GCF_931972305.1	99.398	100.0	2.31e-100	166	ok
smbu06GL000098	GCF_988227945.1	100.000	100.0	3.67e-101	166	ok
smbu06GL000098	GCF_988227985.1	100.000	100.0	3.67e-101	166	ok
smbu06GL000098	GCF_988228025.1	100.000	100.0	3.67e-101	166	ok
smbu06GL000098	L_lactis_14B4	81.875	96.4	1.31e-68	10	rejected
smbu06GL000098	L_lactis_IL1403	81.875	96.4	1.31e-68	10	rejected
smbu06GL000098	L_lactis_MG1363	81.875	96.4	1.23e-68	10	rejected
smbu06GL000098	smbu06_project	100.000	100.0	3.67e-101	166	ok
smbu06GL000098	smbu08_project	100.000	100.0	3.67e-101	166	ok
smbu06GL000099	E_lactis_194	100.000	100.0	7.57e-32	59	ok
smbu06GL000099	GCA_000006865.1	63.793	98.3	2.58e-15	58	ok
smbu06GL000099	GCA_000157355.2	89.831	100.0	6.5e-30	59	ok
smbu06GL000099	GCA_000344575.1	63.793	98.3	2.58e-15	58	ok
smbu06GL000099	GCA_000761115.1	63.793	98.3	2.58e-15	58	ok
smbu06GL000099	GCA_000807375.1	63.793	98.3	2.58e-15	58	ok
smbu06GL000099	GCA_002216705.1	98.305	100.0	1.78e-31	59	ok
smbu06GL000099	GCA_002278015.2	96.610	100.0	2.55e-31	59	ok
smbu06GL000099	GCA_002290025.1	100.000	100.0	7.57e-32	59	ok
smbu06GL000099	GCA_002804185.1	63.793	98.3	2.58e-15	58	ok
smbu06GL000099	GCA_002804285.1	63.793	98.3	2.58e-15	58	ok
smbu06GL000099	GCA_002813755.1	98.305	100.0	1.78e-31	59	ok
smbu06GL000099	GCA_002895225.1	63.793	98.3	2.58e-15	58	ok
smbu06GL000099	GCA_003711125.1	88.136	100.0	5.46e-29	59	ok
smbu06GL000099	GCA_003722255.1	63.793	98.3	2.58e-15	58	ok
smbu06GL000099	GCA_005347505.1	88.136	100.0	5.46e-29	59	ok
smbu06GL000099	GCA_009730155.1	89.831	100.0	6.5e-30	59	ok
smbu06GL000099	GCA_013391145.1	96.610	100.0	2.55e-31	59	ok
smbu06GL000099	GCA_013391165.1	96.610	100.0	2.55e-31	59	ok
smbu06GL000099	GCA_013391185.1	96.610	100.0	2.55e-31	59	ok
smbu06GL000099	GCA_013391205.1	96.610	100.0	2.55e-31	59	ok
smbu06GL000099	GCA_013394325.1	86.441	100.0	2.94e-28	59	ok
smbu06GL000099	GCA_015767715.1	100.000	100.0	7.57e-32	59	ok
smbu06GL000099	GCA_016127235.1	96.610	100.0	2.55e-31	59	ok
smbu06GL000099	GCA_019203145.1	100.000	100.0	7.57e-32	59	ok
smbu06GL000099	GCA_019343125.1	100.000	100.0	7.57e-32	59	ok
smbu06GL000099	GCA_019797905.1	88.136	100.0	5.46e-29	59	ok
smbu06GL000099	GCA_019967715.1	100.000	100.0	7.57e-32	59	ok
smbu06GL000099	GCA_022870765.1	89.831	100.0	6.5e-30	59	ok
smbu06GL000099	GCA_023523715.1	89.831	100.0	6.5e-30	59	ok
smbu06GL000099	GCA_023612275.1	100.000	100.0	7.57e-32	59	ok
smbu06GL000099	GCA_025402795.1	88.136	100.0	5.46e-29	59	ok
smbu06GL000099	GCA_025402855.1	88.136	100.0	5.46e-29	59	ok
smbu06GL000099	GCA_029201225.1	89.831	100.0	6.5e-30	59	ok
smbu06GL000099	GCA_029215545.1	89.831	100.0	6.5e-30	59	ok
smbu06GL000099	GCA_030490365.1	100.000	100.0	7.57e-32	59	ok
smbu06GL000099	GCA_033954875.1	100.000	100.0	7.57e-32	59	ok
smbu06GL000099	GCA_033954895.1	100.000	100.0	7.57e-32	59	ok
smbu06GL000099	GCA_033954915.1	100.000	100.0	7.57e-32	59	ok
smbu06GL000099	GCA_036669985.1	100.000	100.0	7.57e-32	59	ok
smbu06GL000099	GCA_040745045.1	100.000	100.0	7.57e-32	59	ok
smbu06GL000099	GCA_041930275.1	89.831	100.0	6.5e-30	59	ok
smbu06GL000099	GCA_041952535.1	89.831	100.0	6.5e-30	59	ok
smbu06GL000099	GCA_043950735.1	96.610	100.0	2.55e-31	59	ok
smbu06GL000099	GCA_043950745.1	96.610	100.0	2.55e-31	59	ok
smbu06GL000099	GCA_045039055.1	89.831	100.0	6.5e-30	59	ok
smbu06GL000099	GCA_049315065.1	100.000	100.0	7.57e-32	59	ok
smbu06GL000099	GCA_049315075.1	96.610	100.0	5.39e-31	59	ok
smbu06GL000099	GCA_049315085.1	96.610	100.0	5.39e-31	59	ok
smbu06GL000099	GCA_049315095.1	96.610	100.0	5.39e-31	59	ok
smbu06GL000099	GCA_049315105.1	96.610	100.0	5.39e-31	59	ok
smbu06GL000099	GCA_049315115.1	100.000	100.0	7.57e-32	59	ok
smbu06GL000099	GCA_049315125.1	100.000	100.0	7.57e-32	59	ok
smbu06GL000099	GCA_049315135.1	96.610	100.0	5.39e-31	59	ok
smbu06GL000099	GCA_049315145.1	100.000	100.0	7.57e-32	59	ok
smbu06GL000099	GCA_049315155.1	96.610	100.0	5.39e-31	59	ok
smbu06GL000099	GCA_049315165.1	100.000	100.0	7.57e-32	59	ok
smbu06GL000099	GCA_049315175.1	100.000	100.0	7.57e-32	59	ok
smbu06GL000099	GCA_052655065.1	100.000	100.0	7.57e-32	59	ok
smbu06GL000099	GCA_052655335.1	100.000	100.0	7.57e-32	59	ok
smbu06GL000099	GCA_052655665.1	100.000	100.0	7.57e-32	59	ok
smbu06GL000099	GCA_052656575.1	100.000	100.0	7.57e-32	59	ok
smbu06GL000099	GCA_052657825.1	100.000	100.0	7.57e-32	59	ok
smbu06GL000099	GCA_052658005.1	100.000	100.0	7.57e-32	59	ok
smbu06GL000099	GCA_053764515.1	98.305	100.0	1.78e-31	59	ok
smbu06GL000099	GCA_055397705.1	100.000	100.0	7.57e-32	59	ok
smbu06GL000099	GCA_055397995.1	96.610	100.0	2.55e-31	59	ok
smbu06GL000099	GCA_056487485.1	98.305	100.0	1.78e-31	59	ok
smbu06GL000099	GCA_056582645.1	100.000	100.0	7.57e-32	59	ok
smbu06GL000099	GCA_058072705.1	100.000	100.0	7.57e-32	59	ok
smbu06GL000099	GCA_060306215.1	100.000	100.0	7.57e-32	59	ok
smbu06GL000099	GCA_060307205.1	96.610	100.0	2.55e-31	59	ok
smbu06GL000099	GCA_060307225.1	100.000	100.0	7.57e-32	59	ok
smbu06GL000099	GCA_061568495.1	100.000	100.0	7.57e-32	59	ok
smbu06GL000099	GCA_900636615.1	96.610	100.0	2.55e-31	59	ok
smbu06GL000099	GCA_905186115.1	96.610	100.0	2.55e-31	59	ok
smbu06GL000099	GCA_931972305.1	98.305	100.0	1.78e-31	59	ok
smbu06GL000099	GCA_963280925.1	96.610	100.0	2.55e-31	59	ok
smbu06GL000099	GCA_988227945.1	100.000	100.0	7.57e-32	59	ok
smbu06GL000099	GCA_988227985.1	100.000	100.0	7.57e-32	59	ok
smbu06GL000099	GCA_988228025.1	100.000	100.0	7.57e-32	59	ok
smbu06GL000099	GCA_988235375.1	100.000	100.0	7.57e-32	59	ok
smbu06GL000099	GCA_988236725.1	100.000	100.0	7.57e-32	59	ok
smbu06GL000099	GCA_988237225.1	100.000	100.0	7.57e-32	59	ok
smbu06GL000099	GCF_001298485.1	98.305	100.0	1.12e-31	59	ok
smbu06GL000099	GCF_001412695.1	98.305	100.0	1.12e-31	59	ok
smbu06GL000099	GCF_001598635.1	83.051	100.0	1.41e-27	59	ok
smbu06GL000099	GCF_001689055.2	83.051	100.0	1.41e-27	59	ok
smbu06GL000099	GCF_002208945.1	83.051	100.0	1.41e-27	59	ok
smbu06GL000099	GCF_002216705.1	98.305	100.0	1.78e-31	59	ok
smbu06GL000099	GCF_002278015.2	96.610	100.0	2.55e-31	59	ok
smbu06GL000099	GCF_002289045.2	83.051	100.0	1.41e-27	59	ok
smbu06GL000099	GCF_002290025.1	100.000	100.0	7.57e-32	59	ok
smbu06GL000099	GCF_002355755.1	83.051	100.0	1.41e-27	59	ok
smbu06GL000099	GCF_002761555.1	98.305	100.0	1.12e-31	59	ok
smbu06GL000099	GCF_002831505.1	98.305	100.0	1.12e-31	59	ok
smbu06GL000099	GCF_002850515.1	98.305	100.0	1.12e-31	59	ok
smbu06GL000099	GCF_002983785.1	98.305	100.0	1.12e-31	59	ok
smbu06GL000099	GCF_003269465.1	100.000	100.0	7.57e-32	59	ok
smbu06GL000099	GCF_003667965.1	100.000	100.0	7.57e-32	59	ok
smbu06GL000099	GCF_003711125.1	88.136	100.0	5.46e-29	59	ok
smbu06GL000099	GCF_003711605.1	100.000	100.0	7.57e-32	59	ok
smbu06GL000099	GCF_003812665.1	83.051	100.0	1.41e-27	59	ok
smbu06GL000099	GCF_004332055.1	98.305	100.0	1.12e-31	59	ok
smbu06GL000099	GCF_005484525.1	83.051	100.0	1.41e-27	59	ok
smbu06GL000099	GCF_006337145.1	100.000	100.0	7.57e-32	59	ok
smbu06GL000099	GCF_006351785.1	98.305	100.0	1.12e-31	59	ok
smbu06GL000099	GCF_006351845.1	98.305	100.0	1.12e-31	59	ok
smbu06GL000099	GCF_006364815.1	83.051	100.0	1.41e-27	59	ok
smbu06GL000099	GCF_006494835.1	83.051	100.0	1.41e-27	59	ok
smbu06GL000099	GCF_006494855.1	83.051	100.0	1.41e-27	59	ok
smbu06GL000099	GCF_006494875.1	83.051	100.0	1.41e-27	59	ok
smbu06GL000099	GCF_006766145.1	83.051	100.0	1.41e-27	59	ok
smbu06GL000099	GCF_007923665.2	98.305	100.0	1.12e-31	59	ok
smbu06GL000099	GCF_007923785.2	98.305	100.0	1.12e-31	59	ok
smbu06GL000099	GCF_007923865.2	98.305	100.0	1.12e-31	59	ok
smbu06GL000099	GCF_007923885.2	98.305	100.0	1.12e-31	59	ok
smbu06GL000099	GCF_007923905.2	98.305	100.0	1.12e-31	59	ok
smbu06GL000099	GCF_007923925.2	98.305	100.0	1.12e-31	59	ok
smbu06GL000099	GCF_007923945.2	98.305	100.0	1.12e-31	59	ok
smbu06GL000099	GCF_007923965.2	98.305	100.0	1.12e-31	59	ok
smbu06GL000099	GCF_008330605.1	100.000	100.0	7.57e-32	59	ok
smbu06GL000099	GCF_009730155.1	89.831	100.0	6.5e-30	59	ok
smbu06GL000099	GCF_009734005.1	98.305	100.0	1.12e-31	59	ok
smbu06GL000099	GCF_009938075.1	98.305	100.0	1.12e-31	59	ok
smbu06GL000099	GCF_010103655.1	83.051	100.0	1.41e-27	59	ok
smbu06GL000099	GCF_010120755.1	98.305	100.0	1.12e-31	59	ok
smbu06GL000099	GCF_011745645.1	100.000	100.0	7.57e-32	59	ok
smbu06GL000099	GCF_012045365.1	100.000	100.0	7.57e-32	59	ok
smbu06GL000099	GCF_012045505.1	100.000	100.0	7.57e-32	59	ok
smbu06GL000099	GCF_012594215.1	83.051	100.0	1.41e-27	59	ok
smbu06GL000099	GCF_013201055.1	100.000	100.0	7.57e-32	59	ok
smbu06GL000099	GCF_013344625.1	83.051	100.0	1.41e-27	59	ok
smbu06GL000099	GCF_013344645.1	83.051	100.0	1.41e-27	59	ok
smbu06GL000099	GCF_013344665.1	83.051	100.0	1.41e-27	59	ok
smbu06GL000099	GCF_013391145.1	96.610	100.0	2.55e-31	59	ok
smbu06GL000099	GCF_013391165.1	96.610	100.0	2.55e-31	59	ok
smbu06GL000099	GCF_013391185.1	96.610	100.0	2.55e-31	59	ok
smbu06GL000099	GCF_013391205.1	96.610	100.0	2.55e-31	59	ok
smbu06GL000099	GCF_013394325.1	86.441	100.0	2.94e-28	59	ok
smbu06GL000099	GCF_015377765.1	100.000	100.0	7.57e-32	59	ok
smbu06GL000099	GCF_015767695.1	98.305	100.0	1.12e-31	59	ok
smbu06GL000099	GCF_015767715.1	100.000	100.0	7.57e-32	59	ok
smbu06GL000099	GCF_016127235.1	96.610	100.0	2.55e-31	59	ok
smbu06GL000099	GCF_017280035.1	83.051	100.0	1.41e-27	59	ok
smbu06GL000099	GCF_017357805.1	83.051	100.0	1.41e-27	59	ok
smbu06GL000099	GCF_018516845.1	98.305	100.0	1.12e-31	59	ok
smbu06GL000099	GCF_019203145.1	100.000	100.0	7.57e-32	59	ok
smbu06GL000099	GCF_019343125.1	100.000	100.0	7.57e-32	59	ok
smbu06GL000099	GCF_019456555.1	98.305	100.0	1.12e-31	59	ok
smbu06GL000099	GCF_019456575.1	98.305	100.0	1.12e-31	59	ok
smbu06GL000099	GCF_019456595.1	98.305	100.0	1.12e-31	59	ok
smbu06GL000099	GCF_019797905.1	88.136	100.0	5.46e-29	59	ok
smbu06GL000099	GCF_019967715.1	100.000	100.0	7.57e-32	59	ok
smbu06GL000099	GCF_020881975.1	83.051	100.0	1.41e-27	59	ok
smbu06GL000099	GCF_020906605.1	83.051	100.0	1.41e-27	59	ok
smbu06GL000099	GCF_022869705.1	83.051	100.0	1.41e-27	59	ok
smbu06GL000099	GCF_023299785.1	83.051	100.0	1.41e-27	59	ok
smbu06GL000099	GCF_023375505.1	83.051	100.0	1.41e-27	59	ok
smbu06GL000099	GCF_023612035.1	83.051	100.0	1.41e-27	59	ok
smbu06GL000099	GCF_023612275.1	100.000	100.0	7.57e-32	59	ok
smbu06GL000099	GCF_024267595.1	83.051	100.0	1.41e-27	59	ok
smbu06GL000099	GCF_025957845.1	83.051	100.0	1.41e-27	59	ok
smbu06GL000099	GCF_025957925.1	83.051	100.0	1.41e-27	59	ok
smbu06GL000099	GCF_025958025.1	83.051	100.0	1.41e-27	59	ok
smbu06GL000099	GCF_025958065.1	83.051	100.0	1.41e-27	59	ok
smbu06GL000099	GCF_025958085.1	83.051	100.0	1.41e-27	59	ok
smbu06GL000099	GCF_025958625.1	83.051	100.0	1.41e-27	59	ok
smbu06GL000099	GCF_025958845.1	83.051	100.0	1.41e-27	59	ok
smbu06GL000099	GCF_025958885.1	83.051	100.0	1.41e-27	59	ok
smbu06GL000099	GCF_026650885.1	83.051	100.0	1.41e-27	59	ok
smbu06GL000099	GCF_027915235.1	100.000	100.0	7.57e-32	59	ok
smbu06GL000099	GCF_030490365.1	100.000	100.0	7.57e-32	59	ok
smbu06GL000099	GCF_030584585.1	98.305	100.0	1.12e-31	59	ok
smbu06GL000099	GCF_030584605.1	98.305	100.0	1.12e-31	59	ok
smbu06GL000099	GCF_030584685.1	98.305	100.0	1.12e-31	59	ok
smbu06GL000099	GCF_030643745.1	100.000	100.0	7.57e-32	59	ok
smbu06GL000099	GCF_033954875.1	100.000	100.0	7.57e-32	59	ok
smbu06GL000099	GCF_033954895.1	100.000	100.0	7.57e-32	59	ok
smbu06GL000099	GCF_033954915.1	100.000	100.0	7.57e-32	59	ok
smbu06GL000099	GCF_036669985.1	100.000	100.0	7.57e-32	59	ok
smbu06GL000099	GCF_040745045.1	100.000	100.0	7.57e-32	59	ok
smbu06GL000099	GCF_043950735.1	96.610	100.0	2.55e-31	59	ok
smbu06GL000099	GCF_049315065.1	100.000	100.0	7.57e-32	59	ok
smbu06GL000099	GCF_049315075.1	96.610	100.0	5.39e-31	59	ok
smbu06GL000099	GCF_049315085.1	96.610	100.0	5.39e-31	59	ok
smbu06GL000099	GCF_049315095.1	96.610	100.0	5.39e-31	59	ok
smbu06GL000099	GCF_049315105.1	96.610	100.0	5.39e-31	59	ok
smbu06GL000099	GCF_049315115.1	100.000	100.0	7.57e-32	59	ok
smbu06GL000099	GCF_049315125.1	100.000	100.0	7.57e-32	59	ok
smbu06GL000099	GCF_049315135.1	96.610	100.0	5.39e-31	59	ok
smbu06GL000099	GCF_049315145.1	100.000	100.0	7.57e-32	59	ok
smbu06GL000099	GCF_049315155.1	96.610	100.0	5.39e-31	59	ok
smbu06GL000099	GCF_049315165.1	100.000	100.0	7.57e-32	59	ok
smbu06GL000099	GCF_049315175.1	100.000	100.0	7.57e-32	59	ok
smbu06GL000099	GCF_052655065.1	100.000	100.0	7.57e-32	59	ok
smbu06GL000099	GCF_052655335.1	100.000	100.0	7.57e-32	59	ok
smbu06GL000099	GCF_052655665.1	100.000	100.0	7.57e-32	59	ok
smbu06GL000099	GCF_052656575.1	100.000	100.0	7.57e-32	59	ok
smbu06GL000099	GCF_052657825.1	100.000	100.0	7.57e-32	59	ok
smbu06GL000099	GCF_052658005.1	100.000	100.0	7.57e-32	59	ok
smbu06GL000099	GCF_053764515.1	98.305	100.0	1.78e-31	59	ok
smbu06GL000099	GCF_056487465.1	98.305	100.0	1.78e-31	59	ok
smbu06GL000099	GCF_056582645.1	100.000	100.0	7.57e-32	59	ok
smbu06GL000099	GCF_931972305.1	98.305	100.0	1.78e-31	59	ok
smbu06GL000099	GCF_988227945.1	100.000	100.0	7.57e-32	59	ok
smbu06GL000099	GCF_988227985.1	100.000	100.0	7.57e-32	59	ok
smbu06GL000099	GCF_988228025.1	100.000	100.0	7.57e-32	59	ok
smbu06GL000099	L_lactis_14B4	63.793	98.3	2.58e-15	58	ok
smbu06GL000099	L_lactis_IL1403	63.793	98.3	2.58e-15	58	ok
smbu06GL000099	L_lactis_MG1363	63.793	98.3	2.58e-15	58	ok
smbu06GL000099	smbu06_project	100.000	100.0	7.57e-32	59	ok
smbu06GL000099	smbu08_project	100.000	100.0	7.57e-32	59	ok
smbu06GL000100	E_lactis_194	100.000	100.0	4.77e-89	146	ok
smbu06GL000100	GCA_000006865.1	74.483	98.6	1.09e-54	145	ok
smbu06GL000100	GCA_000157355.2	95.205	100.0	1.78e-84	146	ok
smbu06GL000100	GCA_000344575.1	75.172	98.6	3.21e-55	145	ok
smbu06GL000100	GCA_000761115.1	75.172	98.6	5.02e-55	145	ok
smbu06GL000100	GCA_000807375.1	75.172	98.6	5.02e-55	145	ok
smbu06GL000100	GCA_002216705.1	98.630	100.0	1.44e-88	146	ok
smbu06GL000100	GCA_002278015.2	97.260	100.0	1.23e-86	146	ok
smbu06GL000100	GCA_002290025.1	97.260	100.0	4.66e-87	146	ok
smbu06GL000100	GCA_002804185.1	75.172	98.6	3.21e-55	145	ok
smbu06GL000100	GCA_002804285.1	75.172	98.6	3.21e-55	145	ok
smbu06GL000100	GCA_002813755.1	98.630	100.0	1.44e-88	146	ok
smbu06GL000100	GCA_002895225.1	74.483	98.6	2.84e-54	145	ok
smbu06GL000100	GCA_003711125.1	93.151	100.0	1.98e-83	146	ok
smbu06GL000100	GCA_003722255.1	74.483	98.6	1.09e-54	145	ok
smbu06GL000100	GCA_005347505.1	93.151	100.0	1.98e-83	146	ok
smbu06GL000100	GCA_009730155.1	95.205	100.0	1.78e-84	146	ok
smbu06GL000100	GCA_013391145.1	97.260	100.0	1.23e-86	146	ok
smbu06GL000100	GCA_013391165.1	97.260	100.0	1.23e-86	146	ok
smbu06GL000100	GCA_013391185.1	97.260	100.0	1.23e-86	146	ok
smbu06GL000100	GCA_013391205.1	97.260	100.0	1.23e-86	146	ok
smbu06GL000100	GCA_013394325.1	93.151	100.0	1.98e-83	146	ok
smbu06GL000100	GCA_015767715.1	100.000	100.0	4.77e-89	146	ok
smbu06GL000100	GCA_016127235.1	97.260	100.0	1.23e-86	146	ok
smbu06GL000100	GCA_019203145.1	100.000	100.0	4.77e-89	146	ok
smbu06GL000100	GCA_019343125.1	100.000	100.0	4.77e-89	146	ok
smbu06GL000100	GCA_019797905.1	94.521	100.0	2.47e-84	146	ok
smbu06GL000100	GCA_019967715.1	100.000	100.0	4.77e-89	146	ok
smbu06GL000100	GCA_022870765.1	95.205	100.0	1.78e-84	146	ok
smbu06GL000100	GCA_023523715.1	95.205	100.0	1.78e-84	146	ok
smbu06GL000100	GCA_023612275.1	100.000	100.0	4.77e-89	146	ok
smbu06GL000100	GCA_025402795.1	93.836	100.0	3.68e-84	146	ok
smbu06GL000100	GCA_025402855.1	94.521	100.0	2.47e-84	146	ok
smbu06GL000100	GCA_029201225.1	95.205	100.0	1.78e-84	146	ok
smbu06GL000100	GCA_029215545.1	95.205	100.0	1.78e-84	146	ok
smbu06GL000100	GCA_030490365.1	100.000	100.0	4.77e-89	146	ok
smbu06GL000100	GCA_033954875.1	100.000	100.0	4.77e-89	146	ok
smbu06GL000100	GCA_033954895.1	100.000	100.0	4.77e-89	146	ok
smbu06GL000100	GCA_033954915.1	100.000	100.0	4.77e-89	146	ok
smbu06GL000100	GCA_036669985.1	100.000	100.0	4.77e-89	146	ok
smbu06GL000100	GCA_040745045.1	100.000	100.0	4.77e-89	146	ok
smbu06GL000100	GCA_041930275.1	95.205	100.0	1.78e-84	146	ok
smbu06GL000100	GCA_041952535.1	95.205	100.0	1.78e-84	146	ok
smbu06GL000100	GCA_043950735.1	97.260	100.0	1.23e-86	146	ok
smbu06GL000100	GCA_043950745.1	97.260	100.0	1.23e-86	146	ok
smbu06GL000100	GCA_045039055.1	95.205	100.0	1.78e-84	146	ok
smbu06GL000100	GCA_049315065.1	100.000	100.0	4.77e-89	146	ok
smbu06GL000100	GCA_049315075.1	97.260	100.0	1.07e-86	146	ok
smbu06GL000100	GCA_049315085.1	97.260	100.0	1.07e-86	146	ok
smbu06GL000100	GCA_049315095.1	97.260	100.0	1.07e-86	146	ok
smbu06GL000100	GCA_049315105.1	97.260	100.0	1.07e-86	146	ok
smbu06GL000100	GCA_049315115.1	100.000	100.0	4.77e-89	146	ok
smbu06GL000100	GCA_049315125.1	100.000	100.0	4.77e-89	146	ok
smbu06GL000100	GCA_049315135.1	97.260	100.0	1.07e-86	146	ok
smbu06GL000100	GCA_049315145.1	100.000	100.0	4.77e-89	146	ok
smbu06GL000100	GCA_049315155.1	97.260	100.0	1.07e-86	146	ok
smbu06GL000100	GCA_049315165.1	100.000	100.0	4.77e-89	146	ok
smbu06GL000100	GCA_049315175.1	100.000	100.0	4.77e-89	146	ok
smbu06GL000100	GCA_052655065.1	100.000	100.0	4.77e-89	146	ok
smbu06GL000100	GCA_052655335.1	100.000	100.0	4.77e-89	146	ok
smbu06GL000100	GCA_052655665.1	100.000	100.0	4.77e-89	146	ok
smbu06GL000100	GCA_052656575.1	100.000	100.0	4.77e-89	146	ok
smbu06GL000100	GCA_052657825.1	100.000	100.0	4.77e-89	146	ok
smbu06GL000100	GCA_052658005.1	100.000	100.0	4.77e-89	146	ok
smbu06GL000100	GCA_053764515.1	98.630	100.0	1.44e-88	146	ok
smbu06GL000100	GCA_055397705.1	100.000	100.0	4.77e-89	146	ok
smbu06GL000100	GCA_055397995.1	97.260	100.0	1.23e-86	146	ok
smbu06GL000100	GCA_056487485.1	97.945	100.0	9.7e-88	146	ok
smbu06GL000100	GCA_056582645.1	100.000	100.0	4.77e-89	146	ok
smbu06GL000100	GCA_058072705.1	100.000	100.0	4.77e-89	146	ok
smbu06GL000100	GCA_060306215.1	100.000	100.0	4.77e-89	146	ok
smbu06GL000100	GCA_060307205.1	97.260	100.0	1.23e-86	146	ok
smbu06GL000100	GCA_060307225.1	100.000	100.0	4.77e-89	146	ok
smbu06GL000100	GCA_061568495.1	100.000	100.0	4.77e-89	146	ok
smbu06GL000100	GCA_900636615.1	97.260	100.0	1.23e-86	146	ok
smbu06GL000100	GCA_905186115.1	96.599	100.0	5.05e-85	147	ok
smbu06GL000100	GCA_931972305.1	98.630	100.0	1.44e-88	146	ok
smbu06GL000100	GCA_963280925.1	97.260	100.0	1.23e-86	146	ok
smbu06GL000100	GCA_988227945.1	100.000	100.0	4.77e-89	146	ok
smbu06GL000100	GCA_988227985.1	100.000	100.0	4.77e-89	146	ok
smbu06GL000100	GCA_988228025.1	100.000	100.0	4.77e-89	146	ok
smbu06GL000100	GCA_988235375.1	97.260	100.0	4.66e-87	146	ok
smbu06GL000100	GCA_988236725.1	97.260	100.0	4.66e-87	146	ok
smbu06GL000100	GCA_988237225.1	100.000	100.0	4.77e-89	146	ok
smbu06GL000100	GCF_001298485.1	100.000	100.0	4.77e-89	146	ok
smbu06GL000100	GCF_001412695.1	100.000	100.0	4.77e-89	146	ok
smbu06GL000100	GCF_001598635.1	93.836	100.0	1.1e-84	146	ok
smbu06GL000100	GCF_001689055.2	93.836	100.0	1.1e-84	146	ok
smbu06GL000100	GCF_002208945.1	93.836	100.0	1.1e-84	146	ok
smbu06GL000100	GCF_002216705.1	98.630	100.0	1.44e-88	146	ok
smbu06GL000100	GCF_002278015.2	97.260	100.0	1.23e-86	146	ok
smbu06GL000100	GCF_002289045.2	93.836	100.0	1.1e-84	146	ok
smbu06GL000100	GCF_002290025.1	97.260	100.0	4.66e-87	146	ok
smbu06GL000100	GCF_002355755.1	93.836	100.0	1.1e-84	146	ok
smbu06GL000100	GCF_002761555.1	100.000	100.0	4.77e-89	146	ok
smbu06GL000100	GCF_002831505.1	100.000	100.0	4.77e-89	146	ok
smbu06GL000100	GCF_002850515.1	100.000	100.0	4.77e-89	146	ok
smbu06GL000100	GCF_002983785.1	100.000	100.0	4.77e-89	146	ok
smbu06GL000100	GCF_003269465.1	100.000	100.0	4.77e-89	146	ok
smbu06GL000100	GCF_003667965.1	100.000	100.0	4.77e-89	146	ok
smbu06GL000100	GCF_003711125.1	93.151	100.0	1.98e-83	146	ok
smbu06GL000100	GCF_003711605.1	100.000	100.0	4.77e-89	146	ok
smbu06GL000100	GCF_003812665.1	93.836	100.0	1.1e-84	146	ok
smbu06GL000100	GCF_004332055.1	100.000	100.0	4.77e-89	146	ok
smbu06GL000100	GCF_005484525.1	93.836	100.0	1.1e-84	146	ok
smbu06GL000100	GCF_006337145.1	100.000	100.0	4.77e-89	146	ok
smbu06GL000100	GCF_006351785.1	100.000	100.0	4.77e-89	146	ok
smbu06GL000100	GCF_006351845.1	100.000	100.0	4.77e-89	146	ok
smbu06GL000100	GCF_006364815.1	93.836	100.0	1.1e-84	146	ok
smbu06GL000100	GCF_006494835.1	93.836	100.0	1.1e-84	146	ok
smbu06GL000100	GCF_006494855.1	93.836	100.0	1.1e-84	146	ok
smbu06GL000100	GCF_006494875.1	93.836	100.0	1.1e-84	146	ok
smbu06GL000100	GCF_006766145.1	93.836	100.0	1.1e-84	146	ok
smbu06GL000100	GCF_007923665.2	100.000	100.0	4.77e-89	146	ok
smbu06GL000100	GCF_007923785.2	100.000	100.0	4.77e-89	146	ok
smbu06GL000100	GCF_007923865.2	100.000	100.0	4.77e-89	146	ok
smbu06GL000100	GCF_007923885.2	100.000	100.0	4.77e-89	146	ok
smbu06GL000100	GCF_007923905.2	100.000	100.0	4.77e-89	146	ok
smbu06GL000100	GCF_007923925.2	100.000	100.0	4.77e-89	146	ok
smbu06GL000100	GCF_007923945.2	100.000	100.0	4.77e-89	146	ok
smbu06GL000100	GCF_007923965.2	100.000	100.0	4.77e-89	146	ok
smbu06GL000100	GCF_008330605.1	100.000	100.0	4.77e-89	146	ok
smbu06GL000100	GCF_009730155.1	95.205	100.0	1.78e-84	146	ok
smbu06GL000100	GCF_009734005.1	100.000	100.0	4.77e-89	146	ok
smbu06GL000100	GCF_009938075.1	100.000	100.0	4.77e-89	146	ok
smbu06GL000100	GCF_010103655.1	93.836	100.0	1.1e-84	146	ok
smbu06GL000100	GCF_010120755.1	100.000	100.0	4.77e-89	146	ok
smbu06GL000100	GCF_011745645.1	100.000	100.0	4.77e-89	146	ok
smbu06GL000100	GCF_012045365.1	100.000	100.0	4.77e-89	146	ok
smbu06GL000100	GCF_012045505.1	100.000	100.0	4.77e-89	146	ok
smbu06GL000100	GCF_012594215.1	93.836	100.0	1.1e-84	146	ok
smbu06GL000100	GCF_013201055.1	100.000	100.0	4.77e-89	146	ok
smbu06GL000100	GCF_013344625.1	93.836	100.0	1.1e-84	146	ok
smbu06GL000100	GCF_013344645.1	93.836	100.0	1.1e-84	146	ok
smbu06GL000100	GCF_013344665.1	93.836	100.0	1.1e-84	146	ok
smbu06GL000100	GCF_013391145.1	97.260	100.0	1.23e-86	146	ok
smbu06GL000100	GCF_013391165.1	97.260	100.0	1.23e-86	146	ok
smbu06GL000100	GCF_013391185.1	97.260	100.0	1.23e-86	146	ok
smbu06GL000100	GCF_013391205.1	97.260	100.0	1.23e-86	146	ok
smbu06GL000100	GCF_013394325.1	93.151	100.0	1.98e-83	146	ok
smbu06GL000100	GCF_015377765.1	100.000	100.0	4.77e-89	146	ok
smbu06GL000100	GCF_015767695.1	100.000	100.0	4.77e-89	146	ok
smbu06GL000100	GCF_015767715.1	100.000	100.0	4.77e-89	146	ok
smbu06GL000100	GCF_016127235.1	97.260	100.0	1.23e-86	146	ok
smbu06GL000100	GCF_017280035.1	93.836	100.0	1.1e-84	146	ok
smbu06GL000100	GCF_017357805.1	93.836	100.0	1.1e-84	146	ok
smbu06GL000100	GCF_018516845.1	100.000	100.0	4.77e-89	146	ok
smbu06GL000100	GCF_019203145.1	100.000	100.0	4.77e-89	146	ok
smbu06GL000100	GCF_019343125.1	100.000	100.0	4.77e-89	146	ok
smbu06GL000100	GCF_019456555.1	100.000	100.0	4.77e-89	146	ok
smbu06GL000100	GCF_019456575.1	100.000	100.0	4.77e-89	146	ok
smbu06GL000100	GCF_019456595.1	100.000	100.0	4.77e-89	146	ok
smbu06GL000100	GCF_019797905.1	94.521	100.0	2.47e-84	146	ok
smbu06GL000100	GCF_019967715.1	100.000	100.0	4.77e-89	146	ok
smbu06GL000100	GCF_020881975.1	93.836	100.0	1.1e-84	146	ok
smbu06GL000100	GCF_020906605.1	93.836	100.0	1.1e-84	146	ok
smbu06GL000100	GCF_022869705.1	93.836	100.0	1.1e-84	146	ok
smbu06GL000100	GCF_023299785.1	93.836	100.0	1.1e-84	146	ok
smbu06GL000100	GCF_023375505.1	93.836	100.0	1.1e-84	146	ok
smbu06GL000100	GCF_023612035.1	93.836	100.0	1.1e-84	146	ok
smbu06GL000100	GCF_023612275.1	100.000	100.0	4.77e-89	146	ok
smbu06GL000100	GCF_024267595.1	93.836	100.0	1.1e-84	146	ok
smbu06GL000100	GCF_025957845.1	93.836	100.0	1.1e-84	146	ok
smbu06GL000100	GCF_025957925.1	93.836	100.0	1.1e-84	146	ok
smbu06GL000100	GCF_025958025.1	93.836	100.0	1.1e-84	146	ok
smbu06GL000100	GCF_025958065.1	93.836	100.0	1.1e-84	146	ok
smbu06GL000100	GCF_025958085.1	93.836	100.0	1.1e-84	146	ok
smbu06GL000100	GCF_025958625.1	93.836	100.0	1.1e-84	146	ok
smbu06GL000100	GCF_025958845.1	93.836	100.0	1.1e-84	146	ok
smbu06GL000100	GCF_025958885.1	93.836	100.0	1.1e-84	146	ok
smbu06GL000100	GCF_026650885.1	93.836	100.0	1.1e-84	146	ok
smbu06GL000100	GCF_027915235.1	100.000	100.0	4.77e-89	146	ok
smbu06GL000100	GCF_030490365.1	100.000	100.0	4.77e-89	146	ok
smbu06GL000100	GCF_030584585.1	100.000	100.0	4.77e-89	146	ok
smbu06GL000100	GCF_030584605.1	100.000	100.0	4.77e-89	146	ok
smbu06GL000100	GCF_030584685.1	100.000	100.0	4.77e-89	146	ok
smbu06GL000100	GCF_030643745.1	100.000	100.0	4.77e-89	146	ok
smbu06GL000100	GCF_033954875.1	100.000	100.0	4.77e-89	146	ok
smbu06GL000100	GCF_033954895.1	100.000	100.0	4.77e-89	146	ok
smbu06GL000100	GCF_033954915.1	100.000	100.0	4.77e-89	146	ok
smbu06GL000100	GCF_036669985.1	100.000	100.0	4.77e-89	146	ok
smbu06GL000100	GCF_040745045.1	100.000	100.0	4.77e-89	146	ok
smbu06GL000100	GCF_043950735.1	97.260	100.0	1.23e-86	146	ok
smbu06GL000100	GCF_049315065.1	100.000	100.0	4.77e-89	146	ok
smbu06GL000100	GCF_049315075.1	97.260	100.0	1.07e-86	146	ok
smbu06GL000100	GCF_049315085.1	97.260	100.0	1.07e-86	146	ok
smbu06GL000100	GCF_049315095.1	97.260	100.0	1.07e-86	146	ok
smbu06GL000100	GCF_049315105.1	97.260	100.0	1.07e-86	146	ok
smbu06GL000100	GCF_049315115.1	100.000	100.0	4.77e-89	146	ok
smbu06GL000100	GCF_049315125.1	100.000	100.0	4.77e-89	146	ok
smbu06GL000100	GCF_049315135.1	97.260	100.0	1.07e-86	146	ok
smbu06GL000100	GCF_049315145.1	100.000	100.0	4.77e-89	146	ok
smbu06GL000100	GCF_049315155.1	97.260	100.0	1.07e-86	146	ok
smbu06GL000100	GCF_049315165.1	100.000	100.0	4.77e-89	146	ok
smbu06GL000100	GCF_049315175.1	100.000	100.0	4.77e-89	146	ok
smbu06GL000100	GCF_052655065.1	100.000	100.0	4.77e-89	146	ok
smbu06GL000100	GCF_052655335.1	100.000	100.0	4.77e-89	146	ok
smbu06GL000100	GCF_052655665.1	100.000	100.0	4.77e-89	146	ok
smbu06GL000100	GCF_052656575.1	100.000	100.0	4.77e-89	146	ok
smbu06GL000100	GCF_052657825.1	100.000	100.0	4.77e-89	146	ok
smbu06GL000100	GCF_052658005.1	100.000	100.0	4.77e-89	146	ok
smbu06GL000100	GCF_053764515.1	98.630	100.0	1.44e-88	146	ok
smbu06GL000100	GCF_056487465.1	98.630	100.0	1.44e-88	146	ok
smbu06GL000100	GCF_056582645.1	100.000	100.0	4.77e-89	146	ok
smbu06GL000100	GCF_931972305.1	98.630	100.0	1.44e-88	146	ok
smbu06GL000100	GCF_988227945.1	100.000	100.0	4.77e-89	146	ok
smbu06GL000100	GCF_988227985.1	100.000	100.0	4.77e-89	146	ok
smbu06GL000100	GCF_988228025.1	100.000	100.0	4.77e-89	146	ok
smbu06GL000100	L_lactis_14B4	75.172	98.6	3.21e-55	145	ok
smbu06GL000100	L_lactis_IL1403	74.483	98.6	1.09e-54	145	ok
smbu06GL000100	L_lactis_MG1363	75.172	98.6	1.59e-54	145	ok
smbu06GL000100	smbu06_project	100.000	100.0	4.77e-89	146	ok
smbu06GL000100	smbu08_project	100.000	100.0	4.77e-89	146	ok
smbu06GL000104	E_lactis_194	100.000	100.0	1.46e-72	121	ok
smbu06GL000104	GCA_000006865.1	76.033	100.0	5.7e-58	121	ok
smbu06GL000104	GCA_000157355.2	94.215	100.0	1.13e-69	121	ok
smbu06GL000104	GCA_000344575.1	76.033	100.0	5.7e-58	121	ok
smbu06GL000104	GCA_000761115.1	76.033	100.0	5.7e-58	121	ok
smbu06GL000104	GCA_000807375.1	76.033	100.0	5.7e-58	121	ok
smbu06GL000104	GCA_002216705.1	98.347	100.0	1.27e-71	121	ok
smbu06GL000104	GCA_002278015.2	100.000	100.0	1.46e-72	121	ok
smbu06GL000104	GCA_002290025.1	97.521	100.0	2.54e-71	121	ok
smbu06GL000104	GCA_002804185.1	76.033	100.0	5.7e-58	121	ok
smbu06GL000104	GCA_002804285.1	76.033	100.0	5.7e-58	121	ok
smbu06GL000104	GCA_002813755.1	98.347	100.0	1.27e-71	121	ok
smbu06GL000104	GCA_002895225.1	76.033	100.0	5.7e-58	121	ok
smbu06GL000104	GCA_003711125.1	95.041	100.0	6.86e-70	121	ok
smbu06GL000104	GCA_003722255.1	76.033	100.0	5.7e-58	121	ok
smbu06GL000104	GCA_005347505.1	95.041	100.0	6.86e-70	121	ok
smbu06GL000104	GCA_009730155.1	93.388	100.0	5.15e-69	121	ok
smbu06GL000104	GCA_013391145.1	100.000	100.0	1.46e-72	121	ok
smbu06GL000104	GCA_013391165.1	100.000	100.0	1.46e-72	121	ok
smbu06GL000104	GCA_013391185.1	100.000	100.0	1.46e-72	121	ok
smbu06GL000104	GCA_013391205.1	100.000	100.0	1.46e-72	121	ok
smbu06GL000104	GCA_013394325.1	95.041	100.0	2.45e-70	121	ok
smbu06GL000104	GCA_015767715.1	100.000	100.0	1.46e-72	121	ok
smbu06GL000104	GCA_016127235.1	100.000	100.0	1.46e-72	121	ok
smbu06GL000104	GCA_019203145.1	100.000	100.0	1.46e-72	121	ok
smbu06GL000104	GCA_019343125.1	100.000	100.0	1.46e-72	121	ok
smbu06GL000104	GCA_019797905.1	95.868	100.0	1.59e-70	121	ok
smbu06GL000104	GCA_019967715.1	100.000	100.0	1.46e-72	121	ok
smbu06GL000104	GCA_022870765.1	94.215	100.0	1.13e-69	121	ok
smbu06GL000104	GCA_023523715.1	94.215	100.0	1.13e-69	121	ok
smbu06GL000104	GCA_023612275.1	100.000	100.0	1.46e-72	121	ok
smbu06GL000104	GCA_025402795.1	95.868	100.0	1.59e-70	121	ok
smbu06GL000104	GCA_025402855.1	95.868	100.0	1.59e-70	121	ok
smbu06GL000104	GCA_029201225.1	94.215	100.0	1.13e-69	121	ok
smbu06GL000104	GCA_029215545.1	94.215	100.0	1.13e-69	121	ok
smbu06GL000104	GCA_030490365.1	100.000	100.0	1.46e-72	121	ok
smbu06GL000104	GCA_033954875.1	100.000	100.0	1.46e-72	121	ok
smbu06GL000104	GCA_033954895.1	100.000	100.0	1.46e-72	121	ok
smbu06GL000104	GCA_033954915.1	100.000	100.0	1.46e-72	121	ok
smbu06GL000104	GCA_036669985.1	100.000	100.0	1.46e-72	121	ok
smbu06GL000104	GCA_040745045.1	100.000	100.0	1.46e-72	121	ok
smbu06GL000104	GCA_041930275.1	93.388	100.0	5.15e-69	121	ok
smbu06GL000104	GCA_041952535.1	93.388	100.0	5.15e-69	121	ok
smbu06GL000104	GCA_043950735.1	100.000	100.0	1.46e-72	121	ok
smbu06GL000104	GCA_043950745.1	100.000	100.0	1.46e-72	121	ok
smbu06GL000104	GCA_045039055.1	93.388	100.0	5.15e-69	121	ok
smbu06GL000104	GCA_049315065.1	100.000	100.0	1.46e-72	121	ok
smbu06GL000104	GCA_049315075.1	100.000	100.0	1.46e-72	121	ok
smbu06GL000104	GCA_049315085.1	100.000	100.0	1.46e-72	121	ok
smbu06GL000104	GCA_049315095.1	100.000	100.0	1.46e-72	121	ok
smbu06GL000104	GCA_049315105.1	100.000	100.0	1.46e-72	121	ok
smbu06GL000104	GCA_049315115.1	100.000	100.0	1.46e-72	121	ok
smbu06GL000104	GCA_049315125.1	100.000	100.0	1.46e-72	121	ok
smbu06GL000104	GCA_049315135.1	100.000	100.0	1.46e-72	121	ok
smbu06GL000104	GCA_049315145.1	100.000	100.0	1.46e-72	121	ok
smbu06GL000104	GCA_049315155.1	100.000	100.0	1.46e-72	121	ok
smbu06GL000104	GCA_049315165.1	100.000	100.0	1.46e-72	121	ok
smbu06GL000104	GCA_049315175.1	100.000	100.0	1.46e-72	121	ok
smbu06GL000104	GCA_052655065.1	100.000	100.0	1.46e-72	121	ok
smbu06GL000104	GCA_052655335.1	100.000	100.0	1.46e-72	121	ok
smbu06GL000104	GCA_052655665.1	100.000	100.0	1.46e-72	121	ok
smbu06GL000104	GCA_052656575.1	100.000	100.0	1.46e-72	121	ok
smbu06GL000104	GCA_052657825.1	100.000	100.0	1.46e-72	121	ok
smbu06GL000104	GCA_052658005.1	100.000	100.0	1.46e-72	121	ok
smbu06GL000104	GCA_053764515.1	98.347	100.0	1.27e-71	121	ok
smbu06GL000104	GCA_055397705.1	97.222	29.8	1.77e-26	35	ok
smbu06GL000104	GCA_055397995.1	100.000	100.0	1.46e-72	121	ok
smbu06GL000104	GCA_056487485.1	98.347	100.0	1.27e-71	121	ok
smbu06GL000104	GCA_056582645.1	100.000	100.0	1.46e-72	121	ok
smbu06GL000104	GCA_058072705.1	100.000	100.0	1.46e-72	121	ok
smbu06GL000104	GCA_060306215.1	100.000	100.0	1.46e-72	121	ok
smbu06GL000104	GCA_060307205.1	100.000	100.0	1.46e-72	121	ok
smbu06GL000104	GCA_060307225.1	100.000	100.0	1.46e-72	121	ok
smbu06GL000104	GCA_061568495.1	100.000	100.0	1.46e-72	121	ok
smbu06GL000104	GCA_900636615.1	100.000	100.0	1.46e-72	121	ok
smbu06GL000104	GCA_905186115.1	100.000	100.0	1.46e-72	121	ok
smbu06GL000104	GCA_931972305.1	98.347	100.0	1.27e-71	121	ok
smbu06GL000104	GCA_963280925.1	100.000	100.0	1.46e-72	121	ok
smbu06GL000104	GCA_988227945.1	100.000	100.0	1.46e-72	121	ok
smbu06GL000104	GCA_988227985.1	100.000	100.0	1.46e-72	121	ok
smbu06GL000104	GCA_988228025.1	100.000	100.0	1.46e-72	121	ok
smbu06GL000104	GCA_988235375.1	97.521	100.0	2.54e-71	121	ok
smbu06GL000104	GCA_988236725.1	97.521	100.0	2.54e-71	121	ok
smbu06GL000104	GCA_988237225.1	100.000	100.0	1.46e-72	121	ok
smbu06GL000104	GCF_001298485.1	100.000	100.0	1.46e-72	121	ok
smbu06GL000104	GCF_001412695.1	100.000	100.0	1.46e-72	121	ok
smbu06GL000104	GCF_001598635.1	91.736	100.0	3.09e-68	121	ok
smbu06GL000104	GCF_001689055.2	91.736	100.0	3.09e-68	121	ok
smbu06GL000104	GCF_002208945.1	91.736	100.0	3.09e-68	121	ok
smbu06GL000104	GCF_002216705.1	98.347	100.0	1.27e-71	121	ok
smbu06GL000104	GCF_002278015.2	100.000	100.0	1.46e-72	121	ok
smbu06GL000104	GCF_002289045.2	91.736	100.0	3.09e-68	121	ok
smbu06GL000104	GCF_002290025.1	97.521	100.0	2.54e-71	121	ok
smbu06GL000104	GCF_002355755.1	91.736	100.0	3.09e-68	121	ok
smbu06GL000104	GCF_002761555.1	100.000	100.0	1.46e-72	121	ok
smbu06GL000104	GCF_002831505.1	100.000	100.0	1.46e-72	121	ok
smbu06GL000104	GCF_002850515.1	99.174	100.0	6.42e-72	121	ok
smbu06GL000104	GCF_002983785.1	100.000	100.0	1.46e-72	121	ok
smbu06GL000104	GCF_003269465.1	100.000	100.0	1.46e-72	121	ok
smbu06GL000104	GCF_003667965.1	100.000	100.0	1.46e-72	121	ok
smbu06GL000104	GCF_003711125.1	95.041	100.0	6.86e-70	121	ok
smbu06GL000104	GCF_003711605.1	98.438	52.9	3.55e-57	64	ok
smbu06GL000104	GCF_003812665.1	91.736	100.0	3.09e-68	121	ok
smbu06GL000104	GCF_004332055.1	100.000	100.0	1.46e-72	121	ok
smbu06GL000104	GCF_005484525.1	91.736	100.0	3.09e-68	121	ok
smbu06GL000104	GCF_006337145.1	100.000	100.0	1.46e-72	121	ok
smbu06GL000104	GCF_006351785.1	100.000	100.0	1.46e-72	121	ok
smbu06GL000104	GCF_006351845.1	100.000	100.0	1.46e-72	121	ok
smbu06GL000104	GCF_006364815.1	91.736	100.0	3.09e-68	121	ok
smbu06GL000104	GCF_006494835.1	91.736	100.0	3.09e-68	121	ok
smbu06GL000104	GCF_006494855.1	91.736	100.0	3.09e-68	121	ok
smbu06GL000104	GCF_006494875.1	91.736	100.0	3.09e-68	121	ok
smbu06GL000104	GCF_006766145.1	91.736	100.0	3.09e-68	121	ok
smbu06GL000104	GCF_007923665.2	99.174	100.0	6.42e-72	121	ok
smbu06GL000104	GCF_007923785.2	99.174	100.0	6.42e-72	121	ok
smbu06GL000104	GCF_007923865.2	100.000	100.0	1.46e-72	121	ok
smbu06GL000104	GCF_007923885.2	100.000	100.0	1.46e-72	121	ok
smbu06GL000104	GCF_007923905.2	99.174	100.0	6.42e-72	121	ok
smbu06GL000104	GCF_007923925.2	100.000	100.0	1.46e-72	121	ok
smbu06GL000104	GCF_007923945.2	100.000	100.0	1.46e-72	121	ok
smbu06GL000104	GCF_007923965.2	100.000	100.0	1.46e-72	121	ok
smbu06GL000104	GCF_008330605.1	100.000	100.0	1.46e-72	121	ok
smbu06GL000104	GCF_009730155.1	93.388	100.0	5.15e-69	121	ok
smbu06GL000104	GCF_009734005.1	100.000	100.0	1.46e-72	121	ok
smbu06GL000104	GCF_009938075.1	100.000	100.0	1.46e-72	121	ok
smbu06GL000104	GCF_010103655.1	91.736	100.0	3.09e-68	121	ok
smbu06GL000104	GCF_010120755.1	100.000	100.0	1.46e-72	121	ok
smbu06GL000104	GCF_011745645.1	100.000	100.0	1.46e-72	121	ok
smbu06GL000104	GCF_012045365.1	100.000	100.0	1.46e-72	121	ok
smbu06GL000104	GCF_012045505.1	100.000	100.0	1.46e-72	121	ok
smbu06GL000104	GCF_012594215.1	91.736	100.0	3.09e-68	121	ok
smbu06GL000104	GCF_013201055.1	100.000	100.0	1.46e-72	121	ok
smbu06GL000104	GCF_013344625.1	91.736	100.0	3.09e-68	121	ok
smbu06GL000104	GCF_013344645.1	91.736	100.0	3.09e-68	121	ok
smbu06GL000104	GCF_013344665.1	91.736	100.0	3.09e-68	121	ok
smbu06GL000104	GCF_013391145.1	100.000	100.0	1.46e-72	121	ok
smbu06GL000104	GCF_013391165.1	100.000	100.0	1.46e-72	121	ok
smbu06GL000104	GCF_013391185.1	100.000	100.0	1.46e-72	121	ok
smbu06GL000104	GCF_013391205.1	100.000	100.0	1.46e-72	121	ok
smbu06GL000104	GCF_013394325.1	95.041	100.0	2.45e-70	121	ok
smbu06GL000104	GCF_015377765.1	100.000	100.0	1.46e-72	121	ok
smbu06GL000104	GCF_015767695.1	100.000	100.0	1.46e-72	121	ok
smbu06GL000104	GCF_015767715.1	100.000	100.0	1.46e-72	121	ok
smbu06GL000104	GCF_016127235.1	100.000	100.0	1.46e-72	121	ok
smbu06GL000104	GCF_017280035.1	91.736	100.0	3.09e-68	121	ok
smbu06GL000104	GCF_017357805.1	91.736	100.0	3.09e-68	121	ok
smbu06GL000104	GCF_018516845.1	100.000	100.0	1.46e-72	121	ok
smbu06GL000104	GCF_019203145.1	100.000	100.0	1.46e-72	121	ok
smbu06GL000104	GCF_019343125.1	100.000	100.0	1.46e-72	121	ok
smbu06GL000104	GCF_019456555.1	100.000	100.0	1.46e-72	121	ok
smbu06GL000104	GCF_019456575.1	100.000	100.0	1.46e-72	121	ok
smbu06GL000104	GCF_019456595.1	100.000	100.0	1.46e-72	121	ok
smbu06GL000104	GCF_019797905.1	95.868	100.0	1.59e-70	121	ok
smbu06GL000104	GCF_019967715.1	100.000	100.0	1.46e-72	121	ok
smbu06GL000104	GCF_020881975.1	91.736	100.0	3.09e-68	121	ok
smbu06GL000104	GCF_020906605.1	91.736	100.0	3.09e-68	121	ok
smbu06GL000104	GCF_022869705.1	91.736	100.0	3.09e-68	121	ok
smbu06GL000104	GCF_023299785.1	91.736	100.0	3.09e-68	121	ok
smbu06GL000104	GCF_023375505.1	91.736	100.0	3.09e-68	121	ok
smbu06GL000104	GCF_023612035.1	91.736	100.0	3.09e-68	121	ok
smbu06GL000104	GCF_023612275.1	100.000	100.0	1.46e-72	121	ok
smbu06GL000104	GCF_024267595.1	91.736	100.0	3.09e-68	121	ok
smbu06GL000104	GCF_025957845.1	91.736	100.0	3.09e-68	121	ok
smbu06GL000104	GCF_025957925.1	91.736	100.0	3.09e-68	121	ok
smbu06GL000104	GCF_025958025.1	91.736	100.0	3.09e-68	121	ok
smbu06GL000104	GCF_025958065.1	91.736	100.0	3.09e-68	121	ok
smbu06GL000104	GCF_025958085.1	91.736	100.0	3.09e-68	121	ok
smbu06GL000104	GCF_025958625.1	91.736	100.0	3.09e-68	121	ok
smbu06GL000104	GCF_025958845.1	91.736	100.0	3.09e-68	121	ok
smbu06GL000104	GCF_025958885.1	91.736	100.0	3.09e-68	121	ok
smbu06GL000104	GCF_026650885.1	91.736	100.0	3.09e-68	121	ok
smbu06GL000104	GCF_027915235.1	100.000	100.0	1.46e-72	121	ok
smbu06GL000104	GCF_030490365.1	100.000	100.0	1.46e-72	121	ok
smbu06GL000104	GCF_030584585.1	100.000	100.0	1.46e-72	121	ok
smbu06GL000104	GCF_030584605.1	100.000	100.0	1.46e-72	121	ok
smbu06GL000104	GCF_030584685.1	100.000	100.0	1.46e-72	121	ok
smbu06GL000104	GCF_030643745.1	100.000	100.0	1.46e-72	121	ok
smbu06GL000104	GCF_033954875.1	100.000	100.0	1.46e-72	121	ok
smbu06GL000104	GCF_033954895.1	100.000	100.0	1.46e-72	121	ok
smbu06GL000104	GCF_033954915.1	100.000	100.0	1.46e-72	121	ok
smbu06GL000104	GCF_036669985.1	100.000	100.0	1.46e-72	121	ok
smbu06GL000104	GCF_040745045.1	100.000	100.0	1.46e-72	121	ok
smbu06GL000104	GCF_043950735.1	100.000	100.0	1.46e-72	121	ok
smbu06GL000104	GCF_049315065.1	100.000	100.0	1.46e-72	121	ok
smbu06GL000104	GCF_049315075.1	100.000	100.0	1.46e-72	121	ok
smbu06GL000104	GCF_049315085.1	100.000	100.0	1.46e-72	121	ok
smbu06GL000104	GCF_049315095.1	100.000	100.0	1.46e-72	121	ok
smbu06GL000104	GCF_049315105.1	100.000	100.0	1.46e-72	121	ok
smbu06GL000104	GCF_049315115.1	100.000	100.0	1.46e-72	121	ok
smbu06GL000104	GCF_049315125.1	100.000	100.0	1.46e-72	121	ok
smbu06GL000104	GCF_049315135.1	100.000	100.0	1.46e-72	121	ok
smbu06GL000104	GCF_049315145.1	100.000	100.0	1.46e-72	121	ok
smbu06GL000104	GCF_049315155.1	100.000	100.0	1.46e-72	121	ok
smbu06GL000104	GCF_049315165.1	100.000	100.0	1.46e-72	121	ok
smbu06GL000104	GCF_049315175.1	100.000	100.0	1.46e-72	121	ok
smbu06GL000104	GCF_052655065.1	100.000	100.0	1.46e-72	121	ok
smbu06GL000104	GCF_052655335.1	100.000	100.0	1.46e-72	121	ok
smbu06GL000104	GCF_052655665.1	100.000	100.0	1.46e-72	121	ok
smbu06GL000104	GCF_052656575.1	100.000	100.0	1.46e-72	121	ok
smbu06GL000104	GCF_052657825.1	100.000	100.0	1.46e-72	121	ok
smbu06GL000104	GCF_052658005.1	100.000	100.0	1.46e-72	121	ok
smbu06GL000104	GCF_053764515.1	98.347	100.0	1.27e-71	121	ok
smbu06GL000104	GCF_056487465.1	98.347	100.0	1.27e-71	121	ok
smbu06GL000104	GCF_056582645.1	100.000	100.0	1.46e-72	121	ok
smbu06GL000104	GCF_931972305.1	98.347	100.0	1.27e-71	121	ok
smbu06GL000104	GCF_988227945.1	100.000	100.0	1.46e-72	121	ok
smbu06GL000104	GCF_988227985.1	100.000	100.0	1.46e-72	121	ok
smbu06GL000104	GCF_988228025.1	100.000	100.0	1.46e-72	121	ok
smbu06GL000104	L_lactis_14B4	76.033	100.0	5.7e-58	121	ok
smbu06GL000104	L_lactis_IL1403	76.033	100.0	5.7e-58	121	ok
smbu06GL000104	L_lactis_MG1363	76.033	100.0	5.7e-58	121	ok
smbu06GL000104	smbu06_project	100.000	100.0	1.46e-72	121	ok
smbu06GL000104	smbu08_project	100.000	100.0	1.46e-72	121	ok
smbu06GL000105	E_lactis_194	100.000	100.0	3.08e-80	129	ok
smbu06GL000105	GCA_000006865.1	83.200	96.9	1.54e-56	28	rejected
smbu06GL000105	GCA_000157355.2	95.349	100.0	1.7e-77	129	ok
smbu06GL000105	GCA_000344575.1	83.200	96.9	1.54e-56	28	rejected
smbu06GL000105	GCA_000761115.1	83.200	96.9	1.54e-56	28	rejected
smbu06GL000105	GCA_000807375.1	83.200	96.9	1.54e-56	28	rejected
smbu06GL000105	GCA_002216705.1	99.225	100.0	1.17e-79	129	ok
smbu06GL000105	GCA_002278015.2	100.000	100.0	3.08e-80	129	ok
smbu06GL000105	GCA_002290025.1	99.225	100.0	4.24e-80	129	ok
smbu06GL000105	GCA_002804185.1	83.200	96.9	1.54e-56	28	rejected
smbu06GL000105	GCA_002804285.1	83.200	96.9	1.54e-56	28	rejected
smbu06GL000105	GCA_002813755.1	99.225	100.0	1.17e-79	129	ok
smbu06GL000105	GCA_002895225.1	83.200	96.9	1.54e-56	28	rejected
smbu06GL000105	GCA_003711125.1	93.388	93.8	1.9e-70	121	ok
smbu06GL000105	GCA_003722255.1	83.200	96.9	1.54e-56	28	rejected
smbu06GL000105	GCA_005347505.1	93.388	93.8	1.9e-70	121	ok
smbu06GL000105	GCA_009730155.1	96.899	100.0	4.1e-78	129	ok
smbu06GL000105	GCA_013391145.1	100.000	100.0	3.08e-80	129	ok
smbu06GL000105	GCA_013391165.1	100.000	100.0	3.08e-80	129	ok
smbu06GL000105	GCA_013391185.1	100.000	100.0	3.08e-80	129	ok
smbu06GL000105	GCA_013391205.1	100.000	100.0	3.08e-80	129	ok
smbu06GL000105	GCA_013394325.1	94.215	93.8	1.08e-70	121	ok
smbu06GL000105	GCA_015767715.1	100.000	100.0	3.08e-80	129	ok
smbu06GL000105	GCA_016127235.1	100.000	100.0	3.08e-80	129	ok
smbu06GL000105	GCA_019203145.1	100.000	100.0	3.08e-80	129	ok
smbu06GL000105	GCA_019343125.1	100.000	100.0	3.08e-80	129	ok
smbu06GL000105	GCA_019797905.1	93.388	93.8	2.16e-70	121	ok
smbu06GL000105	GCA_019967715.1	100.000	100.0	3.08e-80	129	ok
smbu06GL000105	GCA_022870765.1	95.349	100.0	1.7e-77	129	ok
smbu06GL000105	GCA_023523715.1	95.349	100.0	1.7e-77	129	ok
smbu06GL000105	GCA_023612275.1	100.000	100.0	3.08e-80	129	ok
smbu06GL000105	GCA_025402795.1	93.388	93.8	2.16e-70	121	ok
smbu06GL000105	GCA_025402855.1	93.388	93.8	2.16e-70	121	ok
smbu06GL000105	GCA_029201225.1	95.349	100.0	1.7e-77	129	ok
smbu06GL000105	GCA_029215545.1	95.349	100.0	1.7e-77	129	ok
smbu06GL000105	GCA_030490365.1	100.000	100.0	3.08e-80	129	ok
smbu06GL000105	GCA_033954875.1	100.000	100.0	3.08e-80	129	ok
smbu06GL000105	GCA_033954895.1	100.000	100.0	3.08e-80	129	ok
smbu06GL000105	GCA_033954915.1	100.000	100.0	3.08e-80	129	ok
smbu06GL000105	GCA_036669985.1	100.000	100.0	3.08e-80	129	ok
smbu06GL000105	GCA_040745045.1	100.000	100.0	3.08e-80	129	ok
smbu06GL000105	GCA_041930275.1	96.899	100.0	4.1e-78	129	ok
smbu06GL000105	GCA_041952535.1	96.899	100.0	4.1e-78	129	ok
smbu06GL000105	GCA_043950735.1	100.000	100.0	3.08e-80	129	ok
smbu06GL000105	GCA_043950745.1	100.000	100.0	3.08e-80	129	ok
smbu06GL000105	GCA_045039055.1	96.899	100.0	4.1e-78	129	ok
smbu06GL000105	GCA_049315065.1	100.000	100.0	3.08e-80	129	ok
smbu06GL000105	GCA_049315075.1	100.000	100.0	3.08e-80	129	ok
smbu06GL000105	GCA_049315085.1	100.000	100.0	3.08e-80	129	ok
smbu06GL000105	GCA_049315095.1	100.000	100.0	3.08e-80	129	ok
smbu06GL000105	GCA_049315105.1	100.000	100.0	3.08e-80	129	ok
smbu06GL000105	GCA_049315115.1	100.000	100.0	3.08e-80	129	ok
smbu06GL000105	GCA_049315125.1	100.000	100.0	3.08e-80	129	ok
smbu06GL000105	GCA_049315135.1	100.000	100.0	3.08e-80	129	ok
smbu06GL000105	GCA_049315145.1	100.000	100.0	3.08e-80	129	ok
smbu06GL000105	GCA_049315155.1	100.000	100.0	3.08e-80	129	ok
smbu06GL000105	GCA_049315165.1	100.000	100.0	3.08e-80	129	ok
smbu06GL000105	GCA_049315175.1	100.000	100.0	3.08e-80	129	ok
smbu06GL000105	GCA_052655065.1	100.000	100.0	3.08e-80	129	ok
smbu06GL000105	GCA_052655335.1	100.000	100.0	3.08e-80	129	ok
smbu06GL000105	GCA_052655665.1	100.000	100.0	3.08e-80	129	ok
smbu06GL000105	GCA_052656575.1	100.000	100.0	3.08e-80	129	ok
smbu06GL000105	GCA_052657825.1	100.000	100.0	3.08e-80	129	ok
smbu06GL000105	GCA_052658005.1	100.000	100.0	3.08e-80	129	ok
smbu06GL000105	GCA_053764515.1	99.225	100.0	1.17e-79	129	ok
smbu06GL000105	GCA_055397705.1	97.101	53.5	2.63e-45	69	ok
smbu06GL000105	GCA_055397995.1	100.000	100.0	3.08e-80	129	ok
smbu06GL000105	GCA_056487485.1	99.225	100.0	1.17e-79	129	ok
smbu06GL000105	GCA_056582645.1	100.000	100.0	3.08e-80	129	ok
smbu06GL000105	GCA_058072705.1	100.000	100.0	3.08e-80	129	ok
smbu06GL000105	GCA_060306215.1	100.000	100.0	3.08e-80	129	ok
smbu06GL000105	GCA_060307205.1	100.000	100.0	3.08e-80	129	ok
smbu06GL000105	GCA_060307225.1	100.000	100.0	3.08e-80	129	ok
smbu06GL000105	GCA_061568495.1	100.000	100.0	3.08e-80	129	ok
smbu06GL000105	GCA_900636615.1	100.000	100.0	3.08e-80	129	ok
smbu06GL000105	GCA_905186115.1	100.000	100.0	3.08e-80	129	ok
smbu06GL000105	GCA_931972305.1	99.225	100.0	1.17e-79	129	ok
smbu06GL000105	GCA_963280925.1	100.000	100.0	3.08e-80	129	ok
smbu06GL000105	GCA_988227945.1	100.000	100.0	3.08e-80	129	ok
smbu06GL000105	GCA_988227985.1	100.000	100.0	3.08e-80	129	ok
smbu06GL000105	GCA_988228025.1	100.000	100.0	3.08e-80	129	ok
smbu06GL000105	GCA_988235375.1	99.225	100.0	4.24e-80	129	ok
smbu06GL000105	GCA_988236725.1	99.225	100.0	4.24e-80	129	ok
smbu06GL000105	GCA_988237225.1	100.000	100.0	3.08e-80	129	ok
smbu06GL000105	GCF_001298485.1	100.000	100.0	3.08e-80	129	ok
smbu06GL000105	GCF_001412695.1	100.000	100.0	3.08e-80	129	ok
smbu06GL000105	GCF_001598635.1	93.388	93.8	2.88e-65	121	ok
smbu06GL000105	GCF_001689055.2	93.388	93.8	2.88e-65	121	ok
smbu06GL000105	GCF_002208945.1	93.388	93.8	2.88e-65	121	ok
smbu06GL000105	GCF_002216705.1	99.225	100.0	1.17e-79	129	ok
smbu06GL000105	GCF_002278015.2	100.000	100.0	3.08e-80	129	ok
smbu06GL000105	GCF_002289045.2	93.388	93.8	2.88e-65	121	ok
smbu06GL000105	GCF_002290025.1	99.225	100.0	4.24e-80	129	ok
smbu06GL000105	GCF_002355755.1	93.388	93.8	2.88e-65	121	ok
smbu06GL000105	GCF_002761555.1	100.000	100.0	3.08e-80	129	ok
smbu06GL000105	GCF_002831505.1	100.000	100.0	3.08e-80	129	ok
smbu06GL000105	GCF_002850515.1	100.000	100.0	3.08e-80	129	ok
smbu06GL000105	GCF_002983785.1	100.000	100.0	3.08e-80	129	ok
smbu06GL000105	GCF_003269465.1	100.000	100.0	3.08e-80	129	ok
smbu06GL000105	GCF_003667965.1	100.000	100.0	3.08e-80	129	ok
smbu06GL000105	GCF_003711125.1	93.388	93.8	1.9e-70	121	ok
smbu06GL000105	GCF_003711605.1	100.000	100.0	3.08e-80	129	ok
smbu06GL000105	GCF_003812665.1	93.388	93.8	2.88e-65	121	ok
smbu06GL000105	GCF_004332055.1	100.000	100.0	3.08e-80	129	ok
smbu06GL000105	GCF_005484525.1	93.388	93.8	2.88e-65	121	ok
smbu06GL000105	GCF_006337145.1	100.000	100.0	3.08e-80	129	ok
smbu06GL000105	GCF_006351785.1	100.000	100.0	3.08e-80	129	ok
smbu06GL000105	GCF_006351845.1	100.000	100.0	3.08e-80	129	ok
smbu06GL000105	GCF_006364815.1	93.388	93.8	2.88e-65	121	ok
smbu06GL000105	GCF_006494835.1	93.388	93.8	2.88e-65	121	ok
smbu06GL000105	GCF_006494855.1	93.388	93.8	2.88e-65	121	ok
smbu06GL000105	GCF_006494875.1	93.388	93.8	2.88e-65	121	ok
smbu06GL000105	GCF_006766145.1	93.388	93.8	2.88e-65	121	ok
smbu06GL000105	GCF_007923665.2	100.000	100.0	3.08e-80	129	ok
smbu06GL000105	GCF_007923785.2	100.000	100.0	3.08e-80	129	ok
smbu06GL000105	GCF_007923865.2	100.000	100.0	3.08e-80	129	ok
smbu06GL000105	GCF_007923885.2	100.000	100.0	3.08e-80	129	ok
smbu06GL000105	GCF_007923905.2	100.000	100.0	3.08e-80	129	ok
smbu06GL000105	GCF_007923925.2	100.000	100.0	3.08e-80	129	ok
smbu06GL000105	GCF_007923945.2	100.000	100.0	3.08e-80	129	ok
smbu06GL000105	GCF_007923965.2	100.000	100.0	3.08e-80	129	ok
smbu06GL000105	GCF_008330605.1	100.000	100.0	3.08e-80	129	ok
smbu06GL000105	GCF_009730155.1	96.899	100.0	4.1e-78	129	ok
smbu06GL000105	GCF_009734005.1	100.000	100.0	3.08e-80	129	ok
smbu06GL000105	GCF_009938075.1	100.000	100.0	3.08e-80	129	ok
smbu06GL000105	GCF_010103655.1	93.388	93.8	2.88e-65	121	ok
smbu06GL000105	GCF_010120755.1	100.000	100.0	3.08e-80	129	ok
smbu06GL000105	GCF_011745645.1	100.000	100.0	3.08e-80	129	ok
smbu06GL000105	GCF_012045365.1	100.000	100.0	3.08e-80	129	ok
smbu06GL000105	GCF_012045505.1	100.000	100.0	3.08e-80	129	ok
smbu06GL000105	GCF_012594215.1	93.388	93.8	2.88e-65	121	ok
smbu06GL000105	GCF_013201055.1	100.000	100.0	3.08e-80	129	ok
smbu06GL000105	GCF_013344625.1	93.388	93.8	2.88e-65	121	ok
smbu06GL000105	GCF_013344645.1	93.388	93.8	2.88e-65	121	ok
smbu06GL000105	GCF_013344665.1	93.388	93.8	2.88e-65	121	ok
smbu06GL000105	GCF_013391145.1	100.000	100.0	3.08e-80	129	ok
smbu06GL000105	GCF_013391165.1	100.000	100.0	3.08e-80	129	ok
smbu06GL000105	GCF_013391185.1	100.000	100.0	3.08e-80	129	ok
smbu06GL000105	GCF_013391205.1	100.000	100.0	3.08e-80	129	ok
smbu06GL000105	GCF_013394325.1	94.215	93.8	1.08e-70	121	ok
smbu06GL000105	GCF_015377765.1	100.000	100.0	3.08e-80	129	ok
smbu06GL000105	GCF_015767695.1	100.000	100.0	3.08e-80	129	ok
smbu06GL000105	GCF_015767715.1	100.000	100.0	3.08e-80	129	ok
smbu06GL000105	GCF_016127235.1	100.000	100.0	3.08e-80	129	ok
smbu06GL000105	GCF_017280035.1	93.388	93.8	2.88e-65	121	ok
smbu06GL000105	GCF_017357805.1	93.388	93.8	2.88e-65	121	ok
smbu06GL000105	GCF_018516845.1	100.000	100.0	3.08e-80	129	ok
smbu06GL000105	GCF_019203145.1	100.000	100.0	3.08e-80	129	ok
smbu06GL000105	GCF_019343125.1	100.000	100.0	3.08e-80	129	ok
smbu06GL000105	GCF_019456555.1	100.000	100.0	3.08e-80	129	ok
smbu06GL000105	GCF_019456575.1	100.000	100.0	3.08e-80	129	ok
smbu06GL000105	GCF_019456595.1	100.000	100.0	3.08e-80	129	ok
smbu06GL000105	GCF_019797905.1	93.388	93.8	2.16e-70	121	ok
smbu06GL000105	GCF_019967715.1	100.000	100.0	3.08e-80	129	ok
smbu06GL000105	GCF_020881975.1	93.388	93.8	2.88e-65	121	ok
smbu06GL000105	GCF_020906605.1	93.388	93.8	2.88e-65	121	ok
smbu06GL000105	GCF_022869705.1	93.388	93.8	2.88e-65	121	ok
smbu06GL000105	GCF_023299785.1	93.388	93.8	2.88e-65	121	ok
smbu06GL000105	GCF_023375505.1	93.388	93.8	2.88e-65	121	ok
smbu06GL000105	GCF_023612035.1	93.388	93.8	2.88e-65	121	ok
smbu06GL000105	GCF_023612275.1	100.000	100.0	3.08e-80	129	ok
smbu06GL000105	GCF_024267595.1	93.388	93.8	2.88e-65	121	ok
smbu06GL000105	GCF_025957845.1	93.388	93.8	2.88e-65	121	ok
smbu06GL000105	GCF_025957925.1	93.388	93.8	2.88e-65	121	ok
smbu06GL000105	GCF_025958025.1	93.388	93.8	2.88e-65	121	ok
smbu06GL000105	GCF_025958065.1	93.388	93.8	2.88e-65	121	ok
smbu06GL000105	GCF_025958085.1	93.388	93.8	2.88e-65	121	ok
smbu06GL000105	GCF_025958625.1	93.388	93.8	2.88e-65	121	ok
smbu06GL000105	GCF_025958845.1	93.388	93.8	2.88e-65	121	ok
smbu06GL000105	GCF_025958885.1	93.388	93.8	2.88e-65	121	ok
smbu06GL000105	GCF_026650885.1	93.388	93.8	2.88e-65	121	ok
smbu06GL000105	GCF_027915235.1	100.000	100.0	3.08e-80	129	ok
smbu06GL000105	GCF_030490365.1	100.000	100.0	3.08e-80	129	ok
smbu06GL000105	GCF_030584585.1	100.000	100.0	3.08e-80	129	ok
smbu06GL000105	GCF_030584605.1	100.000	100.0	3.08e-80	129	ok
smbu06GL000105	GCF_030584685.1	100.000	100.0	3.08e-80	129	ok
smbu06GL000105	GCF_030643745.1	100.000	100.0	3.08e-80	129	ok
smbu06GL000105	GCF_033954875.1	100.000	100.0	3.08e-80	129	ok
smbu06GL000105	GCF_033954895.1	100.000	100.0	3.08e-80	129	ok
smbu06GL000105	GCF_033954915.1	100.000	100.0	3.08e-80	129	ok
smbu06GL000105	GCF_036669985.1	100.000	100.0	3.08e-80	129	ok
smbu06GL000105	GCF_040745045.1	100.000	100.0	3.08e-80	129	ok
smbu06GL000105	GCF_043950735.1	100.000	100.0	3.08e-80	129	ok
smbu06GL000105	GCF_049315065.1	100.000	100.0	3.08e-80	129	ok
smbu06GL000105	GCF_049315075.1	100.000	100.0	3.08e-80	129	ok
smbu06GL000105	GCF_049315085.1	100.000	100.0	3.08e-80	129	ok
smbu06GL000105	GCF_049315095.1	100.000	100.0	3.08e-80	129	ok
smbu06GL000105	GCF_049315105.1	100.000	100.0	3.08e-80	129	ok
smbu06GL000105	GCF_049315115.1	100.000	100.0	3.08e-80	129	ok
smbu06GL000105	GCF_049315125.1	100.000	100.0	3.08e-80	129	ok
smbu06GL000105	GCF_049315135.1	100.000	100.0	3.08e-80	129	ok
smbu06GL000105	GCF_049315145.1	100.000	100.0	3.08e-80	129	ok
smbu06GL000105	GCF_049315155.1	100.000	100.0	3.08e-80	129	ok
smbu06GL000105	GCF_049315165.1	100.000	100.0	3.08e-80	129	ok
smbu06GL000105	GCF_049315175.1	100.000	100.0	3.08e-80	129	ok
smbu06GL000105	GCF_052655065.1	100.000	100.0	3.08e-80	129	ok
smbu06GL000105	GCF_052655335.1	100.000	100.0	3.08e-80	129	ok
smbu06GL000105	GCF_052655665.1	100.000	100.0	3.08e-80	129	ok
smbu06GL000105	GCF_052656575.1	100.000	100.0	3.08e-80	129	ok
smbu06GL000105	GCF_052657825.1	100.000	100.0	3.08e-80	129	ok
smbu06GL000105	GCF_052658005.1	100.000	100.0	3.08e-80	129	ok
smbu06GL000105	GCF_053764515.1	99.225	100.0	1.17e-79	129	ok
smbu06GL000105	GCF_056487465.1	99.225	100.0	1.17e-79	129	ok
smbu06GL000105	GCF_056582645.1	100.000	100.0	3.08e-80	129	ok
smbu06GL000105	GCF_931972305.1	99.225	100.0	1.17e-79	129	ok
smbu06GL000105	GCF_988227945.1	100.000	100.0	3.08e-80	129	ok
smbu06GL000105	GCF_988227985.1	100.000	100.0	3.08e-80	129	ok
smbu06GL000105	GCF_988228025.1	100.000	100.0	3.08e-80	129	ok
smbu06GL000105	L_lactis_14B4	83.200	96.9	1.54e-56	28	rejected
smbu06GL000105	L_lactis_IL1403	83.200	96.9	1.54e-56	28	rejected
smbu06GL000105	L_lactis_MG1363	83.200	96.9	1.54e-56	28	rejected
smbu06GL000105	smbu06_project	100.000	100.0	3.08e-80	129	ok
smbu06GL000105	smbu08_project	100.000	100.0	3.08e-80	129	ok
smbu06GL000106	E_lactis_194	100.000	100.0	0.0	312	ok
smbu06GL000106	GCA_000006865.1	62.987	98.7	2.42e-126	308	ok
smbu06GL000106	GCA_000157355.2	96.795	100.0	0.0	312	ok
smbu06GL000106	GCA_000344575.1	63.312	98.7	2.47e-127	308	ok
smbu06GL000106	GCA_000761115.1	63.312	98.7	2.47e-127	308	ok
smbu06GL000106	GCA_000807375.1	63.312	98.7	2.47e-127	308	ok
smbu06GL000106	GCA_002216705.1	99.679	100.0	0.0	312	ok
smbu06GL000106	GCA_002278015.2	99.679	100.0	0.0	312	ok
smbu06GL000106	GCA_002290025.1	100.000	100.0	0.0	312	ok
smbu06GL000106	GCA_002804185.1	63.312	98.7	2.47e-127	308	ok
smbu06GL000106	GCA_002804285.1	63.312	98.7	2.47e-127	308	ok
smbu06GL000106	GCA_002813755.1	99.679	100.0	0.0	312	ok
smbu06GL000106	GCA_002895225.1	63.312	98.7	2.47e-127	308	ok
smbu06GL000106	GCA_003711125.1	93.269	100.0	0.0	312	ok
smbu06GL000106	GCA_003722255.1	62.987	98.7	2.42e-126	308	ok
smbu06GL000106	GCA_005347505.1	93.269	100.0	0.0	312	ok
smbu06GL000106	GCA_009730155.1	96.795	100.0	0.0	312	ok
smbu06GL000106	GCA_013391145.1	99.679	100.0	0.0	312	ok
smbu06GL000106	GCA_013391165.1	99.679	100.0	0.0	312	ok
smbu06GL000106	GCA_013391185.1	99.679	100.0	0.0	312	ok
smbu06GL000106	GCA_013391205.1	99.679	100.0	0.0	312	ok
smbu06GL000106	GCA_013394325.1	93.590	100.0	0.0	312	ok
smbu06GL000106	GCA_015767715.1	100.000	100.0	0.0	312	ok
smbu06GL000106	GCA_016127235.1	99.679	100.0	0.0	312	ok
smbu06GL000106	GCA_019203145.1	100.000	100.0	0.0	312	ok
smbu06GL000106	GCA_019343125.1	100.000	100.0	0.0	312	ok
smbu06GL000106	GCA_019797905.1	93.269	100.0	0.0	312	ok
smbu06GL000106	GCA_019967715.1	100.000	100.0	0.0	312	ok
smbu06GL000106	GCA_022870765.1	96.795	100.0	0.0	312	ok
smbu06GL000106	GCA_023523715.1	96.795	100.0	0.0	312	ok
smbu06GL000106	GCA_023612275.1	99.359	100.0	0.0	310	ok
smbu06GL000106	GCA_025402795.1	93.269	100.0	0.0	312	ok
smbu06GL000106	GCA_025402855.1	93.269	100.0	0.0	312	ok
smbu06GL000106	GCA_029201225.1	96.795	100.0	0.0	312	ok
smbu06GL000106	GCA_029215545.1	96.795	100.0	0.0	312	ok
smbu06GL000106	GCA_030490365.1	100.000	100.0	0.0	312	ok
smbu06GL000106	GCA_033954875.1	100.000	100.0	0.0	312	ok
smbu06GL000106	GCA_033954895.1	100.000	100.0	0.0	312	ok
smbu06GL000106	GCA_033954915.1	100.000	100.0	0.0	312	ok
smbu06GL000106	GCA_036669985.1	100.000	100.0	0.0	312	ok
smbu06GL000106	GCA_040745045.1	100.000	100.0	0.0	312	ok
smbu06GL000106	GCA_041930275.1	96.795	100.0	0.0	312	ok
smbu06GL000106	GCA_041952535.1	96.795	100.0	0.0	312	ok
smbu06GL000106	GCA_043950735.1	99.679	100.0	0.0	312	ok
smbu06GL000106	GCA_043950745.1	99.679	100.0	0.0	312	ok
smbu06GL000106	GCA_045039055.1	96.795	100.0	0.0	312	ok
smbu06GL000106	GCA_049315065.1	100.000	100.0	0.0	312	ok
smbu06GL000106	GCA_049315075.1	99.679	100.0	0.0	312	ok
smbu06GL000106	GCA_049315085.1	99.679	100.0	0.0	312	ok
smbu06GL000106	GCA_049315095.1	99.679	100.0	0.0	312	ok
smbu06GL000106	GCA_049315105.1	99.679	100.0	0.0	312	ok
smbu06GL000106	GCA_049315115.1	100.000	100.0	0.0	312	ok
smbu06GL000106	GCA_049315125.1	100.000	100.0	0.0	312	ok
smbu06GL000106	GCA_049315135.1	99.679	100.0	0.0	312	ok
smbu06GL000106	GCA_049315145.1	100.000	100.0	0.0	312	ok
smbu06GL000106	GCA_049315155.1	99.679	100.0	0.0	312	ok
smbu06GL000106	GCA_049315165.1	100.000	100.0	0.0	312	ok
smbu06GL000106	GCA_049315175.1	100.000	100.0	0.0	312	ok
smbu06GL000106	GCA_052655065.1	100.000	100.0	0.0	312	ok
smbu06GL000106	GCA_052655335.1	100.000	100.0	0.0	312	ok
smbu06GL000106	GCA_052655665.1	100.000	100.0	0.0	312	ok
smbu06GL000106	GCA_052656575.1	100.000	100.0	0.0	312	ok
smbu06GL000106	GCA_052657825.1	100.000	100.0	0.0	312	ok
smbu06GL000106	GCA_052658005.1	100.000	100.0	0.0	312	ok
smbu06GL000106	GCA_053764515.1	99.679	100.0	0.0	312	ok
smbu06GL000106	GCA_055397705.1	100.000	100.0	0.0	312	ok
smbu06GL000106	GCA_055397995.1	99.679	100.0	0.0	312	ok
smbu06GL000106	GCA_056487485.1	99.679	100.0	0.0	312	ok
smbu06GL000106	GCA_056582645.1	100.000	100.0	0.0	312	ok
smbu06GL000106	GCA_058072705.1	100.000	100.0	0.0	312	ok
smbu06GL000106	GCA_060306215.1	100.000	100.0	0.0	312	ok
smbu06GL000106	GCA_060307205.1	99.679	100.0	0.0	312	ok
smbu06GL000106	GCA_060307225.1	100.000	100.0	0.0	312	ok
smbu06GL000106	GCA_061568495.1	100.000	100.0	0.0	312	ok
smbu06GL000106	GCA_900636615.1	99.679	100.0	0.0	312	ok
smbu06GL000106	GCA_905186115.1	99.679	100.0	0.0	312	ok
smbu06GL000106	GCA_931972305.1	99.679	100.0	0.0	312	ok
smbu06GL000106	GCA_963280925.1	99.679	100.0	0.0	312	ok
smbu06GL000106	GCA_988227945.1	100.000	100.0	0.0	312	ok
smbu06GL000106	GCA_988227985.1	100.000	100.0	0.0	312	ok
smbu06GL000106	GCA_988228025.1	100.000	100.0	0.0	312	ok
smbu06GL000106	GCA_988235375.1	100.000	100.0	0.0	312	ok
smbu06GL000106	GCA_988236725.1	100.000	100.0	0.0	312	ok
smbu06GL000106	GCA_988237225.1	100.000	100.0	0.0	312	ok
smbu06GL000106	GCF_001298485.1	100.000	100.0	0.0	312	ok
smbu06GL000106	GCF_001412695.1	100.000	100.0	0.0	312	ok
smbu06GL000106	GCF_001598635.1	93.910	100.0	0.0	312	ok
smbu06GL000106	GCF_001689055.2	93.910	100.0	0.0	312	ok
smbu06GL000106	GCF_002208945.1	93.910	100.0	0.0	312	ok
smbu06GL000106	GCF_002216705.1	99.679	100.0	0.0	312	ok
smbu06GL000106	GCF_002278015.2	99.679	100.0	0.0	312	ok
smbu06GL000106	GCF_002289045.2	93.910	100.0	0.0	312	ok
smbu06GL000106	GCF_002290025.1	100.000	100.0	0.0	312	ok
smbu06GL000106	GCF_002355755.1	93.910	100.0	0.0	312	ok
smbu06GL000106	GCF_002761555.1	100.000	100.0	0.0	312	ok
smbu06GL000106	GCF_002831505.1	100.000	100.0	0.0	312	ok
smbu06GL000106	GCF_002850515.1	100.000	100.0	0.0	312	ok
smbu06GL000106	GCF_002983785.1	100.000	100.0	0.0	312	ok
smbu06GL000106	GCF_003269465.1	100.000	100.0	0.0	312	ok
smbu06GL000106	GCF_003667965.1	100.000	100.0	0.0	312	ok
smbu06GL000106	GCF_003711125.1	93.269	100.0	0.0	312	ok
smbu06GL000106	GCF_003711605.1	100.000	80.1	2.88e-164	250	ok
smbu06GL000106	GCF_003812665.1	93.910	100.0	0.0	312	ok
smbu06GL000106	GCF_004332055.1	100.000	100.0	0.0	312	ok
smbu06GL000106	GCF_005484525.1	93.910	100.0	0.0	312	ok
smbu06GL000106	GCF_006337145.1	100.000	100.0	0.0	312	ok
smbu06GL000106	GCF_006351785.1	100.000	100.0	0.0	312	ok
smbu06GL000106	GCF_006351845.1	100.000	100.0	0.0	312	ok
smbu06GL000106	GCF_006364815.1	93.910	100.0	0.0	312	ok
smbu06GL000106	GCF_006494835.1	93.590	100.0	0.0	312	ok
smbu06GL000106	GCF_006494855.1	93.590	100.0	0.0	312	ok
smbu06GL000106	GCF_006494875.1	93.590	100.0	0.0	312	ok
smbu06GL000106	GCF_006766145.1	93.910	100.0	0.0	312	ok
smbu06GL000106	GCF_007923665.2	100.000	100.0	0.0	312	ok
smbu06GL000106	GCF_007923785.2	100.000	100.0	0.0	312	ok
smbu06GL000106	GCF_007923865.2	100.000	100.0	0.0	312	ok
smbu06GL000106	GCF_007923885.2	100.000	100.0	0.0	312	ok
smbu06GL000106	GCF_007923905.2	100.000	100.0	0.0	312	ok
smbu06GL000106	GCF_007923925.2	100.000	100.0	0.0	312	ok
smbu06GL000106	GCF_007923945.2	100.000	100.0	0.0	312	ok
smbu06GL000106	GCF_007923965.2	100.000	100.0	0.0	312	ok
smbu06GL000106	GCF_008330605.1	100.000	100.0	0.0	312	ok
smbu06GL000106	GCF_009730155.1	96.795	100.0	0.0	312	ok
smbu06GL000106	GCF_009734005.1	100.000	100.0	0.0	312	ok
smbu06GL000106	GCF_009938075.1	100.000	100.0	0.0	312	ok
smbu06GL000106	GCF_010103655.1	93.910	100.0	0.0	312	ok
smbu06GL000106	GCF_010120755.1	100.000	100.0	0.0	312	ok
smbu06GL000106	GCF_011745645.1	100.000	100.0	0.0	312	ok
smbu06GL000106	GCF_012045365.1	100.000	100.0	0.0	312	ok
smbu06GL000106	GCF_012045505.1	100.000	100.0	0.0	312	ok
smbu06GL000106	GCF_012594215.1	93.910	100.0	0.0	312	ok
smbu06GL000106	GCF_013201055.1	100.000	100.0	0.0	312	ok
smbu06GL000106	GCF_013344625.1	93.910	100.0	0.0	312	ok
smbu06GL000106	GCF_013344645.1	93.910	100.0	0.0	312	ok
smbu06GL000106	GCF_013344665.1	93.910	100.0	0.0	312	ok
smbu06GL000106	GCF_013391145.1	99.679	100.0	0.0	312	ok
smbu06GL000106	GCF_013391165.1	99.679	100.0	0.0	312	ok
smbu06GL000106	GCF_013391185.1	99.679	100.0	0.0	312	ok
smbu06GL000106	GCF_013391205.1	99.679	100.0	0.0	312	ok
smbu06GL000106	GCF_013394325.1	93.590	100.0	0.0	312	ok
smbu06GL000106	GCF_015377765.1	100.000	100.0	0.0	312	ok
smbu06GL000106	GCF_015767695.1	100.000	100.0	0.0	312	ok
smbu06GL000106	GCF_015767715.1	100.000	100.0	0.0	312	ok
smbu06GL000106	GCF_016127235.1	99.679	100.0	0.0	312	ok
smbu06GL000106	GCF_017280035.1	93.910	100.0	0.0	312	ok
smbu06GL000106	GCF_017357805.1	93.910	100.0	0.0	312	ok
smbu06GL000106	GCF_018516845.1	100.000	100.0	0.0	312	ok
smbu06GL000106	GCF_019203145.1	100.000	100.0	0.0	312	ok
smbu06GL000106	GCF_019343125.1	100.000	100.0	0.0	312	ok
smbu06GL000106	GCF_019456555.1	100.000	100.0	0.0	312	ok
smbu06GL000106	GCF_019456575.1	100.000	100.0	0.0	312	ok
smbu06GL000106	GCF_019456595.1	100.000	100.0	0.0	312	ok
smbu06GL000106	GCF_019797905.1	93.269	100.0	0.0	312	ok
smbu06GL000106	GCF_019967715.1	100.000	100.0	0.0	312	ok
smbu06GL000106	GCF_020881975.1	93.910	100.0	0.0	312	ok
smbu06GL000106	GCF_020906605.1	93.910	100.0	0.0	312	ok
smbu06GL000106	GCF_022869705.1	93.910	100.0	0.0	312	ok
smbu06GL000106	GCF_023299785.1	93.910	100.0	0.0	312	ok
smbu06GL000106	GCF_023375505.1	93.910	100.0	0.0	312	ok
smbu06GL000106	GCF_023612035.1	93.910	100.0	0.0	312	ok
smbu06GL000106	GCF_023612275.1	99.359	100.0	0.0	310	ok
smbu06GL000106	GCF_024267595.1	93.910	100.0	0.0	312	ok
smbu06GL000106	GCF_025957845.1	93.910	100.0	0.0	312	ok
smbu06GL000106	GCF_025957925.1	93.910	100.0	0.0	312	ok
smbu06GL000106	GCF_025958025.1	93.910	100.0	0.0	312	ok
smbu06GL000106	GCF_025958065.1	93.910	100.0	0.0	312	ok
smbu06GL000106	GCF_025958085.1	93.910	100.0	0.0	312	ok
smbu06GL000106	GCF_025958625.1	93.910	100.0	0.0	312	ok
smbu06GL000106	GCF_025958845.1	93.910	100.0	0.0	312	ok
smbu06GL000106	GCF_025958885.1	93.910	100.0	0.0	312	ok
smbu06GL000106	GCF_026650885.1	93.910	100.0	0.0	312	ok
smbu06GL000106	GCF_027915235.1	100.000	100.0	0.0	312	ok
smbu06GL000106	GCF_030490365.1	100.000	100.0	0.0	312	ok
smbu06GL000106	GCF_030584585.1	100.000	100.0	0.0	312	ok
smbu06GL000106	GCF_030584605.1	100.000	100.0	0.0	312	ok
smbu06GL000106	GCF_030584685.1	100.000	100.0	0.0	312	ok
smbu06GL000106	GCF_030643745.1	100.000	100.0	0.0	312	ok
smbu06GL000106	GCF_033954875.1	100.000	100.0	0.0	312	ok
smbu06GL000106	GCF_033954895.1	100.000	100.0	0.0	312	ok
smbu06GL000106	GCF_033954915.1	100.000	100.0	0.0	312	ok
smbu06GL000106	GCF_036669985.1	100.000	100.0	0.0	312	ok
smbu06GL000106	GCF_040745045.1	100.000	100.0	0.0	312	ok
smbu06GL000106	GCF_043950735.1	99.679	100.0	0.0	312	ok
smbu06GL000106	GCF_049315065.1	100.000	100.0	0.0	312	ok
smbu06GL000106	GCF_049315075.1	99.679	100.0	0.0	312	ok
smbu06GL000106	GCF_049315085.1	99.679	100.0	0.0	312	ok
smbu06GL000106	GCF_049315095.1	99.679	100.0	0.0	312	ok
smbu06GL000106	GCF_049315105.1	99.679	100.0	0.0	312	ok
smbu06GL000106	GCF_049315115.1	100.000	100.0	0.0	312	ok
smbu06GL000106	GCF_049315125.1	100.000	100.0	0.0	312	ok
smbu06GL000106	GCF_049315135.1	99.679	100.0	0.0	312	ok
smbu06GL000106	GCF_049315145.1	100.000	100.0	0.0	312	ok
smbu06GL000106	GCF_049315155.1	99.679	100.0	0.0	312	ok
smbu06GL000106	GCF_049315165.1	100.000	100.0	0.0	312	ok
smbu06GL000106	GCF_049315175.1	100.000	100.0	0.0	312	ok
smbu06GL000106	GCF_052655065.1	100.000	100.0	0.0	312	ok
smbu06GL000106	GCF_052655335.1	100.000	100.0	0.0	312	ok
smbu06GL000106	GCF_052655665.1	100.000	100.0	0.0	312	ok
smbu06GL000106	GCF_052656575.1	100.000	100.0	0.0	312	ok
smbu06GL000106	GCF_052657825.1	100.000	100.0	0.0	312	ok
smbu06GL000106	GCF_052658005.1	100.000	100.0	0.0	312	ok
smbu06GL000106	GCF_053764515.1	99.679	100.0	0.0	312	ok
smbu06GL000106	GCF_056487465.1	98.795	79.8	1.6e-173	249	ok
smbu06GL000106	GCF_056582645.1	100.000	100.0	0.0	312	ok
smbu06GL000106	GCF_931972305.1	99.679	100.0	0.0	312	ok
smbu06GL000106	GCF_988227945.1	100.000	100.0	0.0	312	ok
smbu06GL000106	GCF_988227985.1	100.000	100.0	0.0	312	ok
smbu06GL000106	GCF_988228025.1	100.000	100.0	0.0	312	ok
smbu06GL000106	L_lactis_14B4	63.312	98.7	2.47e-127	308	ok
smbu06GL000106	L_lactis_IL1403	62.987	98.7	2.42e-126	308	ok
smbu06GL000106	L_lactis_MG1363	63.312	98.7	2.97e-127	308	ok
smbu06GL000106	smbu06_project	100.000	100.0	0.0	312	ok
smbu06GL000106	smbu08_project	100.000	100.0	0.0	312	ok
smbu06GL000107	E_lactis_194	100.000	100.0	1.69e-67	111	ok
smbu06GL000107	GCA_000006865.1	72.321	100.0	1.3e-41	111	ok
smbu06GL000107	GCA_000157355.2	93.694	100.0	2.04e-64	111	ok
smbu06GL000107	GCA_000344575.1	72.321	100.0	1.32e-41	111	ok
smbu06GL000107	GCA_000761115.1	72.321	100.0	1.32e-41	111	ok
smbu06GL000107	GCA_000807375.1	72.321	100.0	1.32e-41	111	ok
smbu06GL000107	GCA_002216705.1	99.099	100.0	4.64e-67	111	ok
smbu06GL000107	GCA_002278015.2	99.099	100.0	7.31e-67	111	ok
smbu06GL000107	GCA_002290025.1	98.198	100.0	1.03e-66	111	ok
smbu06GL000107	GCA_002804185.1	71.429	100.0	7.52e-41	111	ok
smbu06GL000107	GCA_002804285.1	71.429	100.0	7.52e-41	111	ok
smbu06GL000107	GCA_002813755.1	99.099	100.0	4.64e-67	111	ok
smbu06GL000107	GCA_002895225.1	72.321	100.0	1.32e-41	111	ok
smbu06GL000107	GCA_003711125.1	93.694	100.0	2.32e-63	111	ok
smbu06GL000107	GCA_003722255.1	72.321	100.0	1.3e-41	111	ok
smbu06GL000107	GCA_005347505.1	93.694	100.0	2.32e-63	111	ok
smbu06GL000107	GCA_009730155.1	93.694	100.0	2.04e-64	111	ok
smbu06GL000107	GCA_013391145.1	99.099	100.0	7.31e-67	111	ok
smbu06GL000107	GCA_013391165.1	99.099	100.0	7.31e-67	111	ok
smbu06GL000107	GCA_013391185.1	99.099	100.0	7.31e-67	111	ok
smbu06GL000107	GCA_013391205.1	99.099	100.0	7.31e-67	111	ok
smbu06GL000107	GCA_013394325.1	93.694	100.0	5.48e-64	111	ok
smbu06GL000107	GCA_015767715.1	100.000	100.0	1.69e-67	111	ok
smbu06GL000107	GCA_016127235.1	99.099	100.0	7.31e-67	111	ok
smbu06GL000107	GCA_019203145.1	100.000	100.0	1.69e-67	111	ok
smbu06GL000107	GCA_019343125.1	100.000	100.0	1.69e-67	111	ok
smbu06GL000107	GCA_019797905.1	94.595	100.0	5.93e-64	111	ok
smbu06GL000107	GCA_019967715.1	100.000	100.0	1.69e-67	111	ok
smbu06GL000107	GCA_022870765.1	93.694	100.0	2.04e-64	111	ok
smbu06GL000107	GCA_023523715.1	93.694	100.0	2.04e-64	111	ok
smbu06GL000107	GCA_023612275.1	100.000	100.0	1.69e-67	111	ok
smbu06GL000107	GCA_025402795.1	94.595	100.0	5.93e-64	111	ok
smbu06GL000107	GCA_025402855.1	94.595	100.0	5.93e-64	111	ok
smbu06GL000107	GCA_029201225.1	93.694	100.0	2.04e-64	111	ok
smbu06GL000107	GCA_029215545.1	93.694	100.0	2.04e-64	111	ok
smbu06GL000107	GCA_030490365.1	100.000	100.0	1.69e-67	111	ok
smbu06GL000107	GCA_033954875.1	100.000	100.0	1.69e-67	111	ok
smbu06GL000107	GCA_033954895.1	100.000	100.0	1.69e-67	111	ok
smbu06GL000107	GCA_033954915.1	100.000	100.0	1.69e-67	111	ok
smbu06GL000107	GCA_036669985.1	100.000	100.0	1.69e-67	111	ok
smbu06GL000107	GCA_040745045.1	100.000	100.0	1.69e-67	111	ok
smbu06GL000107	GCA_041930275.1	93.694	100.0	2.04e-64	111	ok
smbu06GL000107	GCA_041952535.1	93.694	100.0	2.04e-64	111	ok
smbu06GL000107	GCA_043950735.1	99.099	100.0	7.31e-67	111	ok
smbu06GL000107	GCA_043950745.1	99.099	100.0	7.31e-67	111	ok
smbu06GL000107	GCA_045039055.1	93.694	100.0	2.04e-64	111	ok
smbu06GL000107	GCA_049315065.1	100.000	100.0	1.69e-67	111	ok
smbu06GL000107	GCA_049315075.1	99.099	100.0	7.31e-67	111	ok
smbu06GL000107	GCA_049315085.1	99.099	100.0	7.31e-67	111	ok
smbu06GL000107	GCA_049315095.1	99.099	100.0	7.31e-67	111	ok
smbu06GL000107	GCA_049315105.1	99.099	100.0	7.31e-67	111	ok
smbu06GL000107	GCA_049315115.1	100.000	100.0	1.69e-67	111	ok
smbu06GL000107	GCA_049315125.1	100.000	100.0	1.69e-67	111	ok
smbu06GL000107	GCA_049315135.1	99.099	100.0	7.31e-67	111	ok
smbu06GL000107	GCA_049315145.1	100.000	100.0	1.69e-67	111	ok
smbu06GL000107	GCA_049315155.1	99.099	100.0	7.31e-67	111	ok
smbu06GL000107	GCA_049315165.1	100.000	100.0	1.69e-67	111	ok
smbu06GL000107	GCA_049315175.1	100.000	100.0	1.69e-67	111	ok
smbu06GL000107	GCA_052655065.1	100.000	100.0	1.69e-67	111	ok
smbu06GL000107	GCA_052655335.1	100.000	100.0	1.69e-67	111	ok
smbu06GL000107	GCA_052655665.1	100.000	100.0	1.69e-67	111	ok
smbu06GL000107	GCA_052656575.1	100.000	100.0	1.69e-67	111	ok
smbu06GL000107	GCA_052657825.1	100.000	100.0	1.69e-67	111	ok
smbu06GL000107	GCA_052658005.1	100.000	100.0	1.69e-67	111	ok
smbu06GL000107	GCA_053764515.1	99.099	100.0	4.64e-67	111	ok
smbu06GL000107	GCA_055397705.1	100.000	100.0	1.69e-67	111	ok
smbu06GL000107	GCA_055397995.1	99.099	100.0	7.31e-67	111	ok
smbu06GL000107	GCA_056487485.1	99.099	100.0	4.64e-67	111	ok
smbu06GL000107	GCA_056582645.1	100.000	100.0	1.69e-67	111	ok
smbu06GL000107	GCA_058072705.1	100.000	100.0	1.69e-67	111	ok
smbu06GL000107	GCA_060306215.1	100.000	100.0	1.69e-67	111	ok
smbu06GL000107	GCA_060307205.1	99.099	100.0	7.31e-67	111	ok
smbu06GL000107	GCA_060307225.1	100.000	100.0	1.69e-67	111	ok
smbu06GL000107	GCA_061568495.1	100.000	100.0	1.69e-67	111	ok
smbu06GL000107	GCA_900636615.1	99.099	100.0	7.31e-67	111	ok
smbu06GL000107	GCA_905186115.1	99.099	100.0	7.31e-67	111	ok
smbu06GL000107	GCA_931972305.1	99.099	100.0	4.64e-67	111	ok
smbu06GL000107	GCA_963280925.1	99.099	100.0	7.31e-67	111	ok
smbu06GL000107	GCA_988227945.1	100.000	100.0	1.69e-67	111	ok
smbu06GL000107	GCA_988227985.1	100.000	100.0	1.69e-67	111	ok
smbu06GL000107	GCA_988228025.1	100.000	100.0	1.69e-67	111	ok
smbu06GL000107	GCA_988235375.1	98.198	100.0	1.03e-66	111	ok
smbu06GL000107	GCA_988236725.1	98.198	100.0	1.03e-66	111	ok
smbu06GL000107	GCA_988237225.1	100.000	100.0	1.69e-67	111	ok
smbu06GL000107	GCF_001298485.1	100.000	100.0	1.69e-67	111	ok
smbu06GL000107	GCF_001412695.1	100.000	100.0	1.69e-67	111	ok
smbu06GL000107	GCF_001598635.1	88.288	100.0	5.78e-61	111	ok
smbu06GL000107	GCF_001689055.2	88.288	100.0	5.78e-61	111	ok
smbu06GL000107	GCF_002208945.1	88.288	100.0	5.78e-61	111	ok
smbu06GL000107	GCF_002216705.1	99.099	100.0	4.64e-67	111	ok
smbu06GL000107	GCF_002278015.2	99.099	100.0	7.31e-67	111	ok
smbu06GL000107	GCF_002289045.2	88.288	100.0	5.78e-61	111	ok
smbu06GL000107	GCF_002290025.1	98.198	100.0	1.03e-66	111	ok
smbu06GL000107	GCF_002355755.1	88.288	100.0	5.78e-61	111	ok
smbu06GL000107	GCF_002761555.1	100.000	100.0	1.69e-67	111	ok
smbu06GL000107	GCF_002831505.1	100.000	100.0	1.69e-67	111	ok
smbu06GL000107	GCF_002850515.1	100.000	100.0	1.69e-67	111	ok
smbu06GL000107	GCF_002983785.1	100.000	100.0	1.69e-67	111	ok
smbu06GL000107	GCF_003269465.1	100.000	100.0	1.69e-67	111	ok
smbu06GL000107	GCF_003667965.1	100.000	100.0	1.69e-67	111	ok
smbu06GL000107	GCF_003711125.1	93.694	100.0	2.32e-63	111	ok
smbu06GL000107	GCF_003711605.1	100.000	100.0	1.69e-67	111	ok
smbu06GL000107	GCF_003812665.1	88.288	100.0	5.78e-61	111	ok
smbu06GL000107	GCF_004332055.1	100.000	100.0	1.69e-67	111	ok
smbu06GL000107	GCF_005484525.1	88.288	100.0	5.78e-61	111	ok
smbu06GL000107	GCF_006337145.1	100.000	100.0	1.69e-67	111	ok
smbu06GL000107	GCF_006351785.1	100.000	100.0	1.69e-67	111	ok
smbu06GL000107	GCF_006351845.1	100.000	100.0	1.69e-67	111	ok
smbu06GL000107	GCF_006364815.1	88.288	100.0	5.78e-61	111	ok
smbu06GL000107	GCF_006494835.1	88.288	100.0	5.78e-61	111	ok
smbu06GL000107	GCF_006494855.1	88.288	100.0	5.78e-61	111	ok
smbu06GL000107	GCF_006494875.1	88.288	100.0	5.78e-61	111	ok
smbu06GL000107	GCF_006766145.1	88.288	100.0	5.78e-61	111	ok
smbu06GL000107	GCF_007923665.2	100.000	100.0	1.69e-67	111	ok
smbu06GL000107	GCF_007923785.2	100.000	100.0	1.69e-67	111	ok
smbu06GL000107	GCF_007923865.2	99.099	100.0	3.64e-67	111	ok
smbu06GL000107	GCF_007923885.2	100.000	100.0	1.69e-67	111	ok
smbu06GL000107	GCF_007923905.2	100.000	100.0	1.69e-67	111	ok
smbu06GL000107	GCF_007923925.2	99.099	100.0	3.64e-67	111	ok
smbu06GL000107	GCF_007923945.2	100.000	100.0	1.69e-67	111	ok
smbu06GL000107	GCF_007923965.2	100.000	100.0	1.69e-67	111	ok
smbu06GL000107	GCF_008330605.1	100.000	100.0	1.69e-67	111	ok
smbu06GL000107	GCF_009730155.1	93.694	100.0	2.04e-64	111	ok
smbu06GL000107	GCF_009734005.1	100.000	100.0	1.69e-67	111	ok
smbu06GL000107	GCF_009938075.1	100.000	100.0	1.69e-67	111	ok
smbu06GL000107	GCF_010103655.1	88.288	100.0	5.78e-61	111	ok
smbu06GL000107	GCF_010120755.1	100.000	100.0	1.69e-67	111	ok
smbu06GL000107	GCF_011745645.1	100.000	100.0	1.69e-67	111	ok
smbu06GL000107	GCF_012045365.1	100.000	100.0	1.69e-67	111	ok
smbu06GL000107	GCF_012045505.1	100.000	100.0	1.69e-67	111	ok
smbu06GL000107	GCF_012594215.1	88.288	100.0	5.78e-61	111	ok
smbu06GL000107	GCF_013201055.1	100.000	100.0	1.69e-67	111	ok
smbu06GL000107	GCF_013344625.1	88.288	100.0	5.78e-61	111	ok
smbu06GL000107	GCF_013344645.1	88.288	100.0	5.78e-61	111	ok
smbu06GL000107	GCF_013344665.1	88.288	100.0	5.78e-61	111	ok
smbu06GL000107	GCF_013391145.1	99.099	100.0	7.31e-67	111	ok
smbu06GL000107	GCF_013391165.1	99.099	100.0	7.31e-67	111	ok
smbu06GL000107	GCF_013391185.1	99.099	100.0	7.31e-67	111	ok
smbu06GL000107	GCF_013391205.1	99.099	100.0	7.31e-67	111	ok
smbu06GL000107	GCF_013394325.1	93.694	100.0	5.48e-64	111	ok
smbu06GL000107	GCF_015377765.1	100.000	100.0	1.69e-67	111	ok
smbu06GL000107	GCF_015767695.1	100.000	100.0	1.69e-67	111	ok
smbu06GL000107	GCF_015767715.1	100.000	100.0	1.69e-67	111	ok
smbu06GL000107	GCF_016127235.1	99.099	100.0	7.31e-67	111	ok
smbu06GL000107	GCF_017280035.1	88.288	100.0	5.78e-61	111	ok
smbu06GL000107	GCF_017357805.1	88.288	100.0	5.78e-61	111	ok
smbu06GL000107	GCF_018516845.1	99.099	100.0	3.64e-67	111	ok
smbu06GL000107	GCF_019203145.1	100.000	100.0	1.69e-67	111	ok
smbu06GL000107	GCF_019343125.1	100.000	100.0	1.69e-67	111	ok
smbu06GL000107	GCF_019456555.1	100.000	100.0	1.69e-67	111	ok
smbu06GL000107	GCF_019456575.1	100.000	100.0	1.69e-67	111	ok
smbu06GL000107	GCF_019456595.1	100.000	100.0	1.69e-67	111	ok
smbu06GL000107	GCF_019797905.1	94.595	100.0	5.93e-64	111	ok
smbu06GL000107	GCF_019967715.1	100.000	100.0	1.69e-67	111	ok
smbu06GL000107	GCF_020881975.1	88.288	100.0	5.78e-61	111	ok
smbu06GL000107	GCF_020906605.1	88.288	100.0	5.78e-61	111	ok
smbu06GL000107	GCF_022869705.1	88.288	100.0	5.78e-61	111	ok
smbu06GL000107	GCF_023299785.1	88.288	100.0	5.78e-61	111	ok
smbu06GL000107	GCF_023375505.1	88.288	100.0	5.78e-61	111	ok
smbu06GL000107	GCF_023612035.1	88.288	100.0	5.78e-61	111	ok
smbu06GL000107	GCF_023612275.1	100.000	100.0	1.69e-67	111	ok
smbu06GL000107	GCF_024267595.1	88.288	100.0	5.78e-61	111	ok
smbu06GL000107	GCF_025957845.1	88.288	100.0	5.78e-61	111	ok
smbu06GL000107	GCF_025957925.1	88.288	100.0	5.78e-61	111	ok
smbu06GL000107	GCF_025958025.1	88.288	100.0	5.78e-61	111	ok
smbu06GL000107	GCF_025958065.1	88.288	100.0	5.78e-61	111	ok
smbu06GL000107	GCF_025958085.1	88.288	100.0	5.78e-61	111	ok
smbu06GL000107	GCF_025958625.1	88.288	100.0	5.78e-61	111	ok
smbu06GL000107	GCF_025958845.1	88.288	100.0	5.78e-61	111	ok
smbu06GL000107	GCF_025958885.1	88.288	100.0	5.78e-61	111	ok
smbu06GL000107	GCF_026650885.1	88.288	100.0	5.78e-61	111	ok
smbu06GL000107	GCF_027915235.1	100.000	100.0	1.69e-67	111	ok
smbu06GL000107	GCF_030490365.1	100.000	100.0	1.69e-67	111	ok
smbu06GL000107	GCF_030584585.1	100.000	100.0	1.69e-67	111	ok
smbu06GL000107	GCF_030584605.1	100.000	100.0	1.69e-67	111	ok
smbu06GL000107	GCF_030584685.1	100.000	100.0	1.69e-67	111	ok
smbu06GL000107	GCF_030643745.1	100.000	100.0	1.69e-67	111	ok
smbu06GL000107	GCF_033954875.1	100.000	100.0	1.69e-67	111	ok
smbu06GL000107	GCF_033954895.1	100.000	100.0	1.69e-67	111	ok
smbu06GL000107	GCF_033954915.1	100.000	100.0	1.69e-67	111	ok
smbu06GL000107	GCF_036669985.1	100.000	100.0	1.69e-67	111	ok
smbu06GL000107	GCF_040745045.1	100.000	100.0	1.69e-67	111	ok
smbu06GL000107	GCF_043950735.1	99.099	100.0	7.31e-67	111	ok
smbu06GL000107	GCF_049315065.1	100.000	100.0	1.69e-67	111	ok
smbu06GL000107	GCF_049315075.1	99.099	100.0	7.31e-67	111	ok
smbu06GL000107	GCF_049315085.1	99.099	100.0	7.31e-67	111	ok
smbu06GL000107	GCF_049315095.1	99.099	100.0	7.31e-67	111	ok
smbu06GL000107	GCF_049315105.1	99.099	100.0	7.31e-67	111	ok
smbu06GL000107	GCF_049315115.1	100.000	100.0	1.69e-67	111	ok
smbu06GL000107	GCF_049315125.1	100.000	100.0	1.69e-67	111	ok
smbu06GL000107	GCF_049315135.1	99.099	100.0	7.31e-67	111	ok
smbu06GL000107	GCF_049315145.1	100.000	100.0	1.69e-67	111	ok
smbu06GL000107	GCF_049315155.1	99.099	100.0	7.31e-67	111	ok
smbu06GL000107	GCF_049315165.1	100.000	100.0	1.69e-67	111	ok
smbu06GL000107	GCF_049315175.1	100.000	100.0	1.69e-67	111	ok
smbu06GL000107	GCF_052655065.1	100.000	100.0	1.69e-67	111	ok
smbu06GL000107	GCF_052655335.1	100.000	100.0	1.69e-67	111	ok
smbu06GL000107	GCF_052655665.1	100.000	100.0	1.69e-67	111	ok
smbu06GL000107	GCF_052656575.1	100.000	100.0	1.69e-67	111	ok
smbu06GL000107	GCF_052657825.1	100.000	100.0	1.69e-67	111	ok
smbu06GL000107	GCF_052658005.1	100.000	100.0	1.69e-67	111	ok
smbu06GL000107	GCF_053764515.1	99.099	100.0	4.64e-67	111	ok
smbu06GL000107	GCF_056487465.1	99.099	100.0	4.64e-67	111	ok
smbu06GL000107	GCF_056582645.1	100.000	100.0	1.69e-67	111	ok
smbu06GL000107	GCF_931972305.1	99.099	100.0	4.64e-67	111	ok
smbu06GL000107	GCF_988227945.1	100.000	100.0	1.69e-67	111	ok
smbu06GL000107	GCF_988227985.1	100.000	100.0	1.69e-67	111	ok
smbu06GL000107	GCF_988228025.1	100.000	100.0	1.69e-67	111	ok
smbu06GL000107	L_lactis_14B4	72.321	100.0	1.32e-41	111	ok
smbu06GL000107	L_lactis_IL1403	72.321	100.0	1.3e-41	111	ok
smbu06GL000107	L_lactis_MG1363	72.321	100.0	1.35e-41	111	ok
smbu06GL000107	smbu06_project	100.000	100.0	1.69e-67	111	ok
smbu06GL000107	smbu08_project	100.000	100.0	1.69e-67	111	ok
smbu06GL000114	E_lactis_194	100.000	100.0	3.16e-19	41	ok
smbu06GL000114	GCA_000157355.2	95.122	100.0	6.69e-19	41	ok
smbu06GL000114	GCA_002216705.1	95.122	100.0	4.4e-19	41	ok
smbu06GL000114	GCA_002278015.2	95.122	100.0	2.16e-18	41	ok
smbu06GL000114	GCA_002290025.1	97.561	100.0	3.01e-19	41	ok
smbu06GL000114	GCA_002813755.1	95.122	100.0	4.4e-19	41	ok
smbu06GL000114	GCA_003711125.1	95.122	100.0	1.99e-18	41	ok
smbu06GL000114	GCA_005347505.1	95.122	100.0	1.99e-18	41	ok
smbu06GL000114	GCA_009730155.1	95.122	100.0	6.69e-19	41	ok
smbu06GL000114	GCA_013391145.1	95.122	100.0	2.16e-18	41	ok
smbu06GL000114	GCA_013391165.1	95.122	100.0	2.16e-18	41	ok
smbu06GL000114	GCA_013391185.1	95.122	100.0	2.14e-18	41	ok
smbu06GL000114	GCA_013391205.1	95.122	100.0	2.16e-18	41	ok
smbu06GL000114	GCA_013394325.1	92.683	100.0	4.35e-18	41	ok
smbu06GL000114	GCA_015767715.1	100.000	100.0	3.16e-19	41	ok
smbu06GL000114	GCA_016127235.1	95.122	100.0	2.16e-18	41	ok
smbu06GL000114	GCA_019203145.1	100.000	100.0	3.16e-19	41	ok
smbu06GL000114	GCA_019343125.1	100.000	100.0	3.16e-19	41	ok
smbu06GL000114	GCA_019797905.1	95.122	100.0	1.3e-18	41	ok
smbu06GL000114	GCA_019967715.1	100.000	100.0	3.16e-19	41	ok
smbu06GL000114	GCA_022870765.1	95.122	100.0	5.84e-19	41	ok
smbu06GL000114	GCA_023523715.1	95.122	100.0	6.69e-19	41	ok
smbu06GL000114	GCA_023612275.1	100.000	100.0	3.16e-19	41	ok
smbu06GL000114	GCA_025402795.1	95.122	100.0	1.3e-18	41	ok
smbu06GL000114	GCA_025402855.1	95.122	100.0	1.3e-18	41	ok
smbu06GL000114	GCA_029201225.1	95.122	100.0	5.84e-19	41	ok
smbu06GL000114	GCA_029215545.1	95.122	100.0	6.69e-19	41	ok
smbu06GL000114	GCA_030490365.1	100.000	100.0	3.16e-19	41	ok
smbu06GL000114	GCA_033954875.1	100.000	100.0	3.16e-19	41	ok
smbu06GL000114	GCA_033954895.1	100.000	100.0	3.16e-19	41	ok
smbu06GL000114	GCA_033954915.1	100.000	100.0	3.16e-19	41	ok
smbu06GL000114	GCA_036669985.1	100.000	100.0	3.16e-19	41	ok
smbu06GL000114	GCA_040745045.1	100.000	100.0	3.16e-19	41	ok
smbu06GL000114	GCA_041930275.1	95.122	100.0	6.69e-19	41	ok
smbu06GL000114	GCA_041952535.1	95.122	100.0	6.69e-19	41	ok
smbu06GL000114	GCA_043950735.1	95.122	100.0	2.16e-18	41	ok
smbu06GL000114	GCA_043950745.1	95.122	100.0	2.16e-18	41	ok
smbu06GL000114	GCA_045039055.1	95.122	100.0	6.69e-19	41	ok
smbu06GL000114	GCA_049315065.1	100.000	100.0	3.16e-19	41	ok
smbu06GL000114	GCA_049315075.1	95.122	100.0	1.53e-18	41	ok
smbu06GL000114	GCA_049315085.1	95.122	100.0	1.53e-18	41	ok
smbu06GL000114	GCA_049315095.1	95.122	100.0	1.53e-18	41	ok
smbu06GL000114	GCA_049315105.1	95.122	100.0	1.53e-18	41	ok
smbu06GL000114	GCA_049315115.1	100.000	100.0	3.16e-19	41	ok
smbu06GL000114	GCA_049315125.1	100.000	100.0	3.16e-19	41	ok
smbu06GL000114	GCA_049315135.1	95.122	100.0	1.53e-18	41	ok
smbu06GL000114	GCA_049315145.1	100.000	100.0	3.16e-19	41	ok
smbu06GL000114	GCA_049315155.1	95.122	100.0	1.53e-18	41	ok
smbu06GL000114	GCA_049315165.1	100.000	100.0	3.16e-19	41	ok
smbu06GL000114	GCA_049315175.1	100.000	100.0	3.16e-19	41	ok
smbu06GL000114	GCA_052655065.1	100.000	100.0	3.16e-19	41	ok
smbu06GL000114	GCA_052655335.1	100.000	100.0	3.16e-19	41	ok
smbu06GL000114	GCA_052655665.1	100.000	100.0	3.16e-19	41	ok
smbu06GL000114	GCA_052656575.1	100.000	100.0	3.16e-19	41	ok
smbu06GL000114	GCA_052657825.1	100.000	100.0	3.16e-19	41	ok
smbu06GL000114	GCA_052658005.1	100.000	100.0	3.16e-19	41	ok
smbu06GL000114	GCA_053764515.1	95.122	100.0	4.4e-19	41	ok
smbu06GL000114	GCA_055397995.1	95.122	100.0	2.16e-18	41	ok
smbu06GL000114	GCA_056487485.1	95.122	100.0	4.4e-19	41	ok
smbu06GL000114	GCA_056582645.1	100.000	100.0	3.16e-19	41	ok
smbu06GL000114	GCA_058072705.1	100.000	100.0	3.16e-19	41	ok
smbu06GL000114	GCA_060306215.1	100.000	100.0	3.16e-19	41	ok
smbu06GL000114	GCA_060307205.1	95.122	100.0	2.16e-18	41	ok
smbu06GL000114	GCA_060307225.1	100.000	100.0	3.16e-19	41	ok
smbu06GL000114	GCA_061568495.1	100.000	100.0	3.16e-19	41	ok
smbu06GL000114	GCA_900636615.1	95.122	100.0	2.16e-18	41	ok
smbu06GL000114	GCA_905186115.1	95.122	100.0	2.16e-18	41	ok
smbu06GL000114	GCA_931972305.1	95.122	100.0	4.4e-19	41	ok
smbu06GL000114	GCA_963280925.1	95.122	100.0	2.16e-18	41	ok
smbu06GL000114	GCA_988227945.1	100.000	100.0	3.16e-19	41	ok
smbu06GL000114	GCA_988227985.1	100.000	100.0	3.16e-19	41	ok
smbu06GL000114	GCA_988228025.1	100.000	100.0	3.16e-19	41	ok
smbu06GL000114	GCA_988235375.1	97.561	100.0	3.01e-19	41	ok
smbu06GL000114	GCA_988236725.1	97.561	100.0	3.01e-19	41	ok
smbu06GL000114	GCA_988237225.1	100.000	100.0	3.16e-19	41	ok
smbu06GL000114	GCF_001298485.1	100.000	100.0	3.16e-19	41	ok
smbu06GL000114	GCF_001412695.1	100.000	100.0	3.16e-19	41	ok
smbu06GL000114	GCF_001598635.1	92.683	100.0	9.6e-19	41	ok
smbu06GL000114	GCF_001689055.2	92.683	100.0	9.6e-19	41	ok
smbu06GL000114	GCF_002208945.1	92.683	100.0	9.6e-19	41	ok
smbu06GL000114	GCF_002216705.1	95.122	100.0	4.4e-19	41	ok
smbu06GL000114	GCF_002278015.2	95.122	100.0	2.16e-18	41	ok
smbu06GL000114	GCF_002289045.2	92.683	100.0	9.6e-19	41	ok
smbu06GL000114	GCF_002290025.1	97.561	100.0	3.01e-19	41	ok
smbu06GL000114	GCF_002355755.1	92.683	100.0	9.6e-19	41	ok
smbu06GL000114	GCF_002761555.1	100.000	100.0	3.16e-19	41	ok
smbu06GL000114	GCF_002831505.1	100.000	100.0	3.16e-19	41	ok
smbu06GL000114	GCF_002850515.1	100.000	100.0	3.16e-19	41	ok
smbu06GL000114	GCF_002983785.1	100.000	100.0	3.16e-19	41	ok
smbu06GL000114	GCF_003269465.1	100.000	100.0	3.16e-19	41	ok
smbu06GL000114	GCF_003667965.1	100.000	100.0	3.16e-19	41	ok
smbu06GL000114	GCF_003711125.1	95.122	100.0	1.99e-18	41	ok
smbu06GL000114	GCF_003711605.1	100.000	100.0	3.16e-19	41	ok
smbu06GL000114	GCF_003812665.1	92.683	100.0	9.6e-19	41	ok
smbu06GL000114	GCF_004332055.1	100.000	100.0	3.16e-19	41	ok
smbu06GL000114	GCF_005484525.1	92.683	100.0	9.6e-19	41	ok
smbu06GL000114	GCF_006337145.1	100.000	100.0	3.16e-19	41	ok
smbu06GL000114	GCF_006351785.1	100.000	100.0	3.16e-19	41	ok
smbu06GL000114	GCF_006351845.1	100.000	100.0	3.16e-19	41	ok
smbu06GL000114	GCF_006364815.1	92.683	100.0	9.6e-19	41	ok
smbu06GL000114	GCF_006494835.1	92.683	100.0	9.6e-19	41	ok
smbu06GL000114	GCF_006494855.1	92.683	100.0	9.6e-19	41	ok
smbu06GL000114	GCF_006494875.1	92.683	100.0	9.6e-19	41	ok
smbu06GL000114	GCF_006766145.1	92.683	100.0	9.6e-19	41	ok
smbu06GL000114	GCF_007923665.2	100.000	100.0	3.16e-19	41	ok
smbu06GL000114	GCF_007923785.2	100.000	100.0	3.16e-19	41	ok
smbu06GL000114	GCF_007923865.2	100.000	100.0	3.16e-19	41	ok
smbu06GL000114	GCF_007923885.2	100.000	100.0	3.16e-19	41	ok
smbu06GL000114	GCF_007923905.2	100.000	100.0	3.16e-19	41	ok
smbu06GL000114	GCF_007923925.2	100.000	100.0	3.16e-19	41	ok
smbu06GL000114	GCF_007923945.2	100.000	100.0	3.16e-19	41	ok
smbu06GL000114	GCF_007923965.2	100.000	100.0	3.16e-19	41	ok
smbu06GL000114	GCF_008330605.1	100.000	100.0	3.16e-19	41	ok
smbu06GL000114	GCF_009730155.1	95.122	100.0	6.69e-19	41	ok
smbu06GL000114	GCF_009734005.1	100.000	100.0	3.16e-19	41	ok
smbu06GL000114	GCF_009938075.1	100.000	100.0	3.16e-19	41	ok
smbu06GL000114	GCF_010103655.1	92.683	100.0	9.6e-19	41	ok
smbu06GL000114	GCF_010120755.1	100.000	100.0	3.16e-19	41	ok
smbu06GL000114	GCF_011745645.1	100.000	100.0	3.16e-19	41	ok
smbu06GL000114	GCF_012045365.1	100.000	100.0	3.16e-19	41	ok
smbu06GL000114	GCF_012045505.1	100.000	100.0	3.16e-19	41	ok
smbu06GL000114	GCF_012594215.1	92.683	100.0	9.6e-19	41	ok
smbu06GL000114	GCF_013201055.1	100.000	100.0	3.16e-19	41	ok
smbu06GL000114	GCF_013344625.1	92.683	100.0	9.6e-19	41	ok
smbu06GL000114	GCF_013344645.1	92.683	100.0	9.6e-19	41	ok
smbu06GL000114	GCF_013344665.1	92.683	100.0	9.6e-19	41	ok
smbu06GL000114	GCF_013391145.1	95.122	100.0	2.16e-18	41	ok
smbu06GL000114	GCF_013391165.1	95.122	100.0	2.16e-18	41	ok
smbu06GL000114	GCF_013391185.1	95.122	100.0	2.14e-18	41	ok
smbu06GL000114	GCF_013391205.1	95.122	100.0	2.16e-18	41	ok
smbu06GL000114	GCF_013394325.1	92.683	100.0	4.35e-18	41	ok
smbu06GL000114	GCF_015377765.1	100.000	100.0	3.16e-19	41	ok
smbu06GL000114	GCF_015767695.1	100.000	100.0	3.16e-19	41	ok
smbu06GL000114	GCF_015767715.1	100.000	100.0	3.16e-19	41	ok
smbu06GL000114	GCF_016127235.1	95.122	100.0	2.16e-18	41	ok
smbu06GL000114	GCF_017280035.1	92.683	100.0	9.6e-19	41	ok
smbu06GL000114	GCF_017357805.1	92.683	100.0	9.6e-19	41	ok
smbu06GL000114	GCF_018516845.1	100.000	100.0	3.16e-19	41	ok
smbu06GL000114	GCF_019203145.1	100.000	100.0	3.16e-19	41	ok
smbu06GL000114	GCF_019343125.1	100.000	100.0	3.16e-19	41	ok
smbu06GL000114	GCF_019456555.1	100.000	100.0	3.16e-19	41	ok
smbu06GL000114	GCF_019456575.1	100.000	100.0	3.16e-19	41	ok
smbu06GL000114	GCF_019456595.1	100.000	100.0	3.16e-19	41	ok
smbu06GL000114	GCF_019797905.1	95.122	100.0	1.3e-18	41	ok
smbu06GL000114	GCF_019967715.1	100.000	100.0	3.16e-19	41	ok
smbu06GL000114	GCF_020881975.1	92.683	100.0	9.6e-19	41	ok
smbu06GL000114	GCF_020906605.1	92.683	100.0	9.6e-19	41	ok
smbu06GL000114	GCF_022869705.1	92.683	100.0	9.6e-19	41	ok
smbu06GL000114	GCF_023299785.1	92.683	100.0	9.6e-19	41	ok
smbu06GL000114	GCF_023375505.1	92.683	100.0	9.6e-19	41	ok
smbu06GL000114	GCF_023612035.1	92.683	100.0	9.6e-19	41	ok
smbu06GL000114	GCF_023612275.1	100.000	100.0	3.16e-19	41	ok
smbu06GL000114	GCF_024267595.1	92.683	100.0	9.6e-19	41	ok
smbu06GL000114	GCF_025957845.1	92.683	100.0	9.6e-19	41	ok
smbu06GL000114	GCF_025957925.1	92.683	100.0	9.6e-19	41	ok
smbu06GL000114	GCF_025958025.1	92.683	100.0	9.6e-19	41	ok
smbu06GL000114	GCF_025958065.1	92.683	100.0	9.6e-19	41	ok
smbu06GL000114	GCF_025958085.1	92.683	100.0	9.6e-19	41	ok
smbu06GL000114	GCF_025958625.1	92.683	100.0	9.6e-19	41	ok
smbu06GL000114	GCF_025958845.1	92.683	100.0	9.6e-19	41	ok
smbu06GL000114	GCF_025958885.1	92.683	100.0	9.6e-19	41	ok
smbu06GL000114	GCF_026650885.1	92.683	100.0	9.6e-19	41	ok
smbu06GL000114	GCF_027915235.1	100.000	100.0	3.16e-19	41	ok
smbu06GL000114	GCF_030490365.1	100.000	100.0	3.16e-19	41	ok
smbu06GL000114	GCF_030584585.1	100.000	100.0	3.16e-19	41	ok
smbu06GL000114	GCF_030584605.1	100.000	100.0	3.16e-19	41	ok
smbu06GL000114	GCF_030584685.1	100.000	100.0	3.16e-19	41	ok
smbu06GL000114	GCF_030643745.1	100.000	100.0	3.16e-19	41	ok
smbu06GL000114	GCF_033954875.1	100.000	100.0	3.16e-19	41	ok
smbu06GL000114	GCF_033954895.1	100.000	100.0	3.16e-19	41	ok
smbu06GL000114	GCF_033954915.1	100.000	100.0	3.16e-19	41	ok
smbu06GL000114	GCF_036669985.1	100.000	100.0	3.16e-19	41	ok
smbu06GL000114	GCF_040745045.1	100.000	100.0	3.16e-19	41	ok
smbu06GL000114	GCF_043950735.1	95.122	100.0	2.16e-18	41	ok
smbu06GL000114	GCF_049315065.1	100.000	100.0	3.16e-19	41	ok
smbu06GL000114	GCF_049315075.1	95.122	100.0	1.53e-18	41	ok
smbu06GL000114	GCF_049315085.1	95.122	100.0	1.53e-18	41	ok
smbu06GL000114	GCF_049315095.1	95.122	100.0	1.53e-18	41	ok
smbu06GL000114	GCF_049315105.1	95.122	100.0	1.53e-18	41	ok
smbu06GL000114	GCF_049315115.1	100.000	100.0	3.16e-19	41	ok
smbu06GL000114	GCF_049315125.1	100.000	100.0	3.16e-19	41	ok
smbu06GL000114	GCF_049315135.1	95.122	100.0	1.53e-18	41	ok
smbu06GL000114	GCF_049315145.1	100.000	100.0	3.16e-19	41	ok
smbu06GL000114	GCF_049315155.1	95.122	100.0	1.53e-18	41	ok
smbu06GL000114	GCF_049315165.1	100.000	100.0	3.16e-19	41	ok
smbu06GL000114	GCF_049315175.1	100.000	100.0	3.16e-19	41	ok
smbu06GL000114	GCF_052655065.1	100.000	100.0	3.16e-19	41	ok
smbu06GL000114	GCF_052655335.1	100.000	100.0	3.16e-19	41	ok
smbu06GL000114	GCF_052655665.1	100.000	100.0	3.16e-19	41	ok
smbu06GL000114	GCF_052656575.1	100.000	100.0	3.16e-19	41	ok
smbu06GL000114	GCF_052657825.1	100.000	100.0	3.16e-19	41	ok
smbu06GL000114	GCF_052658005.1	100.000	100.0	3.16e-19	41	ok
smbu06GL000114	GCF_053764515.1	95.122	100.0	4.4e-19	41	ok
smbu06GL000114	GCF_056487465.1	92.683	100.0	5.25e-19	41	ok
smbu06GL000114	GCF_056582645.1	100.000	100.0	3.16e-19	41	ok
smbu06GL000114	GCF_931972305.1	95.122	100.0	4.4e-19	41	ok
smbu06GL000114	GCF_988227945.1	100.000	100.0	3.16e-19	41	ok
smbu06GL000114	GCF_988227985.1	100.000	100.0	3.16e-19	41	ok
smbu06GL000114	GCF_988228025.1	100.000	100.0	3.16e-19	41	ok
smbu06GL000114	smbu06_project	100.000	100.0	3.16e-19	41	ok
smbu06GL000114	smbu08_project	100.000	100.0	3.16e-19	41	ok
smbu06GL000165	E_lactis_194	100.000	100.0	9.31e-134	203	ok
smbu06GL000165	GCA_000006865.1	74.877	100.0	2.24e-100	203	ok
smbu06GL000165	GCA_000157355.2	92.118	100.0	8.46e-125	203	ok
smbu06GL000165	GCA_000344575.1	74.384	100.0	8.34e-100	203	ok
smbu06GL000165	GCA_000761115.1	74.384	100.0	8.34e-100	203	ok
smbu06GL000165	GCA_000807375.1	74.877	100.0	2.24e-100	203	ok
smbu06GL000165	GCA_002216705.1	98.522	100.0	5.42e-132	203	ok
smbu06GL000165	GCA_002278015.2	97.537	100.0	2.86e-132	203	ok
smbu06GL000165	GCA_002290025.1	98.522	100.0	3.97e-132	203	ok
smbu06GL000165	GCA_002804185.1	74.877	100.0	2.24e-100	203	ok
smbu06GL000165	GCA_002804285.1	74.877	100.0	2.24e-100	203	ok
smbu06GL000165	GCA_002813755.1	98.522	100.0	5.42e-132	203	ok
smbu06GL000165	GCA_002895225.1	74.877	100.0	2.24e-100	203	ok
smbu06GL000165	GCA_003711125.1	86.070	99.0	4.31e-116	201	ok
smbu06GL000165	GCA_003722255.1	74.877	100.0	2.24e-100	203	ok
smbu06GL000165	GCA_005347505.1	86.070	99.0	4.31e-116	201	ok
smbu06GL000165	GCA_009730155.1	92.611	100.0	6.33e-125	203	ok
smbu06GL000165	GCA_013391145.1	97.537	100.0	2.86e-132	203	ok
smbu06GL000165	GCA_013391165.1	97.537	100.0	2.86e-132	203	ok
smbu06GL000165	GCA_013391185.1	97.537	100.0	2.86e-132	203	ok
smbu06GL000165	GCA_013391205.1	97.537	100.0	2.86e-132	203	ok
smbu06GL000165	GCA_013394325.1	86.070	99.0	9.9e-117	201	ok
smbu06GL000165	GCA_015767715.1	100.000	100.0	9.31e-134	203	ok
smbu06GL000165	GCA_016127235.1	97.537	100.0	2.86e-132	203	ok
smbu06GL000165	GCA_019203145.1	99.507	100.0	1.06e-132	203	ok
smbu06GL000165	GCA_019343125.1	100.000	100.0	9.31e-134	203	ok
smbu06GL000165	GCA_019797905.1	86.567	99.0	2.51e-116	201	ok
smbu06GL000165	GCA_019967715.1	99.507	100.0	1.06e-132	203	ok
smbu06GL000165	GCA_022870765.1	92.118	100.0	8.47e-125	203	ok
smbu06GL000165	GCA_023523715.1	92.118	100.0	8.46e-125	203	ok
smbu06GL000165	GCA_023612275.1	100.000	100.0	9.31e-134	203	ok
smbu06GL000165	GCA_025402795.1	85.572	99.0	8.08e-116	201	ok
smbu06GL000165	GCA_025402855.1	85.572	99.0	8.08e-116	201	ok
smbu06GL000165	GCA_029201225.1	92.118	100.0	8.46e-125	203	ok
smbu06GL000165	GCA_029215545.1	92.118	100.0	8.46e-125	203	ok
smbu06GL000165	GCA_030490365.1	99.507	100.0	1.06e-132	203	ok
smbu06GL000165	GCA_033954875.1	99.507	100.0	1.06e-132	203	ok
smbu06GL000165	GCA_033954895.1	100.000	100.0	9.31e-134	203	ok
smbu06GL000165	GCA_033954915.1	100.000	100.0	9.31e-134	203	ok
smbu06GL000165	GCA_036669985.1	100.000	100.0	9.31e-134	203	ok
smbu06GL000165	GCA_040745045.1	99.507	100.0	1.06e-132	203	ok
smbu06GL000165	GCA_041930275.1	92.611	100.0	6.33e-125	203	ok
smbu06GL000165	GCA_041952535.1	92.611	100.0	6.33e-125	203	ok
smbu06GL000165	GCA_043950735.1	97.537	100.0	2.86e-132	203	ok
smbu06GL000165	GCA_043950745.1	97.537	100.0	2.86e-132	203	ok
smbu06GL000165	GCA_045039055.1	92.611	100.0	6.33e-125	203	ok
smbu06GL000165	GCA_049315065.1	100.000	100.0	9.31e-134	203	ok
smbu06GL000165	GCA_049315075.1	99.507	100.0	5.57e-133	203	ok
smbu06GL000165	GCA_049315085.1	99.507	100.0	5.57e-133	203	ok
smbu06GL000165	GCA_049315095.1	99.507	100.0	5.57e-133	203	ok
smbu06GL000165	GCA_049315105.1	99.507	100.0	5.57e-133	203	ok
smbu06GL000165	GCA_049315115.1	100.000	100.0	9.31e-134	203	ok
smbu06GL000165	GCA_049315125.1	100.000	100.0	9.31e-134	203	ok
smbu06GL000165	GCA_049315135.1	99.507	100.0	5.57e-133	203	ok
smbu06GL000165	GCA_049315145.1	100.000	100.0	9.31e-134	203	ok
smbu06GL000165	GCA_049315155.1	99.507	100.0	5.57e-133	203	ok
smbu06GL000165	GCA_049315165.1	100.000	100.0	9.31e-134	203	ok
smbu06GL000165	GCA_049315175.1	100.000	100.0	9.31e-134	203	ok
smbu06GL000165	GCA_052655065.1	100.000	100.0	9.31e-134	203	ok
smbu06GL000165	GCA_052655335.1	100.000	100.0	9.31e-134	203	ok
smbu06GL000165	GCA_052655665.1	100.000	100.0	9.31e-134	203	ok
smbu06GL000165	GCA_052656575.1	100.000	100.0	9.31e-134	203	ok
smbu06GL000165	GCA_052657825.1	100.000	100.0	9.31e-134	203	ok
smbu06GL000165	GCA_052658005.1	100.000	100.0	9.31e-134	203	ok
smbu06GL000165	GCA_053764515.1	98.522	100.0	5.42e-132	203	ok
smbu06GL000165	GCA_055397705.1	71.569	100.0	1.08e-82	133	ok
smbu06GL000165	GCA_055397995.1	97.475	97.5	1.09e-128	46	rejected
smbu06GL000165	GCA_056487485.1	98.522	100.0	5.42e-132	203	ok
smbu06GL000165	GCA_056582645.1	100.000	100.0	9.31e-134	203	ok
smbu06GL000165	GCA_058072705.1	100.000	100.0	9.31e-134	203	ok
smbu06GL000165	GCA_060306215.1	99.507	100.0	1.06e-132	203	ok
smbu06GL000165	GCA_060307205.1	97.537	100.0	2.86e-132	203	ok
smbu06GL000165	GCA_060307225.1	99.507	100.0	1.06e-132	203	ok
smbu06GL000165	GCA_061568495.1	99.507	100.0	1.06e-132	203	ok
smbu06GL000165	GCA_900636615.1	97.537	100.0	2.86e-132	203	ok
smbu06GL000165	GCA_905186115.1	97.537	100.0	2.86e-132	203	ok
smbu06GL000165	GCA_931972305.1	98.522	100.0	5.42e-132	203	ok
smbu06GL000165	GCA_963280925.1	97.044	100.0	1.36e-131	203	ok
smbu06GL000165	GCA_988227945.1	100.000	100.0	9.31e-134	203	ok
smbu06GL000165	GCA_988227985.1	100.000	100.0	9.31e-134	203	ok
smbu06GL000165	GCA_988228025.1	100.000	100.0	9.31e-134	203	ok
smbu06GL000165	GCA_988235375.1	98.522	100.0	3.97e-132	203	ok
smbu06GL000165	GCA_988236725.1	98.522	100.0	3.97e-132	203	ok
smbu06GL000165	GCA_988237225.1	100.000	100.0	9.31e-134	203	ok
smbu06GL000165	GCF_001298485.1	100.000	100.0	9.31e-134	203	ok
smbu06GL000165	GCF_001412695.1	100.000	100.0	9.31e-134	203	ok
smbu06GL000165	GCF_001598635.1	93.596	100.0	1.35e-126	203	ok
smbu06GL000165	GCF_001689055.2	93.596	100.0	1.35e-126	203	ok
smbu06GL000165	GCF_002208945.1	93.596	100.0	1.35e-126	203	ok
smbu06GL000165	GCF_002216705.1	98.522	100.0	5.42e-132	203	ok
smbu06GL000165	GCF_002278015.2	97.537	100.0	2.86e-132	203	ok
smbu06GL000165	GCF_002289045.2	93.596	100.0	1.35e-126	203	ok
smbu06GL000165	GCF_002290025.1	98.522	100.0	3.97e-132	203	ok
smbu06GL000165	GCF_002355755.1	93.596	100.0	1.35e-126	203	ok
smbu06GL000165	GCF_002761555.1	100.000	100.0	9.31e-134	203	ok
smbu06GL000165	GCF_002831505.1	100.000	100.0	9.31e-134	203	ok
smbu06GL000165	GCF_002850515.1	100.000	100.0	9.31e-134	203	ok
smbu06GL000165	GCF_002983785.1	100.000	100.0	9.31e-134	203	ok
smbu06GL000165	GCF_003269465.1	100.000	100.0	9.31e-134	203	ok
smbu06GL000165	GCF_003667965.1	100.000	100.0	9.31e-134	203	ok
smbu06GL000165	GCF_003711125.1	86.070	99.0	4.31e-116	201	ok
smbu06GL000165	GCF_003711605.1	100.000	100.0	9.31e-134	203	ok
smbu06GL000165	GCF_003812665.1	93.596	100.0	1.35e-126	203	ok
smbu06GL000165	GCF_004332055.1	100.000	100.0	9.31e-134	203	ok
smbu06GL000165	GCF_005484525.1	93.596	100.0	1.35e-126	203	ok
smbu06GL000165	GCF_006337145.1	99.507	100.0	1.06e-132	203	ok
smbu06GL000165	GCF_006351785.1	100.000	100.0	9.31e-134	203	ok
smbu06GL000165	GCF_006351845.1	100.000	100.0	9.31e-134	203	ok
smbu06GL000165	GCF_006364815.1	93.596	100.0	1.35e-126	203	ok
smbu06GL000165	GCF_006494835.1	93.596	100.0	1.57e-126	203	ok
smbu06GL000165	GCF_006494855.1	93.596	100.0	1.57e-126	203	ok
smbu06GL000165	GCF_006494875.1	93.596	100.0	1.57e-126	203	ok
smbu06GL000165	GCF_006766145.1	93.596	100.0	1.35e-126	203	ok
smbu06GL000165	GCF_007923665.2	100.000	100.0	9.31e-134	203	ok
smbu06GL000165	GCF_007923785.2	100.000	100.0	9.31e-134	203	ok
smbu06GL000165	GCF_007923865.2	100.000	100.0	9.31e-134	203	ok
smbu06GL000165	GCF_007923885.2	100.000	100.0	9.31e-134	203	ok
smbu06GL000165	GCF_007923905.2	100.000	100.0	9.31e-134	203	ok
smbu06GL000165	GCF_007923925.2	100.000	100.0	9.31e-134	203	ok
smbu06GL000165	GCF_007923945.2	100.000	100.0	9.31e-134	203	ok
smbu06GL000165	GCF_007923965.2	100.000	100.0	9.31e-134	203	ok
smbu06GL000165	GCF_008330605.1	100.000	100.0	9.31e-134	203	ok
smbu06GL000165	GCF_009730155.1	92.611	100.0	6.33e-125	203	ok
smbu06GL000165	GCF_009734005.1	100.000	100.0	9.31e-134	203	ok
smbu06GL000165	GCF_009938075.1	100.000	100.0	9.31e-134	203	ok
smbu06GL000165	GCF_010103655.1	93.596	100.0	1.35e-126	203	ok
smbu06GL000165	GCF_010120755.1	100.000	100.0	9.31e-134	203	ok
smbu06GL000165	GCF_011745645.1	99.507	100.0	1.06e-132	203	ok
smbu06GL000165	GCF_012045365.1	100.000	100.0	9.31e-134	203	ok
smbu06GL000165	GCF_012045505.1	100.000	100.0	9.31e-134	203	ok
smbu06GL000165	GCF_012594215.1	93.596	100.0	1.35e-126	203	ok
smbu06GL000165	GCF_013201055.1	99.507	100.0	1.06e-132	203	ok
smbu06GL000165	GCF_013344625.1	93.596	100.0	1.35e-126	203	ok
smbu06GL000165	GCF_013344645.1	93.596	100.0	1.35e-126	203	ok
smbu06GL000165	GCF_013344665.1	93.596	100.0	1.35e-126	203	ok
smbu06GL000165	GCF_013391145.1	97.537	100.0	2.86e-132	203	ok
smbu06GL000165	GCF_013391165.1	97.537	100.0	2.86e-132	203	ok
smbu06GL000165	GCF_013391185.1	97.537	100.0	2.86e-132	203	ok
smbu06GL000165	GCF_013391205.1	97.537	100.0	2.86e-132	203	ok
smbu06GL000165	GCF_013394325.1	86.070	99.0	9.9e-117	201	ok
smbu06GL000165	GCF_015377765.1	100.000	100.0	9.31e-134	203	ok
smbu06GL000165	GCF_015767695.1	100.000	100.0	9.31e-134	203	ok
smbu06GL000165	GCF_015767715.1	100.000	100.0	9.31e-134	203	ok
smbu06GL000165	GCF_016127235.1	97.537	100.0	2.86e-132	203	ok
smbu06GL000165	GCF_017280035.1	93.596	100.0	1.35e-126	203	ok
smbu06GL000165	GCF_017357805.1	93.596	100.0	1.35e-126	203	ok
smbu06GL000165	GCF_018516845.1	100.000	100.0	9.31e-134	203	ok
smbu06GL000165	GCF_019203145.1	99.507	100.0	1.06e-132	203	ok
smbu06GL000165	GCF_019343125.1	100.000	100.0	9.31e-134	203	ok
smbu06GL000165	GCF_019456555.1	100.000	100.0	9.31e-134	203	ok
smbu06GL000165	GCF_019456575.1	100.000	100.0	9.31e-134	203	ok
smbu06GL000165	GCF_019456595.1	100.000	100.0	9.31e-134	203	ok
smbu06GL000165	GCF_019797905.1	86.567	99.0	2.51e-116	201	ok
smbu06GL000165	GCF_019967715.1	99.507	100.0	1.06e-132	203	ok
smbu06GL000165	GCF_020881975.1	93.596	100.0	1.35e-126	203	ok
smbu06GL000165	GCF_020906605.1	93.596	100.0	1.35e-126	203	ok
smbu06GL000165	GCF_022869705.1	93.596	100.0	1.35e-126	203	ok
smbu06GL000165	GCF_023299785.1	93.596	100.0	1.35e-126	203	ok
smbu06GL000165	GCF_023375505.1	93.596	100.0	1.35e-126	203	ok
smbu06GL000165	GCF_023612035.1	93.596	100.0	1.35e-126	203	ok
smbu06GL000165	GCF_023612275.1	100.000	100.0	9.31e-134	203	ok
smbu06GL000165	GCF_024267595.1	93.596	100.0	1.35e-126	203	ok
smbu06GL000165	GCF_025957845.1	93.596	100.0	1.35e-126	203	ok
smbu06GL000165	GCF_025957925.1	93.596	100.0	1.35e-126	203	ok
smbu06GL000165	GCF_025958025.1	93.596	100.0	1.35e-126	203	ok
smbu06GL000165	GCF_025958065.1	93.596	100.0	1.35e-126	203	ok
smbu06GL000165	GCF_025958085.1	93.596	100.0	1.35e-126	203	ok
smbu06GL000165	GCF_025958625.1	93.596	100.0	1.35e-126	203	ok
smbu06GL000165	GCF_025958845.1	93.596	100.0	1.35e-126	203	ok
smbu06GL000165	GCF_025958885.1	93.596	100.0	1.35e-126	203	ok
smbu06GL000165	GCF_026650885.1	93.596	100.0	1.57e-126	203	ok
smbu06GL000165	GCF_027915235.1	99.507	100.0	1.06e-132	203	ok
smbu06GL000165	GCF_030490365.1	99.507	100.0	1.06e-132	203	ok
smbu06GL000165	GCF_030584585.1	100.000	100.0	9.31e-134	203	ok
smbu06GL000165	GCF_030584605.1	100.000	100.0	9.31e-134	203	ok
smbu06GL000165	GCF_030584685.1	100.000	100.0	9.31e-134	203	ok
smbu06GL000165	GCF_030643745.1	100.000	100.0	9.31e-134	203	ok
smbu06GL000165	GCF_033954875.1	99.507	100.0	1.06e-132	203	ok
smbu06GL000165	GCF_033954895.1	100.000	100.0	9.31e-134	203	ok
smbu06GL000165	GCF_033954915.1	100.000	100.0	9.31e-134	203	ok
smbu06GL000165	GCF_036669985.1	100.000	100.0	9.31e-134	203	ok
smbu06GL000165	GCF_040745045.1	99.507	100.0	1.06e-132	203	ok
smbu06GL000165	GCF_043950735.1	97.537	100.0	2.86e-132	203	ok
smbu06GL000165	GCF_049315065.1	100.000	100.0	9.31e-134	203	ok
smbu06GL000165	GCF_049315075.1	99.507	100.0	5.57e-133	203	ok
smbu06GL000165	GCF_049315085.1	99.507	100.0	5.57e-133	203	ok
smbu06GL000165	GCF_049315095.1	99.507	100.0	5.57e-133	203	ok
smbu06GL000165	GCF_049315105.1	99.507	100.0	5.57e-133	203	ok
smbu06GL000165	GCF_049315115.1	100.000	100.0	9.31e-134	203	ok
smbu06GL000165	GCF_049315125.1	100.000	100.0	9.31e-134	203	ok
smbu06GL000165	GCF_049315135.1	99.507	100.0	5.57e-133	203	ok
smbu06GL000165	GCF_049315145.1	100.000	100.0	9.31e-134	203	ok
smbu06GL000165	GCF_049315155.1	99.507	100.0	5.57e-133	203	ok
smbu06GL000165	GCF_049315165.1	100.000	100.0	9.31e-134	203	ok
smbu06GL000165	GCF_049315175.1	100.000	100.0	9.31e-134	203	ok
smbu06GL000165	GCF_052655065.1	100.000	100.0	9.31e-134	203	ok
smbu06GL000165	GCF_052655335.1	100.000	100.0	9.31e-134	203	ok
smbu06GL000165	GCF_052655665.1	100.000	100.0	9.31e-134	203	ok
smbu06GL000165	GCF_052656575.1	100.000	100.0	9.31e-134	203	ok
smbu06GL000165	GCF_052657825.1	100.000	100.0	9.31e-134	203	ok
smbu06GL000165	GCF_052658005.1	100.000	100.0	9.31e-134	203	ok
smbu06GL000165	GCF_053764515.1	98.522	100.0	5.42e-132	203	ok
smbu06GL000165	GCF_056487465.1	98.522	100.0	5.42e-132	203	ok
smbu06GL000165	GCF_056582645.1	100.000	100.0	9.31e-134	203	ok
smbu06GL000165	GCF_931972305.1	98.522	100.0	5.42e-132	203	ok
smbu06GL000165	GCF_988227945.1	100.000	100.0	9.31e-134	203	ok
smbu06GL000165	GCF_988227985.1	100.000	100.0	9.31e-134	203	ok
smbu06GL000165	GCF_988228025.1	100.000	100.0	9.31e-134	203	ok
smbu06GL000165	L_lactis_14B4	74.877	100.0	2.24e-100	203	ok
smbu06GL000165	L_lactis_IL1403	74.877	100.0	2.24e-100	203	ok
smbu06GL000165	L_lactis_MG1363	74.877	100.0	3.88e-100	203	ok
smbu06GL000165	smbu06_project	100.000	100.0	9.31e-134	203	ok
smbu06GL000165	smbu08_project	100.000	100.0	9.31e-134	203	ok
smbu06GL000198	E_lactis_194	98.913	100.0	5.02e-54	92	ok
smbu06GL000198	GCA_000006865.1	78.022	98.9	3.36e-40	33	ok
smbu06GL000198	GCA_000157355.2	90.217	100.0	1.07e-49	92	ok
smbu06GL000198	GCA_000344575.1	78.022	98.9	1.53e-40	33	ok
smbu06GL000198	GCA_000761115.1	78.022	98.9	3.36e-40	33	ok
smbu06GL000198	GCA_000807375.1	78.022	98.9	3.36e-40	33	ok
smbu06GL000198	GCA_002216705.1	95.652	100.0	2.43e-52	92	ok
smbu06GL000198	GCA_002278015.2	95.652	100.0	2.7e-52	92	ok
smbu06GL000198	GCA_002290025.1	93.478	100.0	2.22e-51	92	ok
smbu06GL000198	GCA_002804185.1	78.022	98.9	2.24e-40	33	ok
smbu06GL000198	GCA_002804285.1	78.022	98.9	2.24e-40	33	ok
smbu06GL000198	GCA_002813755.1	95.652	100.0	2.43e-52	92	ok
smbu06GL000198	GCA_002895225.1	78.022	98.9	2.24e-40	33	ok
smbu06GL000198	GCA_003711125.1	92.135	96.7	4.65e-49	89	ok
smbu06GL000198	GCA_003722255.1	78.022	98.9	3.36e-40	33	ok
smbu06GL000198	GCA_005347505.1	92.135	96.7	4.65e-49	89	ok
smbu06GL000198	GCA_009730155.1	89.130	100.0	3.31e-49	92	ok
smbu06GL000198	GCA_013391145.1	95.652	100.0	2.7e-52	92	ok
smbu06GL000198	GCA_013391165.1	95.652	100.0	2.7e-52	92	ok
smbu06GL000198	GCA_013391185.1	95.652	100.0	2.7e-52	92	ok
smbu06GL000198	GCA_013391205.1	95.652	100.0	2.7e-52	92	ok
smbu06GL000198	GCA_013394325.1	90.217	100.0	1.1e-49	92	ok
smbu06GL000198	GCA_015767715.1	98.913	100.0	5.02e-54	92	ok
smbu06GL000198	GCA_016127235.1	95.652	100.0	2.7e-52	92	ok
smbu06GL000198	GCA_019203145.1	98.913	100.0	5.02e-54	92	ok
smbu06GL000198	GCA_019343125.1	98.913	100.0	5.02e-54	92	ok
smbu06GL000198	GCA_019797905.1	92.391	100.0	1.22e-50	92	ok
smbu06GL000198	GCA_019967715.1	98.913	100.0	5.02e-54	92	ok
smbu06GL000198	GCA_022870765.1	90.217	100.0	1.07e-49	92	ok
smbu06GL000198	GCA_023523715.1	90.217	100.0	1.07e-49	92	ok
smbu06GL000198	GCA_023612275.1	98.913	100.0	5.02e-54	92	ok
smbu06GL000198	GCA_025402795.1	92.391	100.0	1.22e-50	92	ok
smbu06GL000198	GCA_025402855.1	92.391	100.0	1.22e-50	92	ok
smbu06GL000198	GCA_029201225.1	90.217	100.0	1.07e-49	92	ok
smbu06GL000198	GCA_029215545.1	90.217	100.0	1.07e-49	92	ok
smbu06GL000198	GCA_030490365.1	98.913	100.0	5.02e-54	92	ok
smbu06GL000198	GCA_033954875.1	98.913	100.0	5.02e-54	92	ok
smbu06GL000198	GCA_033954895.1	98.913	100.0	5.02e-54	92	ok
smbu06GL000198	GCA_033954915.1	98.913	100.0	5.02e-54	92	ok
smbu06GL000198	GCA_036669985.1	98.913	100.0	5.02e-54	92	ok
smbu06GL000198	GCA_040745045.1	98.913	100.0	5.02e-54	92	ok
smbu06GL000198	GCA_041930275.1	89.130	100.0	3.31e-49	92	ok
smbu06GL000198	GCA_041952535.1	89.130	100.0	3.31e-49	92	ok
smbu06GL000198	GCA_043950735.1	95.652	100.0	2.7e-52	92	ok
smbu06GL000198	GCA_043950745.1	95.652	100.0	2.7e-52	92	ok
smbu06GL000198	GCA_045039055.1	89.130	100.0	3.31e-49	92	ok
smbu06GL000198	GCA_049315065.1	98.913	100.0	5.02e-54	92	ok
smbu06GL000198	GCA_049315075.1	96.739	100.0	6.31e-53	92	ok
smbu06GL000198	GCA_049315085.1	96.739	100.0	6.31e-53	92	ok
smbu06GL000198	GCA_049315095.1	96.739	100.0	6.31e-53	92	ok
smbu06GL000198	GCA_049315105.1	96.739	100.0	6.31e-53	92	ok
smbu06GL000198	GCA_049315115.1	98.913	100.0	5.02e-54	92	ok
smbu06GL000198	GCA_049315125.1	98.913	100.0	5.02e-54	92	ok
smbu06GL000198	GCA_049315135.1	96.739	100.0	6.31e-53	92	ok
smbu06GL000198	GCA_049315145.1	98.913	100.0	5.02e-54	92	ok
smbu06GL000198	GCA_049315155.1	96.739	100.0	6.31e-53	92	ok
smbu06GL000198	GCA_049315165.1	98.913	100.0	5.02e-54	92	ok
smbu06GL000198	GCA_049315175.1	98.913	100.0	5.02e-54	92	ok
smbu06GL000198	GCA_052655065.1	98.913	100.0	5.02e-54	92	ok
smbu06GL000198	GCA_052655335.1	98.913	100.0	5.02e-54	92	ok
smbu06GL000198	GCA_052655665.1	98.913	100.0	5.02e-54	92	ok
smbu06GL000198	GCA_052656575.1	98.913	100.0	5.02e-54	92	ok
smbu06GL000198	GCA_052657825.1	98.913	100.0	5.02e-54	92	ok
smbu06GL000198	GCA_052658005.1	98.913	100.0	5.02e-54	92	ok
smbu06GL000198	GCA_053764515.1	95.652	100.0	2.43e-52	92	ok
smbu06GL000198	GCA_055397705.1	98.913	100.0	5.02e-54	92	ok
smbu06GL000198	GCA_055397995.1	95.652	100.0	2.7e-52	92	ok
smbu06GL000198	GCA_056487485.1	95.652	100.0	2.43e-52	92	ok
smbu06GL000198	GCA_056582645.1	98.913	100.0	5.02e-54	92	ok
smbu06GL000198	GCA_058072705.1	98.913	100.0	5.02e-54	92	ok
smbu06GL000198	GCA_060306215.1	98.913	100.0	5.02e-54	92	ok
smbu06GL000198	GCA_060307205.1	95.652	100.0	2.7e-52	92	ok
smbu06GL000198	GCA_060307225.1	98.913	100.0	5.02e-54	92	ok
smbu06GL000198	GCA_061568495.1	98.913	100.0	5.02e-54	92	ok
smbu06GL000198	GCA_900636615.1	95.652	100.0	2.7e-52	92	ok
smbu06GL000198	GCA_905186115.1	95.652	100.0	2.7e-52	92	ok
smbu06GL000198	GCA_931972305.1	95.652	100.0	2.43e-52	92	ok
smbu06GL000198	GCA_963280925.1	95.652	100.0	2.7e-52	92	ok
smbu06GL000198	GCA_988227945.1	98.913	100.0	5.02e-54	92	ok
smbu06GL000198	GCA_988227985.1	98.913	100.0	5.02e-54	92	ok
smbu06GL000198	GCA_988228025.1	98.913	100.0	5.02e-54	92	ok
smbu06GL000198	GCA_988235375.1	93.478	100.0	2.22e-51	92	ok
smbu06GL000198	GCA_988236725.1	93.478	100.0	2.22e-51	92	ok
smbu06GL000198	GCA_988237225.1	98.913	100.0	5.02e-54	92	ok
smbu06GL000198	GCF_001298485.1	98.913	100.0	5.02e-54	92	ok
smbu06GL000198	GCF_001412695.1	98.913	100.0	5.02e-54	92	ok
smbu06GL000198	GCF_001598635.1	87.209	93.5	5.13e-46	86	ok
smbu06GL000198	GCF_001689055.2	87.209	93.5	4.84e-46	86	ok
smbu06GL000198	GCF_002208945.1	87.209	93.5	5.13e-46	86	ok
smbu06GL000198	GCF_002216705.1	95.652	100.0	2.43e-52	92	ok
smbu06GL000198	GCF_002278015.2	95.652	100.0	2.7e-52	92	ok
smbu06GL000198	GCF_002289045.2	87.209	93.5	4.84e-46	86	ok
smbu06GL000198	GCF_002290025.1	93.478	100.0	2.22e-51	92	ok
smbu06GL000198	GCF_002355755.1	87.209	93.5	5.13e-46	86	ok
smbu06GL000198	GCF_002761555.1	98.913	100.0	5.02e-54	92	ok
smbu06GL000198	GCF_002831505.1	98.913	100.0	5.02e-54	92	ok
smbu06GL000198	GCF_002850515.1	98.913	100.0	5.02e-54	92	ok
smbu06GL000198	GCF_002983785.1	98.913	100.0	5.02e-54	92	ok
smbu06GL000198	GCF_003269465.1	98.913	100.0	5.02e-54	92	ok
smbu06GL000198	GCF_003667965.1	98.913	100.0	5.02e-54	92	ok
smbu06GL000198	GCF_003711125.1	92.135	96.7	4.65e-49	89	ok
smbu06GL000198	GCF_003711605.1	98.913	100.0	5.02e-54	92	ok
smbu06GL000198	GCF_003812665.1	90.361	90.2	1.22e-45	83	ok
smbu06GL000198	GCF_004332055.1	98.913	100.0	5.02e-54	92	ok
smbu06GL000198	GCF_005484525.1	87.209	93.5	5.13e-46	86	ok
smbu06GL000198	GCF_006337145.1	98.913	100.0	5.02e-54	92	ok
smbu06GL000198	GCF_006351785.1	98.913	100.0	5.02e-54	92	ok
smbu06GL000198	GCF_006351845.1	98.913	100.0	5.02e-54	92	ok
smbu06GL000198	GCF_006364815.1	87.209	93.5	5.13e-46	86	ok
smbu06GL000198	GCF_006494835.1	87.209	93.5	5.13e-46	86	ok
smbu06GL000198	GCF_006494855.1	87.209	93.5	5.13e-46	86	ok
smbu06GL000198	GCF_006494875.1	87.209	93.5	5.13e-46	86	ok
smbu06GL000198	GCF_006766145.1	87.209	93.5	4.84e-46	86	ok
smbu06GL000198	GCF_007923665.2	98.913	100.0	5.02e-54	92	ok
smbu06GL000198	GCF_007923785.2	98.913	100.0	5.02e-54	92	ok
smbu06GL000198	GCF_007923865.2	98.913	100.0	5.02e-54	92	ok
smbu06GL000198	GCF_007923885.2	98.913	100.0	5.02e-54	92	ok
smbu06GL000198	GCF_007923905.2	98.913	100.0	5.02e-54	92	ok
smbu06GL000198	GCF_007923925.2	98.913	100.0	5.02e-54	92	ok
smbu06GL000198	GCF_007923945.2	98.913	100.0	5.02e-54	92	ok
smbu06GL000198	GCF_007923965.2	98.913	100.0	5.02e-54	92	ok
smbu06GL000198	GCF_008330605.1	98.913	100.0	5.02e-54	92	ok
smbu06GL000198	GCF_009730155.1	89.130	100.0	3.31e-49	92	ok
smbu06GL000198	GCF_009734005.1	98.913	100.0	5.02e-54	92	ok
smbu06GL000198	GCF_009938075.1	98.913	100.0	5.02e-54	92	ok
smbu06GL000198	GCF_010103655.1	87.209	93.5	5.13e-46	86	ok
smbu06GL000198	GCF_010120755.1	98.913	100.0	5.02e-54	92	ok
smbu06GL000198	GCF_011745645.1	98.913	100.0	5.02e-54	92	ok
smbu06GL000198	GCF_012045365.1	98.913	100.0	5.02e-54	92	ok
smbu06GL000198	GCF_012045505.1	98.913	100.0	5.02e-54	92	ok
smbu06GL000198	GCF_012594215.1	87.209	93.5	5.13e-46	86	ok
smbu06GL000198	GCF_013201055.1	98.913	100.0	5.02e-54	92	ok
smbu06GL000198	GCF_013344625.1	87.209	93.5	5.13e-46	86	ok
smbu06GL000198	GCF_013344645.1	87.209	93.5	5.13e-46	86	ok
smbu06GL000198	GCF_013344665.1	87.209	93.5	4.84e-46	86	ok
smbu06GL000198	GCF_013391145.1	95.652	100.0	2.7e-52	92	ok
smbu06GL000198	GCF_013391165.1	95.652	100.0	2.7e-52	92	ok
smbu06GL000198	GCF_013391185.1	95.652	100.0	2.7e-52	92	ok
smbu06GL000198	GCF_013391205.1	95.652	100.0	2.7e-52	92	ok
smbu06GL000198	GCF_013394325.1	90.217	100.0	1.1e-49	92	ok
smbu06GL000198	GCF_015377765.1	98.913	100.0	5.02e-54	92	ok
smbu06GL000198	GCF_015767695.1	98.913	100.0	5.02e-54	92	ok
smbu06GL000198	GCF_015767715.1	98.913	100.0	5.02e-54	92	ok
smbu06GL000198	GCF_016127235.1	95.652	100.0	2.7e-52	92	ok
smbu06GL000198	GCF_017280035.1	87.209	93.5	5.13e-46	86	ok
smbu06GL000198	GCF_017357805.1	87.209	93.5	5.13e-46	86	ok
smbu06GL000198	GCF_018516845.1	98.913	100.0	5.02e-54	92	ok
smbu06GL000198	GCF_019203145.1	98.913	100.0	5.02e-54	92	ok
smbu06GL000198	GCF_019343125.1	98.913	100.0	5.02e-54	92	ok
smbu06GL000198	GCF_019456555.1	98.913	100.0	5.02e-54	92	ok
smbu06GL000198	GCF_019456575.1	98.913	100.0	5.02e-54	92	ok
smbu06GL000198	GCF_019456595.1	98.913	100.0	5.02e-54	92	ok
smbu06GL000198	GCF_019797905.1	92.391	100.0	1.22e-50	92	ok
smbu06GL000198	GCF_019967715.1	98.913	100.0	5.02e-54	92	ok
smbu06GL000198	GCF_020881975.1	87.209	93.5	5.13e-46	86	ok
smbu06GL000198	GCF_020906605.1	87.209	93.5	5.13e-46	86	ok
smbu06GL000198	GCF_022869705.1	87.209	93.5	5.13e-46	86	ok
smbu06GL000198	GCF_023299785.1	90.361	90.2	1.22e-45	83	ok
smbu06GL000198	GCF_023375505.1	90.361	90.2	1.22e-45	83	ok
smbu06GL000198	GCF_023612035.1	87.209	93.5	5.13e-46	86	ok
smbu06GL000198	GCF_023612275.1	98.913	100.0	5.02e-54	92	ok
smbu06GL000198	GCF_024267595.1	87.209	93.5	5.13e-46	86	ok
smbu06GL000198	GCF_025957845.1	87.209	93.5	5.13e-46	86	ok
smbu06GL000198	GCF_025957925.1	87.209	93.5	5.13e-46	86	ok
smbu06GL000198	GCF_025958025.1	87.209	93.5	5.13e-46	86	ok
smbu06GL000198	GCF_025958065.1	87.209	93.5	5.13e-46	86	ok
smbu06GL000198	GCF_025958085.1	87.209	93.5	5.13e-46	86	ok
smbu06GL000198	GCF_025958625.1	87.209	93.5	5.13e-46	86	ok
smbu06GL000198	GCF_025958845.1	87.209	93.5	5.13e-46	86	ok
smbu06GL000198	GCF_025958885.1	87.209	93.5	5.13e-46	86	ok
smbu06GL000198	GCF_026650885.1	87.209	93.5	4.84e-46	86	ok
smbu06GL000198	GCF_027915235.1	98.913	100.0	5.02e-54	92	ok
smbu06GL000198	GCF_030490365.1	98.913	100.0	5.02e-54	92	ok
smbu06GL000198	GCF_030584585.1	98.913	100.0	5.02e-54	92	ok
smbu06GL000198	GCF_030584605.1	98.913	100.0	5.02e-54	92	ok
smbu06GL000198	GCF_030584685.1	98.913	100.0	5.02e-54	92	ok
smbu06GL000198	GCF_030643745.1	98.913	100.0	5.02e-54	92	ok
smbu06GL000198	GCF_033954875.1	98.913	100.0	5.02e-54	92	ok
smbu06GL000198	GCF_033954895.1	98.913	100.0	5.02e-54	92	ok
smbu06GL000198	GCF_033954915.1	98.913	100.0	5.02e-54	92	ok
smbu06GL000198	GCF_036669985.1	98.913	100.0	5.02e-54	92	ok
smbu06GL000198	GCF_040745045.1	98.913	100.0	5.02e-54	92	ok
smbu06GL000198	GCF_043950735.1	95.652	100.0	2.7e-52	92	ok
smbu06GL000198	GCF_049315065.1	98.913	100.0	5.02e-54	92	ok
smbu06GL000198	GCF_049315075.1	96.739	100.0	6.31e-53	92	ok
smbu06GL000198	GCF_049315085.1	96.739	100.0	6.31e-53	92	ok
smbu06GL000198	GCF_049315095.1	96.739	100.0	6.31e-53	92	ok
smbu06GL000198	GCF_049315105.1	96.739	100.0	6.31e-53	92	ok
smbu06GL000198	GCF_049315115.1	98.913	100.0	5.02e-54	92	ok
smbu06GL000198	GCF_049315125.1	98.913	100.0	5.02e-54	92	ok
smbu06GL000198	GCF_049315135.1	96.739	100.0	6.31e-53	92	ok
smbu06GL000198	GCF_049315145.1	98.913	100.0	5.02e-54	92	ok
smbu06GL000198	GCF_049315155.1	96.739	100.0	6.31e-53	92	ok
smbu06GL000198	GCF_049315165.1	98.913	100.0	5.02e-54	92	ok
smbu06GL000198	GCF_049315175.1	98.913	100.0	5.02e-54	92	ok
smbu06GL000198	GCF_052655065.1	98.913	100.0	5.02e-54	92	ok
smbu06GL000198	GCF_052655335.1	98.913	100.0	5.02e-54	92	ok
smbu06GL000198	GCF_052655665.1	98.913	100.0	5.02e-54	92	ok
smbu06GL000198	GCF_052656575.1	98.913	100.0	5.02e-54	92	ok
smbu06GL000198	GCF_052657825.1	98.913	100.0	5.02e-54	92	ok
smbu06GL000198	GCF_052658005.1	98.913	100.0	5.02e-54	92	ok
smbu06GL000198	GCF_053764515.1	95.652	100.0	2.43e-52	92	ok
smbu06GL000198	GCF_056487465.1	95.652	100.0	2.43e-52	92	ok
smbu06GL000198	GCF_056582645.1	98.913	100.0	5.02e-54	92	ok
smbu06GL000198	GCF_931972305.1	95.652	100.0	2.43e-52	92	ok
smbu06GL000198	GCF_988227945.1	98.913	100.0	5.02e-54	92	ok
smbu06GL000198	GCF_988227985.1	98.913	100.0	5.02e-54	92	ok
smbu06GL000198	GCF_988228025.1	98.913	100.0	5.02e-54	92	ok
smbu06GL000198	L_lactis_14B4	78.022	98.9	2.24e-40	33	ok
smbu06GL000198	L_lactis_IL1403	78.022	98.9	3.36e-40	33	ok
smbu06GL000198	L_lactis_MG1363	78.022	98.9	3.36e-40	33	ok
smbu06GL000198	smbu06_project	98.913	100.0	5.02e-54	92	ok
smbu06GL000198	smbu08_project	98.913	100.0	5.02e-54	92	ok
smbu06GL000206	E_lactis_194	100.000	100.0	4.2e-129	202	ok
smbu06GL000206	GCA_000157355.2	71.585	90.6	1.21e-77	183	ok
smbu06GL000206	GCA_002216705.1	82.673	100.0	4.27e-100	202	ok
smbu06GL000206	GCA_002278015.2	81.683	100.0	1.1e-94	202	ok
smbu06GL000206	GCA_002290025.1	84.000	86.6	7.71e-96	175	ok
smbu06GL000206	GCA_002813755.1	81.683	100.0	8.17e-101	202	ok
smbu06GL000206	GCA_003711125.1	68.539	88.1	1.21e-74	178	ok
smbu06GL000206	GCA_005347505.1	68.539	88.1	1.21e-74	178	ok
smbu06GL000206	GCA_009730155.1	65.196	100.0	4.58e-84	204	ok
smbu06GL000206	GCA_013391145.1	81.683	100.0	1.76e-94	202	ok
smbu06GL000206	GCA_013391165.1	81.683	100.0	1.76e-94	202	ok
smbu06GL000206	GCA_013391185.1	81.683	100.0	1.76e-94	202	ok
smbu06GL000206	GCA_013391205.1	81.683	100.0	1.76e-94	202	ok
smbu06GL000206	GCA_013394325.1	64.706	100.0	1.47e-79	204	ok
smbu06GL000206	GCA_015767715.1	100.000	100.0	4.2e-129	202	ok
smbu06GL000206	GCA_016127235.1	81.683	100.0	1.76e-94	202	ok
smbu06GL000206	GCA_019203145.1	99.505	100.0	4.29e-128	202	ok
smbu06GL000206	GCA_019343125.1	99.505	100.0	4.29e-128	202	ok
smbu06GL000206	GCA_019797905.1	65.686	100.0	2.93e-80	204	ok
smbu06GL000206	GCA_019967715.1	99.505	100.0	4.29e-128	202	ok
smbu06GL000206	GCA_022870765.1	71.585	90.6	1.09e-77	183	ok
smbu06GL000206	GCA_023523715.1	71.585	90.6	1.09e-77	183	ok
smbu06GL000206	GCA_023612275.1	98.515	100.0	1.61e-127	202	ok
smbu06GL000206	GCA_025402795.1	65.686	100.0	2.93e-80	204	ok
smbu06GL000206	GCA_025402855.1	65.686	100.0	2.93e-80	204	ok
smbu06GL000206	GCA_029201225.1	71.585	90.6	1.09e-77	183	ok
smbu06GL000206	GCA_029215545.1	71.585	90.6	1.21e-77	183	ok
smbu06GL000206	GCA_030490365.1	99.505	100.0	4.29e-128	202	ok
smbu06GL000206	GCA_033954875.1	99.505	100.0	4.29e-128	202	ok
smbu06GL000206	GCA_033954895.1	98.515	100.0	1.61e-127	202	ok
smbu06GL000206	GCA_033954915.1	98.515	100.0	1.61e-127	202	ok
smbu06GL000206	GCA_036669985.1	98.515	100.0	1.61e-127	202	ok
smbu06GL000206	GCA_040745045.1	99.505	100.0	4.29e-128	202	ok
smbu06GL000206	GCA_041930275.1	65.196	100.0	4.58e-84	204	ok
smbu06GL000206	GCA_041952535.1	65.196	100.0	4.58e-84	204	ok
smbu06GL000206	GCA_043950735.1	81.683	100.0	1.76e-94	202	ok
smbu06GL000206	GCA_043950745.1	81.683	100.0	1.76e-94	202	ok
smbu06GL000206	GCA_045039055.1	65.196	100.0	4.58e-84	204	ok
smbu06GL000206	GCA_049315065.1	99.010	100.0	1.37e-127	202	ok
smbu06GL000206	GCA_049315075.1	83.663	100.0	1.32e-102	202	ok
smbu06GL000206	GCA_049315085.1	83.663	100.0	1.32e-102	202	ok
smbu06GL000206	GCA_049315095.1	83.663	100.0	1.32e-102	202	ok
smbu06GL000206	GCA_049315105.1	83.663	100.0	1.32e-102	202	ok
smbu06GL000206	GCA_049315115.1	99.505	100.0	4.29e-128	202	ok
smbu06GL000206	GCA_049315125.1	99.505	100.0	4.29e-128	202	ok
smbu06GL000206	GCA_049315135.1	83.663	100.0	1.32e-102	202	ok
smbu06GL000206	GCA_049315145.1	99.505	100.0	4.29e-128	202	ok
smbu06GL000206	GCA_049315155.1	83.663	100.0	1.32e-102	202	ok
smbu06GL000206	GCA_049315165.1	99.505	100.0	4.29e-128	202	ok
smbu06GL000206	GCA_049315175.1	99.010	100.0	1.37e-127	202	ok
smbu06GL000206	GCA_052655065.1	99.505	100.0	4.29e-128	202	ok
smbu06GL000206	GCA_052655335.1	99.505	100.0	4.29e-128	202	ok
smbu06GL000206	GCA_052655665.1	99.505	100.0	4.29e-128	202	ok
smbu06GL000206	GCA_052656575.1	99.505	100.0	4.29e-128	202	ok
smbu06GL000206	GCA_052657825.1	99.505	100.0	4.29e-128	202	ok
smbu06GL000206	GCA_052658005.1	99.505	100.0	4.29e-128	202	ok
smbu06GL000206	GCA_053764515.1	82.178	100.0	7.27e-100	202	ok
smbu06GL000206	GCA_055397705.1	98.454	96.0	1.19e-122	10	rejected
smbu06GL000206	GCA_055397995.1	81.683	100.0	1.76e-94	202	ok
smbu06GL000206	GCA_056487485.1	82.178	100.0	7.27e-100	202	ok
smbu06GL000206	GCA_056582645.1	100.000	100.0	4.2e-129	202	ok
smbu06GL000206	GCA_058072705.1	98.515	100.0	1.61e-127	202	ok
smbu06GL000206	GCA_060306215.1	99.505	100.0	4.29e-128	202	ok
smbu06GL000206	GCA_060307205.1	81.683	100.0	1.76e-94	202	ok
smbu06GL000206	GCA_060307225.1	99.505	100.0	4.29e-128	202	ok
smbu06GL000206	GCA_061568495.1	99.505	100.0	4.29e-128	202	ok
smbu06GL000206	GCA_900636615.1	81.188	100.0	2.13e-94	202	ok
smbu06GL000206	GCA_905186115.1	81.683	100.0	1.76e-94	202	ok
smbu06GL000206	GCA_931972305.1	81.683	100.0	8.17e-101	202	ok
smbu06GL000206	GCA_963280925.1	81.683	100.0	1.76e-94	202	ok
smbu06GL000206	GCA_988227945.1	99.505	100.0	4.29e-128	202	ok
smbu06GL000206	GCA_988227985.1	99.505	100.0	4.29e-128	202	ok
smbu06GL000206	GCA_988228025.1	99.505	100.0	4.29e-128	202	ok
smbu06GL000206	GCA_988235375.1	84.000	86.6	7.71e-96	175	ok
smbu06GL000206	GCA_988236725.1	84.000	86.6	7.71e-96	175	ok
smbu06GL000206	GCA_988237225.1	99.505	100.0	4.29e-128	202	ok
smbu06GL000206	GCF_001298485.1	98.020	100.0	6.76e-127	202	ok
smbu06GL000206	GCF_001412695.1	98.020	100.0	6.76e-127	202	ok
smbu06GL000206	GCF_001598635.1	68.156	88.6	1.25e-79	179	ok
smbu06GL000206	GCF_001689055.2	68.156	88.6	1.25e-79	179	ok
smbu06GL000206	GCF_002208945.1	67.039	88.6	7e-78	179	ok
smbu06GL000206	GCF_002216705.1	82.673	100.0	4.27e-100	202	ok
smbu06GL000206	GCF_002278015.2	81.683	100.0	1.1e-94	202	ok
smbu06GL000206	GCF_002289045.2	68.156	88.6	1.25e-79	179	ok
smbu06GL000206	GCF_002290025.1	84.000	86.6	7.71e-96	175	ok
smbu06GL000206	GCF_002355755.1	68.156	88.6	1.25e-79	179	ok
smbu06GL000206	GCF_002761555.1	98.020	100.0	6.76e-127	202	ok
smbu06GL000206	GCF_002831505.1	98.020	100.0	6.76e-127	202	ok
smbu06GL000206	GCF_002850515.1	98.020	100.0	6.76e-127	202	ok
smbu06GL000206	GCF_002983785.1	98.020	100.0	6.76e-127	202	ok
smbu06GL000206	GCF_003269465.1	99.010	100.0	4.72e-128	202	ok
smbu06GL000206	GCF_003667965.1	98.515	100.0	1.61e-127	202	ok
smbu06GL000206	GCF_003711125.1	68.539	88.1	1.21e-74	178	ok
smbu06GL000206	GCF_003711605.1	99.505	100.0	4.29e-128	202	ok
smbu06GL000206	GCF_003812665.1	68.156	88.6	1.25e-79	179	ok
smbu06GL000206	GCF_004332055.1	98.020	100.0	6.76e-127	202	ok
smbu06GL000206	GCF_005484525.1	68.156	88.6	1.25e-79	179	ok
smbu06GL000206	GCF_006337145.1	99.505	100.0	4.29e-128	202	ok
smbu06GL000206	GCF_006351785.1	97.525	100.0	1.11e-124	201	ok
smbu06GL000206	GCF_006351845.1	98.020	100.0	6.76e-127	202	ok
smbu06GL000206	GCF_006364815.1	68.156	88.6	1.25e-79	179	ok
smbu06GL000206	GCF_006494835.1	68.156	88.6	1.25e-79	179	ok
smbu06GL000206	GCF_006494855.1	68.156	88.6	1.25e-79	179	ok
smbu06GL000206	GCF_006494875.1	68.156	88.6	1.25e-79	179	ok
smbu06GL000206	GCF_006766145.1	68.156	88.6	1.25e-79	179	ok
smbu06GL000206	GCF_007923665.2	98.020	100.0	6.76e-127	202	ok
smbu06GL000206	GCF_007923785.2	98.020	100.0	6.76e-127	202	ok
smbu06GL000206	GCF_007923865.2	98.020	100.0	6.76e-127	202	ok
smbu06GL000206	GCF_007923885.2	98.020	100.0	6.76e-127	202	ok
smbu06GL000206	GCF_007923905.2	98.020	100.0	6.76e-127	202	ok
smbu06GL000206	GCF_007923925.2	98.020	100.0	6.76e-127	202	ok
smbu06GL000206	GCF_007923945.2	98.020	100.0	6.76e-127	202	ok
smbu06GL000206	GCF_007923965.2	98.020	100.0	6.76e-127	202	ok
smbu06GL000206	GCF_008330605.1	99.505	100.0	4.29e-128	202	ok
smbu06GL000206	GCF_009730155.1	65.196	100.0	4.58e-84	204	ok
smbu06GL000206	GCF_009734005.1	97.525	100.0	1.11e-124	201	ok
smbu06GL000206	GCF_009938075.1	98.020	100.0	6.76e-127	202	ok
smbu06GL000206	GCF_010103655.1	68.156	88.6	1.25e-79	179	ok
smbu06GL000206	GCF_010120755.1	97.525	100.0	1.11e-124	201	ok
smbu06GL000206	GCF_011745645.1	99.505	100.0	4.29e-128	202	ok
smbu06GL000206	GCF_012045365.1	99.505	100.0	4.29e-128	202	ok
smbu06GL000206	GCF_012045505.1	99.505	100.0	4.29e-128	202	ok
smbu06GL000206	GCF_012594215.1	68.156	88.6	1.25e-79	179	ok
smbu06GL000206	GCF_013201055.1	99.505	100.0	4.29e-128	202	ok
smbu06GL000206	GCF_013344625.1	68.156	88.6	8.92e-80	179	ok
smbu06GL000206	GCF_013344645.1	68.156	88.6	8.92e-80	179	ok
smbu06GL000206	GCF_013344665.1	68.156	88.6	1.25e-79	179	ok
smbu06GL000206	GCF_013391145.1	81.683	100.0	1.76e-94	202	ok
smbu06GL000206	GCF_013391165.1	81.683	100.0	1.76e-94	202	ok
smbu06GL000206	GCF_013391185.1	81.683	100.0	1.76e-94	202	ok
smbu06GL000206	GCF_013391205.1	81.683	100.0	1.76e-94	202	ok
smbu06GL000206	GCF_013394325.1	64.706	100.0	1.47e-79	204	ok
smbu06GL000206	GCF_015377765.1	98.515	100.0	1.61e-127	202	ok
smbu06GL000206	GCF_015767695.1	98.020	100.0	6.76e-127	202	ok
smbu06GL000206	GCF_015767715.1	100.000	100.0	4.2e-129	202	ok
smbu06GL000206	GCF_016127235.1	81.683	100.0	1.76e-94	202	ok
smbu06GL000206	GCF_017280035.1	68.156	88.6	1.25e-79	179	ok
smbu06GL000206	GCF_017357805.1	68.156	88.6	1.25e-79	179	ok
smbu06GL000206	GCF_018516845.1	98.020	100.0	6.76e-127	202	ok
smbu06GL000206	GCF_019203145.1	99.505	100.0	4.29e-128	202	ok
smbu06GL000206	GCF_019343125.1	99.505	100.0	4.29e-128	202	ok
smbu06GL000206	GCF_019456555.1	98.020	100.0	6.76e-127	202	ok
smbu06GL000206	GCF_019456575.1	98.020	100.0	6.76e-127	202	ok
smbu06GL000206	GCF_019456595.1	98.020	100.0	6.76e-127	202	ok
smbu06GL000206	GCF_019797905.1	65.686	100.0	2.93e-80	204	ok
smbu06GL000206	GCF_019967715.1	99.505	100.0	4.29e-128	202	ok
smbu06GL000206	GCF_020881975.1	68.156	88.6	1.25e-79	179	ok
smbu06GL000206	GCF_020906605.1	68.156	88.6	1.25e-79	179	ok
smbu06GL000206	GCF_022869705.1	68.156	88.6	1.25e-79	179	ok
smbu06GL000206	GCF_023299785.1	68.156	88.6	1.25e-79	179	ok
smbu06GL000206	GCF_023375505.1	68.156	88.6	1.25e-79	179	ok
smbu06GL000206	GCF_023612035.1	68.156	88.6	1.25e-79	179	ok
smbu06GL000206	GCF_023612275.1	98.515	100.0	1.61e-127	202	ok
smbu06GL000206	GCF_024267595.1	68.156	88.6	1.25e-79	179	ok
smbu06GL000206	GCF_025957845.1	68.156	88.6	1.25e-79	179	ok
smbu06GL000206	GCF_025957925.1	68.156	88.6	1.25e-79	179	ok
smbu06GL000206	GCF_025958025.1	65.000	97.0	5.24e-82	200	ok
smbu06GL000206	GCF_025958065.1	68.156	88.6	1.25e-79	179	ok
smbu06GL000206	GCF_025958085.1	68.156	88.6	1.25e-79	179	ok
smbu06GL000206	GCF_025958625.1	68.156	88.6	1.25e-79	179	ok
smbu06GL000206	GCF_025958845.1	68.156	88.6	1.25e-79	179	ok
smbu06GL000206	GCF_025958885.1	68.156	88.6	1.25e-79	179	ok
smbu06GL000206	GCF_026650885.1	68.156	88.6	8.92e-80	179	ok
smbu06GL000206	GCF_027915235.1	99.505	100.0	4.29e-128	202	ok
smbu06GL000206	GCF_030490365.1	99.505	100.0	4.29e-128	202	ok
smbu06GL000206	GCF_030584585.1	98.020	100.0	6.76e-127	202	ok
smbu06GL000206	GCF_030584605.1	98.020	100.0	6.76e-127	202	ok
smbu06GL000206	GCF_030584685.1	98.020	100.0	6.76e-127	202	ok
smbu06GL000206	GCF_030643745.1	99.505	100.0	4.29e-128	202	ok
smbu06GL000206	GCF_033954875.1	99.505	100.0	4.29e-128	202	ok
smbu06GL000206	GCF_033954895.1	98.515	100.0	1.61e-127	202	ok
smbu06GL000206	GCF_033954915.1	98.515	100.0	1.61e-127	202	ok
smbu06GL000206	GCF_036669985.1	98.515	100.0	1.61e-127	202	ok
smbu06GL000206	GCF_040745045.1	99.505	100.0	4.29e-128	202	ok
smbu06GL000206	GCF_043950735.1	81.683	100.0	1.76e-94	202	ok
smbu06GL000206	GCF_049315065.1	99.010	100.0	1.37e-127	202	ok
smbu06GL000206	GCF_049315075.1	83.663	100.0	1.32e-102	202	ok
smbu06GL000206	GCF_049315085.1	83.663	100.0	1.32e-102	202	ok
smbu06GL000206	GCF_049315095.1	83.663	100.0	1.32e-102	202	ok
smbu06GL000206	GCF_049315105.1	83.663	100.0	1.32e-102	202	ok
smbu06GL000206	GCF_049315115.1	99.505	100.0	4.29e-128	202	ok
smbu06GL000206	GCF_049315125.1	99.505	100.0	4.29e-128	202	ok
smbu06GL000206	GCF_049315135.1	83.663	100.0	1.32e-102	202	ok
smbu06GL000206	GCF_049315145.1	99.505	100.0	4.29e-128	202	ok
smbu06GL000206	GCF_049315155.1	83.663	100.0	1.32e-102	202	ok
smbu06GL000206	GCF_049315165.1	99.505	100.0	4.29e-128	202	ok
smbu06GL000206	GCF_049315175.1	99.010	100.0	1.37e-127	202	ok
smbu06GL000206	GCF_052655065.1	99.505	100.0	4.29e-128	202	ok
smbu06GL000206	GCF_052655335.1	99.505	100.0	4.29e-128	202	ok
smbu06GL000206	GCF_052655665.1	99.505	100.0	4.29e-128	202	ok
smbu06GL000206	GCF_052656575.1	99.505	100.0	4.29e-128	202	ok
smbu06GL000206	GCF_052657825.1	99.505	100.0	4.29e-128	202	ok
smbu06GL000206	GCF_052658005.1	99.505	100.0	4.29e-128	202	ok
smbu06GL000206	GCF_053764515.1	82.178	100.0	7.27e-100	202	ok
smbu06GL000206	GCF_056487465.1	82.178	100.0	7.27e-100	202	ok
smbu06GL000206	GCF_056582645.1	100.000	100.0	4.2e-129	202	ok
smbu06GL000206	GCF_931972305.1	81.683	100.0	8.17e-101	202	ok
smbu06GL000206	GCF_988227945.1	99.505	100.0	4.29e-128	202	ok
smbu06GL000206	GCF_988227985.1	99.505	100.0	4.29e-128	202	ok
smbu06GL000206	GCF_988228025.1	99.505	100.0	4.29e-128	202	ok
smbu06GL000206	smbu06_project	100.000	100.0	4.2e-129	202	ok
smbu06GL000206	smbu08_project	100.000	100.0	4.2e-129	202	ok
smbu06GL000221	E_lactis_194	100.000	100.0	3.68e-52	89	ok
smbu06GL000221	GCA_000006865.1	67.532	86.5	1.47e-29	77	ok
smbu06GL000221	GCA_000157355.2	70.787	100.0	4.42e-34	89	ok
smbu06GL000221	GCA_000344575.1	66.234	86.5	7.54e-29	77	ok
smbu06GL000221	GCA_000761115.1	67.532	86.5	1.26e-29	77	ok
smbu06GL000221	GCA_000807375.1	67.532	86.5	1.47e-29	77	ok
smbu06GL000221	GCA_002216705.1	73.034	100.0	9.16e-36	89	ok
smbu06GL000221	GCA_002278015.2	89.888	100.0	4.44e-47	89	ok
smbu06GL000221	GCA_002290025.1	93.506	86.5	8.49e-43	77	ok
smbu06GL000221	GCA_002804185.1	67.532	86.5	1.47e-29	77	ok
smbu06GL000221	GCA_002804285.1	67.532	86.5	1.47e-29	77	ok
smbu06GL000221	GCA_002813755.1	74.157	100.0	4.21e-36	89	ok
smbu06GL000221	GCA_002895225.1	67.532	86.5	1.47e-29	77	ok
smbu06GL000221	GCA_003711125.1	79.775	100.0	7.08e-39	89	ok
smbu06GL000221	GCA_003722255.1	67.532	86.5	1.47e-29	77	ok
smbu06GL000221	GCA_005347505.1	79.775	100.0	7.08e-39	89	ok
smbu06GL000221	GCA_009730155.1	68.493	82.0	1.07e-28	10	rejected
smbu06GL000221	GCA_013391145.1	89.888	100.0	4.44e-47	89	ok
smbu06GL000221	GCA_013391165.1	89.888	100.0	4.44e-47	89	ok
smbu06GL000221	GCA_013391185.1	89.888	100.0	4.44e-47	89	ok
smbu06GL000221	GCA_013391205.1	89.888	100.0	4.44e-47	89	ok
smbu06GL000221	GCA_013394325.1	76.404	100.0	4.98e-37	89	ok
smbu06GL000221	GCA_015767715.1	100.000	100.0	3.68e-52	89	ok
smbu06GL000221	GCA_016127235.1	89.888	100.0	4.44e-47	89	ok
smbu06GL000221	GCA_019203145.1	100.000	100.0	3.68e-52	89	ok
smbu06GL000221	GCA_019343125.1	100.000	100.0	3.68e-52	89	ok
smbu06GL000221	GCA_019797905.1	77.528	100.0	5.54e-38	89	ok
smbu06GL000221	GCA_019967715.1	100.000	100.0	3.68e-52	89	ok
smbu06GL000221	GCA_022870765.1	69.663	100.0	1.38e-33	89	ok
smbu06GL000221	GCA_023523715.1	70.787	100.0	4.42e-34	89	ok
smbu06GL000221	GCA_023612275.1	100.000	100.0	3.68e-52	89	ok
smbu06GL000221	GCA_025402795.1	78.652	100.0	1.99e-33	89	ok
smbu06GL000221	GCA_025402855.1	78.652	100.0	1.99e-33	89	ok
smbu06GL000221	GCA_029201225.1	69.663	100.0	1.38e-33	89	ok
smbu06GL000221	GCA_029215545.1	70.787	100.0	4.42e-34	89	ok
smbu06GL000221	GCA_030490365.1	100.000	100.0	3.68e-52	89	ok
smbu06GL000221	GCA_033954875.1	100.000	100.0	3.68e-52	89	ok
smbu06GL000221	GCA_033954895.1	100.000	100.0	3.68e-52	89	ok
smbu06GL000221	GCA_033954915.1	100.000	100.0	3.68e-52	89	ok
smbu06GL000221	GCA_036669985.1	100.000	100.0	3.68e-52	89	ok
smbu06GL000221	GCA_040745045.1	100.000	100.0	3.68e-52	89	ok
smbu06GL000221	GCA_041930275.1	68.493	82.0	1.07e-28	10	rejected
smbu06GL000221	GCA_041952535.1	72.727	86.5	1.17e-29	77	ok
smbu06GL000221	GCA_043950735.1	89.888	100.0	4.44e-47	89	ok
smbu06GL000221	GCA_043950745.1	89.888	100.0	4.44e-47	89	ok
smbu06GL000221	GCA_045039055.1	69.863	82.0	2.56e-29	10	rejected
smbu06GL000221	GCA_049315065.1	94.186	96.6	4.23e-47	86	ok
smbu06GL000221	GCA_049315075.1	94.382	100.0	1.48e-43	89	ok
smbu06GL000221	GCA_049315085.1	94.382	100.0	1.48e-43	89	ok
smbu06GL000221	GCA_049315095.1	94.382	100.0	1.48e-43	89	ok
smbu06GL000221	GCA_049315105.1	94.382	100.0	1.48e-43	89	ok
smbu06GL000221	GCA_049315115.1	100.000	100.0	3.68e-52	89	ok
smbu06GL000221	GCA_049315125.1	100.000	100.0	3.68e-52	89	ok
smbu06GL000221	GCA_049315135.1	94.382	100.0	1.48e-43	89	ok
smbu06GL000221	GCA_049315145.1	100.000	100.0	3.68e-52	89	ok
smbu06GL000221	GCA_049315155.1	94.382	100.0	1.48e-43	89	ok
smbu06GL000221	GCA_049315165.1	100.000	100.0	3.68e-52	89	ok
smbu06GL000221	GCA_049315175.1	94.186	96.6	4.23e-47	86	ok
smbu06GL000221	GCA_052655065.1	100.000	100.0	3.68e-52	89	ok
smbu06GL000221	GCA_052655335.1	100.000	100.0	3.68e-52	89	ok
smbu06GL000221	GCA_052655665.1	100.000	100.0	3.68e-52	89	ok
smbu06GL000221	GCA_052656575.1	100.000	100.0	3.68e-52	89	ok
smbu06GL000221	GCA_052657825.1	100.000	100.0	3.68e-52	89	ok
smbu06GL000221	GCA_052658005.1	100.000	100.0	3.68e-52	89	ok
smbu06GL000221	GCA_053764515.1	73.034	100.0	6.72e-36	89	ok
smbu06GL000221	GCA_055397705.1	100.000	100.0	3.68e-52	89	ok
smbu06GL000221	GCA_055397995.1	89.888	100.0	4.44e-47	89	ok
smbu06GL000221	GCA_056487485.1	74.157	100.0	4.21e-36	89	ok
smbu06GL000221	GCA_056582645.1	100.000	100.0	3.68e-52	89	ok
smbu06GL000221	GCA_058072705.1	100.000	100.0	3.68e-52	89	ok
smbu06GL000221	GCA_060306215.1	100.000	100.0	3.68e-52	89	ok
smbu06GL000221	GCA_060307205.1	89.888	100.0	4.44e-47	89	ok
smbu06GL000221	GCA_060307225.1	100.000	100.0	3.68e-52	89	ok
smbu06GL000221	GCA_061568495.1	100.000	100.0	3.68e-52	89	ok
smbu06GL000221	GCA_900636615.1	88.764	100.0	1.55e-46	89	ok
smbu06GL000221	GCA_905186115.1	89.888	100.0	4.44e-47	89	ok
smbu06GL000221	GCA_931972305.1	73.034	100.0	7.05e-36	89	ok
smbu06GL000221	GCA_963280925.1	88.764	100.0	3.34e-46	89	ok
smbu06GL000221	GCA_988227945.1	100.000	100.0	3.68e-52	89	ok
smbu06GL000221	GCA_988227985.1	100.000	100.0	3.68e-52	89	ok
smbu06GL000221	GCA_988228025.1	100.000	100.0	3.68e-52	89	ok
smbu06GL000221	GCA_988235375.1	93.506	86.5	8.49e-43	77	ok
smbu06GL000221	GCA_988236725.1	93.506	86.5	8.49e-43	77	ok
smbu06GL000221	GCA_988237225.1	100.000	100.0	3.68e-52	89	ok
smbu06GL000221	GCF_001298485.1	100.000	100.0	3.68e-52	89	ok
smbu06GL000221	GCF_001412695.1	100.000	100.0	3.68e-52	89	ok
smbu06GL000221	GCF_001598635.1	75.325	86.5	7.24e-32	77	ok
smbu06GL000221	GCF_001689055.2	75.325	86.5	7.24e-32	77	ok
smbu06GL000221	GCF_002208945.1	75.325	86.5	7.24e-32	77	ok
smbu06GL000221	GCF_002216705.1	73.034	100.0	9.16e-36	89	ok
smbu06GL000221	GCF_002278015.2	89.888	100.0	4.44e-47	89	ok
smbu06GL000221	GCF_002289045.2	75.325	86.5	7.24e-32	77	ok
smbu06GL000221	GCF_002290025.1	93.506	86.5	8.49e-43	77	ok
smbu06GL000221	GCF_002355755.1	75.325	86.5	8.06e-32	77	ok
smbu06GL000221	GCF_002761555.1	100.000	100.0	3.68e-52	89	ok
smbu06GL000221	GCF_002831505.1	100.000	100.0	3.68e-52	89	ok
smbu06GL000221	GCF_002850515.1	100.000	100.0	3.68e-52	89	ok
smbu06GL000221	GCF_002983785.1	100.000	100.0	3.68e-52	89	ok
smbu06GL000221	GCF_003269465.1	100.000	100.0	3.68e-52	89	ok
smbu06GL000221	GCF_003667965.1	100.000	100.0	3.68e-52	89	ok
smbu06GL000221	GCF_003711125.1	79.775	100.0	7.08e-39	89	ok
smbu06GL000221	GCF_003711605.1	100.000	100.0	3.68e-52	89	ok
smbu06GL000221	GCF_003812665.1	75.325	86.5	8.06e-32	77	ok
smbu06GL000221	GCF_004332055.1	100.000	100.0	3.68e-52	89	ok
smbu06GL000221	GCF_005484525.1	75.325	86.5	7.24e-32	77	ok
smbu06GL000221	GCF_006337145.1	100.000	100.0	3.68e-52	89	ok
smbu06GL000221	GCF_006351785.1	100.000	100.0	3.68e-52	89	ok
smbu06GL000221	GCF_006351845.1	100.000	100.0	3.68e-52	89	ok
smbu06GL000221	GCF_006364815.1	75.325	86.5	7.24e-32	77	ok
smbu06GL000221	GCF_006494835.1	75.325	86.5	7.24e-32	77	ok
smbu06GL000221	GCF_006494855.1	75.325	86.5	7.24e-32	77	ok
smbu06GL000221	GCF_006494875.1	75.325	86.5	7.24e-32	77	ok
smbu06GL000221	GCF_006766145.1	75.325	86.5	7.24e-32	77	ok
smbu06GL000221	GCF_007923665.2	100.000	100.0	3.68e-52	89	ok
smbu06GL000221	GCF_007923785.2	100.000	100.0	3.68e-52	89	ok
smbu06GL000221	GCF_007923865.2	100.000	100.0	3.68e-52	89	ok
smbu06GL000221	GCF_007923885.2	100.000	100.0	3.68e-52	89	ok
smbu06GL000221	GCF_007923905.2	100.000	100.0	3.68e-52	89	ok
smbu06GL000221	GCF_007923925.2	100.000	100.0	3.68e-52	89	ok
smbu06GL000221	GCF_007923945.2	100.000	100.0	3.68e-52	89	ok
smbu06GL000221	GCF_007923965.2	100.000	100.0	3.68e-52	89	ok
smbu06GL000221	GCF_008330605.1	100.000	100.0	3.68e-52	89	ok
smbu06GL000221	GCF_009730155.1	68.493	82.0	1.07e-28	10	rejected
smbu06GL000221	GCF_009734005.1	100.000	100.0	3.68e-52	89	ok
smbu06GL000221	GCF_009938075.1	100.000	100.0	3.68e-52	89	ok
smbu06GL000221	GCF_010103655.1	75.325	86.5	7.24e-32	77	ok
smbu06GL000221	GCF_010120755.1	100.000	100.0	3.68e-52	89	ok
smbu06GL000221	GCF_011745645.1	100.000	100.0	3.68e-52	89	ok
smbu06GL000221	GCF_012045365.1	100.000	100.0	3.68e-52	89	ok
smbu06GL000221	GCF_012045505.1	100.000	100.0	3.68e-52	89	ok
smbu06GL000221	GCF_012594215.1	75.325	86.5	7.24e-32	77	ok
smbu06GL000221	GCF_013201055.1	100.000	100.0	3.68e-52	89	ok
smbu06GL000221	GCF_013344625.1	75.325	86.5	7.24e-32	77	ok
smbu06GL000221	GCF_013344645.1	75.325	86.5	7.24e-32	77	ok
smbu06GL000221	GCF_013344665.1	75.325	86.5	7.24e-32	77	ok
smbu06GL000221	GCF_013391145.1	89.888	100.0	4.44e-47	89	ok
smbu06GL000221	GCF_013391165.1	89.888	100.0	4.44e-47	89	ok
smbu06GL000221	GCF_013391185.1	89.888	100.0	4.44e-47	89	ok
smbu06GL000221	GCF_013391205.1	89.888	100.0	4.44e-47	89	ok
smbu06GL000221	GCF_013394325.1	76.404	100.0	4.98e-37	89	ok
smbu06GL000221	GCF_015377765.1	100.000	100.0	3.68e-52	89	ok
smbu06GL000221	GCF_015767695.1	100.000	100.0	3.68e-52	89	ok
smbu06GL000221	GCF_015767715.1	100.000	100.0	3.68e-52	89	ok
smbu06GL000221	GCF_016127235.1	89.888	100.0	4.44e-47	89	ok
smbu06GL000221	GCF_017280035.1	75.325	86.5	7.24e-32	77	ok
smbu06GL000221	GCF_017357805.1	74.026	86.5	1.27e-31	77	ok
smbu06GL000221	GCF_018516845.1	100.000	100.0	3.68e-52	89	ok
smbu06GL000221	GCF_019203145.1	100.000	100.0	3.68e-52	89	ok
smbu06GL000221	GCF_019343125.1	100.000	100.0	3.68e-52	89	ok
smbu06GL000221	GCF_019456555.1	100.000	100.0	3.68e-52	89	ok
smbu06GL000221	GCF_019456575.1	100.000	100.0	3.68e-52	89	ok
smbu06GL000221	GCF_019456595.1	100.000	100.0	3.68e-52	89	ok
smbu06GL000221	GCF_019797905.1	77.528	100.0	5.54e-38	89	ok
smbu06GL000221	GCF_019967715.1	100.000	100.0	3.68e-52	89	ok
smbu06GL000221	GCF_020881975.1	75.325	86.5	8.06e-32	77	ok
smbu06GL000221	GCF_020906605.1	75.325	86.5	7.24e-32	77	ok
smbu06GL000221	GCF_022869705.1	75.325	86.5	7.24e-32	77	ok
smbu06GL000221	GCF_023299785.1	75.325	86.5	8.06e-32	77	ok
smbu06GL000221	GCF_023375505.1	75.325	86.5	8.06e-32	77	ok
smbu06GL000221	GCF_023612035.1	75.325	86.5	7.24e-32	77	ok
smbu06GL000221	GCF_023612275.1	100.000	100.0	3.68e-52	89	ok
smbu06GL000221	GCF_024267595.1	75.325	86.5	7.24e-32	77	ok
smbu06GL000221	GCF_025957845.1	75.325	86.5	7.24e-32	77	ok
smbu06GL000221	GCF_025957925.1	75.325	86.5	7.24e-32	77	ok
smbu06GL000221	GCF_025958025.1	75.325	86.5	8.06e-32	77	ok
smbu06GL000221	GCF_025958065.1	75.325	86.5	8.06e-32	77	ok
smbu06GL000221	GCF_025958085.1	75.325	86.5	8.06e-32	77	ok
smbu06GL000221	GCF_025958625.1	75.325	86.5	7.24e-32	77	ok
smbu06GL000221	GCF_025958845.1	75.325	86.5	8.06e-32	77	ok
smbu06GL000221	GCF_025958885.1	75.325	86.5	7.24e-32	77	ok
smbu06GL000221	GCF_026650885.1	75.325	86.5	7.24e-32	77	ok
smbu06GL000221	GCF_027915235.1	100.000	100.0	3.68e-52	89	ok
smbu06GL000221	GCF_030490365.1	100.000	100.0	3.68e-52	89	ok
smbu06GL000221	GCF_030584585.1	100.000	100.0	3.68e-52	89	ok
smbu06GL000221	GCF_030584605.1	100.000	100.0	3.68e-52	89	ok
smbu06GL000221	GCF_030584685.1	100.000	100.0	3.68e-52	89	ok
smbu06GL000221	GCF_030643745.1	100.000	100.0	3.68e-52	89	ok
smbu06GL000221	GCF_033954875.1	100.000	100.0	3.68e-52	89	ok
smbu06GL000221	GCF_033954895.1	100.000	100.0	3.68e-52	89	ok
smbu06GL000221	GCF_033954915.1	100.000	100.0	3.68e-52	89	ok
smbu06GL000221	GCF_036669985.1	100.000	100.0	3.68e-52	89	ok
smbu06GL000221	GCF_040745045.1	100.000	100.0	3.68e-52	89	ok
smbu06GL000221	GCF_043950735.1	89.888	100.0	4.44e-47	89	ok
smbu06GL000221	GCF_049315065.1	94.186	96.6	4.23e-47	86	ok
smbu06GL000221	GCF_049315075.1	94.382	100.0	1.48e-43	89	ok
smbu06GL000221	GCF_049315085.1	94.382	100.0	1.48e-43	89	ok
smbu06GL000221	GCF_049315095.1	94.382	100.0	1.48e-43	89	ok
smbu06GL000221	GCF_049315105.1	94.382	100.0	1.48e-43	89	ok
smbu06GL000221	GCF_049315115.1	100.000	100.0	3.68e-52	89	ok
smbu06GL000221	GCF_049315125.1	100.000	100.0	3.68e-52	89	ok
smbu06GL000221	GCF_049315135.1	94.382	100.0	1.48e-43	89	ok
smbu06GL000221	GCF_049315145.1	100.000	100.0	3.68e-52	89	ok
smbu06GL000221	GCF_049315155.1	94.382	100.0	1.48e-43	89	ok
smbu06GL000221	GCF_049315165.1	100.000	100.0	3.68e-52	89	ok
smbu06GL000221	GCF_049315175.1	94.186	96.6	4.23e-47	86	ok
smbu06GL000221	GCF_052655065.1	100.000	100.0	3.68e-52	89	ok
smbu06GL000221	GCF_052655335.1	100.000	100.0	3.68e-52	89	ok
smbu06GL000221	GCF_052655665.1	100.000	100.0	3.68e-52	89	ok
smbu06GL000221	GCF_052656575.1	100.000	100.0	3.68e-52	89	ok
smbu06GL000221	GCF_052657825.1	100.000	100.0	3.68e-52	89	ok
smbu06GL000221	GCF_052658005.1	100.000	100.0	3.68e-52	89	ok
smbu06GL000221	GCF_053764515.1	73.034	100.0	6.72e-36	89	ok
smbu06GL000221	GCF_056487465.1	73.034	100.0	6.72e-36	89	ok
smbu06GL000221	GCF_056582645.1	100.000	100.0	3.68e-52	89	ok
smbu06GL000221	GCF_931972305.1	73.034	100.0	7.05e-36	89	ok
smbu06GL000221	GCF_988227945.1	100.000	100.0	3.68e-52	89	ok
smbu06GL000221	GCF_988227985.1	100.000	100.0	3.68e-52	89	ok
smbu06GL000221	GCF_988228025.1	100.000	100.0	3.68e-52	89	ok
smbu06GL000221	L_lactis_14B4	67.532	86.5	3.11e-29	77	ok
smbu06GL000221	L_lactis_IL1403	67.532	86.5	1.47e-29	77	ok
smbu06GL000221	smbu06_project	100.000	100.0	3.68e-52	89	ok
smbu06GL000221	smbu08_project	100.000	100.0	3.68e-52	89	ok
smbu06GL000281	E_lactis_194	100.000	100.0	8.31e-35	66	ok
smbu06GL000281	GCA_000006865.1	81.818	100.0	3.67e-28	66	ok
smbu06GL000281	GCA_000157355.2	90.909	100.0	7.27e-31	66	ok
smbu06GL000281	GCA_000344575.1	81.818	100.0	3.67e-28	66	ok
smbu06GL000281	GCA_000761115.1	81.818	100.0	3.67e-28	66	ok
smbu06GL000281	GCA_000807375.1	81.818	100.0	3.67e-28	66	ok
smbu06GL000281	GCA_002216705.1	96.970	100.0	2.88e-33	66	ok
smbu06GL000281	GCA_002278015.2	98.485	100.0	3.33e-34	66	ok
smbu06GL000281	GCA_002290025.1	93.939	100.0	1.01e-32	66	ok
smbu06GL000281	GCA_002804185.1	81.818	100.0	3.67e-28	66	ok
smbu06GL000281	GCA_002804285.1	81.818	100.0	3.67e-28	66	ok
smbu06GL000281	GCA_002813755.1	96.970	100.0	2.88e-33	66	ok
smbu06GL000281	GCA_002895225.1	81.818	100.0	3.67e-28	66	ok
smbu06GL000281	GCA_003711125.1	92.424	100.0	2.52e-31	66	ok
smbu06GL000281	GCA_003722255.1	81.818	100.0	3.67e-28	66	ok
smbu06GL000281	GCA_005347505.1	92.424	100.0	2.52e-31	66	ok
smbu06GL000281	GCA_009730155.1	90.909	100.0	7.27e-31	66	ok
smbu06GL000281	GCA_013391145.1	98.485	100.0	3.33e-34	66	ok
smbu06GL000281	GCA_013391165.1	98.485	100.0	3.33e-34	66	ok
smbu06GL000281	GCA_013391185.1	98.485	100.0	3.33e-34	66	ok
smbu06GL000281	GCA_013391205.1	98.485	100.0	3.33e-34	66	ok
smbu06GL000281	GCA_013394325.1	90.909	100.0	5.81e-31	66	ok
smbu06GL000281	GCA_015767715.1	98.485	100.0	3.33e-34	66	ok
smbu06GL000281	GCA_016127235.1	98.485	100.0	3.33e-34	66	ok
smbu06GL000281	GCA_019203145.1	98.485	100.0	3.33e-34	66	ok
smbu06GL000281	GCA_019343125.1	98.485	100.0	3.33e-34	66	ok
smbu06GL000281	GCA_019797905.1	92.424	100.0	2.52e-31	66	ok
smbu06GL000281	GCA_019967715.1	98.485	100.0	3.33e-34	66	ok
smbu06GL000281	GCA_022870765.1	90.909	100.0	7.27e-31	66	ok
smbu06GL000281	GCA_023523715.1	90.909	100.0	7.27e-31	66	ok
smbu06GL000281	GCA_023612275.1	98.485	100.0	3.33e-34	66	ok
smbu06GL000281	GCA_025402795.1	92.424	100.0	2.52e-31	66	ok
smbu06GL000281	GCA_025402855.1	92.424	100.0	2.52e-31	66	ok
smbu06GL000281	GCA_029201225.1	90.909	100.0	7.27e-31	66	ok
smbu06GL000281	GCA_029215545.1	90.909	100.0	7.27e-31	66	ok
smbu06GL000281	GCA_030490365.1	98.485	100.0	3.33e-34	66	ok
smbu06GL000281	GCA_033954875.1	98.485	100.0	3.33e-34	66	ok
smbu06GL000281	GCA_033954895.1	98.485	100.0	3.33e-34	66	ok
smbu06GL000281	GCA_033954915.1	98.485	100.0	3.33e-34	66	ok
smbu06GL000281	GCA_036669985.1	98.485	100.0	3.33e-34	66	ok
smbu06GL000281	GCA_040745045.1	98.485	100.0	3.33e-34	66	ok
smbu06GL000281	GCA_041930275.1	89.394	100.0	3.8e-30	66	ok
smbu06GL000281	GCA_041952535.1	90.909	100.0	7.27e-31	66	ok
smbu06GL000281	GCA_043950735.1	98.485	100.0	3.33e-34	66	ok
smbu06GL000281	GCA_043950745.1	98.485	100.0	3.33e-34	66	ok
smbu06GL000281	GCA_045039055.1	90.909	100.0	7.27e-31	66	ok
smbu06GL000281	GCA_049315065.1	98.485	100.0	3.33e-34	66	ok
smbu06GL000281	GCA_049315075.1	96.970	100.0	1.06e-33	66	ok
smbu06GL000281	GCA_049315085.1	96.970	100.0	1.06e-33	66	ok
smbu06GL000281	GCA_049315095.1	96.970	100.0	1.06e-33	66	ok
smbu06GL000281	GCA_049315105.1	96.970	100.0	1.06e-33	66	ok
smbu06GL000281	GCA_049315115.1	98.485	100.0	3.33e-34	66	ok
smbu06GL000281	GCA_049315125.1	98.485	100.0	3.33e-34	66	ok
smbu06GL000281	GCA_049315135.1	96.970	100.0	1.06e-33	66	ok
smbu06GL000281	GCA_049315145.1	98.485	100.0	3.33e-34	66	ok
smbu06GL000281	GCA_049315155.1	96.970	100.0	1.06e-33	66	ok
smbu06GL000281	GCA_049315165.1	98.485	100.0	3.33e-34	66	ok
smbu06GL000281	GCA_049315175.1	98.485	100.0	3.33e-34	66	ok
smbu06GL000281	GCA_052655065.1	98.485	100.0	3.33e-34	66	ok
smbu06GL000281	GCA_052655335.1	98.485	100.0	3.33e-34	66	ok
smbu06GL000281	GCA_052655665.1	98.485	100.0	3.33e-34	66	ok
smbu06GL000281	GCA_052656575.1	98.485	100.0	3.33e-34	66	ok
smbu06GL000281	GCA_052657825.1	98.485	100.0	3.33e-34	66	ok
smbu06GL000281	GCA_052658005.1	98.485	100.0	3.33e-34	66	ok
smbu06GL000281	GCA_053764515.1	96.970	100.0	2.88e-33	66	ok
smbu06GL000281	GCA_055397705.1	87.179	59.1	1.98e-22	20	ok
smbu06GL000281	GCA_055397995.1	98.485	100.0	3.33e-34	66	ok
smbu06GL000281	GCA_056487485.1	96.970	100.0	2.88e-33	66	ok
smbu06GL000281	GCA_056582645.1	100.000	100.0	8.31e-35	66	ok
smbu06GL000281	GCA_058072705.1	98.485	100.0	3.33e-34	66	ok
smbu06GL000281	GCA_060306215.1	98.485	100.0	3.33e-34	66	ok
smbu06GL000281	GCA_060307205.1	98.485	100.0	3.33e-34	66	ok
smbu06GL000281	GCA_060307225.1	98.485	100.0	3.33e-34	66	ok
smbu06GL000281	GCA_061568495.1	98.485	100.0	3.33e-34	66	ok
smbu06GL000281	GCA_900636615.1	98.485	100.0	3.33e-34	66	ok
smbu06GL000281	GCA_905186115.1	98.485	100.0	3.27e-34	66	ok
smbu06GL000281	GCA_931972305.1	96.970	100.0	2.88e-33	66	ok
smbu06GL000281	GCA_963280925.1	98.485	100.0	3.33e-34	66	ok
smbu06GL000281	GCA_988227945.1	98.485	100.0	3.33e-34	66	ok
smbu06GL000281	GCA_988227985.1	98.485	100.0	3.33e-34	66	ok
smbu06GL000281	GCA_988228025.1	98.485	100.0	3.33e-34	66	ok
smbu06GL000281	GCA_988235375.1	93.939	100.0	1.01e-32	66	ok
smbu06GL000281	GCA_988236725.1	93.939	100.0	1.01e-32	66	ok
smbu06GL000281	GCA_988237225.1	98.485	100.0	3.33e-34	66	ok
smbu06GL000281	GCF_001298485.1	98.485	100.0	3.33e-34	66	ok
smbu06GL000281	GCF_001412695.1	98.485	100.0	3.33e-34	66	ok
smbu06GL000281	GCF_001598635.1	87.879	100.0	6.25e-29	66	ok
smbu06GL000281	GCF_001689055.2	87.879	100.0	6.25e-29	66	ok
smbu06GL000281	GCF_002208945.1	87.879	100.0	6.25e-29	66	ok
smbu06GL000281	GCF_002216705.1	96.970	100.0	2.88e-33	66	ok
smbu06GL000281	GCF_002278015.2	98.485	100.0	3.33e-34	66	ok
smbu06GL000281	GCF_002289045.2	87.879	100.0	6.25e-29	66	ok
smbu06GL000281	GCF_002290025.1	93.939	100.0	1.01e-32	66	ok
smbu06GL000281	GCF_002355755.1	87.879	100.0	6.25e-29	66	ok
smbu06GL000281	GCF_002761555.1	98.485	100.0	3.33e-34	66	ok
smbu06GL000281	GCF_002831505.1	98.485	100.0	3.33e-34	66	ok
smbu06GL000281	GCF_002850515.1	98.485	100.0	3.33e-34	66	ok
smbu06GL000281	GCF_002983785.1	98.485	100.0	3.33e-34	66	ok
smbu06GL000281	GCF_003269465.1	98.485	100.0	3.33e-34	66	ok
smbu06GL000281	GCF_003667965.1	98.485	100.0	3.33e-34	66	ok
smbu06GL000281	GCF_003711125.1	92.424	100.0	2.52e-31	66	ok
smbu06GL000281	GCF_003711605.1	98.485	100.0	3.33e-34	66	ok
smbu06GL000281	GCF_003812665.1	87.879	100.0	6.25e-29	66	ok
smbu06GL000281	GCF_004332055.1	98.485	100.0	3.33e-34	66	ok
smbu06GL000281	GCF_005484525.1	87.879	100.0	6.25e-29	66	ok
smbu06GL000281	GCF_006337145.1	98.485	100.0	3.33e-34	66	ok
smbu06GL000281	GCF_006351785.1	98.485	100.0	3.33e-34	66	ok
smbu06GL000281	GCF_006351845.1	98.485	100.0	3.33e-34	66	ok
smbu06GL000281	GCF_006364815.1	87.879	100.0	6.25e-29	66	ok
smbu06GL000281	GCF_006494835.1	87.879	100.0	6.25e-29	66	ok
smbu06GL000281	GCF_006494855.1	87.879	100.0	6.25e-29	66	ok
smbu06GL000281	GCF_006494875.1	87.879	100.0	6.25e-29	66	ok
smbu06GL000281	GCF_006766145.1	87.879	100.0	6.25e-29	66	ok
smbu06GL000281	GCF_007923665.2	98.485	100.0	3.33e-34	66	ok
smbu06GL000281	GCF_007923785.2	98.485	100.0	3.33e-34	66	ok
smbu06GL000281	GCF_007923865.2	98.485	100.0	3.33e-34	66	ok
smbu06GL000281	GCF_007923885.2	98.485	100.0	3.33e-34	66	ok
smbu06GL000281	GCF_007923905.2	98.485	100.0	3.33e-34	66	ok
smbu06GL000281	GCF_007923925.2	98.485	100.0	3.33e-34	66	ok
smbu06GL000281	GCF_007923945.2	98.485	100.0	3.33e-34	66	ok
smbu06GL000281	GCF_007923965.2	98.485	100.0	3.33e-34	66	ok
smbu06GL000281	GCF_008330605.1	98.485	100.0	3.33e-34	66	ok
smbu06GL000281	GCF_009730155.1	90.909	100.0	7.27e-31	66	ok
smbu06GL000281	GCF_009734005.1	98.485	100.0	3.33e-34	66	ok
smbu06GL000281	GCF_009938075.1	98.485	100.0	3.33e-34	66	ok
smbu06GL000281	GCF_010103655.1	87.879	100.0	6.25e-29	66	ok
smbu06GL000281	GCF_010120755.1	98.485	100.0	3.33e-34	66	ok
smbu06GL000281	GCF_011745645.1	98.485	100.0	3.33e-34	66	ok
smbu06GL000281	GCF_012045365.1	98.485	100.0	3.33e-34	66	ok
smbu06GL000281	GCF_012045505.1	98.485	100.0	3.33e-34	66	ok
smbu06GL000281	GCF_012594215.1	87.879	100.0	6.25e-29	66	ok
smbu06GL000281	GCF_013201055.1	98.485	100.0	3.33e-34	66	ok
smbu06GL000281	GCF_013344625.1	87.879	100.0	6.25e-29	66	ok
smbu06GL000281	GCF_013344645.1	87.879	100.0	6.25e-29	66	ok
smbu06GL000281	GCF_013344665.1	87.879	100.0	6.25e-29	66	ok
smbu06GL000281	GCF_013391145.1	98.485	100.0	3.33e-34	66	ok
smbu06GL000281	GCF_013391165.1	98.485	100.0	3.33e-34	66	ok
smbu06GL000281	GCF_013391185.1	98.485	100.0	3.33e-34	66	ok
smbu06GL000281	GCF_013391205.1	98.485	100.0	3.33e-34	66	ok
smbu06GL000281	GCF_013394325.1	90.909	100.0	5.81e-31	66	ok
smbu06GL000281	GCF_015377765.1	98.485	100.0	3.33e-34	66	ok
smbu06GL000281	GCF_015767695.1	98.485	100.0	3.33e-34	66	ok
smbu06GL000281	GCF_015767715.1	98.485	100.0	3.33e-34	66	ok
smbu06GL000281	GCF_016127235.1	98.485	100.0	3.33e-34	66	ok
smbu06GL000281	GCF_017280035.1	87.879	100.0	6.25e-29	66	ok
smbu06GL000281	GCF_017357805.1	87.879	100.0	6.25e-29	66	ok
smbu06GL000281	GCF_018516845.1	98.485	100.0	3.33e-34	66	ok
smbu06GL000281	GCF_019203145.1	98.485	100.0	3.33e-34	66	ok
smbu06GL000281	GCF_019343125.1	98.485	100.0	3.33e-34	66	ok
smbu06GL000281	GCF_019456555.1	98.485	100.0	3.33e-34	66	ok
smbu06GL000281	GCF_019456575.1	98.485	100.0	3.33e-34	66	ok
smbu06GL000281	GCF_019456595.1	98.485	100.0	3.33e-34	66	ok
smbu06GL000281	GCF_019797905.1	92.424	100.0	2.52e-31	66	ok
smbu06GL000281	GCF_019967715.1	98.485	100.0	3.33e-34	66	ok
smbu06GL000281	GCF_020881975.1	87.879	100.0	6.25e-29	66	ok
smbu06GL000281	GCF_020906605.1	87.879	100.0	6.25e-29	66	ok
smbu06GL000281	GCF_022869705.1	87.879	100.0	6.25e-29	66	ok
smbu06GL000281	GCF_023299785.1	87.879	100.0	6.25e-29	66	ok
smbu06GL000281	GCF_023375505.1	87.879	100.0	6.25e-29	66	ok
smbu06GL000281	GCF_023612035.1	87.879	100.0	6.25e-29	66	ok
smbu06GL000281	GCF_023612275.1	98.485	100.0	3.33e-34	66	ok
smbu06GL000281	GCF_024267595.1	87.879	100.0	6.25e-29	66	ok
smbu06GL000281	GCF_025957845.1	87.879	100.0	6.25e-29	66	ok
smbu06GL000281	GCF_025957925.1	87.879	100.0	6.25e-29	66	ok
smbu06GL000281	GCF_025958025.1	87.879	100.0	6.25e-29	66	ok
smbu06GL000281	GCF_025958065.1	87.879	100.0	6.25e-29	66	ok
smbu06GL000281	GCF_025958085.1	87.879	100.0	6.25e-29	66	ok
smbu06GL000281	GCF_025958625.1	87.879	100.0	6.25e-29	66	ok
smbu06GL000281	GCF_025958845.1	87.879	100.0	6.25e-29	66	ok
smbu06GL000281	GCF_025958885.1	87.879	100.0	6.25e-29	66	ok
smbu06GL000281	GCF_026650885.1	87.879	100.0	6.25e-29	66	ok
smbu06GL000281	GCF_027915235.1	98.485	100.0	3.33e-34	66	ok
smbu06GL000281	GCF_030490365.1	98.485	100.0	3.33e-34	66	ok
smbu06GL000281	GCF_030584585.1	98.485	100.0	3.33e-34	66	ok
smbu06GL000281	GCF_030584605.1	98.485	100.0	3.33e-34	66	ok
smbu06GL000281	GCF_030584685.1	98.485	100.0	3.33e-34	66	ok
smbu06GL000281	GCF_030643745.1	98.485	100.0	3.33e-34	66	ok
smbu06GL000281	GCF_033954875.1	98.485	100.0	3.33e-34	66	ok
smbu06GL000281	GCF_033954895.1	98.485	100.0	3.33e-34	66	ok
smbu06GL000281	GCF_033954915.1	98.485	100.0	3.33e-34	66	ok
smbu06GL000281	GCF_036669985.1	98.485	100.0	3.33e-34	66	ok
smbu06GL000281	GCF_040745045.1	98.485	100.0	3.33e-34	66	ok
smbu06GL000281	GCF_043950735.1	98.485	100.0	3.33e-34	66	ok
smbu06GL000281	GCF_049315065.1	98.485	100.0	3.33e-34	66	ok
smbu06GL000281	GCF_049315075.1	96.970	100.0	1.06e-33	66	ok
smbu06GL000281	GCF_049315085.1	96.970	100.0	1.06e-33	66	ok
smbu06GL000281	GCF_049315095.1	96.970	100.0	1.06e-33	66	ok
smbu06GL000281	GCF_049315105.1	96.970	100.0	1.06e-33	66	ok
smbu06GL000281	GCF_049315115.1	98.485	100.0	3.33e-34	66	ok
smbu06GL000281	GCF_049315125.1	98.485	100.0	3.33e-34	66	ok
smbu06GL000281	GCF_049315135.1	96.970	100.0	1.06e-33	66	ok
smbu06GL000281	GCF_049315145.1	98.485	100.0	3.33e-34	66	ok
smbu06GL000281	GCF_049315155.1	96.970	100.0	1.06e-33	66	ok
smbu06GL000281	GCF_049315165.1	98.485	100.0	3.33e-34	66	ok
smbu06GL000281	GCF_049315175.1	98.485	100.0	3.33e-34	66	ok
smbu06GL000281	GCF_052655065.1	98.485	100.0	3.33e-34	66	ok
smbu06GL000281	GCF_052655335.1	98.485	100.0	3.33e-34	66	ok
smbu06GL000281	GCF_052655665.1	98.485	100.0	3.33e-34	66	ok
smbu06GL000281	GCF_052656575.1	98.485	100.0	3.33e-34	66	ok
smbu06GL000281	GCF_052657825.1	98.485	100.0	3.33e-34	66	ok
smbu06GL000281	GCF_052658005.1	98.485	100.0	3.33e-34	66	ok
smbu06GL000281	GCF_053764515.1	96.970	100.0	2.88e-33	66	ok
smbu06GL000281	GCF_056487465.1	96.970	100.0	2.88e-33	66	ok
smbu06GL000281	GCF_056582645.1	100.000	100.0	8.31e-35	66	ok
smbu06GL000281	GCF_931972305.1	96.970	100.0	2.88e-33	66	ok
smbu06GL000281	GCF_988227945.1	98.485	100.0	3.33e-34	66	ok
smbu06GL000281	GCF_988227985.1	98.485	100.0	3.33e-34	66	ok
smbu06GL000281	GCF_988228025.1	98.485	100.0	3.33e-34	66	ok
smbu06GL000281	L_lactis_14B4	81.818	100.0	3.67e-28	66	ok
smbu06GL000281	L_lactis_IL1403	81.818	100.0	3.67e-28	66	ok
smbu06GL000281	L_lactis_MG1363	83.333	100.0	1.57e-28	66	ok
smbu06GL000281	smbu06_project	100.000	100.0	8.31e-35	66	ok
smbu06GL000281	smbu08_project	100.000	100.0	8.31e-35	66	ok
smbu06GL000282	E_lactis_194	100.000	100.0	2.11e-72	119	ok
smbu06GL000282	GCA_000006865.1	84.874	100.0	6.12e-52	119	ok
smbu06GL000282	GCA_000157355.2	96.639	100.0	9.75e-70	119	ok
smbu06GL000282	GCA_000344575.1	84.874	100.0	6.12e-52	119	ok
smbu06GL000282	GCA_000761115.1	84.874	100.0	6.12e-52	119	ok
smbu06GL000282	GCA_000807375.1	84.874	100.0	6.12e-52	119	ok
smbu06GL000282	GCA_002216705.1	97.479	100.0	6.79e-71	119	ok
smbu06GL000282	GCA_002278015.2	97.479	100.0	1.2e-70	119	ok
smbu06GL000282	GCA_002290025.1	97.479	100.0	6.79e-71	119	ok
smbu06GL000282	GCA_002804185.1	84.874	100.0	6.12e-52	119	ok
smbu06GL000282	GCA_002804285.1	84.874	100.0	6.12e-52	119	ok
smbu06GL000282	GCA_002813755.1	96.639	100.0	3.49e-70	119	ok
smbu06GL000282	GCA_002895225.1	84.874	100.0	6.12e-52	119	ok
smbu06GL000282	GCA_003711125.1	95.798	100.0	1.87e-69	119	ok
smbu06GL000282	GCA_003722255.1	84.874	100.0	6.12e-52	119	ok
smbu06GL000282	GCA_005347505.1	94.958	100.0	1.25e-68	119	ok
smbu06GL000282	GCA_009730155.1	94.872	98.3	1.91e-68	117	ok
smbu06GL000282	GCA_013391145.1	97.479	100.0	1.2e-70	119	ok
smbu06GL000282	GCA_013391165.1	97.479	100.0	1.2e-70	119	ok
smbu06GL000282	GCA_013391185.1	97.479	100.0	1.2e-70	119	ok
smbu06GL000282	GCA_013391205.1	97.479	100.0	1.2e-70	119	ok
smbu06GL000282	GCA_013394325.1	94.958	100.0	3.4e-69	119	ok
smbu06GL000282	GCA_015767715.1	100.000	100.0	2.11e-72	119	ok
smbu06GL000282	GCA_016127235.1	97.479	100.0	1.2e-70	119	ok
smbu06GL000282	GCA_019203145.1	100.000	100.0	2.11e-72	119	ok
smbu06GL000282	GCA_019343125.1	100.000	100.0	2.11e-72	119	ok
smbu06GL000282	GCA_019797905.1	95.798	100.0	1.87e-69	119	ok
smbu06GL000282	GCA_019967715.1	100.000	100.0	2.11e-72	119	ok
smbu06GL000282	GCA_022870765.1	96.639	100.0	3.73e-70	119	ok
smbu06GL000282	GCA_023523715.1	98.291	98.3	2.13e-70	117	ok
smbu06GL000282	GCA_023612275.1	100.000	100.0	2.11e-72	119	ok
smbu06GL000282	GCA_025402795.1	95.798	100.0	1.87e-69	119	ok
smbu06GL000282	GCA_025402855.1	95.798	100.0	1.87e-69	119	ok
smbu06GL000282	GCA_029201225.1	96.639	100.0	3.73e-70	119	ok
smbu06GL000282	GCA_029215545.1	97.479	100.0	1.17e-70	119	ok
smbu06GL000282	GCA_030490365.1	100.000	100.0	2.11e-72	119	ok
smbu06GL000282	GCA_033954875.1	100.000	100.0	2.11e-72	119	ok
smbu06GL000282	GCA_033954895.1	100.000	100.0	2.11e-72	119	ok
smbu06GL000282	GCA_033954915.1	100.000	100.0	2.11e-72	119	ok
smbu06GL000282	GCA_036669985.1	100.000	100.0	2.11e-72	119	ok
smbu06GL000282	GCA_040745045.1	100.000	100.0	2.11e-72	119	ok
smbu06GL000282	GCA_041930275.1	96.639	100.0	3.73e-70	119	ok
smbu06GL000282	GCA_041952535.1	96.639	100.0	3.73e-70	119	ok
smbu06GL000282	GCA_043950735.1	97.479	100.0	1.2e-70	119	ok
smbu06GL000282	GCA_043950745.1	97.479	100.0	1.2e-70	119	ok
smbu06GL000282	GCA_045039055.1	96.639	100.0	3.73e-70	119	ok
smbu06GL000282	GCA_049315065.1	100.000	100.0	2.11e-72	119	ok
smbu06GL000282	GCA_049315075.1	97.479	100.0	4.22e-71	119	ok
smbu06GL000282	GCA_049315085.1	97.479	100.0	4.22e-71	119	ok
smbu06GL000282	GCA_049315095.1	97.479	100.0	4.22e-71	119	ok
smbu06GL000282	GCA_049315105.1	97.479	100.0	4.22e-71	119	ok
smbu06GL000282	GCA_049315115.1	100.000	100.0	2.11e-72	119	ok
smbu06GL000282	GCA_049315125.1	100.000	100.0	2.11e-72	119	ok
smbu06GL000282	GCA_049315135.1	97.479	100.0	4.22e-71	119	ok
smbu06GL000282	GCA_049315145.1	100.000	100.0	2.11e-72	119	ok
smbu06GL000282	GCA_049315155.1	97.479	100.0	4.22e-71	119	ok
smbu06GL000282	GCA_049315165.1	100.000	100.0	2.11e-72	119	ok
smbu06GL000282	GCA_049315175.1	100.000	100.0	2.11e-72	119	ok
smbu06GL000282	GCA_052655065.1	100.000	100.0	2.11e-72	119	ok
smbu06GL000282	GCA_052655335.1	100.000	100.0	2.11e-72	119	ok
smbu06GL000282	GCA_052655665.1	100.000	100.0	2.11e-72	119	ok
smbu06GL000282	GCA_052656575.1	100.000	100.0	2.11e-72	119	ok
smbu06GL000282	GCA_052657825.1	100.000	100.0	2.11e-72	119	ok
smbu06GL000282	GCA_052658005.1	100.000	100.0	2.11e-72	119	ok
smbu06GL000282	GCA_053764515.1	96.639	100.0	3.49e-70	119	ok
smbu06GL000282	GCA_055397705.1	94.366	58.8	8.08e-41	71	ok
smbu06GL000282	GCA_055397995.1	95.726	98.3	4.27e-68	117	ok
smbu06GL000282	GCA_056487485.1	95.798	100.0	7.22e-70	119	ok
smbu06GL000282	GCA_056582645.1	100.000	100.0	2.11e-72	119	ok
smbu06GL000282	GCA_058072705.1	100.000	100.0	2.11e-72	119	ok
smbu06GL000282	GCA_060306215.1	100.000	100.0	2.11e-72	119	ok
smbu06GL000282	GCA_060307205.1	97.479	100.0	1.2e-70	119	ok
smbu06GL000282	GCA_060307225.1	100.000	100.0	2.11e-72	119	ok
smbu06GL000282	GCA_061568495.1	100.000	100.0	2.11e-72	119	ok
smbu06GL000282	GCA_900636615.1	97.479	100.0	1.2e-70	119	ok
smbu06GL000282	GCA_905186115.1	95.726	98.3	4.27e-68	117	ok
smbu06GL000282	GCA_931972305.1	96.639	100.0	3.49e-70	119	ok
smbu06GL000282	GCA_963280925.1	94.017	98.3	3.17e-67	117	ok
smbu06GL000282	GCA_988227945.1	100.000	100.0	2.11e-72	119	ok
smbu06GL000282	GCA_988227985.1	100.000	100.0	2.11e-72	119	ok
smbu06GL000282	GCA_988228025.1	100.000	100.0	2.11e-72	119	ok
smbu06GL000282	GCA_988235375.1	94.872	98.3	2.27e-68	117	ok
smbu06GL000282	GCA_988236725.1	94.872	98.3	2.27e-68	117	ok
smbu06GL000282	GCA_988237225.1	100.000	100.0	2.11e-72	119	ok
smbu06GL000282	GCF_001298485.1	99.160	100.0	6.26e-72	119	ok
smbu06GL000282	GCF_001412695.1	99.160	100.0	6.26e-72	119	ok
smbu06GL000282	GCF_001598635.1	94.118	100.0	1.15e-68	119	ok
smbu06GL000282	GCF_001689055.2	94.118	100.0	1.15e-68	119	ok
smbu06GL000282	GCF_002208945.1	94.118	100.0	1.15e-68	119	ok
smbu06GL000282	GCF_002216705.1	97.479	100.0	6.79e-71	119	ok
smbu06GL000282	GCF_002278015.2	97.479	100.0	1.2e-70	119	ok
smbu06GL000282	GCF_002289045.2	94.118	100.0	1.15e-68	119	ok
smbu06GL000282	GCF_002290025.1	97.479	100.0	6.79e-71	119	ok
smbu06GL000282	GCF_002355755.1	94.118	100.0	1.15e-68	119	ok
smbu06GL000282	GCF_002761555.1	99.160	100.0	6.26e-72	119	ok
smbu06GL000282	GCF_002831505.1	100.000	100.0	2.11e-72	119	ok
smbu06GL000282	GCF_002850515.1	100.000	100.0	2.11e-72	119	ok
smbu06GL000282	GCF_002983785.1	99.160	100.0	6.26e-72	119	ok
smbu06GL000282	GCF_003269465.1	100.000	100.0	2.11e-72	119	ok
smbu06GL000282	GCF_003667965.1	100.000	100.0	2.11e-72	119	ok
smbu06GL000282	GCF_003711125.1	95.798	100.0	1.87e-69	119	ok
smbu06GL000282	GCF_003711605.1	100.000	100.0	2.11e-72	119	ok
smbu06GL000282	GCF_003812665.1	94.118	100.0	1.15e-68	119	ok
smbu06GL000282	GCF_004332055.1	99.160	100.0	6.26e-72	119	ok
smbu06GL000282	GCF_005484525.1	94.118	100.0	1.15e-68	119	ok
smbu06GL000282	GCF_006337145.1	100.000	100.0	2.11e-72	119	ok
smbu06GL000282	GCF_006351785.1	99.160	100.0	6.26e-72	119	ok
smbu06GL000282	GCF_006351845.1	99.160	100.0	6.26e-72	119	ok
smbu06GL000282	GCF_006364815.1	94.118	100.0	1.15e-68	119	ok
smbu06GL000282	GCF_006494835.1	94.118	100.0	1.15e-68	119	ok
smbu06GL000282	GCF_006494855.1	94.118	100.0	1.15e-68	119	ok
smbu06GL000282	GCF_006494875.1	94.118	100.0	1.15e-68	119	ok
smbu06GL000282	GCF_006766145.1	94.118	100.0	1.15e-68	119	ok
smbu06GL000282	GCF_007923665.2	100.000	100.0	2.11e-72	119	ok
smbu06GL000282	GCF_007923785.2	100.000	100.0	2.11e-72	119	ok
smbu06GL000282	GCF_007923865.2	100.000	100.0	2.11e-72	119	ok
smbu06GL000282	GCF_007923885.2	100.000	100.0	2.11e-72	119	ok
smbu06GL000282	GCF_007923905.2	100.000	100.0	2.11e-72	119	ok
smbu06GL000282	GCF_007923925.2	100.000	100.0	2.11e-72	119	ok
smbu06GL000282	GCF_007923945.2	99.160	100.0	6.26e-72	119	ok
smbu06GL000282	GCF_007923965.2	99.160	100.0	6.26e-72	119	ok
smbu06GL000282	GCF_008330605.1	100.000	100.0	2.11e-72	119	ok
smbu06GL000282	GCF_009730155.1	94.872	98.3	1.91e-68	117	ok
smbu06GL000282	GCF_009734005.1	99.160	100.0	6.26e-72	119	ok
smbu06GL000282	GCF_009938075.1	99.160	100.0	6.26e-72	119	ok
smbu06GL000282	GCF_010103655.1	94.118	100.0	1.15e-68	119	ok
smbu06GL000282	GCF_010120755.1	99.160	100.0	6.26e-72	119	ok
smbu06GL000282	GCF_011745645.1	100.000	100.0	2.11e-72	119	ok
smbu06GL000282	GCF_012045365.1	100.000	100.0	2.11e-72	119	ok
smbu06GL000282	GCF_012045505.1	100.000	100.0	2.11e-72	119	ok
smbu06GL000282	GCF_012594215.1	94.118	100.0	1.15e-68	119	ok
smbu06GL000282	GCF_013201055.1	100.000	100.0	2.11e-72	119	ok
smbu06GL000282	GCF_013344625.1	93.277	100.0	4.79e-68	119	ok
smbu06GL000282	GCF_013344645.1	93.277	100.0	4.79e-68	119	ok
smbu06GL000282	GCF_013344665.1	94.118	100.0	1.15e-68	119	ok
smbu06GL000282	GCF_013391145.1	97.479	100.0	1.2e-70	119	ok
smbu06GL000282	GCF_013391165.1	97.479	100.0	1.2e-70	119	ok
smbu06GL000282	GCF_013391185.1	97.479	100.0	1.2e-70	119	ok
smbu06GL000282	GCF_013391205.1	97.479	100.0	1.2e-70	119	ok
smbu06GL000282	GCF_013394325.1	94.958	100.0	3.4e-69	119	ok
smbu06GL000282	GCF_015377765.1	100.000	100.0	2.11e-72	119	ok
smbu06GL000282	GCF_015767695.1	99.160	100.0	6.26e-72	119	ok
smbu06GL000282	GCF_015767715.1	100.000	100.0	2.11e-72	119	ok
smbu06GL000282	GCF_016127235.1	97.479	100.0	1.2e-70	119	ok
smbu06GL000282	GCF_017280035.1	94.118	100.0	1.15e-68	119	ok
smbu06GL000282	GCF_017357805.1	94.118	100.0	1.15e-68	119	ok
smbu06GL000282	GCF_018516845.1	100.000	100.0	2.11e-72	119	ok
smbu06GL000282	GCF_019203145.1	100.000	100.0	2.11e-72	119	ok
smbu06GL000282	GCF_019343125.1	100.000	100.0	2.11e-72	119	ok
smbu06GL000282	GCF_019456555.1	99.160	100.0	6.26e-72	119	ok
smbu06GL000282	GCF_019456575.1	99.160	100.0	6.26e-72	119	ok
smbu06GL000282	GCF_019456595.1	99.160	100.0	6.26e-72	119	ok
smbu06GL000282	GCF_019797905.1	95.798	100.0	1.87e-69	119	ok
smbu06GL000282	GCF_019967715.1	100.000	100.0	2.11e-72	119	ok
smbu06GL000282	GCF_020881975.1	94.118	100.0	1.15e-68	119	ok
smbu06GL000282	GCF_020906605.1	94.118	100.0	1.15e-68	119	ok
smbu06GL000282	GCF_022869705.1	94.118	100.0	1.15e-68	119	ok
smbu06GL000282	GCF_023299785.1	94.118	100.0	1.15e-68	119	ok
smbu06GL000282	GCF_023375505.1	94.118	100.0	1.15e-68	119	ok
smbu06GL000282	GCF_023612035.1	94.118	100.0	1.15e-68	119	ok
smbu06GL000282	GCF_023612275.1	100.000	100.0	2.11e-72	119	ok
smbu06GL000282	GCF_024267595.1	94.118	100.0	1.15e-68	119	ok
smbu06GL000282	GCF_025957845.1	94.118	100.0	1.15e-68	119	ok
smbu06GL000282	GCF_025957925.1	94.118	100.0	1.15e-68	119	ok
smbu06GL000282	GCF_025958025.1	94.118	100.0	1.15e-68	119	ok
smbu06GL000282	GCF_025958065.1	94.118	100.0	1.15e-68	119	ok
smbu06GL000282	GCF_025958085.1	94.118	100.0	1.15e-68	119	ok
smbu06GL000282	GCF_025958625.1	94.118	100.0	1.15e-68	119	ok
smbu06GL000282	GCF_025958845.1	93.277	100.0	3.62e-68	119	ok
smbu06GL000282	GCF_025958885.1	94.118	100.0	1.15e-68	119	ok
smbu06GL000282	GCF_026650885.1	94.118	100.0	1.15e-68	119	ok
smbu06GL000282	GCF_027915235.1	100.000	100.0	2.11e-72	119	ok
smbu06GL000282	GCF_030490365.1	100.000	100.0	2.11e-72	119	ok
smbu06GL000282	GCF_030584585.1	99.160	100.0	6.26e-72	119	ok
smbu06GL000282	GCF_030584605.1	99.160	100.0	6.26e-72	119	ok
smbu06GL000282	GCF_030584685.1	99.160	100.0	6.26e-72	119	ok
smbu06GL000282	GCF_030643745.1	100.000	100.0	2.11e-72	119	ok
smbu06GL000282	GCF_033954875.1	100.000	100.0	2.11e-72	119	ok
smbu06GL000282	GCF_033954895.1	100.000	100.0	2.11e-72	119	ok
smbu06GL000282	GCF_033954915.1	100.000	100.0	2.11e-72	119	ok
smbu06GL000282	GCF_036669985.1	100.000	100.0	2.11e-72	119	ok
smbu06GL000282	GCF_040745045.1	100.000	100.0	2.11e-72	119	ok
smbu06GL000282	GCF_043950735.1	97.479	100.0	1.2e-70	119	ok
smbu06GL000282	GCF_049315065.1	100.000	100.0	2.11e-72	119	ok
smbu06GL000282	GCF_049315075.1	97.479	100.0	4.22e-71	119	ok
smbu06GL000282	GCF_049315085.1	97.479	100.0	4.22e-71	119	ok
smbu06GL000282	GCF_049315095.1	97.479	100.0	4.22e-71	119	ok
smbu06GL000282	GCF_049315105.1	97.479	100.0	4.22e-71	119	ok
smbu06GL000282	GCF_049315115.1	100.000	100.0	2.11e-72	119	ok
smbu06GL000282	GCF_049315125.1	100.000	100.0	2.11e-72	119	ok
smbu06GL000282	GCF_049315135.1	97.479	100.0	4.22e-71	119	ok
smbu06GL000282	GCF_049315145.1	100.000	100.0	2.11e-72	119	ok
smbu06GL000282	GCF_049315155.1	97.479	100.0	4.22e-71	119	ok
smbu06GL000282	GCF_049315165.1	100.000	100.0	2.11e-72	119	ok
smbu06GL000282	GCF_049315175.1	100.000	100.0	2.11e-72	119	ok
smbu06GL000282	GCF_052655065.1	100.000	100.0	2.11e-72	119	ok
smbu06GL000282	GCF_052655335.1	100.000	100.0	2.11e-72	119	ok
smbu06GL000282	GCF_052655665.1	100.000	100.0	2.11e-72	119	ok
smbu06GL000282	GCF_052656575.1	100.000	100.0	2.11e-72	119	ok
smbu06GL000282	GCF_052657825.1	100.000	100.0	2.11e-72	119	ok
smbu06GL000282	GCF_052658005.1	100.000	100.0	2.11e-72	119	ok
smbu06GL000282	GCF_053764515.1	96.639	100.0	3.49e-70	119	ok
smbu06GL000282	GCF_056487465.1	95.798	100.0	7.22e-70	119	ok
smbu06GL000282	GCF_056582645.1	100.000	100.0	2.11e-72	119	ok
smbu06GL000282	GCF_931972305.1	96.639	100.0	3.49e-70	119	ok
smbu06GL000282	GCF_988227945.1	100.000	100.0	2.11e-72	119	ok
smbu06GL000282	GCF_988227985.1	100.000	100.0	2.11e-72	119	ok
smbu06GL000282	GCF_988228025.1	100.000	100.0	2.11e-72	119	ok
smbu06GL000282	L_lactis_14B4	84.874	100.0	6.12e-52	119	ok
smbu06GL000282	L_lactis_IL1403	84.874	100.0	6.12e-52	119	ok
smbu06GL000282	L_lactis_MG1363	84.874	100.0	8.34e-52	119	ok
smbu06GL000282	smbu06_project	100.000	100.0	2.11e-72	119	ok
smbu06GL000282	smbu08_project	100.000	100.0	2.11e-72	119	ok
smbu06GL000811	E_lactis_194	97.674	100.0	2.65e-20	43	ok
smbu06GL000811	GCA_002216705.1	86.667	69.8	7.71e-11	30	ok
smbu06GL000811	GCA_002278015.2	88.235	79.1	2.96e-14	34	ok
smbu06GL000811	GCA_002290025.1	84.375	74.4	7.02e-12	20	ok
smbu06GL000811	GCA_002813755.1	86.667	69.8	7.71e-11	30	ok
smbu06GL000811	GCA_013391145.1	88.235	79.1	2.96e-14	34	ok
smbu06GL000811	GCA_013391165.1	88.235	79.1	2.96e-14	34	ok
smbu06GL000811	GCA_013391185.1	88.235	79.1	2.96e-14	34	ok
smbu06GL000811	GCA_013391205.1	88.235	79.1	2.96e-14	34	ok
smbu06GL000811	GCA_013394325.1	61.905	97.7	5.32e-11	2	rejected
smbu06GL000811	GCA_015767715.1	97.674	100.0	2.65e-20	43	ok
smbu06GL000811	GCA_016127235.1	88.235	79.1	2.96e-14	34	ok
smbu06GL000811	GCA_019203145.1	97.674	100.0	2.65e-20	43	ok
smbu06GL000811	GCA_019343125.1	97.674	100.0	2.65e-20	43	ok
smbu06GL000811	GCA_019967715.1	97.674	100.0	2.65e-20	43	ok
smbu06GL000811	GCA_023612275.1	97.674	100.0	2.65e-20	43	ok
smbu06GL000811	GCA_030490365.1	97.674	100.0	2.65e-20	43	ok
smbu06GL000811	GCA_033954875.1	97.674	100.0	2.65e-20	43	ok
smbu06GL000811	GCA_033954895.1	97.674	100.0	2.65e-20	43	ok
smbu06GL000811	GCA_033954915.1	97.674	100.0	2.65e-20	43	ok
smbu06GL000811	GCA_036669985.1	97.674	100.0	2.65e-20	43	ok
smbu06GL000811	GCA_040745045.1	97.674	100.0	2.65e-20	43	ok
smbu06GL000811	GCA_043950735.1	88.235	79.1	2.96e-14	34	ok
smbu06GL000811	GCA_043950745.1	88.235	79.1	2.96e-14	34	ok
smbu06GL000811	GCA_049315065.1	97.674	100.0	2.65e-20	43	ok
smbu06GL000811	GCA_049315075.1	87.879	76.7	2.1e-13	33	ok
smbu06GL000811	GCA_049315085.1	87.879	76.7	2.1e-13	33	ok
smbu06GL000811	GCA_049315095.1	87.879	76.7	2.1e-13	33	ok
smbu06GL000811	GCA_049315105.1	87.879	76.7	2.1e-13	33	ok
smbu06GL000811	GCA_049315115.1	97.674	100.0	2.65e-20	43	ok
smbu06GL000811	GCA_049315125.1	97.674	100.0	2.65e-20	43	ok
smbu06GL000811	GCA_049315135.1	87.879	76.7	2.1e-13	33	ok
smbu06GL000811	GCA_049315145.1	97.674	100.0	2.65e-20	43	ok
smbu06GL000811	GCA_049315155.1	87.879	76.7	2.1e-13	33	ok
smbu06GL000811	GCA_049315165.1	97.674	100.0	2.65e-20	43	ok
smbu06GL000811	GCA_049315175.1	97.674	100.0	2.65e-20	43	ok
smbu06GL000811	GCA_052655065.1	97.674	100.0	2.65e-20	43	ok
smbu06GL000811	GCA_052655335.1	97.674	100.0	2.65e-20	43	ok
smbu06GL000811	GCA_052655665.1	97.674	100.0	2.65e-20	43	ok
smbu06GL000811	GCA_052656575.1	97.674	100.0	2.65e-20	43	ok
smbu06GL000811	GCA_052657825.1	97.674	100.0	2.65e-20	43	ok
smbu06GL000811	GCA_052658005.1	97.674	100.0	2.65e-20	43	ok
smbu06GL000811	GCA_053764515.1	86.667	69.8	7.71e-11	30	ok
smbu06GL000811	GCA_055397705.1	97.674	100.0	2.65e-20	43	ok
smbu06GL000811	GCA_055397995.1	88.235	79.1	2.96e-14	34	ok
smbu06GL000811	GCA_056487485.1	86.667	69.8	7.71e-11	30	ok
smbu06GL000811	GCA_056582645.1	97.674	100.0	2.65e-20	43	ok
smbu06GL000811	GCA_058072705.1	97.674	100.0	2.65e-20	43	ok
smbu06GL000811	GCA_060306215.1	97.674	100.0	2.65e-20	43	ok
smbu06GL000811	GCA_060307205.1	88.235	79.1	2.96e-14	34	ok
smbu06GL000811	GCA_060307225.1	97.674	100.0	2.65e-20	43	ok
smbu06GL000811	GCA_061568495.1	97.674	100.0	2.65e-20	43	ok
smbu06GL000811	GCA_900636615.1	88.235	79.1	2.96e-14	34	ok
smbu06GL000811	GCA_905186115.1	88.235	79.1	2.96e-14	34	ok
smbu06GL000811	GCA_931972305.1	86.667	69.8	7.71e-11	30	ok
smbu06GL000811	GCA_988227945.1	97.674	100.0	2.65e-20	43	ok
smbu06GL000811	GCA_988227985.1	97.674	100.0	2.65e-20	43	ok
smbu06GL000811	GCA_988228025.1	97.674	100.0	2.65e-20	43	ok
smbu06GL000811	GCA_988235375.1	84.375	74.4	7.02e-12	20	ok
smbu06GL000811	GCA_988236725.1	84.375	74.4	7.02e-12	20	ok
smbu06GL000811	GCA_988237225.1	97.674	100.0	2.65e-20	43	ok
smbu06GL000811	GCF_001298485.1	97.674	100.0	2.65e-20	43	ok
smbu06GL000811	GCF_001412695.1	97.674	100.0	2.65e-20	43	ok
smbu06GL000811	GCF_002216705.1	86.667	69.8	7.71e-11	30	ok
smbu06GL000811	GCF_002278015.2	88.235	79.1	2.96e-14	34	ok
smbu06GL000811	GCF_002290025.1	84.375	74.4	7.02e-12	20	ok
smbu06GL000811	GCF_002761555.1	97.674	100.0	2.65e-20	43	ok
smbu06GL000811	GCF_002831505.1	97.674	100.0	2.65e-20	43	ok
smbu06GL000811	GCF_002850515.1	97.674	100.0	2.65e-20	43	ok
smbu06GL000811	GCF_002983785.1	100.000	100.0	6.26e-21	43	ok
smbu06GL000811	GCF_003269465.1	97.674	100.0	2.65e-20	43	ok
smbu06GL000811	GCF_003667965.1	97.674	100.0	2.65e-20	43	ok
smbu06GL000811	GCF_003711605.1	97.674	100.0	2.65e-20	43	ok
smbu06GL000811	GCF_004332055.1	100.000	100.0	6.26e-21	43	ok
smbu06GL000811	GCF_006337145.1	97.674	100.0	2.65e-20	43	ok
smbu06GL000811	GCF_006351785.1	100.000	100.0	6.26e-21	43	ok
smbu06GL000811	GCF_006351845.1	97.674	100.0	2.65e-20	43	ok
smbu06GL000811	GCF_007923665.2	97.674	100.0	2.65e-20	43	ok
smbu06GL000811	GCF_007923785.2	97.674	100.0	2.65e-20	43	ok
smbu06GL000811	GCF_007923865.2	97.674	100.0	2.65e-20	43	ok
smbu06GL000811	GCF_007923885.2	97.674	100.0	2.65e-20	43	ok
smbu06GL000811	GCF_007923905.2	97.674	100.0	2.65e-20	43	ok
smbu06GL000811	GCF_007923925.2	97.674	100.0	2.65e-20	43	ok
smbu06GL000811	GCF_007923945.2	97.674	100.0	2.65e-20	43	ok
smbu06GL000811	GCF_007923965.2	97.674	100.0	2.65e-20	43	ok
smbu06GL000811	GCF_008330605.1	97.674	100.0	2.65e-20	43	ok
smbu06GL000811	GCF_009734005.1	97.674	100.0	2.65e-20	43	ok
smbu06GL000811	GCF_009938075.1	97.674	100.0	2.65e-20	43	ok
smbu06GL000811	GCF_010120755.1	97.674	100.0	2.65e-20	43	ok
smbu06GL000811	GCF_011745645.1	97.674	100.0	2.65e-20	43	ok
smbu06GL000811	GCF_012045365.1	97.674	100.0	2.65e-20	43	ok
smbu06GL000811	GCF_012045505.1	97.674	100.0	2.65e-20	43	ok
smbu06GL000811	GCF_013201055.1	97.674	100.0	2.65e-20	43	ok
smbu06GL000811	GCF_013391145.1	88.235	79.1	2.96e-14	34	ok
smbu06GL000811	GCF_013391165.1	88.235	79.1	2.96e-14	34	ok
smbu06GL000811	GCF_013391185.1	88.235	79.1	2.96e-14	34	ok
smbu06GL000811	GCF_013391205.1	88.235	79.1	2.96e-14	34	ok
smbu06GL000811	GCF_013394325.1	61.905	97.7	5.32e-11	2	rejected
smbu06GL000811	GCF_015377765.1	97.674	100.0	2.65e-20	43	ok
smbu06GL000811	GCF_015767695.1	97.674	100.0	2.65e-20	43	ok
smbu06GL000811	GCF_015767715.1	97.674	100.0	2.65e-20	43	ok
smbu06GL000811	GCF_016127235.1	88.235	79.1	2.96e-14	34	ok
smbu06GL000811	GCF_018516845.1	97.674	100.0	2.65e-20	43	ok
smbu06GL000811	GCF_019203145.1	97.674	100.0	2.65e-20	43	ok
smbu06GL000811	GCF_019343125.1	97.674	100.0	2.65e-20	43	ok
smbu06GL000811	GCF_019456555.1	97.674	100.0	2.65e-20	43	ok
smbu06GL000811	GCF_019456575.1	97.674	100.0	2.65e-20	43	ok
smbu06GL000811	GCF_019456595.1	97.674	100.0	2.65e-20	43	ok
smbu06GL000811	GCF_019967715.1	97.674	100.0	2.65e-20	43	ok
smbu06GL000811	GCF_023612275.1	97.674	100.0	2.65e-20	43	ok
smbu06GL000811	GCF_027915235.1	97.674	100.0	2.65e-20	43	ok
smbu06GL000811	GCF_030490365.1	97.674	100.0	2.65e-20	43	ok
smbu06GL000811	GCF_030584585.1	97.674	100.0	2.65e-20	43	ok
smbu06GL000811	GCF_030584605.1	97.674	100.0	2.65e-20	43	ok
smbu06GL000811	GCF_030584685.1	97.674	100.0	2.65e-20	43	ok
smbu06GL000811	GCF_030643745.1	97.674	100.0	2.65e-20	43	ok
smbu06GL000811	GCF_033954875.1	97.674	100.0	2.65e-20	43	ok
smbu06GL000811	GCF_033954895.1	97.674	100.0	2.65e-20	43	ok
smbu06GL000811	GCF_033954915.1	97.674	100.0	2.65e-20	43	ok
smbu06GL000811	GCF_036669985.1	97.674	100.0	2.65e-20	43	ok
smbu06GL000811	GCF_040745045.1	97.674	100.0	2.65e-20	43	ok
smbu06GL000811	GCF_043950735.1	88.235	79.1	2.96e-14	34	ok
smbu06GL000811	GCF_049315065.1	97.674	100.0	2.65e-20	43	ok
smbu06GL000811	GCF_049315075.1	87.879	76.7	2.1e-13	33	ok
smbu06GL000811	GCF_049315085.1	87.879	76.7	2.1e-13	33	ok
smbu06GL000811	GCF_049315095.1	87.879	76.7	2.1e-13	33	ok
smbu06GL000811	GCF_049315105.1	87.879	76.7	2.1e-13	33	ok
smbu06GL000811	GCF_049315115.1	97.674	100.0	2.65e-20	43	ok
smbu06GL000811	GCF_049315125.1	97.674	100.0	2.65e-20	43	ok
smbu06GL000811	GCF_049315135.1	87.879	76.7	2.1e-13	33	ok
smbu06GL000811	GCF_049315145.1	97.674	100.0	2.65e-20	43	ok
smbu06GL000811	GCF_049315155.1	87.879	76.7	2.1e-13	33	ok
smbu06GL000811	GCF_049315165.1	97.674	100.0	2.65e-20	43	ok
smbu06GL000811	GCF_049315175.1	97.674	100.0	2.65e-20	43	ok
smbu06GL000811	GCF_052655065.1	97.674	100.0	2.65e-20	43	ok
smbu06GL000811	GCF_052655335.1	97.674	100.0	2.65e-20	43	ok
smbu06GL000811	GCF_052655665.1	97.674	100.0	2.65e-20	43	ok
smbu06GL000811	GCF_052656575.1	97.674	100.0	2.65e-20	43	ok
smbu06GL000811	GCF_052657825.1	97.674	100.0	2.65e-20	43	ok
smbu06GL000811	GCF_052658005.1	97.674	100.0	2.65e-20	43	ok
smbu06GL000811	GCF_053764515.1	86.667	69.8	7.71e-11	30	ok
smbu06GL000811	GCF_056487465.1	86.667	69.8	7.71e-11	30	ok
smbu06GL000811	GCF_056582645.1	97.674	100.0	2.65e-20	43	ok
smbu06GL000811	GCF_931972305.1	86.667	69.8	7.71e-11	30	ok
smbu06GL000811	GCF_988227945.1	97.674	100.0	2.65e-20	43	ok
smbu06GL000811	GCF_988227985.1	97.674	100.0	2.65e-20	43	ok
smbu06GL000811	GCF_988228025.1	97.674	100.0	2.65e-20	43	ok
smbu06GL000811	smbu06_project	97.674	100.0	2.65e-20	43	ok
smbu06GL000811	smbu08_project	97.674	100.0	2.65e-20	43	ok
smbu06GL000875	E_lactis_194	100.000	100.0	3.65e-29	58	ok
smbu06GL000875	GCA_000006865.1	87.931	100.0	1.63e-25	58	ok
smbu06GL000875	GCA_000157355.2	98.276	100.0	1.06e-28	58	ok
smbu06GL000875	GCA_000344575.1	87.931	100.0	1.63e-25	58	ok
smbu06GL000875	GCA_000761115.1	87.931	100.0	1.63e-25	58	ok
smbu06GL000875	GCA_000807375.1	87.931	100.0	1.63e-25	58	ok
smbu06GL000875	GCA_002216705.1	98.276	100.0	1.06e-28	58	ok
smbu06GL000875	GCA_002278015.2	93.333	77.6	4.75e-21	45	ok
smbu06GL000875	GCA_002290025.1	98.276	100.0	1.06e-28	58	ok
smbu06GL000875	GCA_002804185.1	87.931	100.0	1.63e-25	58	ok
smbu06GL000875	GCA_002804285.1	87.931	100.0	1.63e-25	58	ok
smbu06GL000875	GCA_002813755.1	98.276	100.0	1.06e-28	58	ok
smbu06GL000875	GCA_002895225.1	87.931	100.0	1.63e-25	58	ok
smbu06GL000875	GCA_003711125.1	98.276	100.0	1.06e-28	58	ok
smbu06GL000875	GCA_003722255.1	87.931	100.0	1.63e-25	58	ok
smbu06GL000875	GCA_005347505.1	98.276	100.0	1.06e-28	58	ok
smbu06GL000875	GCA_009730155.1	98.276	100.0	1.06e-28	58	ok
smbu06GL000875	GCA_013391145.1	93.333	77.6	4.75e-21	45	ok
smbu06GL000875	GCA_013391165.1	93.333	77.6	4.75e-21	45	ok
smbu06GL000875	GCA_013391185.1	93.333	77.6	4.75e-21	45	ok
smbu06GL000875	GCA_013391205.1	93.333	77.6	4.75e-21	45	ok
smbu06GL000875	GCA_013394325.1	98.276	100.0	1.27e-28	58	ok
smbu06GL000875	GCA_015767715.1	100.000	100.0	3.65e-29	58	ok
smbu06GL000875	GCA_016127235.1	93.333	77.6	4.75e-21	45	ok
smbu06GL000875	GCA_019203145.1	100.000	100.0	3.65e-29	58	ok
smbu06GL000875	GCA_019343125.1	100.000	100.0	3.65e-29	58	ok
smbu06GL000875	GCA_019797905.1	98.276	100.0	1.27e-28	58	ok
smbu06GL000875	GCA_019967715.1	100.000	100.0	3.65e-29	58	ok
smbu06GL000875	GCA_022870765.1	98.276	100.0	1.06e-28	58	ok
smbu06GL000875	GCA_023523715.1	98.276	100.0	1.06e-28	58	ok
smbu06GL000875	GCA_023612275.1	100.000	100.0	3.65e-29	58	ok
smbu06GL000875	GCA_025402795.1	98.276	100.0	1.27e-28	58	ok
smbu06GL000875	GCA_025402855.1	98.276	100.0	1.27e-28	58	ok
smbu06GL000875	GCA_029201225.1	98.276	100.0	1.06e-28	58	ok
smbu06GL000875	GCA_029215545.1	98.276	100.0	1.06e-28	58	ok
smbu06GL000875	GCA_030490365.1	100.000	100.0	3.65e-29	58	ok
smbu06GL000875	GCA_033954875.1	100.000	100.0	3.65e-29	58	ok
smbu06GL000875	GCA_033954895.1	100.000	100.0	3.65e-29	58	ok
smbu06GL000875	GCA_033954915.1	100.000	100.0	3.65e-29	58	ok
smbu06GL000875	GCA_036669985.1	100.000	100.0	3.65e-29	58	ok
smbu06GL000875	GCA_040745045.1	100.000	100.0	3.65e-29	58	ok
smbu06GL000875	GCA_041930275.1	98.276	100.0	1.06e-28	58	ok
smbu06GL000875	GCA_041952535.1	98.276	100.0	1.06e-28	58	ok
smbu06GL000875	GCA_043950735.1	93.333	77.6	4.75e-21	45	ok
smbu06GL000875	GCA_043950745.1	93.333	77.6	4.75e-21	45	ok
smbu06GL000875	GCA_045039055.1	98.276	100.0	1.06e-28	58	ok
smbu06GL000875	GCA_049315065.1	100.000	100.0	3.65e-29	58	ok
smbu06GL000875	GCA_049315075.1	98.276	100.0	1.06e-28	58	ok
smbu06GL000875	GCA_049315085.1	98.276	100.0	1.06e-28	58	ok
smbu06GL000875	GCA_049315095.1	98.276	100.0	1.06e-28	58	ok
smbu06GL000875	GCA_049315105.1	98.276	100.0	1.06e-28	58	ok
smbu06GL000875	GCA_049315115.1	100.000	100.0	3.65e-29	58	ok
smbu06GL000875	GCA_049315125.1	100.000	100.0	3.65e-29	58	ok
smbu06GL000875	GCA_049315135.1	98.276	100.0	1.06e-28	58	ok
smbu06GL000875	GCA_049315145.1	100.000	100.0	3.65e-29	58	ok
smbu06GL000875	GCA_049315155.1	98.276	100.0	1.06e-28	58	ok
smbu06GL000875	GCA_049315165.1	100.000	100.0	3.65e-29	58	ok
smbu06GL000875	GCA_049315175.1	100.000	100.0	3.65e-29	58	ok
smbu06GL000875	GCA_052655065.1	100.000	100.0	3.65e-29	58	ok
smbu06GL000875	GCA_052655335.1	100.000	100.0	3.65e-29	58	ok
smbu06GL000875	GCA_052655665.1	100.000	100.0	3.65e-29	58	ok
smbu06GL000875	GCA_052656575.1	100.000	100.0	3.65e-29	58	ok
smbu06GL000875	GCA_052657825.1	100.000	100.0	3.65e-29	58	ok
smbu06GL000875	GCA_052658005.1	100.000	100.0	3.65e-29	58	ok
smbu06GL000875	GCA_053764515.1	98.276	100.0	1.06e-28	58	ok
smbu06GL000875	GCA_055397705.1	98.276	100.0	3.99e-28	58	ok
smbu06GL000875	GCA_055397995.1	93.333	77.6	4.75e-21	45	ok
smbu06GL000875	GCA_056487485.1	98.276	100.0	1.06e-28	58	ok
smbu06GL000875	GCA_056582645.1	100.000	100.0	3.65e-29	58	ok
smbu06GL000875	GCA_058072705.1	100.000	100.0	3.65e-29	58	ok
smbu06GL000875	GCA_060306215.1	100.000	100.0	3.65e-29	58	ok
smbu06GL000875	GCA_060307205.1	93.333	77.6	4.75e-21	45	ok
smbu06GL000875	GCA_060307225.1	100.000	100.0	3.65e-29	58	ok
smbu06GL000875	GCA_061568495.1	100.000	100.0	3.65e-29	58	ok
smbu06GL000875	GCA_900636615.1	93.333	77.6	4.75e-21	45	ok
smbu06GL000875	GCA_905186115.1	91.667	82.8	6.03e-22	48	ok
smbu06GL000875	GCA_931972305.1	98.276	100.0	1.06e-28	58	ok
smbu06GL000875	GCA_963280925.1	93.333	77.6	4.75e-21	45	ok
smbu06GL000875	GCA_988227945.1	100.000	100.0	3.65e-29	58	ok
smbu06GL000875	GCA_988227985.1	100.000	100.0	3.65e-29	58	ok
smbu06GL000875	GCA_988228025.1	100.000	100.0	3.65e-29	58	ok
smbu06GL000875	GCA_988235375.1	98.276	100.0	1.06e-28	58	ok
smbu06GL000875	GCA_988236725.1	98.276	100.0	1.06e-28	58	ok
smbu06GL000875	GCA_988237225.1	100.000	100.0	3.65e-29	58	ok
smbu06GL000875	GCF_001298485.1	100.000	100.0	3.65e-29	58	ok
smbu06GL000875	GCF_001412695.1	100.000	100.0	3.65e-29	58	ok
smbu06GL000875	GCF_001598635.1	98.276	100.0	7.64e-29	58	ok
smbu06GL000875	GCF_001689055.2	98.276	100.0	7.64e-29	58	ok
smbu06GL000875	GCF_002208945.1	98.276	100.0	7.64e-29	58	ok
smbu06GL000875	GCF_002216705.1	98.276	100.0	1.06e-28	58	ok
smbu06GL000875	GCF_002278015.2	93.333	77.6	4.75e-21	45	ok
smbu06GL000875	GCF_002289045.2	98.276	100.0	7.64e-29	58	ok
smbu06GL000875	GCF_002290025.1	98.276	100.0	1.06e-28	58	ok
smbu06GL000875	GCF_002355755.1	98.276	100.0	7.64e-29	58	ok
smbu06GL000875	GCF_002761555.1	100.000	100.0	3.65e-29	58	ok
smbu06GL000875	GCF_002831505.1	100.000	100.0	3.65e-29	58	ok
smbu06GL000875	GCF_002850515.1	100.000	100.0	3.65e-29	58	ok
smbu06GL000875	GCF_002983785.1	100.000	100.0	3.65e-29	58	ok
smbu06GL000875	GCF_003269465.1	100.000	100.0	3.65e-29	58	ok
smbu06GL000875	GCF_003667965.1	100.000	100.0	3.65e-29	58	ok
smbu06GL000875	GCF_003711125.1	98.276	100.0	1.06e-28	58	ok
smbu06GL000875	GCF_003711605.1	100.000	100.0	3.65e-29	58	ok
smbu06GL000875	GCF_003812665.1	98.276	100.0	7.64e-29	58	ok
smbu06GL000875	GCF_004332055.1	100.000	100.0	3.65e-29	58	ok
smbu06GL000875	GCF_005484525.1	98.276	100.0	7.64e-29	58	ok
smbu06GL000875	GCF_006337145.1	100.000	100.0	3.65e-29	58	ok
smbu06GL000875	GCF_006351785.1	100.000	100.0	3.65e-29	58	ok
smbu06GL000875	GCF_006351845.1	100.000	100.0	3.65e-29	58	ok
smbu06GL000875	GCF_006364815.1	98.276	100.0	7.64e-29	58	ok
smbu06GL000875	GCF_006494835.1	98.276	100.0	7.64e-29	58	ok
smbu06GL000875	GCF_006494855.1	98.276	100.0	7.64e-29	58	ok
smbu06GL000875	GCF_006494875.1	98.276	100.0	7.64e-29	58	ok
smbu06GL000875	GCF_006766145.1	98.276	100.0	7.64e-29	58	ok
smbu06GL000875	GCF_007923665.2	100.000	100.0	3.65e-29	58	ok
smbu06GL000875	GCF_007923785.2	100.000	100.0	3.65e-29	58	ok
smbu06GL000875	GCF_007923865.2	100.000	100.0	3.65e-29	58	ok
smbu06GL000875	GCF_007923885.2	100.000	100.0	3.65e-29	58	ok
smbu06GL000875	GCF_007923905.2	100.000	100.0	3.65e-29	58	ok
smbu06GL000875	GCF_007923925.2	100.000	100.0	3.65e-29	58	ok
smbu06GL000875	GCF_007923945.2	100.000	100.0	3.65e-29	58	ok
smbu06GL000875	GCF_007923965.2	100.000	100.0	3.65e-29	58	ok
smbu06GL000875	GCF_008330605.1	100.000	100.0	3.65e-29	58	ok
smbu06GL000875	GCF_009730155.1	98.276	100.0	1.06e-28	58	ok
smbu06GL000875	GCF_009734005.1	100.000	100.0	3.65e-29	58	ok
smbu06GL000875	GCF_009938075.1	100.000	100.0	3.65e-29	58	ok
smbu06GL000875	GCF_010103655.1	98.276	100.0	7.64e-29	58	ok
smbu06GL000875	GCF_010120755.1	100.000	100.0	3.65e-29	58	ok
smbu06GL000875	GCF_011745645.1	100.000	100.0	3.65e-29	58	ok
smbu06GL000875	GCF_012045365.1	100.000	100.0	3.65e-29	58	ok
smbu06GL000875	GCF_012045505.1	100.000	100.0	3.65e-29	58	ok
smbu06GL000875	GCF_012594215.1	98.276	100.0	7.64e-29	58	ok
smbu06GL000875	GCF_013201055.1	100.000	100.0	3.65e-29	58	ok
smbu06GL000875	GCF_013344625.1	98.276	100.0	7.64e-29	58	ok
smbu06GL000875	GCF_013344645.1	98.276	100.0	7.64e-29	58	ok
smbu06GL000875	GCF_013344665.1	98.276	100.0	7.64e-29	58	ok
smbu06GL000875	GCF_013391145.1	93.333	77.6	4.75e-21	45	ok
smbu06GL000875	GCF_013391165.1	93.333	77.6	4.75e-21	45	ok
smbu06GL000875	GCF_013391185.1	93.333	77.6	4.75e-21	45	ok
smbu06GL000875	GCF_013391205.1	93.333	77.6	4.75e-21	45	ok
smbu06GL000875	GCF_013394325.1	98.276	100.0	1.27e-28	58	ok
smbu06GL000875	GCF_015377765.1	100.000	100.0	3.65e-29	58	ok
smbu06GL000875	GCF_015767695.1	100.000	100.0	3.65e-29	58	ok
smbu06GL000875	GCF_015767715.1	100.000	100.0	3.65e-29	58	ok
smbu06GL000875	GCF_016127235.1	93.333	77.6	4.75e-21	45	ok
smbu06GL000875	GCF_017280035.1	98.276	100.0	7.64e-29	58	ok
smbu06GL000875	GCF_017357805.1	98.276	100.0	7.64e-29	58	ok
smbu06GL000875	GCF_018516845.1	100.000	100.0	3.65e-29	58	ok
smbu06GL000875	GCF_019203145.1	100.000	100.0	3.65e-29	58	ok
smbu06GL000875	GCF_019343125.1	100.000	100.0	3.65e-29	58	ok
smbu06GL000875	GCF_019456555.1	100.000	100.0	3.65e-29	58	ok
smbu06GL000875	GCF_019456575.1	100.000	100.0	3.65e-29	58	ok
smbu06GL000875	GCF_019456595.1	100.000	100.0	3.65e-29	58	ok
smbu06GL000875	GCF_019797905.1	98.276	100.0	1.27e-28	58	ok
smbu06GL000875	GCF_019967715.1	100.000	100.0	3.65e-29	58	ok
smbu06GL000875	GCF_020881975.1	98.276	100.0	7.64e-29	58	ok
smbu06GL000875	GCF_020906605.1	98.276	100.0	7.64e-29	58	ok
smbu06GL000875	GCF_022869705.1	98.276	100.0	7.64e-29	58	ok
smbu06GL000875	GCF_023299785.1	98.276	100.0	7.64e-29	58	ok
smbu06GL000875	GCF_023375505.1	98.276	100.0	7.64e-29	58	ok
smbu06GL000875	GCF_023612035.1	98.276	100.0	7.64e-29	58	ok
smbu06GL000875	GCF_023612275.1	100.000	100.0	3.65e-29	58	ok
smbu06GL000875	GCF_024267595.1	98.276	100.0	7.64e-29	58	ok
smbu06GL000875	GCF_025957845.1	98.276	100.0	7.64e-29	58	ok
smbu06GL000875	GCF_025957925.1	98.276	100.0	7.64e-29	58	ok
smbu06GL000875	GCF_025958025.1	98.276	100.0	7.64e-29	58	ok
smbu06GL000875	GCF_025958065.1	98.276	100.0	7.64e-29	58	ok
smbu06GL000875	GCF_025958085.1	98.276	100.0	7.64e-29	58	ok
smbu06GL000875	GCF_025958625.1	98.276	100.0	7.64e-29	58	ok
smbu06GL000875	GCF_025958845.1	98.276	100.0	7.64e-29	58	ok
smbu06GL000875	GCF_025958885.1	98.276	100.0	7.64e-29	58	ok
smbu06GL000875	GCF_026650885.1	98.276	100.0	7.64e-29	58	ok
smbu06GL000875	GCF_027915235.1	100.000	100.0	3.65e-29	58	ok
smbu06GL000875	GCF_030490365.1	100.000	100.0	3.65e-29	58	ok
smbu06GL000875	GCF_030584585.1	100.000	100.0	3.65e-29	58	ok
smbu06GL000875	GCF_030584605.1	100.000	100.0	3.65e-29	58	ok
smbu06GL000875	GCF_030584685.1	100.000	100.0	3.65e-29	58	ok
smbu06GL000875	GCF_030643745.1	100.000	100.0	3.65e-29	58	ok
smbu06GL000875	GCF_033954875.1	100.000	100.0	3.65e-29	58	ok
smbu06GL000875	GCF_033954895.1	100.000	100.0	3.65e-29	58	ok
smbu06GL000875	GCF_033954915.1	100.000	100.0	3.65e-29	58	ok
smbu06GL000875	GCF_036669985.1	100.000	100.0	3.65e-29	58	ok
smbu06GL000875	GCF_040745045.1	100.000	100.0	3.65e-29	58	ok
smbu06GL000875	GCF_043950735.1	93.333	77.6	4.75e-21	45	ok
smbu06GL000875	GCF_049315065.1	100.000	100.0	3.65e-29	58	ok
smbu06GL000875	GCF_049315075.1	98.276	100.0	1.06e-28	58	ok
smbu06GL000875	GCF_049315085.1	98.276	100.0	1.06e-28	58	ok
smbu06GL000875	GCF_049315095.1	98.276	100.0	1.06e-28	58	ok
smbu06GL000875	GCF_049315105.1	98.276	100.0	1.06e-28	58	ok
smbu06GL000875	GCF_049315115.1	100.000	100.0	3.65e-29	58	ok
smbu06GL000875	GCF_049315125.1	100.000	100.0	3.65e-29	58	ok
smbu06GL000875	GCF_049315135.1	98.276	100.0	1.06e-28	58	ok
smbu06GL000875	GCF_049315145.1	100.000	100.0	3.65e-29	58	ok
smbu06GL000875	GCF_049315155.1	98.276	100.0	1.06e-28	58	ok
smbu06GL000875	GCF_049315165.1	100.000	100.0	3.65e-29	58	ok
smbu06GL000875	GCF_049315175.1	100.000	100.0	3.65e-29	58	ok
smbu06GL000875	GCF_052655065.1	100.000	100.0	3.65e-29	58	ok
smbu06GL000875	GCF_052655335.1	100.000	100.0	3.65e-29	58	ok
smbu06GL000875	GCF_052655665.1	100.000	100.0	3.65e-29	58	ok
smbu06GL000875	GCF_052656575.1	100.000	100.0	3.65e-29	58	ok
smbu06GL000875	GCF_052657825.1	100.000	100.0	3.65e-29	58	ok
smbu06GL000875	GCF_052658005.1	100.000	100.0	3.65e-29	58	ok
smbu06GL000875	GCF_053764515.1	98.276	100.0	1.06e-28	58	ok
smbu06GL000875	GCF_056487465.1	98.276	100.0	1.06e-28	58	ok
smbu06GL000875	GCF_056582645.1	100.000	100.0	3.65e-29	58	ok
smbu06GL000875	GCF_931972305.1	98.276	100.0	1.06e-28	58	ok
smbu06GL000875	GCF_988227945.1	100.000	100.0	3.65e-29	58	ok
smbu06GL000875	GCF_988227985.1	100.000	100.0	3.65e-29	58	ok
smbu06GL000875	GCF_988228025.1	100.000	100.0	3.65e-29	58	ok
smbu06GL000875	L_lactis_14B4	87.931	100.0	1.63e-25	58	ok
smbu06GL000875	L_lactis_IL1403	87.931	100.0	1.63e-25	58	ok
smbu06GL000875	L_lactis_MG1363	87.931	100.0	1.63e-25	58	ok
smbu06GL000875	smbu06_project	100.000	100.0	3.65e-29	58	ok
smbu06GL000875	smbu08_project	100.000	100.0	3.65e-29	58	ok
smbu06GL000957	E_lactis_194	100.000	100.0	1.76e-55	91	ok
smbu06GL000957	GCA_000006865.1	76.667	98.9	5e-41	90	ok
smbu06GL000957	GCA_000157355.2	93.407	100.0	4.12e-52	91	ok
smbu06GL000957	GCA_000344575.1	76.667	98.9	4.24e-41	90	ok
smbu06GL000957	GCA_000761115.1	76.667	98.9	4.24e-41	90	ok
smbu06GL000957	GCA_000807375.1	76.667	98.9	4.24e-41	90	ok
smbu06GL000957	GCA_002216705.1	98.901	100.0	9.33e-55	91	ok
smbu06GL000957	GCA_002278015.2	97.802	100.0	1.31e-54	91	ok
smbu06GL000957	GCA_002290025.1	98.901	100.0	5.47e-55	91	ok
smbu06GL000957	GCA_002804185.1	76.667	98.9	4.24e-41	90	ok
smbu06GL000957	GCA_002804285.1	76.667	98.9	4.24e-41	90	ok
smbu06GL000957	GCA_002813755.1	98.901	100.0	9.33e-55	91	ok
smbu06GL000957	GCA_002895225.1	76.667	98.9	4.24e-41	90	ok
smbu06GL000957	GCA_003711125.1	91.209	100.0	4.23e-51	91	ok
smbu06GL000957	GCA_003722255.1	76.667	98.9	5e-41	90	ok
smbu06GL000957	GCA_005347505.1	91.209	100.0	4.23e-51	91	ok
smbu06GL000957	GCA_009730155.1	92.308	100.0	1.77e-52	91	ok
smbu06GL000957	GCA_013391145.1	97.802	100.0	1.31e-54	91	ok
smbu06GL000957	GCA_013391165.1	97.802	100.0	1.31e-54	91	ok
smbu06GL000957	GCA_013391185.1	97.802	100.0	1.31e-54	91	ok
smbu06GL000957	GCA_013391205.1	97.802	100.0	1.31e-54	91	ok
smbu06GL000957	GCA_013394325.1	90.110	100.0	1.65e-50	91	ok
smbu06GL000957	GCA_015767715.1	100.000	100.0	1.76e-55	91	ok
smbu06GL000957	GCA_016127235.1	97.802	100.0	1.31e-54	91	ok
smbu06GL000957	GCA_019203145.1	100.000	100.0	1.76e-55	91	ok
smbu06GL000957	GCA_019343125.1	100.000	100.0	1.76e-55	91	ok
smbu06GL000957	GCA_019797905.1	90.110	100.0	1.65e-50	91	ok
smbu06GL000957	GCA_019967715.1	100.000	100.0	1.76e-55	91	ok
smbu06GL000957	GCA_022870765.1	93.407	100.0	4.12e-52	91	ok
smbu06GL000957	GCA_023523715.1	93.407	100.0	4.12e-52	91	ok
smbu06GL000957	GCA_023612275.1	100.000	100.0	1.76e-55	91	ok
smbu06GL000957	GCA_025402795.1	90.110	100.0	1.65e-50	91	ok
smbu06GL000957	GCA_025402855.1	90.110	100.0	1.65e-50	91	ok
smbu06GL000957	GCA_029201225.1	93.407	100.0	4.12e-52	91	ok
smbu06GL000957	GCA_029215545.1	93.407	100.0	4.12e-52	91	ok
smbu06GL000957	GCA_030490365.1	100.000	100.0	1.76e-55	91	ok
smbu06GL000957	GCA_033954875.1	100.000	100.0	1.76e-55	91	ok
smbu06GL000957	GCA_033954895.1	100.000	100.0	1.76e-55	91	ok
smbu06GL000957	GCA_033954915.1	100.000	100.0	1.76e-55	91	ok
smbu06GL000957	GCA_036669985.1	100.000	100.0	1.76e-55	91	ok
smbu06GL000957	GCA_040745045.1	100.000	100.0	1.76e-55	91	ok
smbu06GL000957	GCA_041930275.1	92.308	100.0	1.77e-52	91	ok
smbu06GL000957	GCA_041952535.1	92.308	100.0	1.77e-52	91	ok
smbu06GL000957	GCA_043950735.1	97.802	100.0	1.31e-54	91	ok
smbu06GL000957	GCA_043950745.1	97.802	100.0	1.31e-54	91	ok
smbu06GL000957	GCA_045039055.1	92.308	100.0	1.77e-52	91	ok
smbu06GL000957	GCA_049315065.1	100.000	100.0	1.76e-55	91	ok
smbu06GL000957	GCA_049315075.1	98.901	100.0	5.47e-55	91	ok
smbu06GL000957	GCA_049315085.1	98.901	100.0	5.47e-55	91	ok
smbu06GL000957	GCA_049315095.1	98.901	100.0	5.47e-55	91	ok
smbu06GL000957	GCA_049315105.1	98.901	100.0	5.47e-55	91	ok
smbu06GL000957	GCA_049315115.1	100.000	100.0	1.76e-55	91	ok
smbu06GL000957	GCA_049315125.1	100.000	100.0	1.76e-55	91	ok
smbu06GL000957	GCA_049315135.1	98.901	100.0	5.47e-55	91	ok
smbu06GL000957	GCA_049315145.1	100.000	100.0	1.76e-55	91	ok
smbu06GL000957	GCA_049315155.1	98.901	100.0	5.47e-55	91	ok
smbu06GL000957	GCA_049315165.1	100.000	100.0	1.76e-55	91	ok
smbu06GL000957	GCA_049315175.1	100.000	100.0	1.76e-55	91	ok
smbu06GL000957	GCA_052655065.1	100.000	100.0	1.76e-55	91	ok
smbu06GL000957	GCA_052655335.1	100.000	100.0	1.76e-55	91	ok
smbu06GL000957	GCA_052655665.1	100.000	100.0	1.76e-55	91	ok
smbu06GL000957	GCA_052656575.1	100.000	100.0	1.76e-55	91	ok
smbu06GL000957	GCA_052657825.1	100.000	100.0	1.76e-55	91	ok
smbu06GL000957	GCA_052658005.1	100.000	100.0	1.76e-55	91	ok
smbu06GL000957	GCA_053764515.1	98.901	100.0	9.33e-55	91	ok
smbu06GL000957	GCA_055397705.1	100.000	49.5	1.68e-23	2	rejected
smbu06GL000957	GCA_055397995.1	97.802	100.0	1.31e-54	91	ok
smbu06GL000957	GCA_056487485.1	98.901	100.0	9.33e-55	91	ok
smbu06GL000957	GCA_056582645.1	100.000	100.0	1.76e-55	91	ok
smbu06GL000957	GCA_058072705.1	100.000	100.0	1.76e-55	91	ok
smbu06GL000957	GCA_060306215.1	100.000	100.0	1.76e-55	91	ok
smbu06GL000957	GCA_060307205.1	97.802	100.0	1.31e-54	91	ok
smbu06GL000957	GCA_060307225.1	100.000	100.0	1.76e-55	91	ok
smbu06GL000957	GCA_061568495.1	100.000	100.0	1.76e-55	91	ok
smbu06GL000957	GCA_900636615.1	97.802	100.0	1.31e-54	91	ok
smbu06GL000957	GCA_905186115.1	97.802	100.0	1.31e-54	91	ok
smbu06GL000957	GCA_931972305.1	98.901	100.0	9.33e-55	91	ok
smbu06GL000957	GCA_963280925.1	97.802	100.0	1.31e-54	91	ok
smbu06GL000957	GCA_988227945.1	100.000	100.0	1.76e-55	91	ok
smbu06GL000957	GCA_988227985.1	100.000	100.0	1.76e-55	91	ok
smbu06GL000957	GCA_988228025.1	100.000	100.0	1.76e-55	91	ok
smbu06GL000957	GCA_988235375.1	98.901	100.0	5.47e-55	91	ok
smbu06GL000957	GCA_988236725.1	98.901	100.0	5.47e-55	91	ok
smbu06GL000957	GCA_988237225.1	100.000	100.0	1.76e-55	91	ok
smbu06GL000957	GCF_001298485.1	100.000	100.0	1.76e-55	91	ok
smbu06GL000957	GCF_001412695.1	100.000	100.0	1.76e-55	91	ok
smbu06GL000957	GCF_001598635.1	96.703	100.0	9.26e-53	91	ok
smbu06GL000957	GCF_001689055.2	96.703	100.0	9.26e-53	91	ok
smbu06GL000957	GCF_002208945.1	96.703	100.0	9.26e-53	91	ok
smbu06GL000957	GCF_002216705.1	98.901	100.0	9.33e-55	91	ok
smbu06GL000957	GCF_002278015.2	97.802	100.0	1.31e-54	91	ok
smbu06GL000957	GCF_002289045.2	96.703	100.0	9.26e-53	91	ok
smbu06GL000957	GCF_002290025.1	98.901	100.0	5.47e-55	91	ok
smbu06GL000957	GCF_002355755.1	96.703	100.0	9.26e-53	91	ok
smbu06GL000957	GCF_002761555.1	100.000	100.0	1.76e-55	91	ok
smbu06GL000957	GCF_002831505.1	100.000	100.0	1.76e-55	91	ok
smbu06GL000957	GCF_002850515.1	100.000	100.0	1.76e-55	91	ok
smbu06GL000957	GCF_002983785.1	100.000	100.0	1.76e-55	91	ok
smbu06GL000957	GCF_003269465.1	100.000	100.0	1.76e-55	91	ok
smbu06GL000957	GCF_003667965.1	100.000	100.0	1.76e-55	91	ok
smbu06GL000957	GCF_003711125.1	91.209	100.0	4.23e-51	91	ok
smbu06GL000957	GCF_003711605.1	100.000	100.0	1.76e-55	91	ok
smbu06GL000957	GCF_003812665.1	96.703	100.0	9.26e-53	91	ok
smbu06GL000957	GCF_004332055.1	100.000	100.0	1.76e-55	91	ok
smbu06GL000957	GCF_005484525.1	96.703	100.0	9.26e-53	91	ok
smbu06GL000957	GCF_006337145.1	100.000	100.0	1.76e-55	91	ok
smbu06GL000957	GCF_006351785.1	100.000	100.0	1.76e-55	91	ok
smbu06GL000957	GCF_006351845.1	100.000	100.0	1.76e-55	91	ok
smbu06GL000957	GCF_006364815.1	96.703	100.0	9.26e-53	91	ok
smbu06GL000957	GCF_006494835.1	96.703	100.0	9.26e-53	91	ok
smbu06GL000957	GCF_006494855.1	96.703	100.0	9.26e-53	91	ok
smbu06GL000957	GCF_006494875.1	96.703	100.0	9.26e-53	91	ok
smbu06GL000957	GCF_006766145.1	96.703	100.0	9.26e-53	91	ok
smbu06GL000957	GCF_007923665.2	100.000	100.0	1.76e-55	91	ok
smbu06GL000957	GCF_007923785.2	100.000	100.0	1.76e-55	91	ok
smbu06GL000957	GCF_007923865.2	100.000	100.0	1.76e-55	91	ok
smbu06GL000957	GCF_007923885.2	100.000	100.0	1.76e-55	91	ok
smbu06GL000957	GCF_007923905.2	100.000	100.0	1.76e-55	91	ok
smbu06GL000957	GCF_007923925.2	100.000	100.0	1.76e-55	91	ok
smbu06GL000957	GCF_007923945.2	100.000	100.0	1.76e-55	91	ok
smbu06GL000957	GCF_007923965.2	100.000	100.0	1.76e-55	91	ok
smbu06GL000957	GCF_008330605.1	100.000	100.0	1.76e-55	91	ok
smbu06GL000957	GCF_009730155.1	92.308	100.0	1.77e-52	91	ok
smbu06GL000957	GCF_009734005.1	100.000	100.0	1.76e-55	91	ok
smbu06GL000957	GCF_009938075.1	100.000	100.0	1.76e-55	91	ok
smbu06GL000957	GCF_010103655.1	96.703	100.0	9.26e-53	91	ok
smbu06GL000957	GCF_010120755.1	100.000	100.0	1.76e-55	91	ok
smbu06GL000957	GCF_011745645.1	100.000	100.0	1.76e-55	91	ok
smbu06GL000957	GCF_012045365.1	100.000	100.0	1.76e-55	91	ok
smbu06GL000957	GCF_012045505.1	100.000	100.0	1.76e-55	91	ok
smbu06GL000957	GCF_012594215.1	96.703	100.0	9.26e-53	91	ok
smbu06GL000957	GCF_013201055.1	100.000	100.0	1.76e-55	91	ok
smbu06GL000957	GCF_013344625.1	96.703	100.0	9.26e-53	91	ok
smbu06GL000957	GCF_013344645.1	96.703	100.0	9.26e-53	91	ok
smbu06GL000957	GCF_013344665.1	96.703	100.0	9.26e-53	91	ok
smbu06GL000957	GCF_013391145.1	97.802	100.0	1.31e-54	91	ok
smbu06GL000957	GCF_013391165.1	97.802	100.0	1.31e-54	91	ok
smbu06GL000957	GCF_013391185.1	97.802	100.0	1.31e-54	91	ok
smbu06GL000957	GCF_013391205.1	97.802	100.0	1.31e-54	91	ok
smbu06GL000957	GCF_013394325.1	90.110	100.0	1.65e-50	91	ok
smbu06GL000957	GCF_015377765.1	100.000	100.0	1.76e-55	91	ok
smbu06GL000957	GCF_015767695.1	100.000	100.0	1.76e-55	91	ok
smbu06GL000957	GCF_015767715.1	100.000	100.0	1.76e-55	91	ok
smbu06GL000957	GCF_016127235.1	97.802	100.0	1.31e-54	91	ok
smbu06GL000957	GCF_017280035.1	96.703	100.0	9.26e-53	91	ok
smbu06GL000957	GCF_017357805.1	96.703	100.0	9.26e-53	91	ok
smbu06GL000957	GCF_018516845.1	100.000	100.0	1.76e-55	91	ok
smbu06GL000957	GCF_019203145.1	100.000	100.0	1.76e-55	91	ok
smbu06GL000957	GCF_019343125.1	100.000	100.0	1.76e-55	91	ok
smbu06GL000957	GCF_019456555.1	100.000	100.0	1.76e-55	91	ok
smbu06GL000957	GCF_019456575.1	100.000	100.0	1.76e-55	91	ok
smbu06GL000957	GCF_019456595.1	100.000	100.0	1.76e-55	91	ok
smbu06GL000957	GCF_019797905.1	90.110	100.0	1.65e-50	91	ok
smbu06GL000957	GCF_019967715.1	100.000	100.0	1.76e-55	91	ok
smbu06GL000957	GCF_020881975.1	96.703	100.0	9.26e-53	91	ok
smbu06GL000957	GCF_020906605.1	96.703	100.0	9.26e-53	91	ok
smbu06GL000957	GCF_022869705.1	96.703	100.0	9.26e-53	91	ok
smbu06GL000957	GCF_023299785.1	96.703	100.0	9.26e-53	91	ok
smbu06GL000957	GCF_023375505.1	96.703	100.0	9.26e-53	91	ok
smbu06GL000957	GCF_023612035.1	96.703	100.0	9.26e-53	91	ok
smbu06GL000957	GCF_023612275.1	100.000	100.0	1.76e-55	91	ok
smbu06GL000957	GCF_024267595.1	96.703	100.0	9.26e-53	91	ok
smbu06GL000957	GCF_025957845.1	96.703	100.0	9.26e-53	91	ok
smbu06GL000957	GCF_025957925.1	96.703	100.0	9.26e-53	91	ok
smbu06GL000957	GCF_025958025.1	96.703	100.0	9.26e-53	91	ok
smbu06GL000957	GCF_025958065.1	96.703	100.0	9.26e-53	91	ok
smbu06GL000957	GCF_025958085.1	96.703	100.0	9.26e-53	91	ok
smbu06GL000957	GCF_025958625.1	96.703	100.0	9.26e-53	91	ok
smbu06GL000957	GCF_025958845.1	96.703	100.0	9.26e-53	91	ok
smbu06GL000957	GCF_025958885.1	96.703	100.0	9.26e-53	91	ok
smbu06GL000957	GCF_026650885.1	96.703	100.0	9.26e-53	91	ok
smbu06GL000957	GCF_027915235.1	100.000	100.0	1.76e-55	91	ok
smbu06GL000957	GCF_030490365.1	100.000	100.0	1.76e-55	91	ok
smbu06GL000957	GCF_030584585.1	100.000	100.0	1.76e-55	91	ok
smbu06GL000957	GCF_030584605.1	100.000	100.0	1.76e-55	91	ok
smbu06GL000957	GCF_030584685.1	100.000	100.0	1.76e-55	91	ok
smbu06GL000957	GCF_030643745.1	100.000	100.0	1.76e-55	91	ok
smbu06GL000957	GCF_033954875.1	100.000	100.0	1.76e-55	91	ok
smbu06GL000957	GCF_033954895.1	100.000	100.0	1.76e-55	91	ok
smbu06GL000957	GCF_033954915.1	100.000	100.0	1.76e-55	91	ok
smbu06GL000957	GCF_036669985.1	100.000	100.0	1.76e-55	91	ok
smbu06GL000957	GCF_040745045.1	100.000	100.0	1.76e-55	91	ok
smbu06GL000957	GCF_043950735.1	97.802	100.0	1.31e-54	91	ok
smbu06GL000957	GCF_049315065.1	100.000	100.0	1.76e-55	91	ok
smbu06GL000957	GCF_049315075.1	98.901	100.0	5.47e-55	91	ok
smbu06GL000957	GCF_049315085.1	98.901	100.0	5.47e-55	91	ok
smbu06GL000957	GCF_049315095.1	98.901	100.0	5.47e-55	91	ok
smbu06GL000957	GCF_049315105.1	98.901	100.0	5.47e-55	91	ok
smbu06GL000957	GCF_049315115.1	100.000	100.0	1.76e-55	91	ok
smbu06GL000957	GCF_049315125.1	100.000	100.0	1.76e-55	91	ok
smbu06GL000957	GCF_049315135.1	98.901	100.0	5.47e-55	91	ok
smbu06GL000957	GCF_049315145.1	100.000	100.0	1.76e-55	91	ok
smbu06GL000957	GCF_049315155.1	98.901	100.0	5.47e-55	91	ok
smbu06GL000957	GCF_049315165.1	100.000	100.0	1.76e-55	91	ok
smbu06GL000957	GCF_049315175.1	100.000	100.0	1.76e-55	91	ok
smbu06GL000957	GCF_052655065.1	100.000	100.0	1.76e-55	91	ok
smbu06GL000957	GCF_052655335.1	100.000	100.0	1.76e-55	91	ok
smbu06GL000957	GCF_052655665.1	100.000	100.0	1.76e-55	91	ok
smbu06GL000957	GCF_052656575.1	100.000	100.0	1.76e-55	91	ok
smbu06GL000957	GCF_052657825.1	100.000	100.0	1.76e-55	91	ok
smbu06GL000957	GCF_052658005.1	100.000	100.0	1.76e-55	91	ok
smbu06GL000957	GCF_053764515.1	98.901	100.0	9.33e-55	91	ok
smbu06GL000957	GCF_056487465.1	98.901	100.0	9.33e-55	91	ok
smbu06GL000957	GCF_056582645.1	100.000	100.0	1.76e-55	91	ok
smbu06GL000957	GCF_931972305.1	98.901	100.0	9.33e-55	91	ok
smbu06GL000957	GCF_988227945.1	100.000	100.0	1.76e-55	91	ok
smbu06GL000957	GCF_988227985.1	100.000	100.0	1.76e-55	91	ok
smbu06GL000957	GCF_988228025.1	100.000	100.0	1.76e-55	91	ok
smbu06GL000957	L_lactis_14B4	76.667	98.9	4.24e-41	90	ok
smbu06GL000957	L_lactis_IL1403	76.667	98.9	5e-41	90	ok
smbu06GL000957	L_lactis_MG1363	75.556	98.9	2.89e-40	90	ok
smbu06GL000957	smbu06_project	100.000	100.0	1.76e-55	91	ok
smbu06GL000957	smbu08_project	100.000	100.0	1.76e-55	91	ok
smbu06GL000962	E_lactis_194	99.231	100.0	8.3e-80	130	ok
smbu06GL000962	GCA_000006865.1	76.667	92.3	1.72e-53	5	rejected
smbu06GL000962	GCA_000157355.2	95.652	88.5	3.07e-67	115	ok
smbu06GL000962	GCA_000344575.1	76.667	92.3	1.72e-53	5	rejected
smbu06GL000962	GCA_000761115.1	76.667	92.3	1.72e-53	5	rejected
smbu06GL000962	GCA_000807375.1	76.667	92.3	1.72e-53	5	rejected
smbu06GL000962	GCA_002216705.1	97.638	97.7	6.32e-77	127	ok
smbu06GL000962	GCA_002278015.2	95.312	98.5	2.87e-76	2	rejected
smbu06GL000962	GCA_002290025.1	93.043	88.5	6.55e-66	115	ok
smbu06GL000962	GCA_002804185.1	76.667	92.3	5.25e-53	5	rejected
smbu06GL000962	GCA_002804285.1	76.667	92.3	5.25e-53	5	rejected
smbu06GL000962	GCA_002813755.1	97.638	97.7	6.32e-77	127	ok
smbu06GL000962	GCA_002895225.1	76.667	92.3	1.72e-53	5	rejected
smbu06GL000962	GCA_003711125.1	95.652	88.5	2.06e-67	115	ok
smbu06GL000962	GCA_003722255.1	76.667	92.3	1.72e-53	5	rejected
smbu06GL000962	GCA_005347505.1	95.652	88.5	2.06e-67	115	ok
smbu06GL000962	GCA_009730155.1	95.652	88.5	3.07e-67	115	ok
smbu06GL000962	GCA_013391145.1	95.312	98.5	2.87e-76	2	rejected
smbu06GL000962	GCA_013391165.1	95.312	98.5	2.87e-76	2	rejected
smbu06GL000962	GCA_013391185.1	95.312	98.5	2.87e-76	2	rejected
smbu06GL000962	GCA_013391205.1	95.312	98.5	2.87e-76	2	rejected
smbu06GL000962	GCA_013394325.1	94.783	88.5	4.79e-67	115	ok
smbu06GL000962	GCA_015767715.1	99.231	100.0	8.3e-80	130	ok
smbu06GL000962	GCA_016127235.1	94.531	98.5	2.15e-75	2	rejected
smbu06GL000962	GCA_019203145.1	99.231	100.0	8.3e-80	130	ok
smbu06GL000962	GCA_019343125.1	99.231	100.0	8.3e-80	130	ok
smbu06GL000962	GCA_019797905.1	95.652	88.5	1.53e-67	115	ok
smbu06GL000962	GCA_019967715.1	99.231	100.0	8.3e-80	130	ok
smbu06GL000962	GCA_022870765.1	95.652	88.5	3.07e-67	115	ok
smbu06GL000962	GCA_023523715.1	95.652	88.5	3.07e-67	115	ok
smbu06GL000962	GCA_023612275.1	99.231	100.0	8.3e-80	130	ok
smbu06GL000962	GCA_025402795.1	95.652	88.5	1.53e-67	115	ok
smbu06GL000962	GCA_025402855.1	95.652	88.5	1.53e-67	115	ok
smbu06GL000962	GCA_029201225.1	95.652	88.5	3.07e-67	115	ok
smbu06GL000962	GCA_029215545.1	95.652	88.5	3.07e-67	115	ok
smbu06GL000962	GCA_030490365.1	99.231	100.0	8.3e-80	130	ok
smbu06GL000962	GCA_033954875.1	99.231	100.0	8.3e-80	130	ok
smbu06GL000962	GCA_033954895.1	99.231	100.0	8.3e-80	130	ok
smbu06GL000962	GCA_033954915.1	99.231	100.0	8.3e-80	130	ok
smbu06GL000962	GCA_036669985.1	99.231	100.0	8.3e-80	130	ok
smbu06GL000962	GCA_040745045.1	99.231	100.0	8.3e-80	130	ok
smbu06GL000962	GCA_041930275.1	95.652	88.5	3.07e-67	115	ok
smbu06GL000962	GCA_041952535.1	95.652	88.5	3.07e-67	115	ok
smbu06GL000962	GCA_043950735.1	95.312	98.5	2.87e-76	2	rejected
smbu06GL000962	GCA_043950745.1	95.312	98.5	2.87e-76	2	rejected
smbu06GL000962	GCA_045039055.1	95.652	88.5	3.07e-67	115	ok
smbu06GL000962	GCA_049315065.1	99.231	100.0	8.3e-80	130	ok
smbu06GL000962	GCA_049315075.1	95.312	98.5	2.92e-76	7	rejected
smbu06GL000962	GCA_049315085.1	95.312	98.5	2.92e-76	7	rejected
smbu06GL000962	GCA_049315095.1	95.312	98.5	2.92e-76	7	rejected
smbu06GL000962	GCA_049315105.1	95.312	98.5	2.92e-76	7	rejected
smbu06GL000962	GCA_049315115.1	99.231	100.0	8.3e-80	130	ok
smbu06GL000962	GCA_049315125.1	99.231	100.0	8.3e-80	130	ok
smbu06GL000962	GCA_049315135.1	95.312	98.5	2.92e-76	7	rejected
smbu06GL000962	GCA_049315145.1	99.231	100.0	8.3e-80	130	ok
smbu06GL000962	GCA_049315155.1	95.312	98.5	2.92e-76	7	rejected
smbu06GL000962	GCA_049315165.1	99.231	100.0	8.3e-80	130	ok
smbu06GL000962	GCA_049315175.1	99.231	100.0	8.3e-80	130	ok
smbu06GL000962	GCA_052655065.1	99.231	100.0	8.3e-80	130	ok
smbu06GL000962	GCA_052655335.1	99.231	100.0	8.3e-80	130	ok
smbu06GL000962	GCA_052655665.1	99.231	100.0	8.3e-80	130	ok
smbu06GL000962	GCA_052656575.1	99.231	100.0	8.3e-80	130	ok
smbu06GL000962	GCA_052657825.1	99.231	100.0	8.3e-80	130	ok
smbu06GL000962	GCA_052658005.1	99.231	100.0	8.3e-80	130	ok
smbu06GL000962	GCA_053764515.1	97.638	97.7	6.32e-77	127	ok
smbu06GL000962	GCA_055397705.1	95.714	53.8	1.2e-58	70	ok
smbu06GL000962	GCA_055397995.1	95.312	98.5	2.87e-76	2	rejected
smbu06GL000962	GCA_056487485.1	97.638	97.7	6.32e-77	127	ok
smbu06GL000962	GCA_056582645.1	99.231	100.0	8.3e-80	130	ok
smbu06GL000962	GCA_058072705.1	99.231	100.0	8.3e-80	130	ok
smbu06GL000962	GCA_060306215.1	99.231	100.0	8.3e-80	130	ok
smbu06GL000962	GCA_060307205.1	95.312	98.5	2.87e-76	2	rejected
smbu06GL000962	GCA_060307225.1	99.231	100.0	8.3e-80	130	ok
smbu06GL000962	GCA_061568495.1	99.231	100.0	8.3e-80	130	ok
smbu06GL000962	GCA_900636615.1	95.312	98.5	2.87e-76	2	rejected
smbu06GL000962	GCA_905186115.1	95.312	98.5	2.87e-76	2	rejected
smbu06GL000962	GCA_931972305.1	97.638	97.7	6.32e-77	127	ok
smbu06GL000962	GCA_963280925.1	95.312	98.5	2.87e-76	2	rejected
smbu06GL000962	GCA_988227945.1	99.231	100.0	8.3e-80	130	ok
smbu06GL000962	GCA_988227985.1	99.231	100.0	8.3e-80	130	ok
smbu06GL000962	GCA_988228025.1	99.231	100.0	8.3e-80	130	ok
smbu06GL000962	GCA_988235375.1	92.793	85.4	1.95e-63	111	ok
smbu06GL000962	GCA_988236725.1	92.793	85.4	1.95e-63	111	ok
smbu06GL000962	GCA_988237225.1	99.231	100.0	8.3e-80	130	ok
smbu06GL000962	GCF_001298485.1	97.692	100.0	1.24e-78	130	ok
smbu06GL000962	GCF_001412695.1	97.692	100.0	1.24e-78	130	ok
smbu06GL000962	GCF_001598635.1	94.215	93.1	7.47e-70	121	ok
smbu06GL000962	GCF_001689055.2	94.215	93.1	7.47e-70	121	ok
smbu06GL000962	GCF_002208945.1	94.215	93.1	7.47e-70	121	ok
smbu06GL000962	GCF_002216705.1	97.638	97.7	6.32e-77	127	ok
smbu06GL000962	GCF_002278015.2	95.312	98.5	2.87e-76	2	rejected
smbu06GL000962	GCF_002289045.2	94.215	93.1	7.47e-70	121	ok
smbu06GL000962	GCF_002290025.1	93.043	88.5	6.55e-66	115	ok
smbu06GL000962	GCF_002355755.1	94.215	93.1	7.47e-70	121	ok
smbu06GL000962	GCF_002761555.1	97.692	100.0	1.24e-78	130	ok
smbu06GL000962	GCF_002831505.1	97.692	100.0	1.24e-78	130	ok
smbu06GL000962	GCF_002850515.1	97.692	100.0	1.24e-78	130	ok
smbu06GL000962	GCF_002983785.1	97.692	100.0	1.24e-78	130	ok
smbu06GL000962	GCF_003269465.1	98.462	100.0	2.9e-79	130	ok
smbu06GL000962	GCF_003667965.1	99.231	100.0	8.3e-80	130	ok
smbu06GL000962	GCF_003711125.1	95.652	88.5	2.06e-67	115	ok
smbu06GL000962	GCF_003711605.1	99.231	100.0	8.3e-80	130	ok
smbu06GL000962	GCF_003812665.1	94.215	93.1	7.47e-70	121	ok
smbu06GL000962	GCF_004332055.1	97.692	100.0	1.24e-78	130	ok
smbu06GL000962	GCF_005484525.1	94.215	93.1	7.47e-70	121	ok
smbu06GL000962	GCF_006337145.1	99.231	100.0	8.3e-80	130	ok
smbu06GL000962	GCF_006351785.1	97.692	100.0	1.24e-78	130	ok
smbu06GL000962	GCF_006351845.1	97.692	100.0	1.24e-78	130	ok
smbu06GL000962	GCF_006364815.1	93.860	87.7	1.02e-65	114	ok
smbu06GL000962	GCF_006494835.1	94.215	93.1	7.48e-70	121	ok
smbu06GL000962	GCF_006494855.1	94.215	93.1	7.48e-70	121	ok
smbu06GL000962	GCF_006494875.1	94.215	93.1	7.48e-70	121	ok
smbu06GL000962	GCF_006766145.1	94.215	93.1	7.47e-70	121	ok
smbu06GL000962	GCF_007923665.2	98.462	100.0	2.9e-79	130	ok
smbu06GL000962	GCF_007923785.2	97.692	100.0	1.24e-78	130	ok
smbu06GL000962	GCF_007923865.2	97.692	100.0	1.24e-78	130	ok
smbu06GL000962	GCF_007923885.2	97.692	100.0	1.24e-78	130	ok
smbu06GL000962	GCF_007923905.2	97.692	100.0	1.24e-78	130	ok
smbu06GL000962	GCF_007923925.2	97.692	100.0	1.24e-78	130	ok
smbu06GL000962	GCF_007923945.2	97.692	100.0	1.24e-78	130	ok
smbu06GL000962	GCF_007923965.2	97.692	100.0	1.24e-78	130	ok
smbu06GL000962	GCF_008330605.1	99.231	100.0	8.3e-80	130	ok
smbu06GL000962	GCF_009730155.1	95.652	88.5	3.07e-67	115	ok
smbu06GL000962	GCF_009734005.1	97.692	100.0	1.24e-78	130	ok
smbu06GL000962	GCF_009938075.1	97.692	100.0	1.24e-78	130	ok
smbu06GL000962	GCF_010103655.1	94.215	93.1	7.47e-70	121	ok
smbu06GL000962	GCF_010120755.1	97.692	100.0	1.24e-78	130	ok
smbu06GL000962	GCF_011745645.1	99.231	100.0	8.3e-80	130	ok
smbu06GL000962	GCF_012045365.1	99.231	100.0	8.3e-80	130	ok
smbu06GL000962	GCF_012045505.1	99.231	100.0	8.3e-80	130	ok
smbu06GL000962	GCF_012594215.1	94.215	93.1	7.47e-70	121	ok
smbu06GL000962	GCF_013201055.1	99.231	100.0	8.3e-80	130	ok
smbu06GL000962	GCF_013344625.1	94.215	93.1	7.47e-70	121	ok
smbu06GL000962	GCF_013344645.1	94.215	93.1	7.47e-70	121	ok
smbu06GL000962	GCF_013344665.1	94.215	93.1	7.47e-70	121	ok
smbu06GL000962	GCF_013391145.1	95.312	98.5	2.87e-76	2	rejected
smbu06GL000962	GCF_013391165.1	95.312	98.5	2.87e-76	2	rejected
smbu06GL000962	GCF_013391185.1	95.312	98.5	2.87e-76	2	rejected
smbu06GL000962	GCF_013391205.1	95.312	98.5	2.87e-76	2	rejected
smbu06GL000962	GCF_013394325.1	94.783	88.5	4.79e-67	115	ok
smbu06GL000962	GCF_015377765.1	99.231	100.0	8.3e-80	130	ok
smbu06GL000962	GCF_015767695.1	97.692	100.0	1.24e-78	130	ok
smbu06GL000962	GCF_015767715.1	99.231	100.0	8.3e-80	130	ok
smbu06GL000962	GCF_016127235.1	94.531	98.5	2.15e-75	2	rejected
smbu06GL000962	GCF_017280035.1	94.215	93.1	7.47e-70	121	ok
smbu06GL000962	GCF_017357805.1	94.215	93.1	7.47e-70	121	ok
smbu06GL000962	GCF_018516845.1	97.692	100.0	1.24e-78	130	ok
smbu06GL000962	GCF_019203145.1	99.231	100.0	8.3e-80	130	ok
smbu06GL000962	GCF_019343125.1	99.231	100.0	8.3e-80	130	ok
smbu06GL000962	GCF_019456555.1	97.692	100.0	1.24e-78	130	ok
smbu06GL000962	GCF_019456575.1	97.692	100.0	1.24e-78	130	ok
smbu06GL000962	GCF_019456595.1	97.692	100.0	1.24e-78	130	ok
smbu06GL000962	GCF_019797905.1	95.652	88.5	1.53e-67	115	ok
smbu06GL000962	GCF_019967715.1	99.231	100.0	8.3e-80	130	ok
smbu06GL000962	GCF_020881975.1	94.215	93.1	7.47e-70	121	ok
smbu06GL000962	GCF_020906605.1	94.215	93.1	7.47e-70	121	ok
smbu06GL000962	GCF_022869705.1	94.215	93.1	7.47e-70	121	ok
smbu06GL000962	GCF_023299785.1	94.215	93.1	7.47e-70	121	ok
smbu06GL000962	GCF_023375505.1	94.215	93.1	7.47e-70	121	ok
smbu06GL000962	GCF_023612035.1	94.215	93.1	7.47e-70	121	ok
smbu06GL000962	GCF_023612275.1	99.231	100.0	8.3e-80	130	ok
smbu06GL000962	GCF_024267595.1	94.215	93.1	7.47e-70	121	ok
smbu06GL000962	GCF_025957845.1	94.215	93.1	7.47e-70	121	ok
smbu06GL000962	GCF_025957925.1	94.215	93.1	7.47e-70	121	ok
smbu06GL000962	GCF_025958025.1	93.860	87.7	2.71e-66	114	ok
smbu06GL000962	GCF_025958065.1	93.860	87.7	1.02e-65	114	ok
smbu06GL000962	GCF_025958085.1	93.860	87.7	1.02e-65	114	ok
smbu06GL000962	GCF_025958625.1	94.215	93.1	7.47e-70	121	ok
smbu06GL000962	GCF_025958845.1	94.215	93.1	7.47e-70	121	ok
smbu06GL000962	GCF_025958885.1	94.215	93.1	7.47e-70	121	ok
smbu06GL000962	GCF_026650885.1	94.215	93.1	7.47e-70	121	ok
smbu06GL000962	GCF_027915235.1	99.231	100.0	8.3e-80	130	ok
smbu06GL000962	GCF_030490365.1	99.231	100.0	8.3e-80	130	ok
smbu06GL000962	GCF_030584585.1	97.692	100.0	1.24e-78	130	ok
smbu06GL000962	GCF_030584605.1	97.692	100.0	1.24e-78	130	ok
smbu06GL000962	GCF_030584685.1	97.692	100.0	1.24e-78	130	ok
smbu06GL000962	GCF_030643745.1	99.231	100.0	8.3e-80	130	ok
smbu06GL000962	GCF_033954875.1	99.231	100.0	8.3e-80	130	ok
smbu06GL000962	GCF_033954895.1	99.231	100.0	8.3e-80	130	ok
smbu06GL000962	GCF_033954915.1	99.231	100.0	8.3e-80	130	ok
smbu06GL000962	GCF_036669985.1	99.231	100.0	8.3e-80	130	ok
smbu06GL000962	GCF_040745045.1	99.231	100.0	8.3e-80	130	ok
smbu06GL000962	GCF_043950735.1	95.312	98.5	2.87e-76	2	rejected
smbu06GL000962	GCF_049315065.1	99.231	100.0	8.3e-80	130	ok
smbu06GL000962	GCF_049315075.1	95.312	98.5	2.92e-76	7	rejected
smbu06GL000962	GCF_049315085.1	95.312	98.5	2.92e-76	7	rejected
smbu06GL000962	GCF_049315095.1	95.312	98.5	2.92e-76	7	rejected
smbu06GL000962	GCF_049315105.1	95.312	98.5	2.92e-76	7	rejected
smbu06GL000962	GCF_049315115.1	99.231	100.0	8.3e-80	130	ok
smbu06GL000962	GCF_049315125.1	99.231	100.0	8.3e-80	130	ok
smbu06GL000962	GCF_049315135.1	95.312	98.5	2.92e-76	7	rejected
smbu06GL000962	GCF_049315145.1	99.231	100.0	8.3e-80	130	ok
smbu06GL000962	GCF_049315155.1	95.312	98.5	2.92e-76	7	rejected
smbu06GL000962	GCF_049315165.1	99.231	100.0	8.3e-80	130	ok
smbu06GL000962	GCF_049315175.1	99.231	100.0	8.3e-80	130	ok
smbu06GL000962	GCF_052655065.1	99.231	100.0	8.3e-80	130	ok
smbu06GL000962	GCF_052655335.1	99.231	100.0	8.3e-80	130	ok
smbu06GL000962	GCF_052655665.1	99.231	100.0	8.3e-80	130	ok
smbu06GL000962	GCF_052656575.1	99.231	100.0	8.3e-80	130	ok
smbu06GL000962	GCF_052657825.1	99.231	100.0	8.3e-80	130	ok
smbu06GL000962	GCF_052658005.1	99.231	100.0	8.3e-80	130	ok
smbu06GL000962	GCF_053764515.1	97.638	97.7	6.32e-77	127	ok
smbu06GL000962	GCF_056487465.1	97.638	97.7	6.32e-77	127	ok
smbu06GL000962	GCF_056582645.1	99.231	100.0	8.3e-80	130	ok
smbu06GL000962	GCF_931972305.1	97.638	97.7	6.32e-77	127	ok
smbu06GL000962	GCF_988227945.1	99.231	100.0	8.3e-80	130	ok
smbu06GL000962	GCF_988227985.1	99.231	100.0	8.3e-80	130	ok
smbu06GL000962	GCF_988228025.1	99.231	100.0	8.3e-80	130	ok
smbu06GL000962	L_lactis_14B4	76.667	92.3	1.72e-53	5	rejected
smbu06GL000962	L_lactis_IL1403	76.667	92.3	1.72e-53	5	rejected
smbu06GL000962	L_lactis_MG1363	77.500	92.3	1.17e-53	5	rejected
smbu06GL000962	smbu06_project	99.231	100.0	8.3e-80	130	ok
smbu06GL000962	smbu08_project	99.231	100.0	8.3e-80	130	ok
smbu06GL001066	E_lactis_194	100.000	100.0	2.61e-29	54	ok
smbu06GL001066	GCA_000006865.1	59.574	87.0	1.84e-13	8	rejected
smbu06GL001066	GCA_000157355.2	90.741	100.0	4.24e-26	54	ok
smbu06GL001066	GCA_000344575.1	59.574	87.0	1.84e-13	8	rejected
smbu06GL001066	GCA_000761115.1	59.574	87.0	1.84e-13	8	rejected
smbu06GL001066	GCA_000807375.1	59.574	87.0	1.84e-13	8	rejected
smbu06GL001066	GCA_002216705.1	96.296	100.0	1.35e-27	54	ok
smbu06GL001066	GCA_002278015.2	100.000	100.0	2.61e-29	54	ok
smbu06GL001066	GCA_002290025.1	98.148	100.0	3.6e-29	54	ok
smbu06GL001066	GCA_002804185.1	59.574	87.0	1.84e-13	8	rejected
smbu06GL001066	GCA_002804285.1	59.574	87.0	1.84e-13	8	rejected
smbu06GL001066	GCA_002813755.1	96.296	100.0	1.35e-27	54	ok
smbu06GL001066	GCA_002895225.1	59.574	87.0	1.84e-13	8	rejected
smbu06GL001066	GCA_003711125.1	90.566	98.1	4.47e-25	6	rejected
smbu06GL001066	GCA_003722255.1	59.574	87.0	1.84e-13	8	rejected
smbu06GL001066	GCA_005347505.1	90.566	98.1	4.47e-25	6	rejected
smbu06GL001066	GCA_009730155.1	96.296	100.0	5.98e-28	54	ok
smbu06GL001066	GCA_013391145.1	100.000	100.0	2.61e-29	54	ok
smbu06GL001066	GCA_013391165.1	100.000	100.0	2.61e-29	54	ok
smbu06GL001066	GCA_013391185.1	100.000	100.0	2.61e-29	54	ok
smbu06GL001066	GCA_013391205.1	100.000	100.0	2.61e-29	54	ok
smbu06GL001066	GCA_013394325.1	90.566	98.1	4.47e-25	6	rejected
smbu06GL001066	GCA_015767715.1	100.000	100.0	2.61e-29	54	ok
smbu06GL001066	GCA_016127235.1	100.000	100.0	2.61e-29	54	ok
smbu06GL001066	GCA_019203145.1	100.000	100.0	2.61e-29	54	ok
smbu06GL001066	GCA_019343125.1	100.000	100.0	2.61e-29	54	ok
smbu06GL001066	GCA_019797905.1	90.566	98.1	4.47e-25	6	rejected
smbu06GL001066	GCA_019967715.1	100.000	100.0	2.61e-29	54	ok
smbu06GL001066	GCA_022870765.1	90.741	100.0	4.24e-26	54	ok
smbu06GL001066	GCA_023523715.1	90.741	100.0	4.24e-26	54	ok
smbu06GL001066	GCA_023612275.1	100.000	100.0	2.61e-29	54	ok
smbu06GL001066	GCA_025402795.1	90.566	98.1	4.47e-25	6	rejected
smbu06GL001066	GCA_025402855.1	90.566	98.1	4.47e-25	6	rejected
smbu06GL001066	GCA_029201225.1	90.741	100.0	4.24e-26	54	ok
smbu06GL001066	GCA_029215545.1	90.741	100.0	4.24e-26	54	ok
smbu06GL001066	GCA_030490365.1	100.000	100.0	2.61e-29	54	ok
smbu06GL001066	GCA_033954875.1	100.000	100.0	2.61e-29	54	ok
smbu06GL001066	GCA_033954895.1	100.000	100.0	2.61e-29	54	ok
smbu06GL001066	GCA_033954915.1	100.000	100.0	2.61e-29	54	ok
smbu06GL001066	GCA_036669985.1	100.000	100.0	2.61e-29	54	ok
smbu06GL001066	GCA_040745045.1	100.000	100.0	2.61e-29	54	ok
smbu06GL001066	GCA_041930275.1	96.296	100.0	5.98e-28	54	ok
smbu06GL001066	GCA_041952535.1	96.296	100.0	5.98e-28	54	ok
smbu06GL001066	GCA_043950735.1	100.000	100.0	2.61e-29	54	ok
smbu06GL001066	GCA_043950745.1	100.000	100.0	2.61e-29	54	ok
smbu06GL001066	GCA_045039055.1	96.296	100.0	5.98e-28	54	ok
smbu06GL001066	GCA_049315065.1	100.000	100.0	2.61e-29	54	ok
smbu06GL001066	GCA_049315075.1	100.000	100.0	2.61e-29	54	ok
smbu06GL001066	GCA_049315085.1	100.000	100.0	2.61e-29	54	ok
smbu06GL001066	GCA_049315095.1	100.000	100.0	2.61e-29	54	ok
smbu06GL001066	GCA_049315105.1	100.000	100.0	2.61e-29	54	ok
smbu06GL001066	GCA_049315115.1	100.000	100.0	2.61e-29	54	ok
smbu06GL001066	GCA_049315125.1	100.000	100.0	2.61e-29	54	ok
smbu06GL001066	GCA_049315135.1	100.000	100.0	2.61e-29	54	ok
smbu06GL001066	GCA_049315145.1	100.000	100.0	2.61e-29	54	ok
smbu06GL001066	GCA_049315155.1	100.000	100.0	2.61e-29	54	ok
smbu06GL001066	GCA_049315165.1	100.000	100.0	2.61e-29	54	ok
smbu06GL001066	GCA_049315175.1	100.000	100.0	2.61e-29	54	ok
smbu06GL001066	GCA_052655065.1	100.000	100.0	2.61e-29	54	ok
smbu06GL001066	GCA_052655335.1	100.000	100.0	2.61e-29	54	ok
smbu06GL001066	GCA_052655665.1	100.000	100.0	2.61e-29	54	ok
smbu06GL001066	GCA_052656575.1	100.000	100.0	2.61e-29	54	ok
smbu06GL001066	GCA_052657825.1	100.000	100.0	2.61e-29	54	ok
smbu06GL001066	GCA_052658005.1	100.000	100.0	2.61e-29	54	ok
smbu06GL001066	GCA_053764515.1	96.296	100.0	1.35e-27	54	ok
smbu06GL001066	GCA_055397705.1	90.909	81.5	6.49e-19	6	rejected
smbu06GL001066	GCA_055397995.1	100.000	100.0	2.61e-29	54	ok
smbu06GL001066	GCA_056487485.1	96.296	100.0	1.35e-27	54	ok
smbu06GL001066	GCA_056582645.1	100.000	100.0	2.61e-29	54	ok
smbu06GL001066	GCA_058072705.1	100.000	100.0	2.61e-29	54	ok
smbu06GL001066	GCA_060306215.1	100.000	100.0	2.61e-29	54	ok
smbu06GL001066	GCA_060307205.1	100.000	100.0	2.61e-29	54	ok
smbu06GL001066	GCA_060307225.1	100.000	100.0	2.61e-29	54	ok
smbu06GL001066	GCA_061568495.1	100.000	100.0	2.61e-29	54	ok
smbu06GL001066	GCA_900636615.1	100.000	100.0	2.61e-29	54	ok
smbu06GL001066	GCA_905186115.1	100.000	100.0	2.61e-29	54	ok
smbu06GL001066	GCA_931972305.1	96.296	100.0	1.35e-27	54	ok
smbu06GL001066	GCA_963280925.1	100.000	100.0	2.61e-29	54	ok
smbu06GL001066	GCA_988227945.1	100.000	100.0	2.61e-29	54	ok
smbu06GL001066	GCA_988227985.1	100.000	100.0	2.61e-29	54	ok
smbu06GL001066	GCA_988228025.1	100.000	100.0	2.61e-29	54	ok
smbu06GL001066	GCA_988235375.1	98.148	100.0	3.6e-29	54	ok
smbu06GL001066	GCA_988236725.1	98.148	100.0	3.6e-29	54	ok
smbu06GL001066	GCA_988237225.1	100.000	100.0	2.61e-29	54	ok
smbu06GL001066	GCF_001298485.1	98.148	100.0	2.77e-28	54	ok
smbu06GL001066	GCF_001412695.1	98.148	100.0	2.77e-28	54	ok
smbu06GL001066	GCF_001598635.1	94.444	100.0	1.39e-27	54	ok
smbu06GL001066	GCF_001689055.2	94.444	100.0	1.39e-27	54	ok
smbu06GL001066	GCF_002208945.1	94.444	100.0	1.39e-27	54	ok
smbu06GL001066	GCF_002216705.1	96.296	100.0	1.35e-27	54	ok
smbu06GL001066	GCF_002278015.2	100.000	100.0	2.61e-29	54	ok
smbu06GL001066	GCF_002289045.2	94.444	100.0	1.39e-27	54	ok
smbu06GL001066	GCF_002290025.1	98.148	100.0	3.6e-29	54	ok
smbu06GL001066	GCF_002355755.1	94.444	100.0	1.39e-27	54	ok
smbu06GL001066	GCF_002761555.1	98.148	100.0	2.77e-28	54	ok
smbu06GL001066	GCF_002831505.1	100.000	100.0	2.61e-29	54	ok
smbu06GL001066	GCF_002850515.1	100.000	100.0	2.61e-29	54	ok
smbu06GL001066	GCF_002983785.1	100.000	100.0	2.61e-29	54	ok
smbu06GL001066	GCF_003269465.1	100.000	100.0	2.61e-29	54	ok
smbu06GL001066	GCF_003667965.1	100.000	100.0	2.61e-29	54	ok
smbu06GL001066	GCF_003711125.1	90.566	98.1	4.47e-25	6	rejected
smbu06GL001066	GCF_003711605.1	100.000	100.0	2.61e-29	54	ok
smbu06GL001066	GCF_003812665.1	94.444	100.0	1.39e-27	54	ok
smbu06GL001066	GCF_004332055.1	98.148	100.0	2.77e-28	54	ok
smbu06GL001066	GCF_005484525.1	94.444	100.0	1.39e-27	54	ok
smbu06GL001066	GCF_006337145.1	100.000	100.0	2.61e-29	54	ok
smbu06GL001066	GCF_006351785.1	98.148	100.0	2.77e-28	54	ok
smbu06GL001066	GCF_006351845.1	100.000	100.0	2.61e-29	54	ok
smbu06GL001066	GCF_006364815.1	94.444	100.0	1.39e-27	54	ok
smbu06GL001066	GCF_006494835.1	94.444	100.0	1.39e-27	54	ok
smbu06GL001066	GCF_006494855.1	94.444	100.0	1.39e-27	54	ok
smbu06GL001066	GCF_006494875.1	94.444	100.0	1.39e-27	54	ok
smbu06GL001066	GCF_006766145.1	94.444	100.0	1.39e-27	54	ok
smbu06GL001066	GCF_007923665.2	100.000	100.0	2.61e-29	54	ok
smbu06GL001066	GCF_007923785.2	100.000	100.0	2.61e-29	54	ok
smbu06GL001066	GCF_007923865.2	100.000	100.0	2.61e-29	54	ok
smbu06GL001066	GCF_007923885.2	100.000	100.0	2.61e-29	54	ok
smbu06GL001066	GCF_007923905.2	100.000	100.0	2.61e-29	54	ok
smbu06GL001066	GCF_007923925.2	100.000	100.0	2.61e-29	54	ok
smbu06GL001066	GCF_007923945.2	98.148	100.0	2.77e-28	54	ok
smbu06GL001066	GCF_007923965.2	98.148	100.0	2.77e-28	54	ok
smbu06GL001066	GCF_008330605.1	100.000	100.0	2.61e-29	54	ok
smbu06GL001066	GCF_009730155.1	96.296	100.0	5.98e-28	54	ok
smbu06GL001066	GCF_009734005.1	100.000	100.0	2.61e-29	54	ok
smbu06GL001066	GCF_009938075.1	100.000	100.0	2.61e-29	54	ok
smbu06GL001066	GCF_010103655.1	94.444	100.0	1.39e-27	54	ok
smbu06GL001066	GCF_010120755.1	100.000	100.0	2.61e-29	54	ok
smbu06GL001066	GCF_011745645.1	100.000	100.0	2.61e-29	54	ok
smbu06GL001066	GCF_012045365.1	100.000	100.0	2.61e-29	54	ok
smbu06GL001066	GCF_012045505.1	100.000	100.0	2.61e-29	54	ok
smbu06GL001066	GCF_012594215.1	94.444	100.0	1.39e-27	54	ok
smbu06GL001066	GCF_013201055.1	100.000	100.0	2.61e-29	54	ok
smbu06GL001066	GCF_013344625.1	94.444	100.0	1.39e-27	54	ok
smbu06GL001066	GCF_013344645.1	94.444	100.0	1.39e-27	54	ok
smbu06GL001066	GCF_013344665.1	94.444	100.0	1.39e-27	54	ok
smbu06GL001066	GCF_013391145.1	100.000	100.0	2.61e-29	54	ok
smbu06GL001066	GCF_013391165.1	100.000	100.0	2.61e-29	54	ok
smbu06GL001066	GCF_013391185.1	100.000	100.0	2.61e-29	54	ok
smbu06GL001066	GCF_013391205.1	100.000	100.0	2.61e-29	54	ok
smbu06GL001066	GCF_013394325.1	90.566	98.1	4.47e-25	6	rejected
smbu06GL001066	GCF_015377765.1	100.000	100.0	2.61e-29	54	ok
smbu06GL001066	GCF_015767695.1	98.148	100.0	2.77e-28	54	ok
smbu06GL001066	GCF_015767715.1	100.000	100.0	2.61e-29	54	ok
smbu06GL001066	GCF_016127235.1	100.000	100.0	2.61e-29	54	ok
smbu06GL001066	GCF_017280035.1	94.444	100.0	1.39e-27	54	ok
smbu06GL001066	GCF_017357805.1	94.444	100.0	1.39e-27	54	ok
smbu06GL001066	GCF_018516845.1	100.000	100.0	2.61e-29	54	ok
smbu06GL001066	GCF_019203145.1	100.000	100.0	2.61e-29	54	ok
smbu06GL001066	GCF_019343125.1	100.000	100.0	2.61e-29	54	ok
smbu06GL001066	GCF_019456555.1	100.000	100.0	2.61e-29	54	ok
smbu06GL001066	GCF_019456575.1	100.000	100.0	2.61e-29	54	ok
smbu06GL001066	GCF_019456595.1	100.000	100.0	2.61e-29	54	ok
smbu06GL001066	GCF_019797905.1	90.566	98.1	4.47e-25	6	rejected
smbu06GL001066	GCF_019967715.1	100.000	100.0	2.61e-29	54	ok
smbu06GL001066	GCF_020881975.1	94.444	100.0	1.39e-27	54	ok
smbu06GL001066	GCF_020906605.1	94.444	100.0	1.39e-27	54	ok
smbu06GL001066	GCF_022869705.1	94.444	100.0	1.39e-27	54	ok
smbu06GL001066	GCF_023299785.1	94.444	100.0	1.39e-27	54	ok
smbu06GL001066	GCF_023375505.1	94.444	100.0	1.39e-27	54	ok
smbu06GL001066	GCF_023612035.1	94.444	100.0	1.39e-27	54	ok
smbu06GL001066	GCF_023612275.1	100.000	100.0	2.61e-29	54	ok
smbu06GL001066	GCF_024267595.1	94.444	100.0	1.39e-27	54	ok
smbu06GL001066	GCF_025957845.1	94.444	100.0	1.39e-27	54	ok
smbu06GL001066	GCF_025957925.1	94.444	100.0	1.39e-27	54	ok
smbu06GL001066	GCF_025958025.1	94.444	100.0	1.39e-27	54	ok
smbu06GL001066	GCF_025958065.1	94.444	100.0	1.39e-27	54	ok
smbu06GL001066	GCF_025958085.1	94.444	100.0	1.39e-27	54	ok
smbu06GL001066	GCF_025958625.1	94.444	100.0	1.39e-27	54	ok
smbu06GL001066	GCF_025958845.1	94.444	100.0	1.39e-27	54	ok
smbu06GL001066	GCF_025958885.1	94.444	100.0	1.39e-27	54	ok
smbu06GL001066	GCF_026650885.1	94.444	100.0	1.39e-27	54	ok
smbu06GL001066	GCF_027915235.1	100.000	100.0	2.61e-29	54	ok
smbu06GL001066	GCF_030490365.1	100.000	100.0	2.61e-29	54	ok
smbu06GL001066	GCF_030584585.1	100.000	100.0	2.61e-29	54	ok
smbu06GL001066	GCF_030584605.1	100.000	100.0	2.61e-29	54	ok
smbu06GL001066	GCF_030584685.1	100.000	100.0	2.61e-29	54	ok
smbu06GL001066	GCF_030643745.1	100.000	100.0	2.61e-29	54	ok
smbu06GL001066	GCF_033954875.1	100.000	100.0	2.61e-29	54	ok
smbu06GL001066	GCF_033954895.1	100.000	100.0	2.61e-29	54	ok
smbu06GL001066	GCF_033954915.1	100.000	100.0	2.61e-29	54	ok
smbu06GL001066	GCF_036669985.1	100.000	100.0	2.61e-29	54	ok
smbu06GL001066	GCF_040745045.1	100.000	100.0	2.61e-29	54	ok
smbu06GL001066	GCF_043950735.1	100.000	100.0	2.61e-29	54	ok
smbu06GL001066	GCF_049315065.1	100.000	100.0	2.61e-29	54	ok
smbu06GL001066	GCF_049315075.1	100.000	100.0	2.61e-29	54	ok
smbu06GL001066	GCF_049315085.1	100.000	100.0	2.61e-29	54	ok
smbu06GL001066	GCF_049315095.1	100.000	100.0	2.61e-29	54	ok
smbu06GL001066	GCF_049315105.1	100.000	100.0	2.61e-29	54	ok
smbu06GL001066	GCF_049315115.1	100.000	100.0	2.61e-29	54	ok
smbu06GL001066	GCF_049315125.1	100.000	100.0	2.61e-29	54	ok
smbu06GL001066	GCF_049315135.1	100.000	100.0	2.61e-29	54	ok
smbu06GL001066	GCF_049315145.1	100.000	100.0	2.61e-29	54	ok
smbu06GL001066	GCF_049315155.1	100.000	100.0	2.61e-29	54	ok
smbu06GL001066	GCF_049315165.1	100.000	100.0	2.61e-29	54	ok
smbu06GL001066	GCF_049315175.1	100.000	100.0	2.61e-29	54	ok
smbu06GL001066	GCF_052655065.1	100.000	100.0	2.61e-29	54	ok
smbu06GL001066	GCF_052655335.1	100.000	100.0	2.61e-29	54	ok
smbu06GL001066	GCF_052655665.1	100.000	100.0	2.61e-29	54	ok
smbu06GL001066	GCF_052656575.1	100.000	100.0	2.61e-29	54	ok
smbu06GL001066	GCF_052657825.1	100.000	100.0	2.61e-29	54	ok
smbu06GL001066	GCF_052658005.1	100.000	100.0	2.61e-29	54	ok
smbu06GL001066	GCF_053764515.1	96.296	100.0	1.35e-27	54	ok
smbu06GL001066	GCF_056487465.1	96.296	100.0	1.35e-27	54	ok
smbu06GL001066	GCF_056582645.1	100.000	100.0	2.61e-29	54	ok
smbu06GL001066	GCF_931972305.1	96.296	100.0	1.35e-27	54	ok
smbu06GL001066	GCF_988227945.1	100.000	100.0	2.61e-29	54	ok
smbu06GL001066	GCF_988227985.1	100.000	100.0	2.61e-29	54	ok
smbu06GL001066	GCF_988228025.1	100.000	100.0	2.61e-29	54	ok
smbu06GL001066	L_lactis_14B4	59.574	87.0	1.84e-13	8	rejected
smbu06GL001066	L_lactis_IL1403	59.574	87.0	1.84e-13	8	rejected
smbu06GL001066	L_lactis_MG1363	59.574	87.0	1.84e-13	2	rejected
smbu06GL001066	smbu06_project	100.000	100.0	2.61e-29	54	ok
smbu06GL001066	smbu08_project	100.000	100.0	2.61e-29	54	ok
smbu06GL001084	E_lactis_194	100.000	100.0	1.15e-118	180	ok
smbu06GL001084	GCA_000006865.1	42.254	77.2	5.09e-22	140	ok
smbu06GL001084	GCA_000157355.2	58.333	99.4	5.94e-60	180	ok
smbu06GL001084	GCA_000344575.1	42.029	75.0	2.97e-21	136	ok
smbu06GL001084	GCA_000761115.1	42.029	75.0	2.97e-21	136	ok
smbu06GL001084	GCA_000807375.1	40.876	75.0	4.44e-21	136	ok
smbu06GL001084	GCA_002216705.1	66.111	100.0	1.81e-77	180	ok
smbu06GL001084	GCA_002278015.2	70.225	98.9	5.55e-81	178	ok
smbu06GL001084	GCA_002290025.1	66.667	100.0	4.02e-76	180	ok
smbu06GL001084	GCA_002804185.1	42.029	75.0	2.97e-21	136	ok
smbu06GL001084	GCA_002804285.1	42.029	75.0	2.97e-21	136	ok
smbu06GL001084	GCA_002813755.1	69.444	100.0	1.43e-80	180	ok
smbu06GL001084	GCA_002895225.1	40.876	75.0	4.44e-21	136	ok
smbu06GL001084	GCA_003711125.1	58.889	98.9	6.1e-63	180	ok
smbu06GL001084	GCA_003722255.1	42.254	77.2	5.09e-22	140	ok
smbu06GL001084	GCA_005347505.1	58.889	98.9	6.1e-63	180	ok
smbu06GL001084	GCA_009730155.1	58.989	98.3	5.18e-60	178	ok
smbu06GL001084	GCA_013391145.1	70.225	98.9	5.55e-81	178	ok
smbu06GL001084	GCA_013391165.1	70.225	98.9	5.55e-81	178	ok
smbu06GL001084	GCA_013391185.1	70.225	98.9	5.55e-81	178	ok
smbu06GL001084	GCA_013391205.1	70.225	98.9	5.55e-81	178	ok
smbu06GL001084	GCA_013394325.1	58.333	98.9	1.21e-62	180	ok
smbu06GL001084	GCA_015767715.1	100.000	100.0	1.15e-118	180	ok
smbu06GL001084	GCA_016127235.1	70.225	98.9	5.55e-81	178	ok
smbu06GL001084	GCA_019203145.1	100.000	100.0	1.15e-118	180	ok
smbu06GL001084	GCA_019343125.1	100.000	100.0	1.15e-118	180	ok
smbu06GL001084	GCA_019797905.1	57.222	98.9	1.18e-60	180	ok
smbu06GL001084	GCA_019967715.1	100.000	100.0	1.15e-118	180	ok
smbu06GL001084	GCA_022870765.1	58.333	99.4	5.94e-60	180	ok
smbu06GL001084	GCA_023523715.1	58.333	99.4	6.35e-60	180	ok
smbu06GL001084	GCA_023612275.1	98.333	100.0	1.01e-116	180	ok
smbu06GL001084	GCA_025402795.1	57.222	98.9	1.18e-60	180	ok
smbu06GL001084	GCA_025402855.1	57.222	98.9	1.18e-60	180	ok
smbu06GL001084	GCA_029201225.1	58.333	99.4	5.94e-60	180	ok
smbu06GL001084	GCA_029215545.1	58.333	99.4	5.94e-60	180	ok
smbu06GL001084	GCA_030490365.1	100.000	100.0	1.15e-118	180	ok
smbu06GL001084	GCA_033954875.1	100.000	100.0	1.15e-118	180	ok
smbu06GL001084	GCA_033954895.1	98.333	100.0	1.01e-116	180	ok
smbu06GL001084	GCA_033954915.1	98.333	100.0	1.01e-116	180	ok
smbu06GL001084	GCA_036669985.1	98.333	100.0	1.01e-116	180	ok
smbu06GL001084	GCA_040745045.1	100.000	100.0	1.15e-118	180	ok
smbu06GL001084	GCA_041930275.1	58.989	98.3	5.18e-60	178	ok
smbu06GL001084	GCA_041952535.1	58.989	98.3	5.18e-60	178	ok
smbu06GL001084	GCA_043950735.1	70.225	98.9	5.55e-81	178	ok
smbu06GL001084	GCA_043950745.1	70.225	98.9	5.55e-81	178	ok
smbu06GL001084	GCA_045039055.1	59.218	98.3	3.23e-60	178	ok
smbu06GL001084	GCA_049315065.1	100.000	100.0	1.15e-118	180	ok
smbu06GL001084	GCA_049315075.1	67.778	100.0	9.1e-81	180	ok
smbu06GL001084	GCA_049315085.1	67.778	100.0	9.1e-81	180	ok
smbu06GL001084	GCA_049315095.1	67.778	100.0	9.1e-81	180	ok
smbu06GL001084	GCA_049315105.1	67.778	100.0	9.1e-81	180	ok
smbu06GL001084	GCA_049315115.1	100.000	100.0	1.15e-118	180	ok
smbu06GL001084	GCA_049315125.1	100.000	100.0	1.15e-118	180	ok
smbu06GL001084	GCA_049315135.1	67.778	100.0	9.1e-81	180	ok
smbu06GL001084	GCA_049315145.1	100.000	100.0	1.15e-118	180	ok
smbu06GL001084	GCA_049315155.1	67.778	100.0	9.1e-81	180	ok
smbu06GL001084	GCA_049315165.1	100.000	100.0	1.15e-118	180	ok
smbu06GL001084	GCA_049315175.1	100.000	100.0	1.15e-118	180	ok
smbu06GL001084	GCA_052655065.1	100.000	100.0	1.15e-118	180	ok
smbu06GL001084	GCA_052655335.1	100.000	100.0	1.15e-118	180	ok
smbu06GL001084	GCA_052655665.1	98.889	100.0	3.44e-117	180	ok
smbu06GL001084	GCA_052656575.1	100.000	100.0	1.15e-118	180	ok
smbu06GL001084	GCA_052657825.1	100.000	100.0	1.15e-118	180	ok
smbu06GL001084	GCA_052658005.1	100.000	100.0	1.15e-118	180	ok
smbu06GL001084	GCA_053764515.1	67.778	100.0	1.38e-79	180	ok
smbu06GL001084	GCA_055397705.1	98.333	100.0	1.01e-116	180	ok
smbu06GL001084	GCA_055397995.1	70.225	98.9	5.55e-81	178	ok
smbu06GL001084	GCA_056487485.1	68.333	100.0	9.56e-80	180	ok
smbu06GL001084	GCA_056582645.1	100.000	100.0	1.15e-118	180	ok
smbu06GL001084	GCA_058072705.1	98.333	100.0	1.01e-116	180	ok
smbu06GL001084	GCA_060306215.1	100.000	100.0	1.15e-118	180	ok
smbu06GL001084	GCA_060307205.1	70.225	98.9	5.55e-81	178	ok
smbu06GL001084	GCA_060307225.1	100.000	100.0	1.15e-118	180	ok
smbu06GL001084	GCA_061568495.1	100.000	100.0	1.15e-118	180	ok
smbu06GL001084	GCA_900636615.1	70.225	98.9	5.55e-81	178	ok
smbu06GL001084	GCA_905186115.1	70.225	98.9	1.15e-80	178	ok
smbu06GL001084	GCA_931972305.1	67.222	100.0	5.2e-79	180	ok
smbu06GL001084	GCA_963280925.1	70.225	98.9	5.55e-81	178	ok
smbu06GL001084	GCA_988227945.1	100.000	100.0	1.15e-118	180	ok
smbu06GL001084	GCA_988227985.1	100.000	100.0	1.15e-118	180	ok
smbu06GL001084	GCA_988228025.1	100.000	100.0	1.15e-118	180	ok
smbu06GL001084	GCA_988235375.1	66.667	100.0	4.02e-76	180	ok
smbu06GL001084	GCA_988236725.1	66.667	100.0	4.02e-76	180	ok
smbu06GL001084	GCA_988237225.1	100.000	100.0	1.15e-118	180	ok
smbu06GL001084	GCF_001298485.1	96.111	100.0	1.05e-115	180	ok
smbu06GL001084	GCF_001412695.1	96.111	100.0	1.05e-115	180	ok
smbu06GL001084	GCF_001598635.1	54.444	100.0	3.2e-55	180	ok
smbu06GL001084	GCF_001689055.2	54.444	100.0	5.95e-55	180	ok
smbu06GL001084	GCF_002208945.1	54.444	100.0	5.95e-55	180	ok
smbu06GL001084	GCF_002216705.1	66.111	100.0	1.81e-77	180	ok
smbu06GL001084	GCF_002278015.2	70.225	98.9	5.55e-81	178	ok
smbu06GL001084	GCF_002289045.2	54.444	100.0	5.95e-55	180	ok
smbu06GL001084	GCF_002290025.1	66.667	100.0	4.02e-76	180	ok
smbu06GL001084	GCF_002355755.1	54.444	100.0	5.95e-55	180	ok
smbu06GL001084	GCF_002761555.1	96.111	100.0	1.05e-115	180	ok
smbu06GL001084	GCF_002831505.1	95.556	100.0	1.36e-115	180	ok
smbu06GL001084	GCF_002850515.1	95.000	100.0	5.76e-115	180	ok
smbu06GL001084	GCF_002983785.1	95.000	100.0	5.76e-115	180	ok
smbu06GL001084	GCF_003269465.1	98.889	100.0	3.44e-117	180	ok
smbu06GL001084	GCF_003667965.1	98.333	100.0	1.01e-116	180	ok
smbu06GL001084	GCF_003711125.1	58.889	98.9	6.1e-63	180	ok
smbu06GL001084	GCF_003711605.1	100.000	100.0	1.15e-118	180	ok
smbu06GL001084	GCF_003812665.1	54.444	100.0	5.95e-55	180	ok
smbu06GL001084	GCF_004332055.1	96.111	100.0	1.05e-115	180	ok
smbu06GL001084	GCF_005484525.1	54.444	100.0	5.95e-55	180	ok
smbu06GL001084	GCF_006337145.1	100.000	100.0	1.15e-118	180	ok
smbu06GL001084	GCF_006351785.1	96.111	100.0	1.05e-115	180	ok
smbu06GL001084	GCF_006351845.1	96.111	100.0	1.05e-115	180	ok
smbu06GL001084	GCF_006364815.1	54.444	100.0	5.72e-55	180	ok
smbu06GL001084	GCF_006494835.1	54.444	100.0	5.95e-55	180	ok
smbu06GL001084	GCF_006494855.1	54.444	100.0	5.95e-55	180	ok
smbu06GL001084	GCF_006494875.1	54.444	100.0	5.95e-55	180	ok
smbu06GL001084	GCF_006766145.1	54.444	100.0	5.95e-55	180	ok
smbu06GL001084	GCF_007923665.2	96.111	100.0	1.05e-115	180	ok
smbu06GL001084	GCF_007923785.2	95.556	100.0	1.36e-115	180	ok
smbu06GL001084	GCF_007923865.2	96.111	100.0	1.05e-115	180	ok
smbu06GL001084	GCF_007923885.2	96.111	100.0	1.05e-115	180	ok
smbu06GL001084	GCF_007923905.2	95.556	100.0	1.36e-115	180	ok
smbu06GL001084	GCF_007923925.2	96.111	100.0	1.05e-115	180	ok
smbu06GL001084	GCF_007923945.2	96.111	100.0	1.05e-115	180	ok
smbu06GL001084	GCF_007923965.2	96.111	100.0	1.05e-115	180	ok
smbu06GL001084	GCF_008330605.1	100.000	100.0	1.15e-118	180	ok
smbu06GL001084	GCF_009730155.1	58.989	98.3	5.18e-60	178	ok
smbu06GL001084	GCF_009734005.1	96.111	100.0	1.05e-115	180	ok
smbu06GL001084	GCF_009938075.1	96.111	100.0	1.05e-115	180	ok
smbu06GL001084	GCF_010103655.1	54.444	100.0	5.72e-55	180	ok
smbu06GL001084	GCF_010120755.1	96.111	100.0	1.05e-115	180	ok
smbu06GL001084	GCF_011745645.1	100.000	100.0	1.15e-118	180	ok
smbu06GL001084	GCF_012045365.1	98.889	100.0	3.44e-117	180	ok
smbu06GL001084	GCF_012045505.1	98.889	100.0	3.44e-117	180	ok
smbu06GL001084	GCF_012594215.1	54.444	100.0	5.72e-55	180	ok
smbu06GL001084	GCF_013201055.1	100.000	100.0	1.15e-118	180	ok
smbu06GL001084	GCF_013344625.1	54.444	100.0	5.95e-55	180	ok
smbu06GL001084	GCF_013344645.1	54.444	100.0	5.95e-55	180	ok
smbu06GL001084	GCF_013344665.1	54.444	100.0	5.95e-55	180	ok
smbu06GL001084	GCF_013391145.1	70.225	98.9	5.55e-81	178	ok
smbu06GL001084	GCF_013391165.1	70.225	98.9	5.55e-81	178	ok
smbu06GL001084	GCF_013391185.1	70.225	98.9	5.55e-81	178	ok
smbu06GL001084	GCF_013391205.1	70.225	98.9	5.55e-81	178	ok
smbu06GL001084	GCF_013394325.1	58.333	98.9	1.21e-62	180	ok
smbu06GL001084	GCF_015377765.1	98.333	100.0	1.01e-116	180	ok
smbu06GL001084	GCF_015767695.1	96.111	100.0	1.05e-115	180	ok
smbu06GL001084	GCF_015767715.1	100.000	100.0	1.15e-118	180	ok
smbu06GL001084	GCF_016127235.1	70.225	98.9	5.55e-81	178	ok
smbu06GL001084	GCF_017280035.1	54.444	100.0	3.2e-55	180	ok
smbu06GL001084	GCF_017357805.1	53.889	100.0	3.74e-54	180	ok
smbu06GL001084	GCF_018516845.1	95.556	100.0	1.01e-114	180	ok
smbu06GL001084	GCF_019203145.1	100.000	100.0	1.15e-118	180	ok
smbu06GL001084	GCF_019343125.1	100.000	100.0	1.15e-118	180	ok
smbu06GL001084	GCF_019456555.1	96.111	100.0	1.05e-115	180	ok
smbu06GL001084	GCF_019456575.1	96.111	100.0	1.05e-115	180	ok
smbu06GL001084	GCF_019456595.1	96.111	100.0	1.05e-115	180	ok
smbu06GL001084	GCF_019797905.1	57.222	98.9	1.18e-60	180	ok
smbu06GL001084	GCF_019967715.1	100.000	100.0	1.15e-118	180	ok
smbu06GL001084	GCF_020881975.1	54.444	100.0	3.2e-55	180	ok
smbu06GL001084	GCF_020906605.1	53.333	100.0	1.03e-53	180	ok
smbu06GL001084	GCF_022869705.1	54.444	100.0	3.2e-55	180	ok
smbu06GL001084	GCF_023299785.1	54.444	100.0	5.95e-55	180	ok
smbu06GL001084	GCF_023375505.1	54.444	100.0	5.95e-55	180	ok
smbu06GL001084	GCF_023612035.1	54.444	100.0	5.72e-55	180	ok
smbu06GL001084	GCF_023612275.1	98.333	100.0	1.01e-116	180	ok
smbu06GL001084	GCF_024267595.1	54.444	100.0	5.95e-55	180	ok
smbu06GL001084	GCF_025957845.1	53.889	100.0	1.99e-54	180	ok
smbu06GL001084	GCF_025957925.1	53.889	100.0	1.99e-54	180	ok
smbu06GL001084	GCF_025958025.1	54.444	100.0	5.72e-55	180	ok
smbu06GL001084	GCF_025958065.1	54.444	100.0	5.95e-55	180	ok
smbu06GL001084	GCF_025958085.1	54.444	100.0	5.95e-55	180	ok
smbu06GL001084	GCF_025958625.1	54.444	100.0	5.95e-55	180	ok
smbu06GL001084	GCF_025958845.1	54.444	100.0	5.95e-55	180	ok
smbu06GL001084	GCF_025958885.1	54.444	100.0	5.72e-55	180	ok
smbu06GL001084	GCF_026650885.1	54.444	100.0	5.95e-55	180	ok
smbu06GL001084	GCF_027915235.1	100.000	100.0	1.15e-118	180	ok
smbu06GL001084	GCF_030490365.1	100.000	100.0	1.15e-118	180	ok
smbu06GL001084	GCF_030584585.1	95.556	100.0	1.36e-115	180	ok
smbu06GL001084	GCF_030584605.1	95.556	100.0	1.36e-115	180	ok
smbu06GL001084	GCF_030584685.1	95.556	100.0	1.36e-115	180	ok
smbu06GL001084	GCF_030643745.1	100.000	100.0	1.15e-118	180	ok
smbu06GL001084	GCF_033954875.1	100.000	100.0	1.15e-118	180	ok
smbu06GL001084	GCF_033954895.1	98.333	100.0	1.01e-116	180	ok
smbu06GL001084	GCF_033954915.1	98.333	100.0	1.01e-116	180	ok
smbu06GL001084	GCF_036669985.1	98.333	100.0	1.01e-116	180	ok
smbu06GL001084	GCF_040745045.1	100.000	100.0	1.15e-118	180	ok
smbu06GL001084	GCF_043950735.1	70.225	98.9	5.55e-81	178	ok
smbu06GL001084	GCF_049315065.1	100.000	100.0	1.15e-118	180	ok
smbu06GL001084	GCF_049315075.1	67.778	100.0	9.1e-81	180	ok
smbu06GL001084	GCF_049315085.1	67.778	100.0	9.1e-81	180	ok
smbu06GL001084	GCF_049315095.1	67.778	100.0	9.1e-81	180	ok
smbu06GL001084	GCF_049315105.1	67.778	100.0	9.1e-81	180	ok
smbu06GL001084	GCF_049315115.1	100.000	100.0	1.15e-118	180	ok
smbu06GL001084	GCF_049315125.1	100.000	100.0	1.15e-118	180	ok
smbu06GL001084	GCF_049315135.1	67.778	100.0	9.1e-81	180	ok
smbu06GL001084	GCF_049315145.1	100.000	100.0	1.15e-118	180	ok
smbu06GL001084	GCF_049315155.1	67.778	100.0	9.1e-81	180	ok
smbu06GL001084	GCF_049315165.1	100.000	100.0	1.15e-118	180	ok
smbu06GL001084	GCF_049315175.1	100.000	100.0	1.15e-118	180	ok
smbu06GL001084	GCF_052655065.1	100.000	100.0	1.15e-118	180	ok
smbu06GL001084	GCF_052655335.1	100.000	100.0	1.15e-118	180	ok
smbu06GL001084	GCF_052655665.1	98.889	100.0	3.44e-117	180	ok
smbu06GL001084	GCF_052656575.1	100.000	100.0	1.15e-118	180	ok
smbu06GL001084	GCF_052657825.1	100.000	100.0	1.15e-118	180	ok
smbu06GL001084	GCF_052658005.1	100.000	100.0	1.15e-118	180	ok
smbu06GL001084	GCF_053764515.1	67.778	100.0	1.38e-79	180	ok
smbu06GL001084	GCF_056487465.1	69.444	100.0	1.43e-80	180	ok
smbu06GL001084	GCF_056582645.1	100.000	100.0	1.15e-118	180	ok
smbu06GL001084	GCF_931972305.1	67.222	100.0	5.2e-79	180	ok
smbu06GL001084	GCF_988227945.1	100.000	100.0	1.15e-118	180	ok
smbu06GL001084	GCF_988227985.1	100.000	100.0	1.15e-118	180	ok
smbu06GL001084	GCF_988228025.1	100.000	100.0	1.15e-118	180	ok
smbu06GL001084	L_lactis_14B4	40.876	75.0	4.44e-21	136	ok
smbu06GL001084	L_lactis_IL1403	42.254	77.2	5.09e-22	140	ok
smbu06GL001084	L_lactis_MG1363	39.007	77.2	1.62e-22	140	ok
smbu06GL001084	smbu06_project	100.000	100.0	1.15e-118	180	ok
smbu06GL001084	smbu08_project	100.000	100.0	1.15e-118	180	ok
smbu06GL001085	E_lactis_194	99.351	100.0	1.57e-101	154	ok
smbu06GL001085	GCA_000006865.1	46.218	77.3	1.72e-24	8	rejected
smbu06GL001085	GCA_000157355.2	37.681	87.0	1.47e-27	54	ok
smbu06GL001085	GCA_000344575.1	46.218	77.3	3.1e-24	8	rejected
smbu06GL001085	GCA_000761115.1	45.378	77.3	2.51e-23	11	rejected
smbu06GL001085	GCA_000807375.1	46.218	77.3	3.1e-24	8	rejected
smbu06GL001085	GCA_002216705.1	55.484	100.0	4.59e-52	155	ok
smbu06GL001085	GCA_002278015.2	65.161	100.0	3.18e-59	155	ok
smbu06GL001085	GCA_002290025.1	65.161	100.0	5.89e-61	155	ok
smbu06GL001085	GCA_002804185.1	46.218	77.3	3.1e-24	8	rejected
smbu06GL001085	GCA_002804285.1	46.218	77.3	3.1e-24	8	rejected
smbu06GL001085	GCA_002813755.1	56.129	100.0	6.88e-53	155	ok
smbu06GL001085	GCA_002895225.1	46.218	77.3	3.1e-24	8	rejected
smbu06GL001085	GCA_003711125.1	44.928	88.3	1.73e-29	133	ok
smbu06GL001085	GCA_003722255.1	46.218	77.3	1.07e-24	8	rejected
smbu06GL001085	GCA_005347505.1	44.928	88.3	1.73e-29	133	ok
smbu06GL001085	GCA_009730155.1	39.716	90.9	1.2e-25	18	rejected
smbu06GL001085	GCA_013391145.1	65.161	100.0	3.18e-59	155	ok
smbu06GL001085	GCA_013391165.1	65.161	100.0	3.47e-59	155	ok
smbu06GL001085	GCA_013391185.1	65.161	100.0	3.18e-59	155	ok
smbu06GL001085	GCA_013391205.1	65.161	100.0	3.47e-59	155	ok
smbu06GL001085	GCA_013394325.1	42.336	88.3	1.38e-30	133	ok
smbu06GL001085	GCA_015767715.1	99.351	100.0	1.57e-101	154	ok
smbu06GL001085	GCA_016127235.1	65.161	100.0	3.18e-59	155	ok
smbu06GL001085	GCA_019203145.1	99.351	100.0	1.57e-101	154	ok
smbu06GL001085	GCA_019343125.1	99.351	100.0	1.57e-101	154	ok
smbu06GL001085	GCA_019797905.1	45.255	88.3	5.01e-31	133	ok
smbu06GL001085	GCA_019967715.1	99.351	100.0	1.57e-101	154	ok
smbu06GL001085	GCA_022870765.1	37.681	87.0	4.79e-27	54	ok
smbu06GL001085	GCA_023523715.1	37.681	87.0	1.36e-27	54	ok
smbu06GL001085	GCA_023612275.1	98.701	100.0	6.65e-101	154	ok
smbu06GL001085	GCA_025402795.1	44.526	88.3	1.83e-31	133	ok
smbu06GL001085	GCA_025402855.1	44.526	88.3	1.83e-31	133	ok
smbu06GL001085	GCA_029201225.1	37.681	87.0	4.79e-27	54	ok
smbu06GL001085	GCA_029215545.1	37.681	87.0	1.47e-27	54	ok
smbu06GL001085	GCA_030490365.1	99.351	100.0	1.57e-101	154	ok
smbu06GL001085	GCA_033954875.1	99.351	100.0	1.57e-101	154	ok
smbu06GL001085	GCA_033954895.1	98.701	100.0	6.65e-101	154	ok
smbu06GL001085	GCA_033954915.1	98.701	100.0	6.65e-101	154	ok
smbu06GL001085	GCA_036669985.1	98.701	100.0	6.65e-101	154	ok
smbu06GL001085	GCA_040745045.1	99.338	98.1	7.42e-99	151	ok
smbu06GL001085	GCA_041930275.1	39.716	90.9	1.2e-25	18	rejected
smbu06GL001085	GCA_041952535.1	39.716	90.9	1.2e-25	18	rejected
smbu06GL001085	GCA_043950735.1	65.161	100.0	3.18e-59	155	ok
smbu06GL001085	GCA_043950745.1	65.161	100.0	3.18e-59	155	ok
smbu06GL001085	GCA_045039055.1	39.716	90.9	1.2e-25	18	rejected
smbu06GL001085	GCA_049315065.1	99.351	100.0	1.57e-101	154	ok
smbu06GL001085	GCA_049315075.1	66.452	100.0	5.68e-60	155	ok
smbu06GL001085	GCA_049315085.1	66.452	100.0	5.68e-60	155	ok
smbu06GL001085	GCA_049315095.1	66.452	100.0	5.68e-60	155	ok
smbu06GL001085	GCA_049315105.1	66.452	100.0	5.68e-60	155	ok
smbu06GL001085	GCA_049315115.1	99.351	100.0	1.57e-101	154	ok
smbu06GL001085	GCA_049315125.1	99.351	100.0	1.57e-101	154	ok
smbu06GL001085	GCA_049315135.1	66.452	100.0	4.46e-60	155	ok
smbu06GL001085	GCA_049315145.1	99.351	100.0	1.57e-101	154	ok
smbu06GL001085	GCA_049315155.1	66.452	100.0	5.68e-60	155	ok
smbu06GL001085	GCA_049315165.1	99.351	100.0	1.57e-101	154	ok
smbu06GL001085	GCA_049315175.1	99.351	100.0	1.57e-101	154	ok
smbu06GL001085	GCA_052655065.1	99.351	100.0	1.57e-101	154	ok
smbu06GL001085	GCA_052655335.1	99.351	100.0	1.57e-101	154	ok
smbu06GL001085	GCA_052655665.1	99.351	100.0	1.57e-101	154	ok
smbu06GL001085	GCA_052656575.1	99.351	100.0	1.57e-101	154	ok
smbu06GL001085	GCA_052657825.1	99.351	100.0	1.57e-101	154	ok
smbu06GL001085	GCA_052658005.1	99.351	100.0	1.57e-101	154	ok
smbu06GL001085	GCA_053764515.1	56.774	100.0	7.71e-54	155	ok
smbu06GL001085	GCA_055397705.1	98.701	100.0	6.65e-101	154	ok
smbu06GL001085	GCA_055397995.1	65.161	100.0	9.89e-59	155	ok
smbu06GL001085	GCA_056487485.1	51.546	63.0	1.28e-40	97	ok
smbu06GL001085	GCA_056582645.1	99.351	100.0	1.57e-101	154	ok
smbu06GL001085	GCA_058072705.1	98.701	100.0	6.65e-101	154	ok
smbu06GL001085	GCA_060306215.1	99.351	100.0	1.57e-101	154	ok
smbu06GL001085	GCA_060307205.1	65.161	100.0	3.18e-59	155	ok
smbu06GL001085	GCA_060307225.1	99.351	100.0	1.57e-101	154	ok
smbu06GL001085	GCA_061568495.1	99.351	100.0	1.57e-101	154	ok
smbu06GL001085	GCA_900636615.1	65.161	100.0	3.47e-59	155	ok
smbu06GL001085	GCA_905186115.1	60.265	97.4	2.25e-51	151	ok
smbu06GL001085	GCA_931972305.1	56.129	100.0	1.11e-52	155	ok
smbu06GL001085	GCA_963280925.1	65.161	100.0	2.84e-59	155	ok
smbu06GL001085	GCA_988227945.1	99.351	100.0	1.57e-101	154	ok
smbu06GL001085	GCA_988227985.1	99.351	100.0	1.57e-101	154	ok
smbu06GL001085	GCA_988228025.1	99.351	100.0	1.57e-101	154	ok
smbu06GL001085	GCA_988235375.1	65.161	100.0	5.45e-61	155	ok
smbu06GL001085	GCA_988236725.1	65.161	100.0	5.45e-61	155	ok
smbu06GL001085	GCA_988237225.1	99.351	100.0	1.57e-101	154	ok
smbu06GL001085	GCF_001298485.1	93.506	100.0	3.71e-96	154	ok
smbu06GL001085	GCF_001412695.1	93.506	100.0	3.71e-96	154	ok
smbu06GL001085	GCF_001598635.1	39.869	98.1	1.14e-30	152	ok
smbu06GL001085	GCF_001689055.2	39.869	98.1	1.14e-30	152	ok
smbu06GL001085	GCF_002208945.1	39.216	98.1	4.78e-30	152	ok
smbu06GL001085	GCF_002216705.1	55.484	100.0	4.59e-52	155	ok
smbu06GL001085	GCF_002278015.2	65.161	100.0	3.18e-59	155	ok
smbu06GL001085	GCF_002289045.2	39.869	98.1	1.14e-30	152	ok
smbu06GL001085	GCF_002290025.1	65.161	100.0	5.89e-61	155	ok
smbu06GL001085	GCF_002355755.1	39.869	98.1	1.14e-30	152	ok
smbu06GL001085	GCF_002761555.1	93.506	100.0	3.71e-96	154	ok
smbu06GL001085	GCF_002831505.1	92.857	100.0	1.36e-95	154	ok
smbu06GL001085	GCF_002850515.1	92.857	100.0	1.36e-95	154	ok
smbu06GL001085	GCF_002983785.1	92.857	100.0	1.36e-95	154	ok
smbu06GL001085	GCF_003269465.1	99.351	100.0	1.57e-101	154	ok
smbu06GL001085	GCF_003667965.1	98.701	100.0	6.65e-101	154	ok
smbu06GL001085	GCF_003711125.1	44.928	88.3	1.73e-29	133	ok
smbu06GL001085	GCF_003711605.1	99.351	100.0	1.57e-101	154	ok
smbu06GL001085	GCF_003812665.1	39.869	98.1	1.14e-30	152	ok
smbu06GL001085	GCF_004332055.1	93.506	100.0	3.71e-96	154	ok
smbu06GL001085	GCF_005484525.1	39.869	98.1	1.14e-30	152	ok
smbu06GL001085	GCF_006337145.1	99.351	100.0	1.57e-101	154	ok
smbu06GL001085	GCF_006351785.1	93.506	100.0	2.6e-96	154	ok
smbu06GL001085	GCF_006351845.1	93.506	100.0	3.71e-96	154	ok
smbu06GL001085	GCF_006364815.1	39.216	98.1	4.78e-30	152	ok
smbu06GL001085	GCF_006494835.1	39.610	98.7	3.09e-30	153	ok
smbu06GL001085	GCF_006494855.1	39.610	98.7	3.09e-30	153	ok
smbu06GL001085	GCF_006494875.1	39.610	98.7	3.09e-30	153	ok
smbu06GL001085	GCF_006766145.1	39.869	98.1	1.14e-30	152	ok
smbu06GL001085	GCF_007923665.2	93.506	100.0	3.71e-96	154	ok
smbu06GL001085	GCF_007923785.2	92.857	100.0	1.36e-95	154	ok
smbu06GL001085	GCF_007923865.2	93.506	100.0	3.71e-96	154	ok
smbu06GL001085	GCF_007923885.2	93.506	100.0	3.71e-96	154	ok
smbu06GL001085	GCF_007923905.2	92.857	100.0	1.36e-95	154	ok
smbu06GL001085	GCF_007923925.2	93.506	100.0	3.71e-96	154	ok
smbu06GL001085	GCF_007923945.2	93.506	100.0	3.71e-96	154	ok
smbu06GL001085	GCF_007923965.2	93.506	100.0	3.71e-96	154	ok
smbu06GL001085	GCF_008330605.1	99.351	100.0	1.57e-101	154	ok
smbu06GL001085	GCF_009730155.1	39.716	90.9	1.2e-25	18	rejected
smbu06GL001085	GCF_009734005.1	93.506	100.0	3.71e-96	154	ok
smbu06GL001085	GCF_009938075.1	93.506	100.0	3.71e-96	154	ok
smbu06GL001085	GCF_010103655.1	39.869	98.1	1.14e-30	152	ok
smbu06GL001085	GCF_010120755.1	93.506	100.0	3.71e-96	154	ok
smbu06GL001085	GCF_011745645.1	99.351	100.0	1.57e-101	154	ok
smbu06GL001085	GCF_012045365.1	99.351	100.0	1.57e-101	154	ok
smbu06GL001085	GCF_012045505.1	99.351	100.0	1.57e-101	154	ok
smbu06GL001085	GCF_012594215.1	39.869	98.1	1.14e-30	152	ok
smbu06GL001085	GCF_013201055.1	99.351	100.0	1.57e-101	154	ok
smbu06GL001085	GCF_013344625.1	39.216	98.1	4.78e-30	152	ok
smbu06GL001085	GCF_013344645.1	39.216	98.1	4.78e-30	152	ok
smbu06GL001085	GCF_013344665.1	39.610	98.7	3.09e-30	153	ok
smbu06GL001085	GCF_013391145.1	65.161	100.0	3.18e-59	155	ok
smbu06GL001085	GCF_013391165.1	65.161	100.0	3.47e-59	155	ok
smbu06GL001085	GCF_013391185.1	65.161	100.0	3.18e-59	155	ok
smbu06GL001085	GCF_013391205.1	65.161	100.0	3.47e-59	155	ok
smbu06GL001085	GCF_013394325.1	42.336	88.3	1.38e-30	133	ok
smbu06GL001085	GCF_015377765.1	98.701	100.0	6.65e-101	154	ok
smbu06GL001085	GCF_015767695.1	93.506	100.0	3.71e-96	154	ok
smbu06GL001085	GCF_015767715.1	99.351	100.0	1.57e-101	154	ok
smbu06GL001085	GCF_016127235.1	65.161	100.0	3.18e-59	155	ok
smbu06GL001085	GCF_017280035.1	39.869	98.1	1.65e-30	152	ok
smbu06GL001085	GCF_017357805.1	39.610	98.7	3.09e-30	153	ok
smbu06GL001085	GCF_018516845.1	93.506	100.0	3.71e-96	154	ok
smbu06GL001085	GCF_019203145.1	99.351	100.0	1.57e-101	154	ok
smbu06GL001085	GCF_019343125.1	99.351	100.0	1.57e-101	154	ok
smbu06GL001085	GCF_019456555.1	93.506	100.0	3.71e-96	154	ok
smbu06GL001085	GCF_019456575.1	93.506	100.0	3.71e-96	154	ok
smbu06GL001085	GCF_019456595.1	93.506	100.0	3.71e-96	154	ok
smbu06GL001085	GCF_019797905.1	45.255	88.3	5.01e-31	133	ok
smbu06GL001085	GCF_019967715.1	99.351	100.0	1.57e-101	154	ok
smbu06GL001085	GCF_020881975.1	39.869	98.1	1.14e-30	152	ok
smbu06GL001085	GCF_020906605.1	39.869	98.1	1.14e-30	152	ok
smbu06GL001085	GCF_022869705.1	39.869	98.1	1.14e-30	152	ok
smbu06GL001085	GCF_023299785.1	39.869	98.1	1.14e-30	152	ok
smbu06GL001085	GCF_023375505.1	39.869	98.1	1.14e-30	152	ok
smbu06GL001085	GCF_023612035.1	39.869	98.1	1.14e-30	152	ok
smbu06GL001085	GCF_023612275.1	98.701	100.0	6.65e-101	154	ok
smbu06GL001085	GCF_024267595.1	39.216	98.1	4.78e-30	152	ok
smbu06GL001085	GCF_025957845.1	39.869	98.1	8.45e-31	152	ok
smbu06GL001085	GCF_025957925.1	39.869	98.1	8.45e-31	152	ok
smbu06GL001085	GCF_025958025.1	39.216	98.1	4.78e-30	152	ok
smbu06GL001085	GCF_025958065.1	39.869	98.1	1.14e-30	152	ok
smbu06GL001085	GCF_025958085.1	39.869	98.1	1.14e-30	152	ok
smbu06GL001085	GCF_025958625.1	39.610	98.7	3.09e-30	153	ok
smbu06GL001085	GCF_025958845.1	39.216	98.1	4.78e-30	152	ok
smbu06GL001085	GCF_025958885.1	39.869	98.1	1.14e-30	152	ok
smbu06GL001085	GCF_026650885.1	39.216	98.1	4.78e-30	152	ok
smbu06GL001085	GCF_027915235.1	99.351	100.0	1.57e-101	154	ok
smbu06GL001085	GCF_030490365.1	99.351	100.0	1.57e-101	154	ok
smbu06GL001085	GCF_030584585.1	92.857	100.0	1.36e-95	154	ok
smbu06GL001085	GCF_030584605.1	92.857	100.0	1.36e-95	154	ok
smbu06GL001085	GCF_030584685.1	92.857	100.0	1.36e-95	154	ok
smbu06GL001085	GCF_030643745.1	99.351	100.0	1.57e-101	154	ok
smbu06GL001085	GCF_033954875.1	99.351	100.0	1.57e-101	154	ok
smbu06GL001085	GCF_033954895.1	98.701	100.0	6.65e-101	154	ok
smbu06GL001085	GCF_033954915.1	98.701	100.0	6.65e-101	154	ok
smbu06GL001085	GCF_036669985.1	98.701	100.0	6.65e-101	154	ok
smbu06GL001085	GCF_040745045.1	99.338	98.1	7.42e-99	151	ok
smbu06GL001085	GCF_043950735.1	65.161	100.0	3.18e-59	155	ok
smbu06GL001085	GCF_049315065.1	99.351	100.0	1.57e-101	154	ok
smbu06GL001085	GCF_049315075.1	66.452	100.0	5.68e-60	155	ok
smbu06GL001085	GCF_049315085.1	66.452	100.0	5.68e-60	155	ok
smbu06GL001085	GCF_049315095.1	66.452	100.0	5.68e-60	155	ok
smbu06GL001085	GCF_049315105.1	66.452	100.0	5.68e-60	155	ok
smbu06GL001085	GCF_049315115.1	99.351	100.0	1.57e-101	154	ok
smbu06GL001085	GCF_049315125.1	99.351	100.0	1.57e-101	154	ok
smbu06GL001085	GCF_049315135.1	66.452	100.0	4.46e-60	155	ok
smbu06GL001085	GCF_049315145.1	99.351	100.0	1.57e-101	154	ok
smbu06GL001085	GCF_049315155.1	66.452	100.0	5.68e-60	155	ok
smbu06GL001085	GCF_049315165.1	99.351	100.0	1.57e-101	154	ok
smbu06GL001085	GCF_049315175.1	99.351	100.0	1.57e-101	154	ok
smbu06GL001085	GCF_052655065.1	99.351	100.0	1.57e-101	154	ok
smbu06GL001085	GCF_052655335.1	99.351	100.0	1.57e-101	154	ok
smbu06GL001085	GCF_052655665.1	99.351	100.0	1.57e-101	154	ok
smbu06GL001085	GCF_052656575.1	99.351	100.0	1.57e-101	154	ok
smbu06GL001085	GCF_052657825.1	99.351	100.0	1.57e-101	154	ok
smbu06GL001085	GCF_052658005.1	99.351	100.0	1.57e-101	154	ok
smbu06GL001085	GCF_053764515.1	56.774	100.0	7.71e-54	155	ok
smbu06GL001085	GCF_056487465.1	56.129	100.0	6.88e-53	155	ok
smbu06GL001085	GCF_056582645.1	99.351	100.0	1.57e-101	154	ok
smbu06GL001085	GCF_931972305.1	56.129	100.0	1.11e-52	155	ok
smbu06GL001085	GCF_988227945.1	99.351	100.0	1.57e-101	154	ok
smbu06GL001085	GCF_988227985.1	99.351	100.0	1.57e-101	154	ok
smbu06GL001085	GCF_988228025.1	99.351	100.0	1.57e-101	154	ok
smbu06GL001085	L_lactis_14B4	46.218	77.3	3.77e-24	8	rejected
smbu06GL001085	L_lactis_IL1403	46.218	77.3	1.72e-24	8	rejected
smbu06GL001085	L_lactis_MG1363	42.623	78.6	3.59e-22	12	rejected
smbu06GL001085	smbu06_project	99.351	100.0	1.57e-101	154	ok
smbu06GL001085	smbu08_project	99.351	100.0	1.57e-101	154	ok
smbu06GL001096	E_lactis_194	99.667	100.0	0.0	300	ok
smbu06GL001096	GCA_000006865.1	75.099	84.3	5.42e-126	8	rejected
smbu06GL001096	GCA_000157355.2	83.893	98.0	2.28e-162	298	ok
smbu06GL001096	GCA_000344575.1	73.946	87.0	1.96e-126	8	rejected
smbu06GL001096	GCA_000761115.1	73.563	87.0	6.51e-126	8	rejected
smbu06GL001096	GCA_000807375.1	75.099	84.3	5.42e-126	8	rejected
smbu06GL001096	GCA_002216705.1	92.361	96.0	2.36e-176	287	ok
smbu06GL001096	GCA_002278015.2	97.388	89.3	5.67e-174	54	rejected
smbu06GL001096	GCA_002290025.1	91.579	94.7	6.2e-170	27	rejected
smbu06GL001096	GCA_002804185.1	73.946	87.0	1.96e-126	8	rejected
smbu06GL001096	GCA_002804285.1	73.946	87.0	1.96e-126	8	rejected
smbu06GL001096	GCA_002813755.1	97.761	89.3	3.27e-175	48	rejected
smbu06GL001096	GCA_002895225.1	73.946	87.0	1.96e-126	8	rejected
smbu06GL001096	GCA_003711125.1	84.667	99.3	1.55e-167	7	rejected
smbu06GL001096	GCA_003722255.1	75.099	84.3	5.42e-126	8	rejected
smbu06GL001096	GCA_005347505.1	85.000	99.3	7.28e-168	7	rejected
smbu06GL001096	GCA_009730155.1	86.219	93.7	5.28e-161	5	rejected
smbu06GL001096	GCA_013391145.1	97.388	89.3	5.67e-174	54	rejected
smbu06GL001096	GCA_013391165.1	97.388	89.3	5.67e-174	54	rejected
smbu06GL001096	GCA_013391185.1	97.388	89.3	5.67e-174	54	rejected
smbu06GL001096	GCA_013391205.1	97.388	89.3	5.67e-174	54	rejected
smbu06GL001096	GCA_013394325.1	84.459	98.0	2.16e-164	296	ok
smbu06GL001096	GCA_015767715.1	99.667	100.0	0.0	300	ok
smbu06GL001096	GCA_016127235.1	97.388	89.3	5.67e-174	54	rejected
smbu06GL001096	GCA_019203145.1	99.667	100.0	0.0	300	ok
smbu06GL001096	GCA_019343125.1	99.667	100.0	0.0	300	ok
smbu06GL001096	GCA_019797905.1	85.473	98.0	3.19e-166	17	rejected
smbu06GL001096	GCA_019967715.1	99.667	100.0	0.0	300	ok
smbu06GL001096	GCA_022870765.1	86.316	93.7	2.85e-162	25	rejected
smbu06GL001096	GCA_023523715.1	86.316	93.7	2.85e-162	25	rejected
smbu06GL001096	GCA_023612275.1	99.667	100.0	0.0	300	ok
smbu06GL001096	GCA_025402795.1	85.811	98.0	6.47e-167	17	rejected
smbu06GL001096	GCA_025402855.1	85.811	98.0	6.47e-167	17	rejected
smbu06GL001096	GCA_029201225.1	86.316	93.7	2.85e-162	25	rejected
smbu06GL001096	GCA_029215545.1	83.893	98.0	2.28e-162	298	ok
smbu06GL001096	GCA_030490365.1	99.667	100.0	0.0	300	ok
smbu06GL001096	GCA_033954875.1	99.667	100.0	0.0	300	ok
smbu06GL001096	GCA_033954895.1	99.667	100.0	0.0	300	ok
smbu06GL001096	GCA_033954915.1	99.667	100.0	0.0	300	ok
smbu06GL001096	GCA_036669985.1	99.667	100.0	0.0	300	ok
smbu06GL001096	GCA_040745045.1	99.667	100.0	0.0	300	ok
smbu06GL001096	GCA_041930275.1	86.572	93.7	2.05e-161	5	rejected
smbu06GL001096	GCA_041952535.1	86.572	93.7	2.05e-161	5	rejected
smbu06GL001096	GCA_043950735.1	97.388	89.3	5.67e-174	54	rejected
smbu06GL001096	GCA_043950745.1	97.388	89.3	5.67e-174	54	rejected
smbu06GL001096	GCA_045039055.1	86.572	93.7	2.05e-161	5	rejected
smbu06GL001096	GCA_049315065.1	99.667	100.0	0.0	300	ok
smbu06GL001096	GCA_049315075.1	89.583	96.0	1.91e-171	11	rejected
smbu06GL001096	GCA_049315085.1	89.236	96.0	6.52e-171	11	rejected
smbu06GL001096	GCA_049315095.1	89.236	96.0	6.52e-171	11	rejected
smbu06GL001096	GCA_049315105.1	89.583	96.0	1.91e-171	11	rejected
smbu06GL001096	GCA_049315115.1	99.667	100.0	0.0	300	ok
smbu06GL001096	GCA_049315125.1	99.667	100.0	0.0	300	ok
smbu06GL001096	GCA_049315135.1	89.583	96.0	1.91e-171	11	rejected
smbu06GL001096	GCA_049315145.1	99.667	100.0	0.0	300	ok
smbu06GL001096	GCA_049315155.1	89.583	96.0	1.91e-171	11	rejected
smbu06GL001096	GCA_049315165.1	99.667	100.0	0.0	300	ok
smbu06GL001096	GCA_049315175.1	99.667	100.0	0.0	300	ok
smbu06GL001096	GCA_052655065.1	99.667	100.0	0.0	300	ok
smbu06GL001096	GCA_052655335.1	99.667	100.0	0.0	300	ok
smbu06GL001096	GCA_052655665.1	99.667	100.0	0.0	300	ok
smbu06GL001096	GCA_052656575.1	99.667	100.0	0.0	300	ok
smbu06GL001096	GCA_052657825.1	99.667	100.0	0.0	300	ok
smbu06GL001096	GCA_052658005.1	99.667	100.0	0.0	300	ok
smbu06GL001096	GCA_053764515.1	97.761	89.3	3.27e-175	48	rejected
smbu06GL001096	GCA_055397705.1	99.667	100.0	0.0	300	ok
smbu06GL001096	GCA_055397995.1	97.388	89.3	5.67e-174	54	rejected
smbu06GL001096	GCA_056487485.1	97.761	89.3	3.27e-175	48	rejected
smbu06GL001096	GCA_056582645.1	99.667	100.0	0.0	300	ok
smbu06GL001096	GCA_058072705.1	99.667	100.0	0.0	300	ok
smbu06GL001096	GCA_060306215.1	99.667	100.0	0.0	300	ok
smbu06GL001096	GCA_060307205.1	97.388	89.3	5.67e-174	54	rejected
smbu06GL001096	GCA_060307225.1	99.667	100.0	0.0	300	ok
smbu06GL001096	GCA_061568495.1	99.667	100.0	0.0	300	ok
smbu06GL001096	GCA_900636615.1	97.388	89.3	5.67e-174	54	rejected
smbu06GL001096	GCA_905186115.1	93.355	100.0	0.0	301	ok
smbu06GL001096	GCA_931972305.1	97.761	89.3	3.27e-175	48	rejected
smbu06GL001096	GCA_963280925.1	97.388	89.3	5.67e-174	54	rejected
smbu06GL001096	GCA_988227945.1	99.667	100.0	0.0	300	ok
smbu06GL001096	GCA_988227985.1	99.667	100.0	0.0	300	ok
smbu06GL001096	GCA_988228025.1	99.667	100.0	0.0	300	ok
smbu06GL001096	GCA_988235375.1	91.579	94.7	6.2e-170	27	rejected
smbu06GL001096	GCA_988236725.1	91.579	94.7	6.2e-170	27	rejected
smbu06GL001096	GCA_988237225.1	99.667	100.0	0.0	300	ok
smbu06GL001096	GCF_001298485.1	99.333	100.0	0.0	300	ok
smbu06GL001096	GCF_001412695.1	99.333	100.0	0.0	300	ok
smbu06GL001096	GCF_001598635.1	87.368	94.7	3.56e-162	8	rejected
smbu06GL001096	GCF_001689055.2	87.368	94.7	3.56e-162	8	rejected
smbu06GL001096	GCF_002208945.1	87.368	94.7	3.56e-162	8	rejected
smbu06GL001096	GCF_002216705.1	92.361	96.0	2.36e-176	287	ok
smbu06GL001096	GCF_002278015.2	97.388	89.3	5.67e-174	54	rejected
smbu06GL001096	GCF_002289045.2	87.018	94.7	2.48e-161	8	rejected
smbu06GL001096	GCF_002290025.1	91.579	94.7	6.2e-170	27	rejected
smbu06GL001096	GCF_002355755.1	87.368	94.7	3.56e-162	8	rejected
smbu06GL001096	GCF_002761555.1	99.333	100.0	0.0	300	ok
smbu06GL001096	GCF_002831505.1	99.333	100.0	0.0	300	ok
smbu06GL001096	GCF_002850515.1	99.333	100.0	0.0	300	ok
smbu06GL001096	GCF_002983785.1	99.333	100.0	0.0	300	ok
smbu06GL001096	GCF_003269465.1	99.667	100.0	0.0	300	ok
smbu06GL001096	GCF_003667965.1	99.667	100.0	0.0	300	ok
smbu06GL001096	GCF_003711125.1	84.667	99.3	1.55e-167	7	rejected
smbu06GL001096	GCF_003711605.1	99.667	100.0	0.0	300	ok
smbu06GL001096	GCF_003812665.1	87.368	94.7	3.56e-162	8	rejected
smbu06GL001096	GCF_004332055.1	99.333	100.0	0.0	300	ok
smbu06GL001096	GCF_005484525.1	87.368	94.7	3.56e-162	8	rejected
smbu06GL001096	GCF_006337145.1	99.667	100.0	0.0	300	ok
smbu06GL001096	GCF_006351785.1	99.333	100.0	0.0	300	ok
smbu06GL001096	GCF_006351845.1	99.333	100.0	0.0	300	ok
smbu06GL001096	GCF_006364815.1	87.368	94.7	3.56e-162	8	rejected
smbu06GL001096	GCF_006494835.1	87.368	94.7	3.56e-162	8	rejected
smbu06GL001096	GCF_006494855.1	87.368	94.7	3.56e-162	8	rejected
smbu06GL001096	GCF_006494875.1	87.368	94.7	3.56e-162	8	rejected
smbu06GL001096	GCF_006766145.1	87.368	94.7	3.56e-162	8	rejected
smbu06GL001096	GCF_007923665.2	99.333	100.0	0.0	300	ok
smbu06GL001096	GCF_007923785.2	99.333	100.0	0.0	300	ok
smbu06GL001096	GCF_007923865.2	99.333	100.0	0.0	300	ok
smbu06GL001096	GCF_007923885.2	99.333	100.0	0.0	300	ok
smbu06GL001096	GCF_007923905.2	99.333	100.0	0.0	300	ok
smbu06GL001096	GCF_007923925.2	99.333	100.0	0.0	300	ok
smbu06GL001096	GCF_007923945.2	99.333	100.0	0.0	300	ok
smbu06GL001096	GCF_007923965.2	99.333	100.0	0.0	300	ok
smbu06GL001096	GCF_008330605.1	99.667	100.0	0.0	300	ok
smbu06GL001096	GCF_009730155.1	86.219	93.7	5.28e-161	5	rejected
smbu06GL001096	GCF_009734005.1	99.333	100.0	0.0	300	ok
smbu06GL001096	GCF_009938075.1	99.333	100.0	0.0	300	ok
smbu06GL001096	GCF_010103655.1	87.368	94.7	3.56e-162	8	rejected
smbu06GL001096	GCF_010120755.1	99.333	100.0	0.0	300	ok
smbu06GL001096	GCF_011745645.1	99.667	100.0	0.0	300	ok
smbu06GL001096	GCF_012045365.1	99.667	100.0	0.0	300	ok
smbu06GL001096	GCF_012045505.1	99.667	100.0	0.0	300	ok
smbu06GL001096	GCF_012594215.1	87.368	94.7	3.56e-162	8	rejected
smbu06GL001096	GCF_013201055.1	99.667	100.0	0.0	300	ok
smbu06GL001096	GCF_013344625.1	87.368	94.7	3.56e-162	8	rejected
smbu06GL001096	GCF_013344645.1	87.368	94.7	3.56e-162	8	rejected
smbu06GL001096	GCF_013344665.1	87.368	94.7	3.56e-162	8	rejected
smbu06GL001096	GCF_013391145.1	97.388	89.3	5.67e-174	54	rejected
smbu06GL001096	GCF_013391165.1	97.388	89.3	5.67e-174	54	rejected
smbu06GL001096	GCF_013391185.1	97.388	89.3	5.67e-174	54	rejected
smbu06GL001096	GCF_013391205.1	97.388	89.3	5.67e-174	54	rejected
smbu06GL001096	GCF_013394325.1	84.459	98.0	2.16e-164	296	ok
smbu06GL001096	GCF_015377765.1	99.667	100.0	0.0	300	ok
smbu06GL001096	GCF_015767695.1	99.333	100.0	0.0	300	ok
smbu06GL001096	GCF_015767715.1	99.667	100.0	0.0	300	ok
smbu06GL001096	GCF_016127235.1	97.388	89.3	5.67e-174	54	rejected
smbu06GL001096	GCF_017280035.1	87.368	94.7	3.56e-162	8	rejected
smbu06GL001096	GCF_017357805.1	87.368	94.7	3.56e-162	8	rejected
smbu06GL001096	GCF_018516845.1	99.333	100.0	0.0	300	ok
smbu06GL001096	GCF_019203145.1	99.667	100.0	0.0	300	ok
smbu06GL001096	GCF_019343125.1	99.667	100.0	0.0	300	ok
smbu06GL001096	GCF_019456555.1	98.675	100.0	0.0	302	ok
smbu06GL001096	GCF_019456575.1	98.675	100.0	0.0	302	ok
smbu06GL001096	GCF_019456595.1	98.675	100.0	0.0	302	ok
smbu06GL001096	GCF_019797905.1	85.473	98.0	3.19e-166	17	rejected
smbu06GL001096	GCF_019967715.1	99.667	100.0	0.0	300	ok
smbu06GL001096	GCF_020881975.1	87.368	94.7	3.56e-162	8	rejected
smbu06GL001096	GCF_020906605.1	87.368	94.7	3.56e-162	8	rejected
smbu06GL001096	GCF_022869705.1	87.368	94.7	3.56e-162	8	rejected
smbu06GL001096	GCF_023299785.1	87.368	94.7	3.56e-162	8	rejected
smbu06GL001096	GCF_023375505.1	87.368	94.7	3.56e-162	8	rejected
smbu06GL001096	GCF_023612035.1	87.368	94.7	3.56e-162	8	rejected
smbu06GL001096	GCF_023612275.1	99.667	100.0	0.0	300	ok
smbu06GL001096	GCF_024267595.1	87.368	94.7	3.56e-162	8	rejected
smbu06GL001096	GCF_025957845.1	87.368	94.7	3.56e-162	8	rejected
smbu06GL001096	GCF_025957925.1	87.368	94.7	3.56e-162	8	rejected
smbu06GL001096	GCF_025958025.1	87.368	94.7	3.56e-162	8	rejected
smbu06GL001096	GCF_025958065.1	87.368	94.7	3.56e-162	8	rejected
smbu06GL001096	GCF_025958085.1	87.368	94.7	3.56e-162	8	rejected
smbu06GL001096	GCF_025958625.1	87.368	94.7	3.56e-162	8	rejected
smbu06GL001096	GCF_025958845.1	87.368	94.7	3.56e-162	8	rejected
smbu06GL001096	GCF_025958885.1	87.368	94.7	3.56e-162	8	rejected
smbu06GL001096	GCF_026650885.1	87.368	94.7	3.56e-162	8	rejected
smbu06GL001096	GCF_027915235.1	99.667	100.0	0.0	300	ok
smbu06GL001096	GCF_030490365.1	99.667	100.0	0.0	300	ok
smbu06GL001096	GCF_030584585.1	99.333	100.0	0.0	300	ok
smbu06GL001096	GCF_030584605.1	99.333	100.0	0.0	300	ok
smbu06GL001096	GCF_030584685.1	99.333	100.0	0.0	300	ok
smbu06GL001096	GCF_030643745.1	99.667	100.0	0.0	300	ok
smbu06GL001096	GCF_033954875.1	99.667	100.0	0.0	300	ok
smbu06GL001096	GCF_033954895.1	99.667	100.0	0.0	300	ok
smbu06GL001096	GCF_033954915.1	99.667	100.0	0.0	300	ok
smbu06GL001096	GCF_036669985.1	99.667	100.0	0.0	300	ok
smbu06GL001096	GCF_040745045.1	99.667	100.0	0.0	300	ok
smbu06GL001096	GCF_043950735.1	97.388	89.3	5.67e-174	54	rejected
smbu06GL001096	GCF_049315065.1	99.667	100.0	0.0	300	ok
smbu06GL001096	GCF_049315075.1	89.583	96.0	1.91e-171	11	rejected
smbu06GL001096	GCF_049315085.1	89.236	96.0	6.52e-171	11	rejected
smbu06GL001096	GCF_049315095.1	89.236	96.0	6.52e-171	11	rejected
smbu06GL001096	GCF_049315105.1	89.583	96.0	1.91e-171	11	rejected
smbu06GL001096	GCF_049315115.1	99.667	100.0	0.0	300	ok
smbu06GL001096	GCF_049315125.1	99.667	100.0	0.0	300	ok
smbu06GL001096	GCF_049315135.1	89.583	96.0	1.91e-171	11	rejected
smbu06GL001096	GCF_049315145.1	99.667	100.0	0.0	300	ok
smbu06GL001096	GCF_049315155.1	89.583	96.0	1.91e-171	11	rejected
smbu06GL001096	GCF_049315165.1	99.667	100.0	0.0	300	ok
smbu06GL001096	GCF_049315175.1	99.667	100.0	0.0	300	ok
smbu06GL001096	GCF_052655065.1	99.667	100.0	0.0	300	ok
smbu06GL001096	GCF_052655335.1	99.667	100.0	0.0	300	ok
smbu06GL001096	GCF_052655665.1	99.667	100.0	0.0	300	ok
smbu06GL001096	GCF_052656575.1	99.667	100.0	0.0	300	ok
smbu06GL001096	GCF_052657825.1	99.667	100.0	0.0	300	ok
smbu06GL001096	GCF_052658005.1	99.667	100.0	0.0	300	ok
smbu06GL001096	GCF_053764515.1	97.761	89.3	3.27e-175	48	rejected
smbu06GL001096	GCF_056487465.1	97.761	89.3	3.27e-175	48	rejected
smbu06GL001096	GCF_056582645.1	99.667	100.0	0.0	300	ok
smbu06GL001096	GCF_931972305.1	97.761	89.3	3.27e-175	48	rejected
smbu06GL001096	GCF_988227945.1	99.667	100.0	0.0	300	ok
smbu06GL001096	GCF_988227985.1	99.667	100.0	0.0	300	ok
smbu06GL001096	GCF_988228025.1	99.667	100.0	0.0	300	ok
smbu06GL001096	L_lactis_14B4	73.946	87.0	1.96e-126	8	rejected
smbu06GL001096	L_lactis_IL1403	75.099	84.3	5.42e-126	8	rejected
smbu06GL001096	L_lactis_MG1363	73.946	87.0	1.96e-126	8	rejected
smbu06GL001096	smbu06_project	99.667	100.0	0.0	300	ok
smbu06GL001096	smbu08_project	99.667	100.0	0.0	300	ok
smbu06GL001139	E_lactis_194	100.000	100.0	0.0	609	ok
smbu06GL001139	GCA_000006865.1	82.508	99.0	0.0	605	ok
smbu06GL001139	GCA_000157355.2	95.402	100.0	0.0	609	ok
smbu06GL001139	GCA_000344575.1	82.508	99.0	0.0	605	ok
smbu06GL001139	GCA_000761115.1	82.508	99.0	0.0	605	ok
smbu06GL001139	GCA_000807375.1	82.508	99.0	0.0	605	ok
smbu06GL001139	GCA_002216705.1	98.522	100.0	0.0	609	ok
smbu06GL001139	GCA_002278015.2	98.030	100.0	0.0	609	ok
smbu06GL001139	GCA_002290025.1	97.865	100.0	0.0	609	ok
smbu06GL001139	GCA_002804185.1	82.508	99.0	0.0	605	ok
smbu06GL001139	GCA_002804285.1	82.508	99.0	0.0	605	ok
smbu06GL001139	GCA_002813755.1	98.522	100.0	0.0	609	ok
smbu06GL001139	GCA_002895225.1	82.673	99.0	0.0	605	ok
smbu06GL001139	GCA_003711125.1	93.596	100.0	0.0	609	ok
smbu06GL001139	GCA_003722255.1	82.508	99.0	0.0	605	ok
smbu06GL001139	GCA_005347505.1	93.596	100.0	0.0	609	ok
smbu06GL001139	GCA_009730155.1	96.059	100.0	0.0	609	ok
smbu06GL001139	GCA_013391145.1	98.030	100.0	0.0	609	ok
smbu06GL001139	GCA_013391165.1	98.030	100.0	0.0	609	ok
smbu06GL001139	GCA_013391185.1	98.030	100.0	0.0	609	ok
smbu06GL001139	GCA_013391205.1	98.030	100.0	0.0	609	ok
smbu06GL001139	GCA_013394325.1	92.611	100.0	0.0	609	ok
smbu06GL001139	GCA_015767715.1	100.000	100.0	0.0	609	ok
smbu06GL001139	GCA_016127235.1	98.030	100.0	0.0	609	ok
smbu06GL001139	GCA_019203145.1	100.000	100.0	0.0	609	ok
smbu06GL001139	GCA_019343125.1	100.000	100.0	0.0	609	ok
smbu06GL001139	GCA_019797905.1	93.432	100.0	0.0	609	ok
smbu06GL001139	GCA_019967715.1	100.000	100.0	0.0	609	ok
smbu06GL001139	GCA_022870765.1	95.567	100.0	0.0	609	ok
smbu06GL001139	GCA_023523715.1	95.402	100.0	0.0	609	ok
smbu06GL001139	GCA_023612275.1	99.836	100.0	0.0	609	ok
smbu06GL001139	GCA_025402795.1	93.432	100.0	0.0	609	ok
smbu06GL001139	GCA_025402855.1	93.432	100.0	0.0	609	ok
smbu06GL001139	GCA_029201225.1	95.567	100.0	0.0	609	ok
smbu06GL001139	GCA_029215545.1	95.567	100.0	0.0	609	ok
smbu06GL001139	GCA_030490365.1	100.000	100.0	0.0	609	ok
smbu06GL001139	GCA_033954875.1	100.000	100.0	0.0	609	ok
smbu06GL001139	GCA_033954895.1	99.836	100.0	0.0	609	ok
smbu06GL001139	GCA_033954915.1	99.836	100.0	0.0	609	ok
smbu06GL001139	GCA_036669985.1	99.836	100.0	0.0	609	ok
smbu06GL001139	GCA_040745045.1	99.836	100.0	0.0	608	ok
smbu06GL001139	GCA_041930275.1	96.059	100.0	0.0	609	ok
smbu06GL001139	GCA_041952535.1	96.059	100.0	0.0	609	ok
smbu06GL001139	GCA_043950735.1	98.030	100.0	0.0	609	ok
smbu06GL001139	GCA_043950745.1	98.030	100.0	0.0	609	ok
smbu06GL001139	GCA_045039055.1	96.059	100.0	0.0	609	ok
smbu06GL001139	GCA_049315065.1	100.000	100.0	0.0	609	ok
smbu06GL001139	GCA_049315075.1	98.686	100.0	0.0	609	ok
smbu06GL001139	GCA_049315085.1	98.686	100.0	0.0	609	ok
smbu06GL001139	GCA_049315095.1	98.686	100.0	0.0	609	ok
smbu06GL001139	GCA_049315105.1	98.686	100.0	0.0	609	ok
smbu06GL001139	GCA_049315115.1	100.000	100.0	0.0	609	ok
smbu06GL001139	GCA_049315125.1	100.000	100.0	0.0	609	ok
smbu06GL001139	GCA_049315135.1	98.686	100.0	0.0	609	ok
smbu06GL001139	GCA_049315145.1	100.000	100.0	0.0	609	ok
smbu06GL001139	GCA_049315155.1	98.686	100.0	0.0	609	ok
smbu06GL001139	GCA_049315165.1	100.000	100.0	0.0	609	ok
smbu06GL001139	GCA_049315175.1	100.000	100.0	0.0	609	ok
smbu06GL001139	GCA_052655065.1	100.000	100.0	0.0	609	ok
smbu06GL001139	GCA_052655335.1	100.000	100.0	0.0	609	ok
smbu06GL001139	GCA_052655665.1	100.000	100.0	0.0	609	ok
smbu06GL001139	GCA_052656575.1	100.000	100.0	0.0	609	ok
smbu06GL001139	GCA_052657825.1	100.000	100.0	0.0	609	ok
smbu06GL001139	GCA_052658005.1	100.000	100.0	0.0	609	ok
smbu06GL001139	GCA_053764515.1	98.522	100.0	0.0	609	ok
smbu06GL001139	GCA_055397705.1	79.626	86.2	0.0	33	rejected
smbu06GL001139	GCA_055397995.1	98.030	100.0	0.0	609	ok
smbu06GL001139	GCA_056487485.1	98.522	100.0	0.0	609	ok
smbu06GL001139	GCA_056582645.1	100.000	100.0	0.0	609	ok
smbu06GL001139	GCA_058072705.1	99.836	100.0	0.0	609	ok
smbu06GL001139	GCA_060306215.1	100.000	100.0	0.0	609	ok
smbu06GL001139	GCA_060307205.1	98.030	100.0	0.0	609	ok
smbu06GL001139	GCA_060307225.1	100.000	100.0	0.0	609	ok
smbu06GL001139	GCA_061568495.1	99.836	100.0	0.0	608	ok
smbu06GL001139	GCA_900636615.1	98.030	100.0	0.0	609	ok
smbu06GL001139	GCA_905186115.1	98.030	100.0	0.0	609	ok
smbu06GL001139	GCA_931972305.1	98.522	100.0	0.0	609	ok
smbu06GL001139	GCA_963280925.1	98.030	100.0	0.0	609	ok
smbu06GL001139	GCA_988227945.1	100.000	100.0	0.0	609	ok
smbu06GL001139	GCA_988227985.1	100.000	100.0	0.0	609	ok
smbu06GL001139	GCA_988228025.1	100.000	100.0	0.0	609	ok
smbu06GL001139	GCA_988235375.1	97.865	100.0	0.0	609	ok
smbu06GL001139	GCA_988236725.1	97.865	100.0	0.0	609	ok
smbu06GL001139	GCA_988237225.1	100.000	100.0	0.0	609	ok
smbu06GL001139	GCF_001298485.1	100.000	100.0	0.0	609	ok
smbu06GL001139	GCF_001412695.1	100.000	100.0	0.0	609	ok
smbu06GL001139	GCF_001598635.1	94.581	100.0	0.0	609	ok
smbu06GL001139	GCF_001689055.2	94.581	100.0	0.0	609	ok
smbu06GL001139	GCF_002208945.1	94.581	100.0	0.0	609	ok
smbu06GL001139	GCF_002216705.1	98.522	100.0	0.0	609	ok
smbu06GL001139	GCF_002278015.2	98.030	100.0	0.0	609	ok
smbu06GL001139	GCF_002289045.2	94.581	100.0	0.0	609	ok
smbu06GL001139	GCF_002290025.1	97.865	100.0	0.0	609	ok
smbu06GL001139	GCF_002355755.1	94.581	100.0	0.0	609	ok
smbu06GL001139	GCF_002761555.1	100.000	100.0	0.0	609	ok
smbu06GL001139	GCF_002831505.1	100.000	100.0	0.0	609	ok
smbu06GL001139	GCF_002850515.1	100.000	100.0	0.0	609	ok
smbu06GL001139	GCF_002983785.1	100.000	100.0	0.0	609	ok
smbu06GL001139	GCF_003269465.1	100.000	100.0	0.0	609	ok
smbu06GL001139	GCF_003667965.1	99.836	100.0	0.0	609	ok
smbu06GL001139	GCF_003711125.1	93.596	100.0	0.0	609	ok
smbu06GL001139	GCF_003711605.1	100.000	100.0	0.0	609	ok
smbu06GL001139	GCF_003812665.1	94.581	100.0	0.0	609	ok
smbu06GL001139	GCF_004332055.1	100.000	100.0	0.0	609	ok
smbu06GL001139	GCF_005484525.1	94.581	100.0	0.0	609	ok
smbu06GL001139	GCF_006337145.1	100.000	100.0	0.0	609	ok
smbu06GL001139	GCF_006351785.1	100.000	100.0	0.0	609	ok
smbu06GL001139	GCF_006351845.1	100.000	100.0	0.0	609	ok
smbu06GL001139	GCF_006364815.1	94.581	100.0	0.0	609	ok
smbu06GL001139	GCF_006494835.1	94.581	100.0	0.0	609	ok
smbu06GL001139	GCF_006494855.1	94.581	100.0	0.0	609	ok
smbu06GL001139	GCF_006494875.1	94.581	100.0	0.0	609	ok
smbu06GL001139	GCF_006766145.1	94.581	100.0	0.0	609	ok
smbu06GL001139	GCF_007923665.2	100.000	100.0	0.0	609	ok
smbu06GL001139	GCF_007923785.2	100.000	100.0	0.0	609	ok
smbu06GL001139	GCF_007923865.2	100.000	100.0	0.0	609	ok
smbu06GL001139	GCF_007923885.2	100.000	100.0	0.0	609	ok
smbu06GL001139	GCF_007923905.2	100.000	100.0	0.0	609	ok
smbu06GL001139	GCF_007923925.2	100.000	100.0	0.0	609	ok
smbu06GL001139	GCF_007923945.2	100.000	100.0	0.0	609	ok
smbu06GL001139	GCF_007923965.2	100.000	100.0	0.0	609	ok
smbu06GL001139	GCF_008330605.1	100.000	100.0	0.0	609	ok
smbu06GL001139	GCF_009730155.1	96.059	100.0	0.0	609	ok
smbu06GL001139	GCF_009734005.1	100.000	100.0	0.0	609	ok
smbu06GL001139	GCF_009938075.1	100.000	100.0	0.0	609	ok
smbu06GL001139	GCF_010103655.1	94.581	100.0	0.0	609	ok
smbu06GL001139	GCF_010120755.1	100.000	100.0	0.0	609	ok
smbu06GL001139	GCF_011745645.1	99.836	100.0	0.0	608	ok
smbu06GL001139	GCF_012045365.1	100.000	100.0	0.0	609	ok
smbu06GL001139	GCF_012045505.1	100.000	100.0	0.0	609	ok
smbu06GL001139	GCF_012594215.1	94.581	100.0	0.0	609	ok
smbu06GL001139	GCF_013201055.1	99.836	100.0	0.0	608	ok
smbu06GL001139	GCF_013344625.1	94.581	100.0	0.0	609	ok
smbu06GL001139	GCF_013344645.1	94.581	100.0	0.0	609	ok
smbu06GL001139	GCF_013344665.1	94.581	100.0	0.0	609	ok
smbu06GL001139	GCF_013391145.1	98.030	100.0	0.0	609	ok
smbu06GL001139	GCF_013391165.1	98.030	100.0	0.0	609	ok
smbu06GL001139	GCF_013391185.1	98.030	100.0	0.0	609	ok
smbu06GL001139	GCF_013391205.1	98.030	100.0	0.0	609	ok
smbu06GL001139	GCF_013394325.1	92.611	100.0	0.0	609	ok
smbu06GL001139	GCF_015377765.1	99.836	100.0	0.0	609	ok
smbu06GL001139	GCF_015767695.1	100.000	100.0	0.0	609	ok
smbu06GL001139	GCF_015767715.1	100.000	100.0	0.0	609	ok
smbu06GL001139	GCF_016127235.1	98.030	100.0	0.0	609	ok
smbu06GL001139	GCF_017280035.1	94.581	100.0	0.0	609	ok
smbu06GL001139	GCF_017357805.1	94.581	100.0	0.0	609	ok
smbu06GL001139	GCF_018516845.1	100.000	100.0	0.0	609	ok
smbu06GL001139	GCF_019203145.1	100.000	100.0	0.0	609	ok
smbu06GL001139	GCF_019343125.1	100.000	100.0	0.0	609	ok
smbu06GL001139	GCF_019456555.1	100.000	100.0	0.0	609	ok
smbu06GL001139	GCF_019456575.1	100.000	100.0	0.0	609	ok
smbu06GL001139	GCF_019456595.1	100.000	100.0	0.0	609	ok
smbu06GL001139	GCF_019797905.1	93.432	100.0	0.0	609	ok
smbu06GL001139	GCF_019967715.1	100.000	100.0	0.0	609	ok
smbu06GL001139	GCF_020881975.1	94.581	100.0	0.0	609	ok
smbu06GL001139	GCF_020906605.1	94.581	100.0	0.0	609	ok
smbu06GL001139	GCF_022869705.1	94.581	100.0	0.0	609	ok
smbu06GL001139	GCF_023299785.1	94.581	100.0	0.0	609	ok
smbu06GL001139	GCF_023375505.1	94.581	100.0	0.0	609	ok
smbu06GL001139	GCF_023612035.1	94.581	100.0	0.0	609	ok
smbu06GL001139	GCF_023612275.1	99.836	100.0	0.0	609	ok
smbu06GL001139	GCF_024267595.1	94.581	100.0	0.0	609	ok
smbu06GL001139	GCF_025957845.1	94.581	100.0	0.0	609	ok
smbu06GL001139	GCF_025957925.1	94.581	100.0	0.0	609	ok
smbu06GL001139	GCF_025958025.1	94.581	100.0	0.0	609	ok
smbu06GL001139	GCF_025958065.1	94.581	100.0	0.0	609	ok
smbu06GL001139	GCF_025958085.1	94.581	100.0	0.0	609	ok
smbu06GL001139	GCF_025958625.1	94.581	100.0	0.0	609	ok
smbu06GL001139	GCF_025958845.1	94.581	100.0	0.0	609	ok
smbu06GL001139	GCF_025958885.1	94.581	100.0	0.0	609	ok
smbu06GL001139	GCF_026650885.1	94.581	100.0	0.0	609	ok
smbu06GL001139	GCF_027915235.1	100.000	100.0	0.0	609	ok
smbu06GL001139	GCF_030490365.1	100.000	100.0	0.0	609	ok
smbu06GL001139	GCF_030584585.1	100.000	100.0	0.0	609	ok
smbu06GL001139	GCF_030584605.1	100.000	100.0	0.0	609	ok
smbu06GL001139	GCF_030584685.1	100.000	100.0	0.0	609	ok
smbu06GL001139	GCF_030643745.1	100.000	100.0	0.0	609	ok
smbu06GL001139	GCF_033954875.1	100.000	100.0	0.0	609	ok
smbu06GL001139	GCF_033954895.1	99.836	100.0	0.0	609	ok
smbu06GL001139	GCF_033954915.1	99.836	100.0	0.0	609	ok
smbu06GL001139	GCF_036669985.1	99.836	100.0	0.0	609	ok
smbu06GL001139	GCF_040745045.1	99.836	100.0	0.0	608	ok
smbu06GL001139	GCF_043950735.1	98.030	100.0	0.0	609	ok
smbu06GL001139	GCF_049315065.1	100.000	100.0	0.0	609	ok
smbu06GL001139	GCF_049315075.1	98.686	100.0	0.0	609	ok
smbu06GL001139	GCF_049315085.1	98.686	100.0	0.0	609	ok
smbu06GL001139	GCF_049315095.1	98.686	100.0	0.0	609	ok
smbu06GL001139	GCF_049315105.1	98.686	100.0	0.0	609	ok
smbu06GL001139	GCF_049315115.1	100.000	100.0	0.0	609	ok
smbu06GL001139	GCF_049315125.1	100.000	100.0	0.0	609	ok
smbu06GL001139	GCF_049315135.1	98.686	100.0	0.0	609	ok
smbu06GL001139	GCF_049315145.1	100.000	100.0	0.0	609	ok
smbu06GL001139	GCF_049315155.1	98.686	100.0	0.0	609	ok
smbu06GL001139	GCF_049315165.1	100.000	100.0	0.0	609	ok
smbu06GL001139	GCF_049315175.1	100.000	100.0	0.0	609	ok
smbu06GL001139	GCF_052655065.1	100.000	100.0	0.0	609	ok
smbu06GL001139	GCF_052655335.1	100.000	100.0	0.0	609	ok
smbu06GL001139	GCF_052655665.1	100.000	100.0	0.0	609	ok
smbu06GL001139	GCF_052656575.1	100.000	100.0	0.0	609	ok
smbu06GL001139	GCF_052657825.1	100.000	100.0	0.0	609	ok
smbu06GL001139	GCF_052658005.1	100.000	100.0	0.0	609	ok
smbu06GL001139	GCF_053764515.1	98.522	100.0	0.0	609	ok
smbu06GL001139	GCF_056487465.1	98.522	100.0	0.0	609	ok
smbu06GL001139	GCF_056582645.1	100.000	100.0	0.0	609	ok
smbu06GL001139	GCF_931972305.1	98.522	100.0	0.0	609	ok
smbu06GL001139	GCF_988227945.1	100.000	100.0	0.0	609	ok
smbu06GL001139	GCF_988227985.1	100.000	100.0	0.0	609	ok
smbu06GL001139	GCF_988228025.1	100.000	100.0	0.0	609	ok
smbu06GL001139	L_lactis_14B4	82.508	99.0	0.0	605	ok
smbu06GL001139	L_lactis_IL1403	82.508	99.0	0.0	605	ok
smbu06GL001139	L_lactis_MG1363	82.673	99.0	0.0	605	ok
smbu06GL001139	smbu06_project	100.000	100.0	0.0	609	ok
smbu06GL001139	smbu08_project	100.000	100.0	0.0	609	ok
smbu06GL001184	E_lactis_194	100.000	100.0	2.81e-19	42	ok
smbu06GL001184	GCA_000157355.2	90.476	100.0	4.29e-17	42	ok
smbu06GL001184	GCA_002216705.1	73.810	100.0	8.04e-13	42	ok
smbu06GL001184	GCA_002278015.2	83.333	100.0	5.21e-15	42	ok
smbu06GL001184	GCA_002290025.1	83.333	100.0	8.32e-16	42	ok
smbu06GL001184	GCA_002813755.1	76.190	100.0	9.2e-14	42	ok
smbu06GL001184	GCA_003711125.1	88.095	100.0	3.17e-16	42	ok
smbu06GL001184	GCA_005347505.1	88.095	100.0	3.17e-16	42	ok
smbu06GL001184	GCA_009730155.1	88.095	100.0	1.23e-16	42	ok
smbu06GL001184	GCA_013391145.1	83.333	100.0	5.21e-15	42	ok
smbu06GL001184	GCA_013391165.1	83.333	100.0	5.21e-15	42	ok
smbu06GL001184	GCA_013391185.1	83.333	100.0	5.21e-15	42	ok
smbu06GL001184	GCA_013391205.1	83.333	100.0	5.21e-15	42	ok
smbu06GL001184	GCA_013394325.1	88.095	100.0	1.93e-16	42	ok
smbu06GL001184	GCA_015767715.1	100.000	100.0	2.81e-19	42	ok
smbu06GL001184	GCA_016127235.1	83.333	100.0	5.21e-15	42	ok
smbu06GL001184	GCA_019203145.1	100.000	100.0	2.81e-19	42	ok
smbu06GL001184	GCA_019343125.1	100.000	100.0	2.81e-19	42	ok
smbu06GL001184	GCA_019797905.1	88.095	100.0	1.84e-16	42	ok
smbu06GL001184	GCA_019967715.1	100.000	100.0	2.81e-19	42	ok
smbu06GL001184	GCA_022870765.1	90.476	100.0	4.29e-17	42	ok
smbu06GL001184	GCA_023523715.1	90.476	100.0	4.29e-17	42	ok
smbu06GL001184	GCA_023612275.1	100.000	100.0	2.81e-19	42	ok
smbu06GL001184	GCA_025402795.1	88.095	100.0	1.84e-16	42	ok
smbu06GL001184	GCA_025402855.1	88.095	100.0	1.84e-16	42	ok
smbu06GL001184	GCA_029201225.1	90.476	100.0	4.29e-17	42	ok
smbu06GL001184	GCA_029215545.1	90.476	100.0	4.29e-17	42	ok
smbu06GL001184	GCA_030490365.1	100.000	100.0	2.81e-19	42	ok
smbu06GL001184	GCA_033954875.1	97.619	100.0	1.13e-18	42	ok
smbu06GL001184	GCA_033954895.1	100.000	100.0	2.81e-19	42	ok
smbu06GL001184	GCA_033954915.1	100.000	100.0	2.81e-19	42	ok
smbu06GL001184	GCA_036669985.1	100.000	100.0	2.81e-19	42	ok
smbu06GL001184	GCA_040745045.1	100.000	100.0	2.81e-19	42	ok
smbu06GL001184	GCA_041930275.1	88.095	100.0	1.23e-16	42	ok
smbu06GL001184	GCA_041952535.1	88.095	100.0	1.23e-16	42	ok
smbu06GL001184	GCA_043950735.1	83.333	100.0	5.21e-15	42	ok
smbu06GL001184	GCA_043950745.1	83.333	100.0	5.21e-15	42	ok
smbu06GL001184	GCA_045039055.1	88.095	100.0	1.23e-16	42	ok
smbu06GL001184	GCA_049315065.1	100.000	100.0	2.81e-19	42	ok
smbu06GL001184	GCA_049315075.1	80.952	100.0	1.45e-14	42	ok
smbu06GL001184	GCA_049315085.1	80.952	100.0	1.45e-14	42	ok
smbu06GL001184	GCA_049315095.1	80.952	100.0	1.45e-14	42	ok
smbu06GL001184	GCA_049315105.1	80.952	100.0	1.45e-14	42	ok
smbu06GL001184	GCA_049315115.1	100.000	100.0	2.81e-19	42	ok
smbu06GL001184	GCA_049315125.1	100.000	100.0	2.81e-19	42	ok
smbu06GL001184	GCA_049315135.1	80.952	100.0	1.45e-14	42	ok
smbu06GL001184	GCA_049315145.1	100.000	100.0	2.81e-19	42	ok
smbu06GL001184	GCA_049315155.1	80.952	100.0	1.45e-14	42	ok
smbu06GL001184	GCA_049315165.1	100.000	100.0	2.81e-19	42	ok
smbu06GL001184	GCA_049315175.1	100.000	100.0	2.81e-19	42	ok
smbu06GL001184	GCA_052655065.1	100.000	100.0	2.81e-19	42	ok
smbu06GL001184	GCA_052655335.1	100.000	100.0	2.81e-19	42	ok
smbu06GL001184	GCA_052655665.1	100.000	97.6	6.74e-19	41	ok
smbu06GL001184	GCA_052656575.1	100.000	100.0	2.81e-19	42	ok
smbu06GL001184	GCA_052657825.1	100.000	100.0	2.81e-19	42	ok
smbu06GL001184	GCA_052658005.1	100.000	100.0	2.81e-19	42	ok
smbu06GL001184	GCA_053764515.1	76.190	100.0	9.2e-14	42	ok
smbu06GL001184	GCA_055397995.1	83.333	100.0	5.21e-15	42	ok
smbu06GL001184	GCA_056487485.1	76.190	100.0	9.2e-14	42	ok
smbu06GL001184	GCA_056582645.1	100.000	100.0	2.81e-19	42	ok
smbu06GL001184	GCA_058072705.1	100.000	100.0	2.81e-19	42	ok
smbu06GL001184	GCA_060306215.1	100.000	100.0	2.81e-19	42	ok
smbu06GL001184	GCA_060307205.1	83.333	100.0	5.21e-15	42	ok
smbu06GL001184	GCA_060307225.1	100.000	100.0	2.81e-19	42	ok
smbu06GL001184	GCA_061568495.1	100.000	100.0	2.81e-19	42	ok
smbu06GL001184	GCA_900636615.1	83.333	100.0	5.21e-15	42	ok
smbu06GL001184	GCA_905186115.1	83.333	100.0	5.21e-15	42	ok
smbu06GL001184	GCA_931972305.1	76.190	100.0	9.2e-14	42	ok
smbu06GL001184	GCA_963280925.1	83.333	100.0	5.21e-15	42	ok
smbu06GL001184	GCA_988227945.1	100.000	100.0	2.81e-19	42	ok
smbu06GL001184	GCA_988227985.1	100.000	100.0	2.81e-19	42	ok
smbu06GL001184	GCA_988228025.1	100.000	100.0	2.81e-19	42	ok
smbu06GL001184	GCA_988235375.1	83.333	100.0	8.32e-16	42	ok
smbu06GL001184	GCA_988236725.1	83.333	100.0	8.32e-16	42	ok
smbu06GL001184	GCA_988237225.1	100.000	100.0	2.81e-19	42	ok
smbu06GL001184	GCF_001298485.1	100.000	100.0	2.81e-19	42	ok
smbu06GL001184	GCF_001412695.1	100.000	100.0	2.81e-19	42	ok
smbu06GL001184	GCF_001598635.1	90.476	100.0	9.18e-17	42	ok
smbu06GL001184	GCF_001689055.2	90.476	100.0	9.18e-17	42	ok
smbu06GL001184	GCF_002208945.1	90.476	100.0	9.18e-17	42	ok
smbu06GL001184	GCF_002216705.1	73.810	100.0	8.04e-13	42	ok
smbu06GL001184	GCF_002278015.2	83.333	100.0	5.21e-15	42	ok
smbu06GL001184	GCF_002289045.2	90.476	100.0	9.18e-17	42	ok
smbu06GL001184	GCF_002290025.1	83.333	100.0	8.32e-16	42	ok
smbu06GL001184	GCF_002355755.1	90.476	100.0	9.18e-17	42	ok
smbu06GL001184	GCF_002761555.1	100.000	100.0	2.81e-19	42	ok
smbu06GL001184	GCF_002831505.1	100.000	100.0	2.81e-19	42	ok
smbu06GL001184	GCF_002850515.1	100.000	100.0	2.81e-19	42	ok
smbu06GL001184	GCF_002983785.1	100.000	100.0	2.81e-19	42	ok
smbu06GL001184	GCF_003269465.1	100.000	97.6	6.74e-19	41	ok
smbu06GL001184	GCF_003667965.1	100.000	100.0	2.81e-19	42	ok
smbu06GL001184	GCF_003711125.1	88.095	100.0	3.17e-16	42	ok
smbu06GL001184	GCF_003711605.1	100.000	100.0	2.81e-19	42	ok
smbu06GL001184	GCF_003812665.1	90.476	100.0	9.18e-17	42	ok
smbu06GL001184	GCF_004332055.1	100.000	100.0	2.81e-19	42	ok
smbu06GL001184	GCF_005484525.1	90.476	100.0	9.18e-17	42	ok
smbu06GL001184	GCF_006337145.1	100.000	100.0	2.81e-19	42	ok
smbu06GL001184	GCF_006351785.1	100.000	100.0	2.81e-19	42	ok
smbu06GL001184	GCF_006351845.1	100.000	100.0	2.81e-19	42	ok
smbu06GL001184	GCF_006364815.1	90.476	100.0	9.18e-17	42	ok
smbu06GL001184	GCF_006494835.1	90.476	100.0	9.18e-17	42	ok
smbu06GL001184	GCF_006494855.1	90.476	100.0	9.18e-17	42	ok
smbu06GL001184	GCF_006494875.1	90.476	100.0	9.18e-17	42	ok
smbu06GL001184	GCF_006766145.1	90.476	100.0	9.18e-17	42	ok
smbu06GL001184	GCF_007923665.2	100.000	100.0	2.81e-19	42	ok
smbu06GL001184	GCF_007923785.2	100.000	100.0	2.81e-19	42	ok
smbu06GL001184	GCF_007923865.2	100.000	100.0	2.81e-19	42	ok
smbu06GL001184	GCF_007923885.2	100.000	100.0	2.81e-19	42	ok
smbu06GL001184	GCF_007923905.2	100.000	100.0	2.81e-19	42	ok
smbu06GL001184	GCF_007923925.2	100.000	100.0	2.81e-19	42	ok
smbu06GL001184	GCF_007923945.2	100.000	100.0	2.81e-19	42	ok
smbu06GL001184	GCF_007923965.2	100.000	100.0	2.81e-19	42	ok
smbu06GL001184	GCF_008330605.1	100.000	100.0	2.81e-19	42	ok
smbu06GL001184	GCF_009730155.1	88.095	100.0	1.23e-16	42	ok
smbu06GL001184	GCF_009734005.1	100.000	100.0	2.81e-19	42	ok
smbu06GL001184	GCF_009938075.1	100.000	100.0	2.81e-19	42	ok
smbu06GL001184	GCF_010103655.1	90.476	100.0	9.18e-17	42	ok
smbu06GL001184	GCF_010120755.1	100.000	100.0	2.81e-19	42	ok
smbu06GL001184	GCF_011745645.1	100.000	100.0	2.81e-19	42	ok
smbu06GL001184	GCF_012045365.1	100.000	97.6	6.74e-19	41	ok
smbu06GL001184	GCF_012045505.1	100.000	97.6	6.74e-19	41	ok
smbu06GL001184	GCF_012594215.1	90.476	100.0	9.18e-17	42	ok
smbu06GL001184	GCF_013201055.1	100.000	100.0	2.81e-19	42	ok
smbu06GL001184	GCF_013344625.1	90.476	100.0	9.18e-17	42	ok
smbu06GL001184	GCF_013344645.1	90.476	100.0	9.18e-17	42	ok
smbu06GL001184	GCF_013344665.1	90.476	100.0	9.18e-17	42	ok
smbu06GL001184	GCF_013391145.1	83.333	100.0	5.21e-15	42	ok
smbu06GL001184	GCF_013391165.1	83.333	100.0	5.21e-15	42	ok
smbu06GL001184	GCF_013391185.1	83.333	100.0	5.21e-15	42	ok
smbu06GL001184	GCF_013391205.1	83.333	100.0	5.21e-15	42	ok
smbu06GL001184	GCF_013394325.1	88.095	100.0	1.93e-16	42	ok
smbu06GL001184	GCF_015377765.1	100.000	100.0	2.81e-19	42	ok
smbu06GL001184	GCF_015767695.1	100.000	100.0	2.81e-19	42	ok
smbu06GL001184	GCF_015767715.1	100.000	100.0	2.81e-19	42	ok
smbu06GL001184	GCF_016127235.1	83.333	100.0	5.21e-15	42	ok
smbu06GL001184	GCF_017280035.1	90.476	100.0	9.18e-17	42	ok
smbu06GL001184	GCF_017357805.1	90.476	100.0	9.18e-17	42	ok
smbu06GL001184	GCF_018516845.1	100.000	100.0	2.81e-19	42	ok
smbu06GL001184	GCF_019203145.1	100.000	100.0	2.81e-19	42	ok
smbu06GL001184	GCF_019343125.1	100.000	100.0	2.81e-19	42	ok
smbu06GL001184	GCF_019456555.1	100.000	100.0	2.81e-19	42	ok
smbu06GL001184	GCF_019456575.1	100.000	100.0	2.81e-19	42	ok
smbu06GL001184	GCF_019456595.1	100.000	100.0	2.81e-19	42	ok
smbu06GL001184	GCF_019797905.1	88.095	100.0	1.84e-16	42	ok
smbu06GL001184	GCF_019967715.1	100.000	100.0	2.81e-19	42	ok
smbu06GL001184	GCF_020881975.1	90.476	100.0	9.18e-17	42	ok
smbu06GL001184	GCF_020906605.1	90.476	100.0	9.18e-17	42	ok
smbu06GL001184	GCF_022869705.1	90.476	100.0	9.18e-17	42	ok
smbu06GL001184	GCF_023299785.1	90.476	100.0	9.18e-17	42	ok
smbu06GL001184	GCF_023375505.1	90.476	100.0	9.18e-17	42	ok
smbu06GL001184	GCF_023612035.1	90.476	100.0	9.18e-17	42	ok
smbu06GL001184	GCF_023612275.1	100.000	100.0	2.81e-19	42	ok
smbu06GL001184	GCF_024267595.1	90.476	100.0	9.18e-17	42	ok
smbu06GL001184	GCF_025957845.1	90.476	100.0	9.18e-17	42	ok
smbu06GL001184	GCF_025957925.1	90.476	100.0	9.18e-17	42	ok
smbu06GL001184	GCF_025958025.1	90.476	100.0	9.18e-17	42	ok
smbu06GL001184	GCF_025958065.1	90.476	100.0	9.18e-17	42	ok
smbu06GL001184	GCF_025958085.1	90.476	100.0	9.18e-17	42	ok
smbu06GL001184	GCF_025958625.1	90.476	100.0	9.18e-17	42	ok
smbu06GL001184	GCF_025958845.1	90.476	100.0	9.18e-17	42	ok
smbu06GL001184	GCF_025958885.1	90.476	100.0	9.18e-17	42	ok
smbu06GL001184	GCF_026650885.1	90.476	100.0	9.18e-17	42	ok
smbu06GL001184	GCF_027915235.1	100.000	100.0	2.81e-19	42	ok
smbu06GL001184	GCF_030490365.1	100.000	100.0	2.81e-19	42	ok
smbu06GL001184	GCF_030584585.1	100.000	100.0	2.81e-19	42	ok
smbu06GL001184	GCF_030584605.1	100.000	100.0	2.81e-19	42	ok
smbu06GL001184	GCF_030584685.1	100.000	100.0	2.81e-19	42	ok
smbu06GL001184	GCF_030643745.1	100.000	100.0	2.81e-19	42	ok
smbu06GL001184	GCF_033954875.1	97.619	100.0	1.13e-18	42	ok
smbu06GL001184	GCF_033954895.1	100.000	100.0	2.81e-19	42	ok
smbu06GL001184	GCF_033954915.1	100.000	100.0	2.81e-19	42	ok
smbu06GL001184	GCF_036669985.1	100.000	100.0	2.81e-19	42	ok
smbu06GL001184	GCF_040745045.1	100.000	100.0	2.81e-19	42	ok
smbu06GL001184	GCF_043950735.1	83.333	100.0	5.21e-15	42	ok
smbu06GL001184	GCF_049315065.1	100.000	100.0	2.81e-19	42	ok
smbu06GL001184	GCF_049315075.1	80.952	100.0	1.45e-14	42	ok
smbu06GL001184	GCF_049315085.1	80.952	100.0	1.45e-14	42	ok
smbu06GL001184	GCF_049315095.1	80.952	100.0	1.45e-14	42	ok
smbu06GL001184	GCF_049315105.1	80.952	100.0	1.45e-14	42	ok
smbu06GL001184	GCF_049315115.1	100.000	100.0	2.81e-19	42	ok
smbu06GL001184	GCF_049315125.1	100.000	100.0	2.81e-19	42	ok
smbu06GL001184	GCF_049315135.1	80.952	100.0	1.45e-14	42	ok
smbu06GL001184	GCF_049315145.1	100.000	100.0	2.81e-19	42	ok
smbu06GL001184	GCF_049315155.1	80.952	100.0	1.45e-14	42	ok
smbu06GL001184	GCF_049315165.1	100.000	100.0	2.81e-19	42	ok
smbu06GL001184	GCF_049315175.1	100.000	100.0	2.81e-19	42	ok
smbu06GL001184	GCF_052655065.1	100.000	100.0	2.81e-19	42	ok
smbu06GL001184	GCF_052655335.1	100.000	100.0	2.81e-19	42	ok
smbu06GL001184	GCF_052655665.1	100.000	97.6	6.74e-19	41	ok
smbu06GL001184	GCF_052656575.1	100.000	100.0	2.81e-19	42	ok
smbu06GL001184	GCF_052657825.1	100.000	100.0	2.81e-19	42	ok
smbu06GL001184	GCF_052658005.1	100.000	100.0	2.81e-19	42	ok
smbu06GL001184	GCF_053764515.1	76.190	100.0	9.2e-14	42	ok
smbu06GL001184	GCF_056487465.1	76.190	100.0	9.2e-14	42	ok
smbu06GL001184	GCF_056582645.1	100.000	100.0	2.81e-19	42	ok
smbu06GL001184	GCF_931972305.1	76.190	100.0	9.2e-14	42	ok
smbu06GL001184	GCF_988227945.1	100.000	100.0	2.81e-19	42	ok
smbu06GL001184	GCF_988227985.1	100.000	100.0	2.81e-19	42	ok
smbu06GL001184	GCF_988228025.1	100.000	100.0	2.81e-19	42	ok
smbu06GL001184	smbu06_project	100.000	100.0	2.81e-19	42	ok
smbu06GL001184	smbu08_project	100.000	100.0	2.81e-19	42	ok
smbu06GL001588	E_lactis_194	100.000	100.0	6.36e-48	84	ok
smbu06GL001588	GCA_000006865.1	53.659	97.6	9.03e-17	76	ok
smbu06GL001588	GCA_000157355.2	86.905	100.0	9.88e-41	84	ok
smbu06GL001588	GCA_000344575.1	53.659	97.6	9.03e-17	76	ok
smbu06GL001588	GCA_000761115.1	53.659	97.6	1.64e-16	76	ok
smbu06GL001588	GCA_000807375.1	53.659	97.6	9.03e-17	76	ok
smbu06GL001588	GCA_002216705.1	97.619	100.0	5.12e-47	84	ok
smbu06GL001588	GCA_002278015.2	97.619	100.0	4.88e-47	84	ok
smbu06GL001588	GCA_002290025.1	97.619	100.0	3.68e-47	84	ok
smbu06GL001588	GCA_002804185.1	53.659	97.6	9.03e-17	76	ok
smbu06GL001588	GCA_002804285.1	53.659	97.6	9.03e-17	76	ok
smbu06GL001588	GCA_002813755.1	97.619	100.0	5.12e-47	84	ok
smbu06GL001588	GCA_002895225.1	53.659	97.6	9.03e-17	76	ok
smbu06GL001588	GCA_003711125.1	83.784	88.1	2.67e-34	74	ok
smbu06GL001588	GCA_003722255.1	53.659	97.6	9.03e-17	76	ok
smbu06GL001588	GCA_005347505.1	83.784	88.1	2.67e-34	74	ok
smbu06GL001588	GCA_009730155.1	86.905	100.0	3.29e-40	84	ok
smbu06GL001588	GCA_013391145.1	97.619	100.0	4.88e-47	84	ok
smbu06GL001588	GCA_013391165.1	97.619	100.0	4.88e-47	84	ok
smbu06GL001588	GCA_013391185.1	97.619	100.0	4.88e-47	84	ok
smbu06GL001588	GCA_013391205.1	97.619	100.0	4.88e-47	84	ok
smbu06GL001588	GCA_013394325.1	81.081	88.1	4.19e-28	74	ok
smbu06GL001588	GCA_015767715.1	100.000	100.0	6.36e-48	84	ok
smbu06GL001588	GCA_016127235.1	97.619	100.0	4.88e-47	84	ok
smbu06GL001588	GCA_019203145.1	100.000	100.0	6.36e-48	84	ok
smbu06GL001588	GCA_019343125.1	100.000	100.0	6.36e-48	84	ok
smbu06GL001588	GCA_019797905.1	82.432	88.1	9.83e-29	74	ok
smbu06GL001588	GCA_019967715.1	100.000	100.0	6.36e-48	84	ok
smbu06GL001588	GCA_022870765.1	86.905	100.0	9.88e-41	84	ok
smbu06GL001588	GCA_023523715.1	86.905	100.0	9.88e-41	84	ok
smbu06GL001588	GCA_023612275.1	100.000	100.0	6.36e-48	84	ok
smbu06GL001588	GCA_025402795.1	82.432	88.1	9.83e-29	74	ok
smbu06GL001588	GCA_025402855.1	80.952	100.0	2.22e-33	84	ok
smbu06GL001588	GCA_029201225.1	86.905	100.0	9.88e-41	84	ok
smbu06GL001588	GCA_029215545.1	86.905	100.0	9.88e-41	84	ok
smbu06GL001588	GCA_030490365.1	100.000	100.0	6.36e-48	84	ok
smbu06GL001588	GCA_033954875.1	100.000	100.0	6.36e-48	84	ok
smbu06GL001588	GCA_033954895.1	100.000	100.0	6.36e-48	84	ok
smbu06GL001588	GCA_033954915.1	100.000	100.0	6.36e-48	84	ok
smbu06GL001588	GCA_036669985.1	100.000	100.0	6.36e-48	84	ok
smbu06GL001588	GCA_040745045.1	100.000	100.0	6.36e-48	84	ok
smbu06GL001588	GCA_041930275.1	86.905	100.0	3.29e-40	84	ok
smbu06GL001588	GCA_041952535.1	86.905	100.0	3.29e-40	84	ok
smbu06GL001588	GCA_043950735.1	97.619	100.0	4.88e-47	84	ok
smbu06GL001588	GCA_043950745.1	97.619	100.0	4.88e-47	84	ok
smbu06GL001588	GCA_045039055.1	86.905	100.0	3.29e-40	84	ok
smbu06GL001588	GCA_049315065.1	100.000	100.0	6.36e-48	84	ok
smbu06GL001588	GCA_049315075.1	98.810	100.0	1.08e-47	84	ok
smbu06GL001588	GCA_049315085.1	98.810	100.0	1.08e-47	84	ok
smbu06GL001588	GCA_049315095.1	98.810	100.0	1.08e-47	84	ok
smbu06GL001588	GCA_049315105.1	98.810	100.0	1.08e-47	84	ok
smbu06GL001588	GCA_049315115.1	100.000	100.0	6.36e-48	84	ok
smbu06GL001588	GCA_049315125.1	100.000	100.0	6.36e-48	84	ok
smbu06GL001588	GCA_049315135.1	98.810	100.0	1.08e-47	84	ok
smbu06GL001588	GCA_049315145.1	100.000	100.0	6.36e-48	84	ok
smbu06GL001588	GCA_049315155.1	98.810	100.0	1.08e-47	84	ok
smbu06GL001588	GCA_049315165.1	100.000	100.0	6.36e-48	84	ok
smbu06GL001588	GCA_049315175.1	100.000	100.0	6.36e-48	84	ok
smbu06GL001588	GCA_052655065.1	100.000	100.0	6.36e-48	84	ok
smbu06GL001588	GCA_052655335.1	100.000	100.0	6.36e-48	84	ok
smbu06GL001588	GCA_052655665.1	100.000	100.0	6.36e-48	84	ok
smbu06GL001588	GCA_052656575.1	100.000	100.0	6.36e-48	84	ok
smbu06GL001588	GCA_052657825.1	100.000	100.0	6.36e-48	84	ok
smbu06GL001588	GCA_052658005.1	100.000	100.0	6.36e-48	84	ok
smbu06GL001588	GCA_053764515.1	97.619	100.0	5.12e-47	84	ok
smbu06GL001588	GCA_055397705.1	96.970	78.6	2.56e-35	66	ok
smbu06GL001588	GCA_055397995.1	97.619	100.0	4.88e-47	84	ok
smbu06GL001588	GCA_056487485.1	97.619	100.0	5.12e-47	84	ok
smbu06GL001588	GCA_056582645.1	100.000	100.0	6.36e-48	84	ok
smbu06GL001588	GCA_058072705.1	100.000	100.0	6.36e-48	84	ok
smbu06GL001588	GCA_060306215.1	100.000	100.0	6.36e-48	84	ok
smbu06GL001588	GCA_060307205.1	97.619	100.0	4.88e-47	84	ok
smbu06GL001588	GCA_060307225.1	100.000	100.0	6.36e-48	84	ok
smbu06GL001588	GCA_061568495.1	100.000	100.0	6.36e-48	84	ok
smbu06GL001588	GCA_900636615.1	97.619	100.0	4.88e-47	84	ok
smbu06GL001588	GCA_905186115.1	97.619	100.0	4.88e-47	84	ok
smbu06GL001588	GCA_931972305.1	97.619	100.0	5.12e-47	84	ok
smbu06GL001588	GCA_963280925.1	97.619	100.0	4.88e-47	84	ok
smbu06GL001588	GCA_988227945.1	100.000	100.0	6.36e-48	84	ok
smbu06GL001588	GCA_988227985.1	100.000	100.0	6.36e-48	84	ok
smbu06GL001588	GCA_988228025.1	100.000	100.0	6.36e-48	84	ok
smbu06GL001588	GCA_988235375.1	97.619	100.0	3.68e-47	84	ok
smbu06GL001588	GCA_988236725.1	97.619	100.0	3.68e-47	84	ok
smbu06GL001588	GCA_988237225.1	100.000	100.0	6.36e-48	84	ok
smbu06GL001588	GCF_001298485.1	100.000	100.0	6.36e-48	84	ok
smbu06GL001588	GCF_001412695.1	100.000	100.0	6.36e-48	84	ok
smbu06GL001588	GCF_001598635.1	87.500	95.2	1.44e-39	80	ok
smbu06GL001588	GCF_001689055.2	87.500	95.2	1.44e-39	80	ok
smbu06GL001588	GCF_002208945.1	87.500	95.2	1.44e-39	80	ok
smbu06GL001588	GCF_002216705.1	97.619	100.0	5.12e-47	84	ok
smbu06GL001588	GCF_002278015.2	97.619	100.0	4.88e-47	84	ok
smbu06GL001588	GCF_002289045.2	87.500	95.2	1.44e-39	80	ok
smbu06GL001588	GCF_002290025.1	97.619	100.0	3.68e-47	84	ok
smbu06GL001588	GCF_002355755.1	87.500	95.2	1.44e-39	80	ok
smbu06GL001588	GCF_002761555.1	100.000	100.0	6.36e-48	84	ok
smbu06GL001588	GCF_002831505.1	100.000	100.0	6.36e-48	84	ok
smbu06GL001588	GCF_002850515.1	100.000	100.0	6.36e-48	84	ok
smbu06GL001588	GCF_002983785.1	100.000	100.0	6.36e-48	84	ok
smbu06GL001588	GCF_003269465.1	100.000	100.0	6.36e-48	84	ok
smbu06GL001588	GCF_003667965.1	100.000	100.0	6.36e-48	84	ok
smbu06GL001588	GCF_003711125.1	83.784	88.1	2.67e-34	74	ok
smbu06GL001588	GCF_003711605.1	100.000	100.0	6.36e-48	84	ok
smbu06GL001588	GCF_003812665.1	87.500	95.2	1.44e-39	80	ok
smbu06GL001588	GCF_004332055.1	100.000	100.0	6.36e-48	84	ok
smbu06GL001588	GCF_005484525.1	87.500	95.2	1.44e-39	80	ok
smbu06GL001588	GCF_006337145.1	100.000	100.0	6.36e-48	84	ok
smbu06GL001588	GCF_006351785.1	100.000	100.0	6.36e-48	84	ok
smbu06GL001588	GCF_006351845.1	100.000	100.0	6.36e-48	84	ok
smbu06GL001588	GCF_006364815.1	87.500	95.2	1.44e-39	80	ok
smbu06GL001588	GCF_006494835.1	87.500	95.2	1.44e-39	80	ok
smbu06GL001588	GCF_006494855.1	87.500	95.2	1.44e-39	80	ok
smbu06GL001588	GCF_006494875.1	87.500	95.2	1.44e-39	80	ok
smbu06GL001588	GCF_006766145.1	87.500	95.2	1.44e-39	80	ok
smbu06GL001588	GCF_007923665.2	100.000	100.0	6.36e-48	84	ok
smbu06GL001588	GCF_007923785.2	100.000	100.0	6.36e-48	84	ok
smbu06GL001588	GCF_007923865.2	100.000	100.0	6.36e-48	84	ok
smbu06GL001588	GCF_007923885.2	100.000	100.0	6.36e-48	84	ok
smbu06GL001588	GCF_007923905.2	100.000	100.0	6.36e-48	84	ok
smbu06GL001588	GCF_007923925.2	100.000	100.0	6.36e-48	84	ok
smbu06GL001588	GCF_007923945.2	100.000	100.0	6.36e-48	84	ok
smbu06GL001588	GCF_007923965.2	100.000	100.0	6.36e-48	84	ok
smbu06GL001588	GCF_008330605.1	100.000	100.0	6.36e-48	84	ok
smbu06GL001588	GCF_009730155.1	86.905	100.0	3.29e-40	84	ok
smbu06GL001588	GCF_009734005.1	100.000	100.0	6.36e-48	84	ok
smbu06GL001588	GCF_009938075.1	100.000	100.0	6.36e-48	84	ok
smbu06GL001588	GCF_010103655.1	87.500	95.2	1.44e-39	80	ok
smbu06GL001588	GCF_010120755.1	100.000	100.0	6.36e-48	84	ok
smbu06GL001588	GCF_011745645.1	100.000	100.0	6.36e-48	84	ok
smbu06GL001588	GCF_012045365.1	100.000	100.0	6.36e-48	84	ok
smbu06GL001588	GCF_012045505.1	100.000	100.0	6.36e-48	84	ok
smbu06GL001588	GCF_012594215.1	87.500	95.2	1.44e-39	80	ok
smbu06GL001588	GCF_013201055.1	100.000	100.0	6.36e-48	84	ok
smbu06GL001588	GCF_013344625.1	87.500	95.2	1.44e-39	80	ok
smbu06GL001588	GCF_013344645.1	87.500	95.2	1.44e-39	80	ok
smbu06GL001588	GCF_013344665.1	87.500	95.2	1.44e-39	80	ok
smbu06GL001588	GCF_013391145.1	97.619	100.0	4.88e-47	84	ok
smbu06GL001588	GCF_013391165.1	97.619	100.0	4.88e-47	84	ok
smbu06GL001588	GCF_013391185.1	97.619	100.0	4.88e-47	84	ok
smbu06GL001588	GCF_013391205.1	97.619	100.0	4.88e-47	84	ok
smbu06GL001588	GCF_013394325.1	81.081	88.1	4.19e-28	74	ok
smbu06GL001588	GCF_015377765.1	100.000	100.0	6.36e-48	84	ok
smbu06GL001588	GCF_015767695.1	100.000	100.0	6.36e-48	84	ok
smbu06GL001588	GCF_015767715.1	100.000	100.0	6.36e-48	84	ok
smbu06GL001588	GCF_016127235.1	97.619	100.0	4.88e-47	84	ok
smbu06GL001588	GCF_017280035.1	87.500	95.2	1.44e-39	80	ok
smbu06GL001588	GCF_017357805.1	87.500	95.2	1.44e-39	80	ok
smbu06GL001588	GCF_018516845.1	100.000	100.0	6.36e-48	84	ok
smbu06GL001588	GCF_019203145.1	100.000	100.0	6.36e-48	84	ok
smbu06GL001588	GCF_019343125.1	100.000	100.0	6.36e-48	84	ok
smbu06GL001588	GCF_019456555.1	100.000	100.0	6.36e-48	84	ok
smbu06GL001588	GCF_019456575.1	100.000	100.0	6.36e-48	84	ok
smbu06GL001588	GCF_019456595.1	100.000	100.0	6.36e-48	84	ok
smbu06GL001588	GCF_019797905.1	82.432	88.1	9.83e-29	74	ok
smbu06GL001588	GCF_019967715.1	100.000	100.0	6.36e-48	84	ok
smbu06GL001588	GCF_020881975.1	87.500	95.2	1.44e-39	80	ok
smbu06GL001588	GCF_020906605.1	87.500	95.2	1.44e-39	80	ok
smbu06GL001588	GCF_022869705.1	87.500	95.2	1.44e-39	80	ok
smbu06GL001588	GCF_023299785.1	87.500	95.2	1.44e-39	80	ok
smbu06GL001588	GCF_023375505.1	87.500	95.2	1.44e-39	80	ok
smbu06GL001588	GCF_023612035.1	87.500	95.2	1.44e-39	80	ok
smbu06GL001588	GCF_023612275.1	100.000	100.0	6.36e-48	84	ok
smbu06GL001588	GCF_024267595.1	87.500	95.2	1.44e-39	80	ok
smbu06GL001588	GCF_025957845.1	87.500	95.2	1.44e-39	80	ok
smbu06GL001588	GCF_025957925.1	87.500	95.2	1.44e-39	80	ok
smbu06GL001588	GCF_025958025.1	87.500	95.2	1.44e-39	80	ok
smbu06GL001588	GCF_025958065.1	87.500	95.2	1.44e-39	80	ok
smbu06GL001588	GCF_025958085.1	87.500	95.2	1.44e-39	80	ok
smbu06GL001588	GCF_025958625.1	87.500	95.2	1.44e-39	80	ok
smbu06GL001588	GCF_025958845.1	87.500	95.2	1.44e-39	80	ok
smbu06GL001588	GCF_025958885.1	87.500	95.2	1.44e-39	80	ok
smbu06GL001588	GCF_026650885.1	87.500	95.2	1.44e-39	80	ok
smbu06GL001588	GCF_027915235.1	100.000	100.0	6.36e-48	84	ok
smbu06GL001588	GCF_030490365.1	100.000	100.0	6.36e-48	84	ok
smbu06GL001588	GCF_030584585.1	100.000	100.0	6.36e-48	84	ok
smbu06GL001588	GCF_030584605.1	100.000	100.0	6.36e-48	84	ok
smbu06GL001588	GCF_030584685.1	100.000	100.0	6.36e-48	84	ok
smbu06GL001588	GCF_030643745.1	100.000	100.0	6.36e-48	84	ok
smbu06GL001588	GCF_033954875.1	100.000	100.0	6.36e-48	84	ok
smbu06GL001588	GCF_033954895.1	100.000	100.0	6.36e-48	84	ok
smbu06GL001588	GCF_033954915.1	100.000	100.0	6.36e-48	84	ok
smbu06GL001588	GCF_036669985.1	100.000	100.0	6.36e-48	84	ok
smbu06GL001588	GCF_040745045.1	100.000	100.0	6.36e-48	84	ok
smbu06GL001588	GCF_043950735.1	97.619	100.0	4.88e-47	84	ok
smbu06GL001588	GCF_049315065.1	100.000	100.0	6.36e-48	84	ok
smbu06GL001588	GCF_049315075.1	98.810	100.0	1.08e-47	84	ok
smbu06GL001588	GCF_049315085.1	98.810	100.0	1.08e-47	84	ok
smbu06GL001588	GCF_049315095.1	98.810	100.0	1.08e-47	84	ok
smbu06GL001588	GCF_049315105.1	98.810	100.0	1.08e-47	84	ok
smbu06GL001588	GCF_049315115.1	100.000	100.0	6.36e-48	84	ok
smbu06GL001588	GCF_049315125.1	100.000	100.0	6.36e-48	84	ok
smbu06GL001588	GCF_049315135.1	98.810	100.0	1.08e-47	84	ok
smbu06GL001588	GCF_049315145.1	100.000	100.0	6.36e-48	84	ok
smbu06GL001588	GCF_049315155.1	98.810	100.0	1.08e-47	84	ok
smbu06GL001588	GCF_049315165.1	100.000	100.0	6.36e-48	84	ok
smbu06GL001588	GCF_049315175.1	100.000	100.0	6.36e-48	84	ok
smbu06GL001588	GCF_052655065.1	100.000	100.0	6.36e-48	84	ok
smbu06GL001588	GCF_052655335.1	100.000	100.0	6.36e-48	84	ok
smbu06GL001588	GCF_052655665.1	100.000	100.0	6.36e-48	84	ok
smbu06GL001588	GCF_052656575.1	100.000	100.0	6.36e-48	84	ok
smbu06GL001588	GCF_052657825.1	100.000	100.0	6.36e-48	84	ok
smbu06GL001588	GCF_052658005.1	100.000	100.0	6.36e-48	84	ok
smbu06GL001588	GCF_053764515.1	97.619	100.0	5.12e-47	84	ok
smbu06GL001588	GCF_056487465.1	97.619	100.0	5.12e-47	84	ok
smbu06GL001588	GCF_056582645.1	100.000	100.0	6.36e-48	84	ok
smbu06GL001588	GCF_931972305.1	97.619	100.0	5.12e-47	84	ok
smbu06GL001588	GCF_988227945.1	100.000	100.0	6.36e-48	84	ok
smbu06GL001588	GCF_988227985.1	100.000	100.0	6.36e-48	84	ok
smbu06GL001588	GCF_988228025.1	100.000	100.0	6.36e-48	84	ok
smbu06GL001588	L_lactis_14B4	53.659	97.6	9.03e-17	76	ok
smbu06GL001588	L_lactis_IL1403	53.659	97.6	9.03e-17	76	ok
smbu06GL001588	L_lactis_MG1363	53.659	97.6	1.5e-16	76	ok
smbu06GL001588	smbu06_project	100.000	100.0	6.36e-48	84	ok
smbu06GL001588	smbu08_project	100.000	100.0	6.36e-48	84	ok
smbu06GL001723	E_lactis_194	100.000	100.0	0.0	409	ok
smbu06GL001723	GCA_000006865.1	51.750	92.9	1.58e-119	4	rejected
smbu06GL001723	GCA_000157355.2	78.713	98.0	0.0	404	ok
smbu06GL001723	GCA_000344575.1	51.750	92.9	1.58e-119	4	rejected
smbu06GL001723	GCA_000761115.1	51.750	92.9	1.58e-119	4	rejected
smbu06GL001723	GCA_000807375.1	51.750	92.9	1.58e-119	4	rejected
smbu06GL001723	GCA_002216705.1	88.049	100.0	0.0	410	ok
smbu06GL001723	GCA_002278015.2	89.512	100.0	0.0	410	ok
smbu06GL001723	GCA_002290025.1	90.000	100.0	0.0	410	ok
smbu06GL001723	GCA_002804185.1	51.750	92.9	1.58e-119	4	rejected
smbu06GL001723	GCA_002804285.1	51.750	92.9	1.58e-119	4	rejected
smbu06GL001723	GCA_002813755.1	87.775	100.0	0.0	408	ok
smbu06GL001723	GCA_002895225.1	51.750	92.9	1.58e-119	4	rejected
smbu06GL001723	GCA_003711125.1	79.753	98.3	0.0	405	ok
smbu06GL001723	GCA_003722255.1	51.750	92.9	1.58e-119	4	rejected
smbu06GL001723	GCA_005347505.1	79.753	98.3	0.0	405	ok
smbu06GL001723	GCA_009730155.1	80.645	98.0	0.0	402	ok
smbu06GL001723	GCA_013391145.1	89.756	100.0	0.0	410	ok
smbu06GL001723	GCA_013391165.1	89.268	100.0	0.0	410	ok
smbu06GL001723	GCA_013391185.1	89.756	100.0	0.0	410	ok
smbu06GL001723	GCA_013391205.1	89.512	100.0	0.0	410	ok
smbu06GL001723	GCA_013394325.1	79.506	98.3	0.0	405	ok
smbu06GL001723	GCA_015767715.1	100.000	100.0	0.0	409	ok
smbu06GL001723	GCA_016127235.1	89.512	100.0	0.0	410	ok
smbu06GL001723	GCA_019203145.1	100.000	100.0	0.0	409	ok
smbu06GL001723	GCA_019343125.1	100.000	100.0	0.0	409	ok
smbu06GL001723	GCA_019797905.1	79.950	98.0	0.0	404	ok
smbu06GL001723	GCA_019967715.1	100.000	100.0	0.0	409	ok
smbu06GL001723	GCA_022870765.1	78.713	98.0	0.0	404	ok
smbu06GL001723	GCA_023523715.1	78.713	98.0	0.0	404	ok
smbu06GL001723	GCA_023612275.1	100.000	100.0	0.0	409	ok
smbu06GL001723	GCA_025402795.1	79.950	98.0	0.0	404	ok
smbu06GL001723	GCA_025402855.1	79.950	98.0	0.0	404	ok
smbu06GL001723	GCA_029201225.1	78.713	98.0	0.0	404	ok
smbu06GL001723	GCA_029215545.1	78.465	98.0	0.0	404	ok
smbu06GL001723	GCA_030490365.1	100.000	100.0	0.0	409	ok
smbu06GL001723	GCA_033954875.1	100.000	100.0	0.0	409	ok
smbu06GL001723	GCA_033954895.1	100.000	100.0	0.0	409	ok
smbu06GL001723	GCA_033954915.1	100.000	100.0	0.0	409	ok
smbu06GL001723	GCA_036669985.1	100.000	100.0	0.0	409	ok
smbu06GL001723	GCA_040745045.1	100.000	100.0	0.0	409	ok
smbu06GL001723	GCA_041930275.1	80.645	98.0	0.0	402	ok
smbu06GL001723	GCA_041952535.1	80.645	98.0	0.0	402	ok
smbu06GL001723	GCA_043950735.1	89.756	100.0	0.0	410	ok
smbu06GL001723	GCA_043950745.1	89.756	100.0	0.0	410	ok
smbu06GL001723	GCA_045039055.1	80.645	98.0	0.0	402	ok
smbu06GL001723	GCA_049315065.1	100.000	100.0	0.0	409	ok
smbu06GL001723	GCA_049315075.1	89.024	100.0	0.0	410	ok
smbu06GL001723	GCA_049315085.1	89.024	100.0	0.0	410	ok
smbu06GL001723	GCA_049315095.1	89.024	100.0	0.0	410	ok
smbu06GL001723	GCA_049315105.1	89.024	100.0	0.0	410	ok
smbu06GL001723	GCA_049315115.1	100.000	100.0	0.0	409	ok
smbu06GL001723	GCA_049315125.1	100.000	100.0	0.0	409	ok
smbu06GL001723	GCA_049315135.1	89.024	100.0	0.0	410	ok
smbu06GL001723	GCA_049315145.1	100.000	100.0	0.0	409	ok
smbu06GL001723	GCA_049315155.1	89.024	100.0	0.0	410	ok
smbu06GL001723	GCA_049315165.1	100.000	100.0	0.0	409	ok
smbu06GL001723	GCA_049315175.1	100.000	100.0	0.0	409	ok
smbu06GL001723	GCA_052655065.1	100.000	100.0	0.0	409	ok
smbu06GL001723	GCA_052655335.1	100.000	100.0	0.0	409	ok
smbu06GL001723	GCA_052655665.1	99.756	100.0	0.0	409	ok
smbu06GL001723	GCA_052656575.1	100.000	100.0	0.0	409	ok
smbu06GL001723	GCA_052657825.1	100.000	100.0	0.0	409	ok
smbu06GL001723	GCA_052658005.1	100.000	100.0	0.0	409	ok
smbu06GL001723	GCA_053764515.1	88.049	100.0	0.0	410	ok
smbu06GL001723	GCA_055397705.1	94.545	80.7	0.0	314	ok
smbu06GL001723	GCA_055397995.1	89.512	100.0	0.0	410	ok
smbu06GL001723	GCA_056487485.1	88.293	100.0	0.0	410	ok
smbu06GL001723	GCA_056582645.1	100.000	100.0	0.0	409	ok
smbu06GL001723	GCA_058072705.1	100.000	100.0	0.0	409	ok
smbu06GL001723	GCA_060306215.1	100.000	100.0	0.0	409	ok
smbu06GL001723	GCA_060307205.1	89.756	100.0	0.0	410	ok
smbu06GL001723	GCA_060307225.1	100.000	100.0	0.0	409	ok
smbu06GL001723	GCA_061568495.1	100.000	100.0	0.0	409	ok
smbu06GL001723	GCA_900636615.1	89.512	100.0	0.0	410	ok
smbu06GL001723	GCA_905186115.1	89.512	100.0	0.0	410	ok
smbu06GL001723	GCA_931972305.1	87.531	100.0	0.0	408	ok
smbu06GL001723	GCA_963280925.1	89.512	100.0	0.0	410	ok
smbu06GL001723	GCA_988227945.1	100.000	100.0	0.0	409	ok
smbu06GL001723	GCA_988227985.1	100.000	100.0	0.0	409	ok
smbu06GL001723	GCA_988228025.1	100.000	100.0	0.0	409	ok
smbu06GL001723	GCA_988235375.1	90.000	100.0	0.0	410	ok
smbu06GL001723	GCA_988236725.1	90.000	100.0	0.0	410	ok
smbu06GL001723	GCA_988237225.1	100.000	100.0	0.0	409	ok
smbu06GL001723	GCF_001298485.1	99.022	100.0	0.0	409	ok
smbu06GL001723	GCF_001412695.1	99.022	100.0	0.0	409	ok
smbu06GL001723	GCF_001598635.1	81.390	98.3	0.0	403	ok
smbu06GL001723	GCF_001689055.2	81.390	98.3	0.0	403	ok
smbu06GL001723	GCF_002208945.1	81.390	98.3	0.0	403	ok
smbu06GL001723	GCF_002216705.1	88.049	100.0	0.0	410	ok
smbu06GL001723	GCF_002278015.2	89.512	100.0	0.0	410	ok
smbu06GL001723	GCF_002289045.2	81.638	98.3	0.0	403	ok
smbu06GL001723	GCF_002290025.1	90.000	100.0	0.0	410	ok
smbu06GL001723	GCF_002355755.1	81.638	98.3	0.0	403	ok
smbu06GL001723	GCF_002761555.1	98.778	100.0	0.0	409	ok
smbu06GL001723	GCF_002831505.1	99.022	100.0	0.0	409	ok
smbu06GL001723	GCF_002850515.1	99.022	100.0	0.0	409	ok
smbu06GL001723	GCF_002983785.1	99.022	100.0	0.0	409	ok
smbu06GL001723	GCF_003269465.1	99.511	100.0	0.0	409	ok
smbu06GL001723	GCF_003667965.1	100.000	100.0	0.0	409	ok
smbu06GL001723	GCF_003711125.1	79.753	98.3	0.0	405	ok
smbu06GL001723	GCF_003711605.1	100.000	100.0	0.0	409	ok
smbu06GL001723	GCF_003812665.1	81.638	98.3	0.0	403	ok
smbu06GL001723	GCF_004332055.1	98.778	100.0	0.0	409	ok
smbu06GL001723	GCF_005484525.1	81.638	98.3	0.0	403	ok
smbu06GL001723	GCF_006337145.1	100.000	100.0	0.0	409	ok
smbu06GL001723	GCF_006351785.1	99.022	100.0	0.0	409	ok
smbu06GL001723	GCF_006351845.1	99.022	100.0	0.0	409	ok
smbu06GL001723	GCF_006364815.1	81.638	98.3	0.0	403	ok
smbu06GL001723	GCF_006494835.1	81.638	98.3	0.0	403	ok
smbu06GL001723	GCF_006494855.1	81.638	98.3	0.0	403	ok
smbu06GL001723	GCF_006494875.1	81.638	98.3	0.0	403	ok
smbu06GL001723	GCF_006766145.1	81.638	98.3	0.0	403	ok
smbu06GL001723	GCF_007923665.2	98.778	100.0	0.0	409	ok
smbu06GL001723	GCF_007923785.2	99.022	100.0	0.0	409	ok
smbu06GL001723	GCF_007923865.2	99.022	100.0	0.0	409	ok
smbu06GL001723	GCF_007923885.2	98.778	100.0	0.0	409	ok
smbu06GL001723	GCF_007923905.2	99.022	100.0	0.0	409	ok
smbu06GL001723	GCF_007923925.2	99.022	100.0	0.0	409	ok
smbu06GL001723	GCF_007923945.2	99.022	100.0	0.0	409	ok
smbu06GL001723	GCF_007923965.2	99.022	100.0	0.0	409	ok
smbu06GL001723	GCF_008330605.1	100.000	100.0	0.0	409	ok
smbu06GL001723	GCF_009730155.1	80.645	98.0	0.0	402	ok
smbu06GL001723	GCF_009734005.1	99.022	100.0	0.0	409	ok
smbu06GL001723	GCF_009938075.1	99.022	100.0	0.0	409	ok
smbu06GL001723	GCF_010103655.1	81.638	98.3	0.0	403	ok
smbu06GL001723	GCF_010120755.1	99.022	100.0	0.0	409	ok
smbu06GL001723	GCF_011745645.1	100.000	100.0	0.0	409	ok
smbu06GL001723	GCF_012045365.1	99.756	100.0	0.0	409	ok
smbu06GL001723	GCF_012045505.1	99.756	100.0	0.0	409	ok
smbu06GL001723	GCF_012594215.1	81.638	98.3	0.0	403	ok
smbu06GL001723	GCF_013201055.1	100.000	100.0	0.0	409	ok
smbu06GL001723	GCF_013344625.1	81.638	98.3	0.0	403	ok
smbu06GL001723	GCF_013344645.1	81.638	98.3	0.0	403	ok
smbu06GL001723	GCF_013344665.1	81.638	98.3	0.0	403	ok
smbu06GL001723	GCF_013391145.1	89.756	100.0	0.0	410	ok
smbu06GL001723	GCF_013391165.1	89.268	100.0	0.0	410	ok
smbu06GL001723	GCF_013391185.1	89.756	100.0	0.0	410	ok
smbu06GL001723	GCF_013391205.1	89.512	100.0	0.0	410	ok
smbu06GL001723	GCF_013394325.1	79.506	98.3	0.0	405	ok
smbu06GL001723	GCF_015377765.1	100.000	100.0	0.0	409	ok
smbu06GL001723	GCF_015767695.1	97.555	100.0	0.0	403	ok
smbu06GL001723	GCF_015767715.1	100.000	100.0	0.0	409	ok
smbu06GL001723	GCF_016127235.1	89.512	100.0	0.0	410	ok
smbu06GL001723	GCF_017280035.1	81.390	98.3	0.0	403	ok
smbu06GL001723	GCF_017357805.1	81.638	98.3	0.0	403	ok
smbu06GL001723	GCF_018516845.1	99.022	100.0	0.0	409	ok
smbu06GL001723	GCF_019203145.1	100.000	100.0	0.0	409	ok
smbu06GL001723	GCF_019343125.1	100.000	100.0	0.0	409	ok
smbu06GL001723	GCF_019456555.1	98.778	100.0	0.0	409	ok
smbu06GL001723	GCF_019456575.1	98.778	100.0	0.0	409	ok
smbu06GL001723	GCF_019456595.1	98.778	100.0	0.0	409	ok
smbu06GL001723	GCF_019797905.1	79.950	98.0	0.0	404	ok
smbu06GL001723	GCF_019967715.1	100.000	100.0	0.0	409	ok
smbu06GL001723	GCF_020881975.1	81.390	98.3	0.0	403	ok
smbu06GL001723	GCF_020906605.1	81.390	98.3	0.0	403	ok
smbu06GL001723	GCF_022869705.1	81.390	98.3	0.0	403	ok
smbu06GL001723	GCF_023299785.1	81.638	98.3	0.0	403	ok
smbu06GL001723	GCF_023375505.1	81.638	98.3	0.0	403	ok
smbu06GL001723	GCF_023612035.1	81.638	98.3	0.0	403	ok
smbu06GL001723	GCF_023612275.1	100.000	100.0	0.0	409	ok
smbu06GL001723	GCF_024267595.1	81.638	98.3	0.0	403	ok
smbu06GL001723	GCF_025957845.1	81.638	98.3	0.0	403	ok
smbu06GL001723	GCF_025957925.1	81.638	98.3	0.0	403	ok
smbu06GL001723	GCF_025958025.1	81.638	98.3	0.0	403	ok
smbu06GL001723	GCF_025958065.1	81.390	98.3	0.0	403	ok
smbu06GL001723	GCF_025958085.1	81.390	98.3	0.0	403	ok
smbu06GL001723	GCF_025958625.1	81.638	98.3	0.0	403	ok
smbu06GL001723	GCF_025958845.1	81.638	98.3	0.0	403	ok
smbu06GL001723	GCF_025958885.1	81.638	98.3	0.0	403	ok
smbu06GL001723	GCF_026650885.1	81.638	98.3	0.0	403	ok
smbu06GL001723	GCF_027915235.1	100.000	100.0	0.0	409	ok
smbu06GL001723	GCF_030490365.1	100.000	100.0	0.0	409	ok
smbu06GL001723	GCF_030584585.1	99.022	100.0	0.0	409	ok
smbu06GL001723	GCF_030584605.1	99.022	100.0	0.0	409	ok
smbu06GL001723	GCF_030584685.1	99.022	100.0	0.0	409	ok
smbu06GL001723	GCF_030643745.1	100.000	100.0	0.0	409	ok
smbu06GL001723	GCF_033954875.1	100.000	100.0	0.0	409	ok
smbu06GL001723	GCF_033954895.1	100.000	100.0	0.0	409	ok
smbu06GL001723	GCF_033954915.1	100.000	100.0	0.0	409	ok
smbu06GL001723	GCF_036669985.1	100.000	100.0	0.0	409	ok
smbu06GL001723	GCF_040745045.1	100.000	100.0	0.0	409	ok
smbu06GL001723	GCF_043950735.1	89.756	100.0	0.0	410	ok
smbu06GL001723	GCF_049315065.1	100.000	100.0	0.0	409	ok
smbu06GL001723	GCF_049315075.1	89.024	100.0	0.0	410	ok
smbu06GL001723	GCF_049315085.1	89.024	100.0	0.0	410	ok
smbu06GL001723	GCF_049315095.1	89.024	100.0	0.0	410	ok
smbu06GL001723	GCF_049315105.1	89.024	100.0	0.0	410	ok
smbu06GL001723	GCF_049315115.1	100.000	100.0	0.0	409	ok
smbu06GL001723	GCF_049315125.1	100.000	100.0	0.0	409	ok
smbu06GL001723	GCF_049315135.1	89.024	100.0	0.0	410	ok
smbu06GL001723	GCF_049315145.1	100.000	100.0	0.0	409	ok
smbu06GL001723	GCF_049315155.1	89.024	100.0	0.0	410	ok
smbu06GL001723	GCF_049315165.1	100.000	100.0	0.0	409	ok
smbu06GL001723	GCF_049315175.1	100.000	100.0	0.0	409	ok
smbu06GL001723	GCF_052655065.1	100.000	100.0	0.0	409	ok
smbu06GL001723	GCF_052655335.1	100.000	100.0	0.0	409	ok
smbu06GL001723	GCF_052655665.1	99.756	100.0	0.0	409	ok
smbu06GL001723	GCF_052656575.1	100.000	100.0	0.0	409	ok
smbu06GL001723	GCF_052657825.1	100.000	100.0	0.0	409	ok
smbu06GL001723	GCF_052658005.1	100.000	100.0	0.0	409	ok
smbu06GL001723	GCF_053764515.1	88.049	100.0	0.0	410	ok
smbu06GL001723	GCF_056487465.1	88.293	100.0	0.0	410	ok
smbu06GL001723	GCF_056582645.1	100.000	100.0	0.0	409	ok
smbu06GL001723	GCF_931972305.1	87.531	100.0	0.0	408	ok
smbu06GL001723	GCF_988227945.1	100.000	100.0	0.0	409	ok
smbu06GL001723	GCF_988227985.1	100.000	100.0	0.0	409	ok
smbu06GL001723	GCF_988228025.1	100.000	100.0	0.0	409	ok
smbu06GL001723	L_lactis_14B4	51.750	92.9	1.58e-119	4	rejected
smbu06GL001723	L_lactis_IL1403	51.750	92.9	1.58e-119	4	rejected
smbu06GL001723	L_lactis_MG1363	51.750	92.9	1.58e-119	4	rejected
smbu06GL001723	smbu06_project	100.000	100.0	0.0	409	ok
smbu06GL001723	smbu08_project	100.000	100.0	0.0	409	ok
smbu06GL001750	E_lactis_194	100.000	100.0	0.0	395	ok
smbu06GL001750	GCA_000006865.1	84.557	100.0	0.0	395	ok
smbu06GL001750	GCA_000157355.2	94.162	99.7	0.0	394	ok
smbu06GL001750	GCA_000344575.1	84.557	100.0	0.0	395	ok
smbu06GL001750	GCA_000761115.1	84.557	100.0	0.0	395	ok
smbu06GL001750	GCA_000807375.1	84.557	100.0	0.0	395	ok
smbu06GL001750	GCA_002216705.1	94.684	100.0	0.0	395	ok
smbu06GL001750	GCA_002278015.2	97.468	100.0	0.0	395	ok
smbu06GL001750	GCA_002290025.1	97.468	100.0	0.0	395	ok
smbu06GL001750	GCA_002804185.1	84.557	100.0	0.0	395	ok
smbu06GL001750	GCA_002804285.1	84.557	100.0	0.0	395	ok
smbu06GL001750	GCA_002813755.1	94.684	100.0	0.0	395	ok
smbu06GL001750	GCA_002895225.1	84.557	100.0	0.0	395	ok
smbu06GL001750	GCA_003711125.1	93.924	100.0	0.0	395	ok
smbu06GL001750	GCA_003722255.1	84.557	100.0	0.0	395	ok
smbu06GL001750	GCA_005347505.1	93.924	100.0	0.0	395	ok
smbu06GL001750	GCA_009730155.1	95.939	99.7	0.0	394	ok
smbu06GL001750	GCA_013391145.1	97.468	100.0	0.0	395	ok
smbu06GL001750	GCA_013391165.1	97.468	100.0	0.0	395	ok
smbu06GL001750	GCA_013391185.1	97.468	100.0	0.0	395	ok
smbu06GL001750	GCA_013391205.1	97.215	100.0	0.0	395	ok
smbu06GL001750	GCA_013394325.1	93.401	99.7	0.0	394	ok
smbu06GL001750	GCA_015767715.1	100.000	100.0	0.0	395	ok
smbu06GL001750	GCA_016127235.1	97.468	100.0	0.0	395	ok
smbu06GL001750	GCA_019203145.1	100.000	100.0	0.0	395	ok
smbu06GL001750	GCA_019343125.1	100.000	100.0	0.0	395	ok
smbu06GL001750	GCA_019797905.1	94.430	100.0	0.0	395	ok
smbu06GL001750	GCA_019967715.1	100.000	100.0	0.0	395	ok
smbu06GL001750	GCA_022870765.1	93.909	99.7	0.0	394	ok
smbu06GL001750	GCA_023523715.1	94.162	99.7	0.0	394	ok
smbu06GL001750	GCA_023612275.1	99.747	100.0	0.0	395	ok
smbu06GL001750	GCA_025402795.1	94.430	100.0	0.0	395	ok
smbu06GL001750	GCA_025402855.1	94.430	100.0	0.0	395	ok
smbu06GL001750	GCA_029201225.1	93.909	99.7	0.0	394	ok
smbu06GL001750	GCA_029215545.1	93.909	99.7	0.0	394	ok
smbu06GL001750	GCA_030490365.1	100.000	100.0	0.0	395	ok
smbu06GL001750	GCA_033954875.1	100.000	100.0	0.0	395	ok
smbu06GL001750	GCA_033954895.1	99.747	100.0	0.0	395	ok
smbu06GL001750	GCA_033954915.1	99.747	100.0	0.0	395	ok
smbu06GL001750	GCA_036669985.1	99.747	100.0	0.0	395	ok
smbu06GL001750	GCA_040745045.1	100.000	100.0	0.0	395	ok
smbu06GL001750	GCA_041930275.1	95.939	99.7	0.0	394	ok
smbu06GL001750	GCA_041952535.1	95.939	99.7	0.0	394	ok
smbu06GL001750	GCA_043950735.1	97.468	100.0	0.0	395	ok
smbu06GL001750	GCA_043950745.1	97.468	100.0	0.0	395	ok
smbu06GL001750	GCA_045039055.1	95.939	99.7	0.0	394	ok
smbu06GL001750	GCA_049315065.1	100.000	100.0	0.0	395	ok
smbu06GL001750	GCA_049315075.1	97.468	100.0	0.0	395	ok
smbu06GL001750	GCA_049315085.1	97.722	100.0	0.0	395	ok
smbu06GL001750	GCA_049315095.1	97.722	100.0	0.0	395	ok
smbu06GL001750	GCA_049315105.1	97.722	100.0	0.0	395	ok
smbu06GL001750	GCA_049315115.1	100.000	100.0	0.0	395	ok
smbu06GL001750	GCA_049315125.1	100.000	100.0	0.0	395	ok
smbu06GL001750	GCA_049315135.1	97.722	100.0	0.0	395	ok
smbu06GL001750	GCA_049315145.1	100.000	100.0	0.0	395	ok
smbu06GL001750	GCA_049315155.1	97.468	100.0	0.0	395	ok
smbu06GL001750	GCA_049315165.1	100.000	100.0	0.0	395	ok
smbu06GL001750	GCA_049315175.1	100.000	100.0	0.0	395	ok
smbu06GL001750	GCA_052655065.1	100.000	100.0	0.0	395	ok
smbu06GL001750	GCA_052655335.1	100.000	100.0	0.0	395	ok
smbu06GL001750	GCA_052655665.1	100.000	100.0	0.0	395	ok
smbu06GL001750	GCA_052656575.1	100.000	100.0	0.0	395	ok
smbu06GL001750	GCA_052657825.1	100.000	100.0	0.0	395	ok
smbu06GL001750	GCA_052658005.1	100.000	100.0	0.0	395	ok
smbu06GL001750	GCA_053764515.1	94.684	100.0	0.0	395	ok
smbu06GL001750	GCA_055397705.1	97.854	59.0	0.0	4	rejected
smbu06GL001750	GCA_055397995.1	97.468	100.0	0.0	395	ok
smbu06GL001750	GCA_056487485.1	95.190	100.0	0.0	395	ok
smbu06GL001750	GCA_056582645.1	100.000	100.0	0.0	395	ok
smbu06GL001750	GCA_058072705.1	99.747	100.0	0.0	395	ok
smbu06GL001750	GCA_060306215.1	100.000	100.0	0.0	395	ok
smbu06GL001750	GCA_060307205.1	97.468	100.0	0.0	395	ok
smbu06GL001750	GCA_060307225.1	100.000	100.0	0.0	395	ok
smbu06GL001750	GCA_061568495.1	100.000	100.0	0.0	395	ok
smbu06GL001750	GCA_900636615.1	97.468	100.0	0.0	395	ok
smbu06GL001750	GCA_905186115.1	97.468	100.0	0.0	395	ok
smbu06GL001750	GCA_931972305.1	94.684	100.0	0.0	395	ok
smbu06GL001750	GCA_963280925.1	97.215	100.0	0.0	395	ok
smbu06GL001750	GCA_988227945.1	100.000	100.0	0.0	395	ok
smbu06GL001750	GCA_988227985.1	100.000	100.0	0.0	395	ok
smbu06GL001750	GCA_988228025.1	100.000	100.0	0.0	395	ok
smbu06GL001750	GCA_988235375.1	97.468	100.0	0.0	395	ok
smbu06GL001750	GCA_988236725.1	97.468	100.0	0.0	395	ok
smbu06GL001750	GCA_988237225.1	100.000	100.0	0.0	395	ok
smbu06GL001750	GCF_001298485.1	100.000	100.0	0.0	395	ok
smbu06GL001750	GCF_001412695.1	100.000	100.0	0.0	395	ok
smbu06GL001750	GCF_001598635.1	81.170	99.5	0.0	393	ok
smbu06GL001750	GCF_001689055.2	81.170	99.5	0.0	393	ok
smbu06GL001750	GCF_002208945.1	81.170	99.5	0.0	393	ok
smbu06GL001750	GCF_002216705.1	94.684	100.0	0.0	395	ok
smbu06GL001750	GCF_002278015.2	97.468	100.0	0.0	395	ok
smbu06GL001750	GCF_002289045.2	81.170	99.5	0.0	393	ok
smbu06GL001750	GCF_002290025.1	97.468	100.0	0.0	395	ok
smbu06GL001750	GCF_002355755.1	81.170	99.5	0.0	393	ok
smbu06GL001750	GCF_002761555.1	100.000	100.0	0.0	395	ok
smbu06GL001750	GCF_002831505.1	100.000	100.0	0.0	395	ok
smbu06GL001750	GCF_002850515.1	100.000	100.0	0.0	395	ok
smbu06GL001750	GCF_002983785.1	100.000	100.0	0.0	395	ok
smbu06GL001750	GCF_003269465.1	99.747	100.0	0.0	395	ok
smbu06GL001750	GCF_003667965.1	99.747	100.0	0.0	395	ok
smbu06GL001750	GCF_003711125.1	93.924	100.0	0.0	395	ok
smbu06GL001750	GCF_003711605.1	100.000	100.0	0.0	395	ok
smbu06GL001750	GCF_003812665.1	81.170	99.5	0.0	393	ok
smbu06GL001750	GCF_004332055.1	99.747	100.0	0.0	395	ok
smbu06GL001750	GCF_005484525.1	81.170	99.5	0.0	393	ok
smbu06GL001750	GCF_006337145.1	100.000	100.0	0.0	395	ok
smbu06GL001750	GCF_006351785.1	100.000	100.0	0.0	395	ok
smbu06GL001750	GCF_006351845.1	100.000	100.0	0.0	395	ok
smbu06GL001750	GCF_006364815.1	81.170	99.5	0.0	393	ok
smbu06GL001750	GCF_006494835.1	81.170	99.5	0.0	393	ok
smbu06GL001750	GCF_006494855.1	81.170	99.5	0.0	393	ok
smbu06GL001750	GCF_006494875.1	81.170	99.5	0.0	393	ok
smbu06GL001750	GCF_006766145.1	81.170	99.5	0.0	393	ok
smbu06GL001750	GCF_007923665.2	100.000	100.0	0.0	395	ok
smbu06GL001750	GCF_007923785.2	100.000	100.0	0.0	395	ok
smbu06GL001750	GCF_007923865.2	100.000	100.0	0.0	395	ok
smbu06GL001750	GCF_007923885.2	100.000	100.0	0.0	395	ok
smbu06GL001750	GCF_007923905.2	100.000	100.0	0.0	395	ok
smbu06GL001750	GCF_007923925.2	100.000	100.0	0.0	395	ok
smbu06GL001750	GCF_007923945.2	100.000	100.0	0.0	395	ok
smbu06GL001750	GCF_007923965.2	100.000	100.0	0.0	395	ok
smbu06GL001750	GCF_008330605.1	100.000	100.0	0.0	395	ok
smbu06GL001750	GCF_009730155.1	95.939	99.7	0.0	394	ok
smbu06GL001750	GCF_009734005.1	100.000	100.0	0.0	395	ok
smbu06GL001750	GCF_009938075.1	100.000	100.0	0.0	395	ok
smbu06GL001750	GCF_010103655.1	81.170	99.5	0.0	393	ok
smbu06GL001750	GCF_010120755.1	100.000	100.0	0.0	395	ok
smbu06GL001750	GCF_011745645.1	100.000	100.0	0.0	395	ok
smbu06GL001750	GCF_012045365.1	100.000	100.0	0.0	395	ok
smbu06GL001750	GCF_012045505.1	100.000	100.0	0.0	395	ok
smbu06GL001750	GCF_012594215.1	81.170	99.5	0.0	393	ok
smbu06GL001750	GCF_013201055.1	100.000	100.0	0.0	395	ok
smbu06GL001750	GCF_013344625.1	81.170	99.5	0.0	393	ok
smbu06GL001750	GCF_013344645.1	81.170	99.5	0.0	393	ok
smbu06GL001750	GCF_013344665.1	81.170	99.5	0.0	393	ok
smbu06GL001750	GCF_013391145.1	97.468	100.0	0.0	395	ok
smbu06GL001750	GCF_013391165.1	97.468	100.0	0.0	395	ok
smbu06GL001750	GCF_013391185.1	97.468	100.0	0.0	395	ok
smbu06GL001750	GCF_013391205.1	97.215	100.0	0.0	395	ok
smbu06GL001750	GCF_013394325.1	93.401	99.7	0.0	394	ok
smbu06GL001750	GCF_015377765.1	99.747	100.0	0.0	395	ok
smbu06GL001750	GCF_015767695.1	100.000	100.0	0.0	395	ok
smbu06GL001750	GCF_015767715.1	100.000	100.0	0.0	395	ok
smbu06GL001750	GCF_016127235.1	97.468	100.0	0.0	395	ok
smbu06GL001750	GCF_017280035.1	81.170	99.5	0.0	393	ok
smbu06GL001750	GCF_017357805.1	81.170	99.5	0.0	393	ok
smbu06GL001750	GCF_018516845.1	100.000	100.0	0.0	395	ok
smbu06GL001750	GCF_019203145.1	100.000	100.0	0.0	395	ok
smbu06GL001750	GCF_019343125.1	100.000	100.0	0.0	395	ok
smbu06GL001750	GCF_019456555.1	100.000	100.0	0.0	395	ok
smbu06GL001750	GCF_019456575.1	100.000	100.0	0.0	395	ok
smbu06GL001750	GCF_019456595.1	100.000	100.0	0.0	395	ok
smbu06GL001750	GCF_019797905.1	94.430	100.0	0.0	395	ok
smbu06GL001750	GCF_019967715.1	100.000	100.0	0.0	395	ok
smbu06GL001750	GCF_020881975.1	81.170	99.5	0.0	393	ok
smbu06GL001750	GCF_020906605.1	81.170	99.5	0.0	393	ok
smbu06GL001750	GCF_022869705.1	81.170	99.5	0.0	393	ok
smbu06GL001750	GCF_023299785.1	81.170	99.5	0.0	393	ok
smbu06GL001750	GCF_023375505.1	81.170	99.5	0.0	393	ok
smbu06GL001750	GCF_023612035.1	81.170	99.5	0.0	393	ok
smbu06GL001750	GCF_023612275.1	99.747	100.0	0.0	395	ok
smbu06GL001750	GCF_024267595.1	81.170	99.5	0.0	393	ok
smbu06GL001750	GCF_025957845.1	81.170	99.5	0.0	393	ok
smbu06GL001750	GCF_025957925.1	81.170	99.5	0.0	393	ok
smbu06GL001750	GCF_025958025.1	81.170	99.5	0.0	393	ok
smbu06GL001750	GCF_025958065.1	81.170	99.5	0.0	393	ok
smbu06GL001750	GCF_025958085.1	81.170	99.5	0.0	393	ok
smbu06GL001750	GCF_025958625.1	81.170	99.5	0.0	393	ok
smbu06GL001750	GCF_025958845.1	81.170	99.5	0.0	393	ok
smbu06GL001750	GCF_025958885.1	81.170	99.5	0.0	393	ok
smbu06GL001750	GCF_026650885.1	81.170	99.5	0.0	393	ok
smbu06GL001750	GCF_027915235.1	100.000	100.0	0.0	395	ok
smbu06GL001750	GCF_030490365.1	100.000	100.0	0.0	395	ok
smbu06GL001750	GCF_030584585.1	100.000	100.0	0.0	395	ok
smbu06GL001750	GCF_030584605.1	100.000	100.0	0.0	395	ok
smbu06GL001750	GCF_030584685.1	100.000	100.0	0.0	395	ok
smbu06GL001750	GCF_030643745.1	100.000	100.0	0.0	395	ok
smbu06GL001750	GCF_033954875.1	100.000	100.0	0.0	395	ok
smbu06GL001750	GCF_033954895.1	99.747	100.0	0.0	395	ok
smbu06GL001750	GCF_033954915.1	99.747	100.0	0.0	395	ok
smbu06GL001750	GCF_036669985.1	99.747	100.0	0.0	395	ok
smbu06GL001750	GCF_040745045.1	100.000	100.0	0.0	395	ok
smbu06GL001750	GCF_043950735.1	97.468	100.0	0.0	395	ok
smbu06GL001750	GCF_049315065.1	100.000	100.0	0.0	395	ok
smbu06GL001750	GCF_049315075.1	97.468	100.0	0.0	395	ok
smbu06GL001750	GCF_049315085.1	97.722	100.0	0.0	395	ok
smbu06GL001750	GCF_049315095.1	97.722	100.0	0.0	395	ok
smbu06GL001750	GCF_049315105.1	97.722	100.0	0.0	395	ok
smbu06GL001750	GCF_049315115.1	100.000	100.0	0.0	395	ok
smbu06GL001750	GCF_049315125.1	100.000	100.0	0.0	395	ok
smbu06GL001750	GCF_049315135.1	97.722	100.0	0.0	395	ok
smbu06GL001750	GCF_049315145.1	100.000	100.0	0.0	395	ok
smbu06GL001750	GCF_049315155.1	97.468	100.0	0.0	395	ok
smbu06GL001750	GCF_049315165.1	100.000	100.0	0.0	395	ok
smbu06GL001750	GCF_049315175.1	100.000	100.0	0.0	395	ok
smbu06GL001750	GCF_052655065.1	100.000	100.0	0.0	395	ok
smbu06GL001750	GCF_052655335.1	100.000	100.0	0.0	395	ok
smbu06GL001750	GCF_052655665.1	100.000	100.0	0.0	395	ok
smbu06GL001750	GCF_052656575.1	100.000	100.0	0.0	395	ok
smbu06GL001750	GCF_052657825.1	100.000	100.0	0.0	395	ok
smbu06GL001750	GCF_052658005.1	100.000	100.0	0.0	395	ok
smbu06GL001750	GCF_053764515.1	94.684	100.0	0.0	395	ok
smbu06GL001750	GCF_056487465.1	95.190	100.0	0.0	395	ok
smbu06GL001750	GCF_056582645.1	100.000	100.0	0.0	395	ok
smbu06GL001750	GCF_931972305.1	94.684	100.0	0.0	395	ok
smbu06GL001750	GCF_988227945.1	100.000	100.0	0.0	395	ok
smbu06GL001750	GCF_988227985.1	100.000	100.0	0.0	395	ok
smbu06GL001750	GCF_988228025.1	100.000	100.0	0.0	395	ok
smbu06GL001750	L_lactis_14B4	84.557	100.0	0.0	395	ok
smbu06GL001750	L_lactis_IL1403	84.557	100.0	0.0	395	ok
smbu06GL001750	L_lactis_MG1363	84.557	100.0	0.0	395	ok
smbu06GL001750	smbu06_project	100.000	100.0	0.0	395	ok
smbu06GL001750	smbu08_project	100.000	100.0	0.0	395	ok
smbu06GL001817	E_lactis_194	100.000	100.0	1.06e-33	59	ok
smbu06GL001817	GCA_000157355.2	88.136	100.0	2.28e-29	59	ok
smbu06GL001817	GCA_002216705.1	98.305	100.0	4.6e-33	59	ok
smbu06GL001817	GCA_002278015.2	98.305	100.0	9.27e-33	59	ok
smbu06GL001817	GCA_002290025.1	98.305	100.0	3.37e-33	59	ok
smbu06GL001817	GCA_002813755.1	98.305	100.0	4.6e-33	59	ok
smbu06GL001817	GCA_003711125.1	96.610	100.0	2.06e-32	59	ok
smbu06GL001817	GCA_005347505.1	96.610	100.0	2.06e-32	59	ok
smbu06GL001817	GCA_009730155.1	89.831	100.0	6.82e-30	59	ok
smbu06GL001817	GCA_013391145.1	98.305	100.0	9.27e-33	59	ok
smbu06GL001817	GCA_013391165.1	98.305	100.0	9.27e-33	59	ok
smbu06GL001817	GCA_013391185.1	98.305	100.0	9.27e-33	59	ok
smbu06GL001817	GCA_013391205.1	98.305	100.0	9.27e-33	59	ok
smbu06GL001817	GCA_013394325.1	96.610	100.0	2.06e-32	59	ok
smbu06GL001817	GCA_015767715.1	100.000	100.0	1.06e-33	59	ok
smbu06GL001817	GCA_016127235.1	98.305	100.0	9.27e-33	59	ok
smbu06GL001817	GCA_019203145.1	100.000	100.0	1.06e-33	59	ok
smbu06GL001817	GCA_019343125.1	100.000	100.0	1.06e-33	59	ok
smbu06GL001817	GCA_019797905.1	96.610	100.0	2.06e-32	59	ok
smbu06GL001817	GCA_019967715.1	100.000	100.0	1.06e-33	59	ok
smbu06GL001817	GCA_022870765.1	88.136	100.0	2.28e-29	59	ok
smbu06GL001817	GCA_023523715.1	88.136	100.0	2.28e-29	59	ok
smbu06GL001817	GCA_023612275.1	100.000	100.0	1.06e-33	59	ok
smbu06GL001817	GCA_025402795.1	96.610	100.0	2.06e-32	59	ok
smbu06GL001817	GCA_025402855.1	96.610	100.0	2.06e-32	59	ok
smbu06GL001817	GCA_029201225.1	88.136	100.0	2.28e-29	59	ok
smbu06GL001817	GCA_029215545.1	88.136	100.0	2.28e-29	59	ok
smbu06GL001817	GCA_030490365.1	100.000	100.0	1.06e-33	59	ok
smbu06GL001817	GCA_033954875.1	100.000	100.0	1.06e-33	59	ok
smbu06GL001817	GCA_033954895.1	100.000	100.0	1.06e-33	59	ok
smbu06GL001817	GCA_033954915.1	100.000	100.0	1.06e-33	59	ok
smbu06GL001817	GCA_036669985.1	100.000	100.0	1.06e-33	59	ok
smbu06GL001817	GCA_040745045.1	100.000	100.0	1.06e-33	59	ok
smbu06GL001817	GCA_041930275.1	89.831	100.0	6.82e-30	59	ok
smbu06GL001817	GCA_041952535.1	89.831	100.0	6.82e-30	59	ok
smbu06GL001817	GCA_043950735.1	98.305	100.0	9.27e-33	59	ok
smbu06GL001817	GCA_043950745.1	98.305	100.0	9.27e-33	59	ok
smbu06GL001817	GCA_045039055.1	89.831	100.0	6.82e-30	59	ok
smbu06GL001817	GCA_049315065.1	100.000	100.0	1.06e-33	59	ok
smbu06GL001817	GCA_049315075.1	100.000	100.0	1.05e-33	59	ok
smbu06GL001817	GCA_049315085.1	100.000	100.0	1.05e-33	59	ok
smbu06GL001817	GCA_049315095.1	100.000	100.0	1.05e-33	59	ok
smbu06GL001817	GCA_049315105.1	100.000	100.0	1.05e-33	59	ok
smbu06GL001817	GCA_049315115.1	100.000	100.0	1.06e-33	59	ok
smbu06GL001817	GCA_049315125.1	100.000	100.0	1.06e-33	59	ok
smbu06GL001817	GCA_049315135.1	100.000	100.0	1.05e-33	59	ok
smbu06GL001817	GCA_049315145.1	100.000	100.0	1.06e-33	59	ok
smbu06GL001817	GCA_049315155.1	100.000	100.0	1.05e-33	59	ok
smbu06GL001817	GCA_049315165.1	100.000	100.0	1.06e-33	59	ok
smbu06GL001817	GCA_049315175.1	100.000	100.0	1.06e-33	59	ok
smbu06GL001817	GCA_052655065.1	100.000	100.0	1.06e-33	59	ok
smbu06GL001817	GCA_052655335.1	100.000	100.0	1.06e-33	59	ok
smbu06GL001817	GCA_052655665.1	100.000	100.0	1.06e-33	59	ok
smbu06GL001817	GCA_052656575.1	100.000	100.0	1.06e-33	59	ok
smbu06GL001817	GCA_052657825.1	100.000	100.0	1.06e-33	59	ok
smbu06GL001817	GCA_052658005.1	100.000	100.0	1.06e-33	59	ok
smbu06GL001817	GCA_053764515.1	98.305	100.0	4.6e-33	59	ok
smbu06GL001817	GCA_055397705.1	91.304	78.0	1.33e-20	14	ok
smbu06GL001817	GCA_055397995.1	98.305	100.0	9.27e-33	59	ok
smbu06GL001817	GCA_056487485.1	97.436	66.1	2.49e-18	39	ok
smbu06GL001817	GCA_056582645.1	100.000	100.0	1.06e-33	59	ok
smbu06GL001817	GCA_058072705.1	100.000	100.0	1.06e-33	59	ok
smbu06GL001817	GCA_060306215.1	100.000	100.0	1.06e-33	59	ok
smbu06GL001817	GCA_060307205.1	98.305	100.0	9.27e-33	59	ok
smbu06GL001817	GCA_060307225.1	100.000	100.0	1.06e-33	59	ok
smbu06GL001817	GCA_061568495.1	100.000	100.0	1.06e-33	59	ok
smbu06GL001817	GCA_900636615.1	98.305	100.0	9.27e-33	59	ok
smbu06GL001817	GCA_905186115.1	94.872	66.1	3.11e-17	39	ok
smbu06GL001817	GCA_931972305.1	98.305	100.0	4.6e-33	59	ok
smbu06GL001817	GCA_963280925.1	98.305	100.0	9.27e-33	59	ok
smbu06GL001817	GCA_988227945.1	100.000	100.0	1.06e-33	59	ok
smbu06GL001817	GCA_988227985.1	100.000	100.0	1.06e-33	59	ok
smbu06GL001817	GCA_988228025.1	100.000	100.0	1.06e-33	59	ok
smbu06GL001817	GCA_988235375.1	98.305	100.0	3.37e-33	59	ok
smbu06GL001817	GCA_988236725.1	98.305	100.0	3.37e-33	59	ok
smbu06GL001817	GCA_988237225.1	100.000	100.0	1.06e-33	59	ok
smbu06GL001817	GCF_001298485.1	100.000	100.0	1.06e-33	59	ok
smbu06GL001817	GCF_001412695.1	100.000	100.0	1.06e-33	59	ok
smbu06GL001817	GCF_001598635.1	91.525	100.0	1.79e-29	59	ok
smbu06GL001817	GCF_001689055.2	91.525	100.0	1.79e-29	59	ok
smbu06GL001817	GCF_002208945.1	91.525	100.0	1.79e-29	59	ok
smbu06GL001817	GCF_002216705.1	98.305	100.0	4.6e-33	59	ok
smbu06GL001817	GCF_002278015.2	98.305	100.0	9.27e-33	59	ok
smbu06GL001817	GCF_002289045.2	91.525	100.0	1.79e-29	59	ok
smbu06GL001817	GCF_002290025.1	98.305	100.0	3.37e-33	59	ok
smbu06GL001817	GCF_002355755.1	91.525	100.0	1.79e-29	59	ok
smbu06GL001817	GCF_002761555.1	100.000	100.0	1.06e-33	59	ok
smbu06GL001817	GCF_002831505.1	100.000	100.0	1.06e-33	59	ok
smbu06GL001817	GCF_002850515.1	100.000	100.0	1.06e-33	59	ok
smbu06GL001817	GCF_002983785.1	100.000	100.0	1.06e-33	59	ok
smbu06GL001817	GCF_003269465.1	100.000	100.0	1.06e-33	59	ok
smbu06GL001817	GCF_003667965.1	100.000	100.0	1.06e-33	59	ok
smbu06GL001817	GCF_003711125.1	96.610	100.0	2.06e-32	59	ok
smbu06GL001817	GCF_003711605.1	100.000	100.0	1.06e-33	59	ok
smbu06GL001817	GCF_003812665.1	91.525	100.0	1.79e-29	59	ok
smbu06GL001817	GCF_004332055.1	100.000	100.0	1.06e-33	59	ok
smbu06GL001817	GCF_005484525.1	91.525	100.0	1.79e-29	59	ok
smbu06GL001817	GCF_006337145.1	100.000	100.0	1.06e-33	59	ok
smbu06GL001817	GCF_006351785.1	100.000	100.0	1.06e-33	59	ok
smbu06GL001817	GCF_006351845.1	100.000	100.0	1.06e-33	59	ok
smbu06GL001817	GCF_006364815.1	91.525	100.0	1.79e-29	59	ok
smbu06GL001817	GCF_006494835.1	91.525	100.0	1.79e-29	59	ok
smbu06GL001817	GCF_006494855.1	91.525	100.0	1.79e-29	59	ok
smbu06GL001817	GCF_006494875.1	91.525	100.0	1.79e-29	59	ok
smbu06GL001817	GCF_006766145.1	91.525	100.0	1.79e-29	59	ok
smbu06GL001817	GCF_007923665.2	100.000	100.0	1.06e-33	59	ok
smbu06GL001817	GCF_007923785.2	100.000	100.0	1.06e-33	59	ok
smbu06GL001817	GCF_007923865.2	100.000	100.0	1.06e-33	59	ok
smbu06GL001817	GCF_007923885.2	100.000	100.0	1.06e-33	59	ok
smbu06GL001817	GCF_007923905.2	100.000	100.0	1.06e-33	59	ok
smbu06GL001817	GCF_007923925.2	100.000	100.0	1.06e-33	59	ok
smbu06GL001817	GCF_007923945.2	100.000	100.0	1.06e-33	59	ok
smbu06GL001817	GCF_007923965.2	100.000	100.0	1.06e-33	59	ok
smbu06GL001817	GCF_008330605.1	100.000	100.0	1.06e-33	59	ok
smbu06GL001817	GCF_009730155.1	89.831	100.0	6.82e-30	59	ok
smbu06GL001817	GCF_009734005.1	100.000	100.0	1.06e-33	59	ok
smbu06GL001817	GCF_009938075.1	100.000	100.0	1.06e-33	59	ok
smbu06GL001817	GCF_010103655.1	91.525	100.0	1.79e-29	59	ok
smbu06GL001817	GCF_010120755.1	100.000	100.0	1.06e-33	59	ok
smbu06GL001817	GCF_011745645.1	100.000	100.0	1.06e-33	59	ok
smbu06GL001817	GCF_012045365.1	100.000	100.0	1.06e-33	59	ok
smbu06GL001817	GCF_012045505.1	100.000	100.0	1.06e-33	59	ok
smbu06GL001817	GCF_012594215.1	91.525	100.0	1.79e-29	59	ok
smbu06GL001817	GCF_013201055.1	100.000	100.0	1.06e-33	59	ok
smbu06GL001817	GCF_013344625.1	91.525	100.0	1.79e-29	59	ok
smbu06GL001817	GCF_013344645.1	91.525	100.0	1.79e-29	59	ok
smbu06GL001817	GCF_013344665.1	91.525	100.0	1.79e-29	59	ok
smbu06GL001817	GCF_013391145.1	98.305	100.0	9.27e-33	59	ok
smbu06GL001817	GCF_013391165.1	98.305	100.0	9.27e-33	59	ok
smbu06GL001817	GCF_013391185.1	98.305	100.0	9.27e-33	59	ok
smbu06GL001817	GCF_013391205.1	98.305	100.0	9.27e-33	59	ok
smbu06GL001817	GCF_013394325.1	96.610	100.0	2.06e-32	59	ok
smbu06GL001817	GCF_015377765.1	100.000	100.0	1.06e-33	59	ok
smbu06GL001817	GCF_015767695.1	100.000	100.0	1.06e-33	59	ok
smbu06GL001817	GCF_015767715.1	100.000	100.0	1.06e-33	59	ok
smbu06GL001817	GCF_016127235.1	98.305	100.0	9.27e-33	59	ok
smbu06GL001817	GCF_017280035.1	91.525	100.0	1.79e-29	59	ok
smbu06GL001817	GCF_017357805.1	91.525	100.0	1.79e-29	59	ok
smbu06GL001817	GCF_018516845.1	100.000	100.0	1.06e-33	59	ok
smbu06GL001817	GCF_019203145.1	100.000	100.0	1.06e-33	59	ok
smbu06GL001817	GCF_019343125.1	100.000	100.0	1.06e-33	59	ok
smbu06GL001817	GCF_019456555.1	100.000	100.0	1.06e-33	59	ok
smbu06GL001817	GCF_019456575.1	100.000	100.0	1.06e-33	59	ok
smbu06GL001817	GCF_019456595.1	100.000	100.0	1.06e-33	59	ok
smbu06GL001817	GCF_019797905.1	96.610	100.0	2.06e-32	59	ok
smbu06GL001817	GCF_019967715.1	100.000	100.0	1.06e-33	59	ok
smbu06GL001817	GCF_020881975.1	91.525	100.0	1.79e-29	59	ok
smbu06GL001817	GCF_020906605.1	91.525	100.0	1.79e-29	59	ok
smbu06GL001817	GCF_022869705.1	91.525	100.0	1.79e-29	59	ok
smbu06GL001817	GCF_023299785.1	91.525	100.0	1.79e-29	59	ok
smbu06GL001817	GCF_023375505.1	91.525	100.0	1.79e-29	59	ok
smbu06GL001817	GCF_023612035.1	91.525	100.0	1.79e-29	59	ok
smbu06GL001817	GCF_023612275.1	100.000	100.0	1.06e-33	59	ok
smbu06GL001817	GCF_024267595.1	91.525	100.0	1.79e-29	59	ok
smbu06GL001817	GCF_025957845.1	91.525	100.0	1.79e-29	59	ok
smbu06GL001817	GCF_025957925.1	91.525	100.0	1.79e-29	59	ok
smbu06GL001817	GCF_025958025.1	94.737	64.4	2.14e-20	38	ok
smbu06GL001817	GCF_025958065.1	91.525	100.0	1.79e-29	59	ok
smbu06GL001817	GCF_025958085.1	91.525	100.0	1.79e-29	59	ok
smbu06GL001817	GCF_025958625.1	91.525	100.0	1.79e-29	59	ok
smbu06GL001817	GCF_025958845.1	91.525	100.0	1.79e-29	59	ok
smbu06GL001817	GCF_025958885.1	91.525	100.0	1.79e-29	59	ok
smbu06GL001817	GCF_026650885.1	91.525	100.0	1.79e-29	59	ok
smbu06GL001817	GCF_027915235.1	100.000	100.0	1.06e-33	59	ok
smbu06GL001817	GCF_030490365.1	100.000	100.0	1.06e-33	59	ok
smbu06GL001817	GCF_030584585.1	98.305	100.0	1.74e-32	59	ok
smbu06GL001817	GCF_030584605.1	98.305	100.0	1.74e-32	59	ok
smbu06GL001817	GCF_030584685.1	98.305	100.0	1.74e-32	59	ok
smbu06GL001817	GCF_030643745.1	100.000	100.0	1.06e-33	59	ok
smbu06GL001817	GCF_033954875.1	100.000	100.0	1.06e-33	59	ok
smbu06GL001817	GCF_033954895.1	100.000	100.0	1.06e-33	59	ok
smbu06GL001817	GCF_033954915.1	100.000	100.0	1.06e-33	59	ok
smbu06GL001817	GCF_036669985.1	100.000	100.0	1.06e-33	59	ok
smbu06GL001817	GCF_040745045.1	100.000	100.0	1.06e-33	59	ok
smbu06GL001817	GCF_043950735.1	98.305	100.0	9.27e-33	59	ok
smbu06GL001817	GCF_049315065.1	100.000	100.0	1.06e-33	59	ok
smbu06GL001817	GCF_049315075.1	100.000	100.0	1.05e-33	59	ok
smbu06GL001817	GCF_049315085.1	100.000	100.0	1.05e-33	59	ok
smbu06GL001817	GCF_049315095.1	100.000	100.0	1.05e-33	59	ok
smbu06GL001817	GCF_049315105.1	100.000	100.0	1.05e-33	59	ok
smbu06GL001817	GCF_049315115.1	100.000	100.0	1.06e-33	59	ok
smbu06GL001817	GCF_049315125.1	100.000	100.0	1.06e-33	59	ok
smbu06GL001817	GCF_049315135.1	100.000	100.0	1.05e-33	59	ok
smbu06GL001817	GCF_049315145.1	100.000	100.0	1.06e-33	59	ok
smbu06GL001817	GCF_049315155.1	100.000	100.0	1.05e-33	59	ok
smbu06GL001817	GCF_049315165.1	100.000	100.0	1.06e-33	59	ok
smbu06GL001817	GCF_049315175.1	100.000	100.0	1.06e-33	59	ok
smbu06GL001817	GCF_052655065.1	100.000	100.0	1.06e-33	59	ok
smbu06GL001817	GCF_052655335.1	100.000	100.0	1.06e-33	59	ok
smbu06GL001817	GCF_052655665.1	100.000	100.0	1.06e-33	59	ok
smbu06GL001817	GCF_052656575.1	100.000	100.0	1.06e-33	59	ok
smbu06GL001817	GCF_052657825.1	100.000	100.0	1.06e-33	59	ok
smbu06GL001817	GCF_052658005.1	100.000	100.0	1.06e-33	59	ok
smbu06GL001817	GCF_053764515.1	98.305	100.0	4.6e-33	59	ok
smbu06GL001817	GCF_056487465.1	98.305	100.0	4.6e-33	59	ok
smbu06GL001817	GCF_056582645.1	100.000	100.0	1.06e-33	59	ok
smbu06GL001817	GCF_931972305.1	98.305	100.0	4.6e-33	59	ok
smbu06GL001817	GCF_988227945.1	100.000	100.0	1.06e-33	59	ok
smbu06GL001817	GCF_988227985.1	100.000	100.0	1.06e-33	59	ok
smbu06GL001817	GCF_988228025.1	100.000	100.0	1.06e-33	59	ok
smbu06GL001817	smbu06_project	100.000	100.0	1.06e-33	59	ok
smbu06GL001817	smbu08_project	100.000	100.0	1.06e-33	59	ok
smbu06GL001898	E_lactis_194	100.000	100.0	2.6e-98	159	ok
smbu06GL001898	GCA_000006865.1	63.694	98.7	1.71e-55	157	ok
smbu06GL001898	GCA_000157355.2	86.164	100.0	9.12e-78	159	ok
smbu06GL001898	GCA_000344575.1	63.694	98.7	1.71e-55	157	ok
smbu06GL001898	GCA_000761115.1	63.694	98.7	1.71e-55	157	ok
smbu06GL001898	GCA_000807375.1	63.694	98.7	1.71e-55	157	ok
smbu06GL001898	GCA_002216705.1	94.969	100.0	2.5e-93	159	ok
smbu06GL001898	GCA_002278015.2	96.855	100.0	1.6e-94	159	ok
smbu06GL001898	GCA_002290025.1	93.711	100.0	1.57e-83	159	ok
smbu06GL001898	GCA_002804185.1	63.694	98.7	1.71e-55	157	ok
smbu06GL001898	GCA_002804285.1	63.694	98.7	1.71e-55	157	ok
smbu06GL001898	GCA_002813755.1	94.969	100.0	2.5e-93	159	ok
smbu06GL001898	GCA_002895225.1	63.694	98.7	2.26e-55	157	ok
smbu06GL001898	GCA_003711125.1	86.076	99.4	3.82e-72	158	ok
smbu06GL001898	GCA_003722255.1	63.694	98.7	1.71e-55	157	ok
smbu06GL001898	GCA_005347505.1	86.076	99.4	3.82e-72	158	ok
smbu06GL001898	GCA_009730155.1	89.308	100.0	2.19e-80	159	ok
smbu06GL001898	GCA_013391145.1	96.855	100.0	1.6e-94	159	ok
smbu06GL001898	GCA_013391165.1	96.855	100.0	1.6e-94	159	ok
smbu06GL001898	GCA_013391185.1	96.855	100.0	1.6e-94	159	ok
smbu06GL001898	GCA_013391205.1	96.855	100.0	1.6e-94	159	ok
smbu06GL001898	GCA_013394325.1	84.810	99.4	1.21e-73	158	ok
smbu06GL001898	GCA_015767715.1	100.000	100.0	2.6e-98	159	ok
smbu06GL001898	GCA_016127235.1	96.855	100.0	1.6e-94	159	ok
smbu06GL001898	GCA_019203145.1	100.000	100.0	2.6e-98	159	ok
smbu06GL001898	GCA_019343125.1	100.000	100.0	3.04e-98	159	ok
smbu06GL001898	GCA_019797905.1	85.443	99.4	1.22e-74	158	ok
smbu06GL001898	GCA_019967715.1	100.000	100.0	2.6e-98	159	ok
smbu06GL001898	GCA_022870765.1	86.164	100.0	9.12e-78	159	ok
smbu06GL001898	GCA_023523715.1	86.164	100.0	9.12e-78	159	ok
smbu06GL001898	GCA_023612275.1	100.000	100.0	2.6e-98	159	ok
smbu06GL001898	GCA_025402795.1	85.443	99.4	1.22e-74	158	ok
smbu06GL001898	GCA_025402855.1	85.443	99.4	1.22e-74	158	ok
smbu06GL001898	GCA_029201225.1	86.164	100.0	9.12e-78	159	ok
smbu06GL001898	GCA_029215545.1	86.164	100.0	9.12e-78	159	ok
smbu06GL001898	GCA_030490365.1	100.000	100.0	2.6e-98	159	ok
smbu06GL001898	GCA_033954875.1	100.000	100.0	2.6e-98	159	ok
smbu06GL001898	GCA_033954895.1	100.000	100.0	2.6e-98	159	ok
smbu06GL001898	GCA_033954915.1	100.000	100.0	2.6e-98	159	ok
smbu06GL001898	GCA_036669985.1	100.000	100.0	2.6e-98	159	ok
smbu06GL001898	GCA_040745045.1	100.000	100.0	2.6e-98	159	ok
smbu06GL001898	GCA_041930275.1	89.308	100.0	2.19e-80	159	ok
smbu06GL001898	GCA_041952535.1	89.308	100.0	2.19e-80	159	ok
smbu06GL001898	GCA_043950735.1	96.855	100.0	1.6e-94	159	ok
smbu06GL001898	GCA_043950745.1	96.855	100.0	1.6e-94	159	ok
smbu06GL001898	GCA_045039055.1	89.308	100.0	2.19e-80	159	ok
smbu06GL001898	GCA_049315065.1	100.000	100.0	2.6e-98	159	ok
smbu06GL001898	GCA_049315075.1	94.969	100.0	5.48e-87	159	ok
smbu06GL001898	GCA_049315085.1	94.969	100.0	5.48e-87	159	ok
smbu06GL001898	GCA_049315095.1	94.969	100.0	5.48e-87	159	ok
smbu06GL001898	GCA_049315105.1	94.969	100.0	5.48e-87	159	ok
smbu06GL001898	GCA_049315115.1	100.000	100.0	2.6e-98	159	ok
smbu06GL001898	GCA_049315125.1	100.000	100.0	2.6e-98	159	ok
smbu06GL001898	GCA_049315135.1	94.969	100.0	5.48e-87	159	ok
smbu06GL001898	GCA_049315145.1	100.000	100.0	2.6e-98	159	ok
smbu06GL001898	GCA_049315155.1	94.969	100.0	5.48e-87	159	ok
smbu06GL001898	GCA_049315165.1	100.000	100.0	2.6e-98	159	ok
smbu06GL001898	GCA_049315175.1	100.000	100.0	2.6e-98	159	ok
smbu06GL001898	GCA_052655065.1	100.000	100.0	2.6e-98	159	ok
smbu06GL001898	GCA_052655335.1	100.000	100.0	2.6e-98	159	ok
smbu06GL001898	GCA_052655665.1	100.000	100.0	2.6e-98	159	ok
smbu06GL001898	GCA_052656575.1	100.000	100.0	2.6e-98	159	ok
smbu06GL001898	GCA_052657825.1	100.000	100.0	2.6e-98	159	ok
smbu06GL001898	GCA_052658005.1	100.000	100.0	2.6e-98	159	ok
smbu06GL001898	GCA_053764515.1	94.969	100.0	2.5e-93	159	ok
smbu06GL001898	GCA_055397705.1	82.390	100.0	3.7e-65	159	ok
smbu06GL001898	GCA_055397995.1	93.590	98.1	6.95e-89	156	ok
smbu06GL001898	GCA_056487485.1	94.969	100.0	2.5e-93	159	ok
smbu06GL001898	GCA_056582645.1	100.000	100.0	2.6e-98	159	ok
smbu06GL001898	GCA_058072705.1	100.000	100.0	2.6e-98	159	ok
smbu06GL001898	GCA_060306215.1	100.000	100.0	2.6e-98	159	ok
smbu06GL001898	GCA_060307205.1	96.855	100.0	1.6e-94	159	ok
smbu06GL001898	GCA_060307225.1	100.000	100.0	2.6e-98	159	ok
smbu06GL001898	GCA_061568495.1	100.000	100.0	2.6e-98	159	ok
smbu06GL001898	GCA_900636615.1	96.855	100.0	1.6e-94	159	ok
smbu06GL001898	GCA_905186115.1	96.855	100.0	8.27e-95	159	ok
smbu06GL001898	GCA_931972305.1	94.969	100.0	2.5e-93	159	ok
smbu06GL001898	GCA_963280925.1	96.855	100.0	1.6e-94	159	ok
smbu06GL001898	GCA_988227945.1	100.000	100.0	2.6e-98	159	ok
smbu06GL001898	GCA_988227985.1	100.000	100.0	2.6e-98	159	ok
smbu06GL001898	GCA_988228025.1	100.000	100.0	2.6e-98	159	ok
smbu06GL001898	GCA_988235375.1	93.711	100.0	1.57e-83	159	ok
smbu06GL001898	GCA_988236725.1	93.711	100.0	1.57e-83	159	ok
smbu06GL001898	GCA_988237225.1	100.000	100.0	2.6e-98	159	ok
smbu06GL001898	GCF_001298485.1	99.371	100.0	5.7e-98	159	ok
smbu06GL001898	GCF_001412695.1	99.371	100.0	5.7e-98	159	ok
smbu06GL001898	GCF_001598635.1	89.809	98.7	1.63e-78	157	ok
smbu06GL001898	GCF_001689055.2	89.809	98.7	1.63e-78	157	ok
smbu06GL001898	GCF_002208945.1	89.809	98.7	1.63e-78	157	ok
smbu06GL001898	GCF_002216705.1	94.969	100.0	2.5e-93	159	ok
smbu06GL001898	GCF_002278015.2	96.855	100.0	1.6e-94	159	ok
smbu06GL001898	GCF_002289045.2	89.809	98.7	1.63e-78	157	ok
smbu06GL001898	GCF_002290025.1	93.711	100.0	1.57e-83	159	ok
smbu06GL001898	GCF_002355755.1	89.809	98.7	1.63e-78	157	ok
smbu06GL001898	GCF_002761555.1	100.000	100.0	2.6e-98	159	ok
smbu06GL001898	GCF_002831505.1	99.371	100.0	5.7e-98	159	ok
smbu06GL001898	GCF_002850515.1	99.371	100.0	6.04e-98	159	ok
smbu06GL001898	GCF_002983785.1	99.371	100.0	5.7e-98	159	ok
smbu06GL001898	GCF_003269465.1	99.371	100.0	1.35e-97	159	ok
smbu06GL001898	GCF_003667965.1	100.000	100.0	2.6e-98	159	ok
smbu06GL001898	GCF_003711125.1	86.076	99.4	3.82e-72	158	ok
smbu06GL001898	GCF_003711605.1	100.000	100.0	2.6e-98	159	ok
smbu06GL001898	GCF_003812665.1	89.809	98.7	1.63e-78	157	ok
smbu06GL001898	GCF_004332055.1	99.371	100.0	5.7e-98	159	ok
smbu06GL001898	GCF_005484525.1	89.809	98.7	1.63e-78	157	ok
smbu06GL001898	GCF_006337145.1	100.000	100.0	2.6e-98	159	ok
smbu06GL001898	GCF_006351785.1	99.371	100.0	5.7e-98	159	ok
smbu06GL001898	GCF_006351845.1	99.371	100.0	5.7e-98	159	ok
smbu06GL001898	GCF_006364815.1	89.809	98.7	1.63e-78	157	ok
smbu06GL001898	GCF_006494835.1	89.172	98.7	4.74e-76	157	ok
smbu06GL001898	GCF_006494855.1	89.809	98.7	1.63e-78	157	ok
smbu06GL001898	GCF_006494875.1	89.809	98.7	1.63e-78	157	ok
smbu06GL001898	GCF_006766145.1	89.809	98.7	1.63e-78	157	ok
smbu06GL001898	GCF_007923665.2	99.371	100.0	5.7e-98	159	ok
smbu06GL001898	GCF_007923785.2	100.000	100.0	2.6e-98	159	ok
smbu06GL001898	GCF_007923865.2	100.000	100.0	2.6e-98	159	ok
smbu06GL001898	GCF_007923885.2	99.371	100.0	5.7e-98	159	ok
smbu06GL001898	GCF_007923905.2	99.371	100.0	5.7e-98	159	ok
smbu06GL001898	GCF_007923925.2	99.371	100.0	6.04e-98	159	ok
smbu06GL001898	GCF_007923945.2	99.371	100.0	5.7e-98	159	ok
smbu06GL001898	GCF_007923965.2	99.371	100.0	5.7e-98	159	ok
smbu06GL001898	GCF_008330605.1	100.000	100.0	2.6e-98	159	ok
smbu06GL001898	GCF_009730155.1	89.308	100.0	2.19e-80	159	ok
smbu06GL001898	GCF_009734005.1	99.371	100.0	5.7e-98	159	ok
smbu06GL001898	GCF_009938075.1	99.371	100.0	5.7e-98	159	ok
smbu06GL001898	GCF_010103655.1	89.809	98.7	1.63e-78	157	ok
smbu06GL001898	GCF_010120755.1	99.371	100.0	5.7e-98	159	ok
smbu06GL001898	GCF_011745645.1	100.000	100.0	2.6e-98	159	ok
smbu06GL001898	GCF_012045365.1	100.000	100.0	2.6e-98	159	ok
smbu06GL001898	GCF_012045505.1	100.000	100.0	2.6e-98	159	ok
smbu06GL001898	GCF_012594215.1	89.809	98.7	1.63e-78	157	ok
smbu06GL001898	GCF_013201055.1	100.000	100.0	2.6e-98	159	ok
smbu06GL001898	GCF_013344625.1	89.809	98.7	1.63e-78	157	ok
smbu06GL001898	GCF_013344645.1	89.809	98.7	1.63e-78	157	ok
smbu06GL001898	GCF_013344665.1	89.809	98.7	1.63e-78	157	ok
smbu06GL001898	GCF_013391145.1	96.855	100.0	1.6e-94	159	ok
smbu06GL001898	GCF_013391165.1	96.855	100.0	1.6e-94	159	ok
smbu06GL001898	GCF_013391185.1	96.855	100.0	1.6e-94	159	ok
smbu06GL001898	GCF_013391205.1	96.855	100.0	1.6e-94	159	ok
smbu06GL001898	GCF_013394325.1	84.810	99.4	1.21e-73	158	ok
smbu06GL001898	GCF_015377765.1	100.000	100.0	2.6e-98	159	ok
smbu06GL001898	GCF_015767695.1	99.371	100.0	5.7e-98	159	ok
smbu06GL001898	GCF_015767715.1	100.000	100.0	2.6e-98	159	ok
smbu06GL001898	GCF_016127235.1	96.855	100.0	1.6e-94	159	ok
smbu06GL001898	GCF_017280035.1	89.809	98.7	1.63e-78	157	ok
smbu06GL001898	GCF_017357805.1	89.809	98.7	1.63e-78	157	ok
smbu06GL001898	GCF_018516845.1	100.000	100.0	2.6e-98	159	ok
smbu06GL001898	GCF_019203145.1	100.000	100.0	2.6e-98	159	ok
smbu06GL001898	GCF_019343125.1	100.000	100.0	3.04e-98	159	ok
smbu06GL001898	GCF_019456555.1	99.371	100.0	6.04e-98	159	ok
smbu06GL001898	GCF_019456575.1	99.371	100.0	6.04e-98	159	ok
smbu06GL001898	GCF_019456595.1	99.371	100.0	6.04e-98	159	ok
smbu06GL001898	GCF_019797905.1	85.443	99.4	1.22e-74	158	ok
smbu06GL001898	GCF_019967715.1	100.000	100.0	2.6e-98	159	ok
smbu06GL001898	GCF_020881975.1	89.809	98.7	1.63e-78	157	ok
smbu06GL001898	GCF_020906605.1	89.809	98.7	1.63e-78	157	ok
smbu06GL001898	GCF_022869705.1	89.809	98.7	1.63e-78	157	ok
smbu06GL001898	GCF_023299785.1	89.809	98.7	1.63e-78	157	ok
smbu06GL001898	GCF_023375505.1	89.809	98.7	1.63e-78	157	ok
smbu06GL001898	GCF_023612035.1	89.809	98.7	1.63e-78	157	ok
smbu06GL001898	GCF_023612275.1	100.000	100.0	2.6e-98	159	ok
smbu06GL001898	GCF_024267595.1	89.809	98.7	1.63e-78	157	ok
smbu06GL001898	GCF_025957845.1	89.809	98.7	1.63e-78	157	ok
smbu06GL001898	GCF_025957925.1	89.809	98.7	1.63e-78	157	ok
smbu06GL001898	GCF_025958025.1	89.809	98.7	1.63e-78	157	ok
smbu06GL001898	GCF_025958065.1	89.809	98.7	1.63e-78	157	ok
smbu06GL001898	GCF_025958085.1	89.809	98.7	1.63e-78	157	ok
smbu06GL001898	GCF_025958625.1	89.809	98.7	1.63e-78	157	ok
smbu06GL001898	GCF_025958845.1	89.809	98.7	1.63e-78	157	ok
smbu06GL001898	GCF_025958885.1	89.809	98.7	1.63e-78	157	ok
smbu06GL001898	GCF_026650885.1	89.809	98.7	1.63e-78	157	ok
smbu06GL001898	GCF_027915235.1	100.000	100.0	2.6e-98	159	ok
smbu06GL001898	GCF_030490365.1	100.000	100.0	2.6e-98	159	ok
smbu06GL001898	GCF_030584585.1	100.000	100.0	2.6e-98	159	ok
smbu06GL001898	GCF_030584605.1	100.000	100.0	2.6e-98	159	ok
smbu06GL001898	GCF_030584685.1	100.000	100.0	2.6e-98	159	ok
smbu06GL001898	GCF_030643745.1	100.000	100.0	3.04e-98	159	ok
smbu06GL001898	GCF_033954875.1	100.000	100.0	2.6e-98	159	ok
smbu06GL001898	GCF_033954895.1	100.000	100.0	2.6e-98	159	ok
smbu06GL001898	GCF_033954915.1	100.000	100.0	2.6e-98	159	ok
smbu06GL001898	GCF_036669985.1	100.000	100.0	2.6e-98	159	ok
smbu06GL001898	GCF_040745045.1	100.000	100.0	2.6e-98	159	ok
smbu06GL001898	GCF_043950735.1	96.855	100.0	1.6e-94	159	ok
smbu06GL001898	GCF_049315065.1	100.000	100.0	2.6e-98	159	ok
smbu06GL001898	GCF_049315075.1	94.969	100.0	5.48e-87	159	ok
smbu06GL001898	GCF_049315085.1	94.969	100.0	5.48e-87	159	ok
smbu06GL001898	GCF_049315095.1	94.969	100.0	5.48e-87	159	ok
smbu06GL001898	GCF_049315105.1	94.969	100.0	5.48e-87	159	ok
smbu06GL001898	GCF_049315115.1	100.000	100.0	2.6e-98	159	ok
smbu06GL001898	GCF_049315125.1	100.000	100.0	2.6e-98	159	ok
smbu06GL001898	GCF_049315135.1	94.969	100.0	5.48e-87	159	ok
smbu06GL001898	GCF_049315145.1	100.000	100.0	2.6e-98	159	ok
smbu06GL001898	GCF_049315155.1	94.969	100.0	5.48e-87	159	ok
smbu06GL001898	GCF_049315165.1	100.000	100.0	2.6e-98	159	ok
smbu06GL001898	GCF_049315175.1	100.000	100.0	2.6e-98	159	ok
smbu06GL001898	GCF_052655065.1	100.000	100.0	2.6e-98	159	ok
smbu06GL001898	GCF_052655335.1	100.000	100.0	2.6e-98	159	ok
smbu06GL001898	GCF_052655665.1	100.000	100.0	2.6e-98	159	ok
smbu06GL001898	GCF_052656575.1	100.000	100.0	2.6e-98	159	ok
smbu06GL001898	GCF_052657825.1	100.000	100.0	2.6e-98	159	ok
smbu06GL001898	GCF_052658005.1	100.000	100.0	2.6e-98	159	ok
smbu06GL001898	GCF_053764515.1	94.969	100.0	2.5e-93	159	ok
smbu06GL001898	GCF_056487465.1	94.969	100.0	2.5e-93	159	ok
smbu06GL001898	GCF_056582645.1	100.000	100.0	2.6e-98	159	ok
smbu06GL001898	GCF_931972305.1	94.969	100.0	2.5e-93	159	ok
smbu06GL001898	GCF_988227945.1	100.000	100.0	2.6e-98	159	ok
smbu06GL001898	GCF_988227985.1	100.000	100.0	2.6e-98	159	ok
smbu06GL001898	GCF_988228025.1	100.000	100.0	2.6e-98	159	ok
smbu06GL001898	L_lactis_14B4	63.694	98.7	2.26e-55	157	ok
smbu06GL001898	L_lactis_IL1403	63.694	98.7	1.71e-55	157	ok
smbu06GL001898	L_lactis_MG1363	63.462	98.1	4.28e-60	6	rejected
smbu06GL001898	smbu06_project	100.000	100.0	2.6e-98	159	ok
smbu06GL001898	smbu08_project	100.000	100.0	2.6e-98	159	ok
smbu06GL001985	E_lactis_194	100.000	100.0	1.64e-55	93	ok
smbu06GL001985	GCA_000006865.1	75.281	95.7	3.85e-38	88	ok
smbu06GL001985	GCA_000157355.2	95.699	100.0	2.75e-53	93	ok
smbu06GL001985	GCA_000344575.1	76.404	95.7	6.64e-39	88	ok
smbu06GL001985	GCA_000761115.1	76.404	95.7	6.64e-39	88	ok
smbu06GL001985	GCA_000807375.1	76.404	95.7	6.64e-39	88	ok
smbu06GL001985	GCA_002216705.1	98.925	100.0	7.6e-55	93	ok
smbu06GL001985	GCA_002278015.2	97.849	100.0	2.98e-54	93	ok
smbu06GL001985	GCA_002290025.1	98.925	100.0	7.6e-55	93	ok
smbu06GL001985	GCA_002804185.1	76.404	95.7	6.64e-39	88	ok
smbu06GL001985	GCA_002804285.1	76.404	95.7	6.64e-39	88	ok
smbu06GL001985	GCA_002813755.1	98.864	94.6	2.25e-51	88	ok
smbu06GL001985	GCA_002895225.1	76.404	95.7	6.64e-39	88	ok
smbu06GL001985	GCA_003711125.1	97.849	100.0	2.21e-54	93	ok
smbu06GL001985	GCA_003722255.1	76.404	95.7	6.64e-39	88	ok
smbu06GL001985	GCA_005347505.1	97.849	100.0	2.21e-54	93	ok
smbu06GL001985	GCA_009730155.1	95.699	100.0	2.75e-53	93	ok
smbu06GL001985	GCA_013391145.1	97.849	100.0	2.98e-54	93	ok
smbu06GL001985	GCA_013391165.1	97.849	100.0	2.98e-54	93	ok
smbu06GL001985	GCA_013391185.1	97.849	100.0	2.98e-54	93	ok
smbu06GL001985	GCA_013391205.1	97.849	100.0	2.98e-54	93	ok
smbu06GL001985	GCA_013394325.1	97.849	100.0	2.21e-54	93	ok
smbu06GL001985	GCA_015767715.1	100.000	100.0	1.64e-55	93	ok
smbu06GL001985	GCA_016127235.1	97.849	100.0	2.98e-54	93	ok
smbu06GL001985	GCA_019203145.1	100.000	100.0	1.64e-55	93	ok
smbu06GL001985	GCA_019343125.1	100.000	100.0	1.64e-55	93	ok
smbu06GL001985	GCA_019797905.1	97.849	100.0	2.21e-54	93	ok
smbu06GL001985	GCA_019967715.1	100.000	100.0	1.64e-55	93	ok
smbu06GL001985	GCA_022870765.1	95.699	100.0	2.75e-53	93	ok
smbu06GL001985	GCA_023523715.1	95.699	100.0	2.75e-53	93	ok
smbu06GL001985	GCA_023612275.1	100.000	100.0	1.64e-55	93	ok
smbu06GL001985	GCA_025402795.1	97.849	100.0	2.21e-54	93	ok
smbu06GL001985	GCA_025402855.1	97.849	100.0	2.21e-54	93	ok
smbu06GL001985	GCA_029201225.1	95.699	100.0	2.75e-53	93	ok
smbu06GL001985	GCA_029215545.1	95.699	100.0	2.75e-53	93	ok
smbu06GL001985	GCA_030490365.1	100.000	100.0	1.64e-55	93	ok
smbu06GL001985	GCA_033954875.1	100.000	100.0	1.64e-55	93	ok
smbu06GL001985	GCA_033954895.1	100.000	100.0	1.64e-55	93	ok
smbu06GL001985	GCA_033954915.1	100.000	100.0	1.64e-55	93	ok
smbu06GL001985	GCA_036669985.1	100.000	100.0	1.64e-55	93	ok
smbu06GL001985	GCA_040745045.1	100.000	100.0	1.64e-55	93	ok
smbu06GL001985	GCA_041930275.1	95.699	100.0	2.75e-53	93	ok
smbu06GL001985	GCA_041952535.1	95.699	100.0	2.75e-53	93	ok
smbu06GL001985	GCA_043950735.1	97.849	100.0	2.98e-54	93	ok
smbu06GL001985	GCA_043950745.1	97.849	100.0	2.98e-54	93	ok
smbu06GL001985	GCA_045039055.1	95.699	100.0	2.75e-53	93	ok
smbu06GL001985	GCA_049315065.1	100.000	88.2	1.84e-47	82	ok
smbu06GL001985	GCA_049315075.1	97.849	100.0	2.06e-54	93	ok
smbu06GL001985	GCA_049315085.1	97.849	100.0	2.06e-54	93	ok
smbu06GL001985	GCA_049315095.1	97.849	100.0	2.06e-54	93	ok
smbu06GL001985	GCA_049315105.1	97.849	100.0	2.06e-54	93	ok
smbu06GL001985	GCA_049315115.1	100.000	88.2	1.84e-47	82	ok
smbu06GL001985	GCA_049315125.1	100.000	88.2	1.84e-47	82	ok
smbu06GL001985	GCA_049315135.1	97.849	100.0	2.06e-54	93	ok
smbu06GL001985	GCA_049315145.1	100.000	88.2	1.84e-47	82	ok
smbu06GL001985	GCA_049315155.1	97.849	100.0	2.06e-54	93	ok
smbu06GL001985	GCA_049315165.1	100.000	100.0	1.64e-55	93	ok
smbu06GL001985	GCA_049315175.1	100.000	100.0	1.64e-55	93	ok
smbu06GL001985	GCA_052655065.1	100.000	100.0	1.64e-55	93	ok
smbu06GL001985	GCA_052655335.1	100.000	100.0	1.64e-55	93	ok
smbu06GL001985	GCA_052655665.1	100.000	100.0	1.64e-55	93	ok
smbu06GL001985	GCA_052656575.1	100.000	100.0	1.64e-55	93	ok
smbu06GL001985	GCA_052657825.1	100.000	100.0	1.64e-55	93	ok
smbu06GL001985	GCA_052658005.1	100.000	100.0	1.64e-55	93	ok
smbu06GL001985	GCA_053764515.1	98.925	100.0	7.6e-55	93	ok
smbu06GL001985	GCA_055397705.1	93.182	47.3	1.01e-17	10	rejected
smbu06GL001985	GCA_055397995.1	97.849	100.0	2.98e-54	93	ok
smbu06GL001985	GCA_056487485.1	98.925	100.0	7.6e-55	93	ok
smbu06GL001985	GCA_056582645.1	100.000	100.0	1.64e-55	93	ok
smbu06GL001985	GCA_058072705.1	100.000	100.0	1.64e-55	93	ok
smbu06GL001985	GCA_060306215.1	100.000	100.0	1.64e-55	93	ok
smbu06GL001985	GCA_060307205.1	97.849	100.0	2.98e-54	93	ok
smbu06GL001985	GCA_060307225.1	100.000	100.0	1.64e-55	93	ok
smbu06GL001985	GCA_061568495.1	100.000	100.0	1.64e-55	93	ok
smbu06GL001985	GCA_900636615.1	97.849	100.0	2.98e-54	93	ok
smbu06GL001985	GCA_905186115.1	97.849	100.0	2.98e-54	93	ok
smbu06GL001985	GCA_931972305.1	98.864	94.6	2.25e-51	88	ok
smbu06GL001985	GCA_963280925.1	97.849	100.0	2.98e-54	93	ok
smbu06GL001985	GCA_988227945.1	100.000	100.0	1.64e-55	93	ok
smbu06GL001985	GCA_988227985.1	100.000	100.0	1.64e-55	93	ok
smbu06GL001985	GCA_988228025.1	100.000	100.0	1.64e-55	93	ok
smbu06GL001985	GCA_988235375.1	98.864	94.6	2.25e-51	88	ok
smbu06GL001985	GCA_988236725.1	98.864	94.6	2.25e-51	88	ok
smbu06GL001985	GCA_988237225.1	100.000	100.0	1.64e-55	93	ok
smbu06GL001985	GCF_001298485.1	100.000	100.0	1.64e-55	93	ok
smbu06GL001985	GCF_001412695.1	100.000	100.0	1.64e-55	93	ok
smbu06GL001985	GCF_001598635.1	97.778	96.8	6.69e-52	90	ok
smbu06GL001985	GCF_001689055.2	97.778	96.8	6.69e-52	90	ok
smbu06GL001985	GCF_002208945.1	97.778	96.8	6.69e-52	90	ok
smbu06GL001985	GCF_002216705.1	98.925	100.0	7.6e-55	93	ok
smbu06GL001985	GCF_002278015.2	97.849	100.0	2.98e-54	93	ok
smbu06GL001985	GCF_002289045.2	97.778	96.8	6.69e-52	90	ok
smbu06GL001985	GCF_002290025.1	98.925	100.0	7.6e-55	93	ok
smbu06GL001985	GCF_002355755.1	97.778	96.8	6.69e-52	90	ok
smbu06GL001985	GCF_002761555.1	100.000	100.0	1.64e-55	93	ok
smbu06GL001985	GCF_002831505.1	100.000	100.0	1.64e-55	93	ok
smbu06GL001985	GCF_002850515.1	100.000	100.0	1.64e-55	93	ok
smbu06GL001985	GCF_002983785.1	100.000	100.0	1.64e-55	93	ok
smbu06GL001985	GCF_003269465.1	100.000	100.0	1.64e-55	93	ok
smbu06GL001985	GCF_003667965.1	100.000	100.0	1.64e-55	93	ok
smbu06GL001985	GCF_003711125.1	97.849	100.0	2.21e-54	93	ok
smbu06GL001985	GCF_003711605.1	100.000	100.0	1.64e-55	93	ok
smbu06GL001985	GCF_003812665.1	97.778	96.8	6.69e-52	90	ok
smbu06GL001985	GCF_004332055.1	100.000	100.0	1.64e-55	93	ok
smbu06GL001985	GCF_005484525.1	97.778	96.8	6.69e-52	90	ok
smbu06GL001985	GCF_006337145.1	100.000	100.0	1.64e-55	93	ok
smbu06GL001985	GCF_006351785.1	100.000	100.0	1.64e-55	93	ok
smbu06GL001985	GCF_006351845.1	100.000	100.0	1.64e-55	93	ok
smbu06GL001985	GCF_006364815.1	97.778	96.8	6.69e-52	90	ok
smbu06GL001985	GCF_006494835.1	97.778	96.8	6.69e-52	90	ok
smbu06GL001985	GCF_006494855.1	97.778	96.8	6.69e-52	90	ok
smbu06GL001985	GCF_006494875.1	97.778	96.8	6.69e-52	90	ok
smbu06GL001985	GCF_006766145.1	97.778	96.8	6.69e-52	90	ok
smbu06GL001985	GCF_007923665.2	100.000	100.0	1.64e-55	93	ok
smbu06GL001985	GCF_007923785.2	100.000	100.0	1.64e-55	93	ok
smbu06GL001985	GCF_007923865.2	100.000	100.0	1.64e-55	93	ok
smbu06GL001985	GCF_007923885.2	100.000	100.0	1.64e-55	93	ok
smbu06GL001985	GCF_007923905.2	100.000	100.0	1.64e-55	93	ok
smbu06GL001985	GCF_007923925.2	100.000	100.0	1.64e-55	93	ok
smbu06GL001985	GCF_007923945.2	100.000	100.0	1.64e-55	93	ok
smbu06GL001985	GCF_007923965.2	100.000	100.0	1.64e-55	93	ok
smbu06GL001985	GCF_008330605.1	100.000	100.0	1.64e-55	93	ok
smbu06GL001985	GCF_009730155.1	95.699	100.0	2.75e-53	93	ok
smbu06GL001985	GCF_009734005.1	100.000	100.0	1.64e-55	93	ok
smbu06GL001985	GCF_009938075.1	100.000	100.0	1.64e-55	93	ok
smbu06GL001985	GCF_010103655.1	97.778	96.8	6.69e-52	90	ok
smbu06GL001985	GCF_010120755.1	100.000	100.0	1.64e-55	93	ok
smbu06GL001985	GCF_011745645.1	100.000	100.0	1.64e-55	93	ok
smbu06GL001985	GCF_012045365.1	100.000	100.0	1.64e-55	93	ok
smbu06GL001985	GCF_012045505.1	100.000	100.0	1.64e-55	93	ok
smbu06GL001985	GCF_012594215.1	97.778	96.8	6.69e-52	90	ok
smbu06GL001985	GCF_013201055.1	100.000	100.0	1.64e-55	93	ok
smbu06GL001985	GCF_013344625.1	97.778	96.8	6.69e-52	90	ok
smbu06GL001985	GCF_013344645.1	97.778	96.8	6.69e-52	90	ok
smbu06GL001985	GCF_013344665.1	97.778	96.8	6.69e-52	90	ok
smbu06GL001985	GCF_013391145.1	97.849	100.0	2.98e-54	93	ok
smbu06GL001985	GCF_013391165.1	97.849	100.0	2.98e-54	93	ok
smbu06GL001985	GCF_013391185.1	97.849	100.0	2.98e-54	93	ok
smbu06GL001985	GCF_013391205.1	97.849	100.0	2.98e-54	93	ok
smbu06GL001985	GCF_013394325.1	97.849	100.0	2.21e-54	93	ok
smbu06GL001985	GCF_015377765.1	100.000	100.0	1.64e-55	93	ok
smbu06GL001985	GCF_015767695.1	100.000	100.0	1.64e-55	93	ok
smbu06GL001985	GCF_015767715.1	100.000	100.0	1.64e-55	93	ok
smbu06GL001985	GCF_016127235.1	97.849	100.0	2.98e-54	93	ok
smbu06GL001985	GCF_017280035.1	97.778	96.8	6.69e-52	90	ok
smbu06GL001985	GCF_017357805.1	97.849	100.0	4.85e-54	93	ok
smbu06GL001985	GCF_018516845.1	100.000	100.0	1.64e-55	93	ok
smbu06GL001985	GCF_019203145.1	100.000	100.0	1.64e-55	93	ok
smbu06GL001985	GCF_019343125.1	100.000	100.0	1.64e-55	93	ok
smbu06GL001985	GCF_019456555.1	100.000	100.0	1.64e-55	93	ok
smbu06GL001985	GCF_019456575.1	100.000	100.0	1.64e-55	93	ok
smbu06GL001985	GCF_019456595.1	100.000	100.0	1.64e-55	93	ok
smbu06GL001985	GCF_019797905.1	97.849	100.0	2.21e-54	93	ok
smbu06GL001985	GCF_019967715.1	100.000	100.0	1.64e-55	93	ok
smbu06GL001985	GCF_020881975.1	97.778	96.8	6.69e-52	90	ok
smbu06GL001985	GCF_020906605.1	97.778	96.8	6.69e-52	90	ok
smbu06GL001985	GCF_022869705.1	97.778	96.8	6.69e-52	90	ok
smbu06GL001985	GCF_023299785.1	97.778	96.8	6.69e-52	90	ok
smbu06GL001985	GCF_023375505.1	97.778	96.8	6.69e-52	90	ok
smbu06GL001985	GCF_023612035.1	97.778	96.8	6.69e-52	90	ok
smbu06GL001985	GCF_023612275.1	100.000	100.0	1.64e-55	93	ok
smbu06GL001985	GCF_024267595.1	97.778	96.8	6.69e-52	90	ok
smbu06GL001985	GCF_025957845.1	97.778	96.8	6.69e-52	90	ok
smbu06GL001985	GCF_025957925.1	97.778	96.8	6.69e-52	90	ok
smbu06GL001985	GCF_025958025.1	97.778	96.8	6.69e-52	90	ok
smbu06GL001985	GCF_025958065.1	97.778	96.8	6.69e-52	90	ok
smbu06GL001985	GCF_025958085.1	97.778	96.8	6.69e-52	90	ok
smbu06GL001985	GCF_025958625.1	97.778	96.8	6.69e-52	90	ok
smbu06GL001985	GCF_025958845.1	97.778	96.8	6.69e-52	90	ok
smbu06GL001985	GCF_025958885.1	97.778	96.8	6.69e-52	90	ok
smbu06GL001985	GCF_026650885.1	97.778	96.8	6.69e-52	90	ok
smbu06GL001985	GCF_027915235.1	100.000	100.0	1.64e-55	93	ok
smbu06GL001985	GCF_030490365.1	100.000	100.0	1.64e-55	93	ok
smbu06GL001985	GCF_030584585.1	100.000	100.0	1.64e-55	93	ok
smbu06GL001985	GCF_030584605.1	100.000	100.0	1.64e-55	93	ok
smbu06GL001985	GCF_030584685.1	100.000	100.0	1.64e-55	93	ok
smbu06GL001985	GCF_030643745.1	100.000	100.0	1.64e-55	93	ok
smbu06GL001985	GCF_033954875.1	100.000	100.0	1.64e-55	93	ok
smbu06GL001985	GCF_033954895.1	100.000	100.0	1.64e-55	93	ok
smbu06GL001985	GCF_033954915.1	100.000	100.0	1.64e-55	93	ok
smbu06GL001985	GCF_036669985.1	100.000	100.0	1.64e-55	93	ok
smbu06GL001985	GCF_040745045.1	100.000	100.0	1.64e-55	93	ok
smbu06GL001985	GCF_043950735.1	97.849	100.0	2.98e-54	93	ok
smbu06GL001985	GCF_049315065.1	100.000	88.2	1.84e-47	82	ok
smbu06GL001985	GCF_049315075.1	97.849	100.0	2.06e-54	93	ok
smbu06GL001985	GCF_049315085.1	97.849	100.0	2.06e-54	93	ok
smbu06GL001985	GCF_049315095.1	97.849	100.0	2.06e-54	93	ok
smbu06GL001985	GCF_049315105.1	97.849	100.0	2.06e-54	93	ok
smbu06GL001985	GCF_049315115.1	100.000	88.2	1.84e-47	82	ok
smbu06GL001985	GCF_049315125.1	100.000	88.2	1.84e-47	82	ok
smbu06GL001985	GCF_049315135.1	97.849	100.0	2.06e-54	93	ok
smbu06GL001985	GCF_049315145.1	100.000	88.2	1.84e-47	82	ok
smbu06GL001985	GCF_049315155.1	97.849	100.0	2.06e-54	93	ok
smbu06GL001985	GCF_049315165.1	100.000	100.0	1.64e-55	93	ok
smbu06GL001985	GCF_049315175.1	100.000	100.0	1.64e-55	93	ok
smbu06GL001985	GCF_052655065.1	100.000	100.0	1.64e-55	93	ok
smbu06GL001985	GCF_052655335.1	100.000	100.0	1.64e-55	93	ok
smbu06GL001985	GCF_052655665.1	100.000	100.0	1.64e-55	93	ok
smbu06GL001985	GCF_052656575.1	100.000	100.0	1.64e-55	93	ok
smbu06GL001985	GCF_052657825.1	100.000	100.0	1.64e-55	93	ok
smbu06GL001985	GCF_052658005.1	100.000	100.0	1.64e-55	93	ok
smbu06GL001985	GCF_053764515.1	98.925	100.0	7.6e-55	93	ok
smbu06GL001985	GCF_056487465.1	98.925	100.0	7.6e-55	93	ok
smbu06GL001985	GCF_056582645.1	100.000	100.0	1.64e-55	93	ok
smbu06GL001985	GCF_931972305.1	98.864	94.6	2.25e-51	88	ok
smbu06GL001985	GCF_988227945.1	100.000	100.0	1.64e-55	93	ok
smbu06GL001985	GCF_988227985.1	100.000	100.0	1.64e-55	93	ok
smbu06GL001985	GCF_988228025.1	100.000	100.0	1.64e-55	93	ok
smbu06GL001985	L_lactis_14B4	76.404	95.7	6.64e-39	88	ok
smbu06GL001985	L_lactis_IL1403	75.281	95.7	3.85e-38	88	ok
smbu06GL001985	L_lactis_MG1363	76.404	95.7	6.64e-39	88	ok
smbu06GL001985	smbu06_project	100.000	100.0	1.64e-55	93	ok
smbu06GL001985	smbu08_project	100.000	100.0	1.64e-55	93	ok
smbu06GL001987	E_lactis_194	100.000	100.0	3.44e-59	102	ok
smbu06GL001987	GCA_000006865.1	82.178	99.0	3.41e-47	17	rejected
smbu06GL001987	GCA_000157355.2	97.059	100.0	1.68e-57	102	ok
smbu06GL001987	GCA_000344575.1	83.168	99.0	1.9e-47	17	rejected
smbu06GL001987	GCA_000761115.1	83.168	99.0	1.9e-47	17	rejected
smbu06GL001987	GCA_000807375.1	83.168	99.0	1.9e-47	17	rejected
smbu06GL001987	GCA_002216705.1	96.078	100.0	9.58e-58	102	ok
smbu06GL001987	GCA_002278015.2	96.078	100.0	1.82e-57	102	ok
smbu06GL001987	GCA_002290025.1	98.039	100.0	2.19e-58	102	ok
smbu06GL001987	GCA_002804185.1	83.168	99.0	1.9e-47	17	rejected
smbu06GL001987	GCA_002804285.1	83.168	99.0	1.9e-47	17	rejected
smbu06GL001987	GCA_002813755.1	96.078	100.0	9.58e-58	102	ok
smbu06GL001987	GCA_002895225.1	83.168	99.0	3.09e-47	17	rejected
smbu06GL001987	GCA_003711125.1	90.196	100.0	3.12e-54	102	ok
smbu06GL001987	GCA_003722255.1	82.178	99.0	3.41e-47	17	rejected
smbu06GL001987	GCA_005347505.1	90.196	100.0	3.12e-54	102	ok
smbu06GL001987	GCA_009730155.1	96.078	100.0	2.41e-57	102	ok
smbu06GL001987	GCA_013391145.1	96.078	100.0	1.82e-57	102	ok
smbu06GL001987	GCA_013391165.1	96.078	100.0	1.82e-57	102	ok
smbu06GL001987	GCA_013391185.1	96.078	100.0	1.82e-57	102	ok
smbu06GL001987	GCA_013391205.1	96.078	100.0	1.82e-57	102	ok
smbu06GL001987	GCA_013394325.1	90.196	100.0	3.12e-54	102	ok
smbu06GL001987	GCA_015767715.1	100.000	100.0	3.44e-59	102	ok
smbu06GL001987	GCA_016127235.1	96.078	100.0	1.82e-57	102	ok
smbu06GL001987	GCA_019203145.1	100.000	100.0	3.44e-59	102	ok
smbu06GL001987	GCA_019343125.1	100.000	100.0	3.44e-59	102	ok
smbu06GL001987	GCA_019797905.1	90.196	100.0	3.12e-54	102	ok
smbu06GL001987	GCA_019967715.1	100.000	100.0	3.44e-59	102	ok
smbu06GL001987	GCA_022870765.1	97.059	100.0	1.68e-57	102	ok
smbu06GL001987	GCA_023523715.1	97.059	100.0	1.68e-57	102	ok
smbu06GL001987	GCA_023612275.1	100.000	100.0	3.44e-59	102	ok
smbu06GL001987	GCA_025402795.1	90.196	100.0	3.12e-54	102	ok
smbu06GL001987	GCA_025402855.1	90.196	100.0	3.12e-54	102	ok
smbu06GL001987	GCA_029201225.1	97.059	100.0	1.68e-57	102	ok
smbu06GL001987	GCA_029215545.1	97.059	100.0	1.68e-57	102	ok
smbu06GL001987	GCA_030490365.1	100.000	100.0	3.44e-59	102	ok
smbu06GL001987	GCA_033954875.1	100.000	100.0	3.44e-59	102	ok
smbu06GL001987	GCA_033954895.1	100.000	100.0	3.44e-59	102	ok
smbu06GL001987	GCA_033954915.1	100.000	100.0	3.44e-59	102	ok
smbu06GL001987	GCA_036669985.1	100.000	100.0	3.44e-59	102	ok
smbu06GL001987	GCA_040745045.1	100.000	100.0	3.44e-59	102	ok
smbu06GL001987	GCA_041930275.1	96.078	100.0	2.41e-57	102	ok
smbu06GL001987	GCA_041952535.1	96.078	100.0	2.41e-57	102	ok
smbu06GL001987	GCA_043950735.1	96.078	100.0	1.82e-57	102	ok
smbu06GL001987	GCA_043950745.1	96.078	100.0	1.82e-57	102	ok
smbu06GL001987	GCA_045039055.1	96.078	100.0	2.41e-57	102	ok
smbu06GL001987	GCA_049315065.1	100.000	100.0	3.44e-59	102	ok
smbu06GL001987	GCA_049315075.1	96.078	100.0	5.84e-58	102	ok
smbu06GL001987	GCA_049315085.1	96.078	100.0	5.84e-58	102	ok
smbu06GL001987	GCA_049315095.1	96.078	100.0	5.84e-58	102	ok
smbu06GL001987	GCA_049315105.1	96.078	100.0	5.84e-58	102	ok
smbu06GL001987	GCA_049315115.1	100.000	100.0	3.44e-59	102	ok
smbu06GL001987	GCA_049315125.1	100.000	100.0	3.44e-59	102	ok
smbu06GL001987	GCA_049315135.1	96.078	100.0	5.84e-58	102	ok
smbu06GL001987	GCA_049315145.1	100.000	100.0	3.44e-59	102	ok
smbu06GL001987	GCA_049315155.1	96.078	100.0	5.84e-58	102	ok
smbu06GL001987	GCA_049315165.1	100.000	100.0	3.44e-59	102	ok
smbu06GL001987	GCA_049315175.1	100.000	100.0	3.44e-59	102	ok
smbu06GL001987	GCA_052655065.1	100.000	100.0	3.44e-59	102	ok
smbu06GL001987	GCA_052655335.1	100.000	100.0	3.44e-59	102	ok
smbu06GL001987	GCA_052655665.1	100.000	100.0	3.44e-59	102	ok
smbu06GL001987	GCA_052656575.1	100.000	100.0	3.44e-59	102	ok
smbu06GL001987	GCA_052657825.1	100.000	100.0	3.44e-59	102	ok
smbu06GL001987	GCA_052658005.1	100.000	100.0	3.44e-59	102	ok
smbu06GL001987	GCA_053764515.1	96.078	100.0	9.58e-58	102	ok
smbu06GL001987	GCA_055397705.1	96.429	54.9	2.74e-39	55	ok
smbu06GL001987	GCA_055397995.1	96.078	100.0	1.82e-57	102	ok
smbu06GL001987	GCA_056487485.1	96.078	100.0	9.58e-58	102	ok
smbu06GL001987	GCA_056582645.1	100.000	100.0	3.44e-59	102	ok
smbu06GL001987	GCA_058072705.1	100.000	100.0	3.44e-59	102	ok
smbu06GL001987	GCA_060306215.1	100.000	100.0	3.44e-59	102	ok
smbu06GL001987	GCA_060307205.1	96.078	100.0	1.82e-57	102	ok
smbu06GL001987	GCA_060307225.1	100.000	100.0	3.44e-59	102	ok
smbu06GL001987	GCA_061568495.1	100.000	100.0	3.44e-59	102	ok
smbu06GL001987	GCA_900636615.1	96.078	100.0	1.82e-57	102	ok
smbu06GL001987	GCA_905186115.1	96.078	100.0	1.82e-57	102	ok
smbu06GL001987	GCA_931972305.1	96.078	100.0	9.58e-58	102	ok
smbu06GL001987	GCA_963280925.1	95.098	100.0	6.6e-57	102	ok
smbu06GL001987	GCA_988227945.1	100.000	100.0	3.44e-59	102	ok
smbu06GL001987	GCA_988227985.1	100.000	100.0	3.44e-59	102	ok
smbu06GL001987	GCA_988228025.1	100.000	100.0	3.44e-59	102	ok
smbu06GL001987	GCA_988235375.1	98.039	100.0	2.19e-58	102	ok
smbu06GL001987	GCA_988236725.1	98.039	100.0	2.19e-58	102	ok
smbu06GL001987	GCA_988237225.1	100.000	100.0	3.44e-59	102	ok
smbu06GL001987	GCF_001298485.1	100.000	100.0	3.44e-59	102	ok
smbu06GL001987	GCF_001412695.1	100.000	100.0	3.44e-59	102	ok
smbu06GL001987	GCF_001598635.1	96.078	100.0	2.21e-57	102	ok
smbu06GL001987	GCF_001689055.2	96.078	100.0	2.21e-57	102	ok
smbu06GL001987	GCF_002208945.1	96.078	100.0	2.21e-57	102	ok
smbu06GL001987	GCF_002216705.1	96.078	100.0	9.58e-58	102	ok
smbu06GL001987	GCF_002278015.2	96.078	100.0	1.82e-57	102	ok
smbu06GL001987	GCF_002289045.2	96.078	100.0	2.21e-57	102	ok
smbu06GL001987	GCF_002290025.1	98.039	100.0	2.19e-58	102	ok
smbu06GL001987	GCF_002355755.1	96.078	100.0	2.21e-57	102	ok
smbu06GL001987	GCF_002761555.1	100.000	100.0	3.44e-59	102	ok
smbu06GL001987	GCF_002831505.1	100.000	100.0	3.44e-59	102	ok
smbu06GL001987	GCF_002850515.1	100.000	100.0	3.44e-59	102	ok
smbu06GL001987	GCF_002983785.1	100.000	100.0	3.44e-59	102	ok
smbu06GL001987	GCF_003269465.1	100.000	100.0	3.44e-59	102	ok
smbu06GL001987	GCF_003667965.1	100.000	100.0	3.44e-59	102	ok
smbu06GL001987	GCF_003711125.1	90.196	100.0	3.12e-54	102	ok
smbu06GL001987	GCF_003711605.1	100.000	100.0	3.44e-59	102	ok
smbu06GL001987	GCF_003812665.1	96.078	100.0	2.21e-57	102	ok
smbu06GL001987	GCF_004332055.1	100.000	100.0	3.44e-59	102	ok
smbu06GL001987	GCF_005484525.1	96.078	100.0	2.21e-57	102	ok
smbu06GL001987	GCF_006337145.1	100.000	100.0	3.44e-59	102	ok
smbu06GL001987	GCF_006351785.1	100.000	100.0	3.44e-59	102	ok
smbu06GL001987	GCF_006351845.1	100.000	100.0	3.44e-59	102	ok
smbu06GL001987	GCF_006364815.1	96.078	100.0	2.21e-57	102	ok
smbu06GL001987	GCF_006494835.1	96.078	100.0	2.21e-57	102	ok
smbu06GL001987	GCF_006494855.1	96.078	100.0	2.21e-57	102	ok
smbu06GL001987	GCF_006494875.1	96.078	100.0	2.21e-57	102	ok
smbu06GL001987	GCF_006766145.1	96.078	100.0	2.21e-57	102	ok
smbu06GL001987	GCF_007923665.2	100.000	100.0	3.44e-59	102	ok
smbu06GL001987	GCF_007923785.2	100.000	100.0	3.44e-59	102	ok
smbu06GL001987	GCF_007923865.2	100.000	100.0	3.44e-59	102	ok
smbu06GL001987	GCF_007923885.2	100.000	100.0	3.44e-59	102	ok
smbu06GL001987	GCF_007923905.2	100.000	100.0	3.44e-59	102	ok
smbu06GL001987	GCF_007923925.2	100.000	100.0	3.44e-59	102	ok
smbu06GL001987	GCF_007923945.2	100.000	100.0	3.44e-59	102	ok
smbu06GL001987	GCF_007923965.2	100.000	100.0	3.44e-59	102	ok
smbu06GL001987	GCF_008330605.1	100.000	100.0	3.44e-59	102	ok
smbu06GL001987	GCF_009730155.1	96.078	100.0	2.41e-57	102	ok
smbu06GL001987	GCF_009734005.1	100.000	100.0	3.44e-59	102	ok
smbu06GL001987	GCF_009938075.1	100.000	100.0	3.44e-59	102	ok
smbu06GL001987	GCF_010103655.1	96.078	100.0	2.21e-57	102	ok
smbu06GL001987	GCF_010120755.1	100.000	100.0	3.44e-59	102	ok
smbu06GL001987	GCF_011745645.1	100.000	100.0	3.44e-59	102	ok
smbu06GL001987	GCF_012045365.1	100.000	100.0	3.44e-59	102	ok
smbu06GL001987	GCF_012045505.1	100.000	100.0	3.44e-59	102	ok
smbu06GL001987	GCF_012594215.1	96.078	100.0	2.21e-57	102	ok
smbu06GL001987	GCF_013201055.1	100.000	100.0	3.44e-59	102	ok
smbu06GL001987	GCF_013344625.1	96.078	100.0	2.21e-57	102	ok
smbu06GL001987	GCF_013344645.1	96.078	100.0	2.21e-57	102	ok
smbu06GL001987	GCF_013344665.1	96.078	100.0	2.21e-57	102	ok
smbu06GL001987	GCF_013391145.1	96.078	100.0	1.82e-57	102	ok
smbu06GL001987	GCF_013391165.1	96.078	100.0	1.82e-57	102	ok
smbu06GL001987	GCF_013391185.1	96.078	100.0	1.82e-57	102	ok
smbu06GL001987	GCF_013391205.1	96.078	100.0	1.82e-57	102	ok
smbu06GL001987	GCF_013394325.1	90.196	100.0	3.12e-54	102	ok
smbu06GL001987	GCF_015377765.1	100.000	100.0	3.44e-59	102	ok
smbu06GL001987	GCF_015767695.1	100.000	100.0	3.44e-59	102	ok
smbu06GL001987	GCF_015767715.1	100.000	100.0	3.44e-59	102	ok
smbu06GL001987	GCF_016127235.1	96.078	100.0	1.82e-57	102	ok
smbu06GL001987	GCF_017280035.1	96.078	100.0	2.21e-57	102	ok
smbu06GL001987	GCF_017357805.1	96.078	100.0	2.21e-57	102	ok
smbu06GL001987	GCF_018516845.1	100.000	100.0	3.44e-59	102	ok
smbu06GL001987	GCF_019203145.1	100.000	100.0	3.44e-59	102	ok
smbu06GL001987	GCF_019343125.1	100.000	100.0	3.44e-59	102	ok
smbu06GL001987	GCF_019456555.1	100.000	100.0	3.44e-59	102	ok
smbu06GL001987	GCF_019456575.1	100.000	100.0	3.44e-59	102	ok
smbu06GL001987	GCF_019456595.1	100.000	100.0	3.44e-59	102	ok
smbu06GL001987	GCF_019797905.1	90.196	100.0	3.12e-54	102	ok
smbu06GL001987	GCF_019967715.1	100.000	100.0	3.44e-59	102	ok
smbu06GL001987	GCF_020881975.1	96.078	100.0	2.21e-57	102	ok
smbu06GL001987	GCF_020906605.1	96.078	100.0	2.21e-57	102	ok
smbu06GL001987	GCF_022869705.1	96.078	100.0	2.21e-57	102	ok
smbu06GL001987	GCF_023299785.1	96.078	100.0	2.21e-57	102	ok
smbu06GL001987	GCF_023375505.1	96.078	100.0	2.21e-57	102	ok
smbu06GL001987	GCF_023612035.1	96.078	100.0	2.21e-57	102	ok
smbu06GL001987	GCF_023612275.1	100.000	100.0	3.44e-59	102	ok
smbu06GL001987	GCF_024267595.1	96.078	100.0	2.21e-57	102	ok
smbu06GL001987	GCF_025957845.1	96.078	100.0	2.21e-57	102	ok
smbu06GL001987	GCF_025957925.1	96.078	100.0	2.21e-57	102	ok
smbu06GL001987	GCF_025958025.1	96.078	100.0	2.21e-57	102	ok
smbu06GL001987	GCF_025958065.1	96.078	100.0	2.21e-57	102	ok
smbu06GL001987	GCF_025958085.1	96.078	100.0	2.21e-57	102	ok
smbu06GL001987	GCF_025958625.1	96.078	100.0	2.21e-57	102	ok
smbu06GL001987	GCF_025958845.1	96.078	100.0	2.21e-57	102	ok
smbu06GL001987	GCF_025958885.1	96.078	100.0	2.21e-57	102	ok
smbu06GL001987	GCF_026650885.1	96.078	100.0	2.21e-57	102	ok
smbu06GL001987	GCF_027915235.1	100.000	100.0	3.44e-59	102	ok
smbu06GL001987	GCF_030490365.1	100.000	100.0	3.44e-59	102	ok
smbu06GL001987	GCF_030584585.1	100.000	100.0	3.44e-59	102	ok
smbu06GL001987	GCF_030584605.1	100.000	100.0	3.44e-59	102	ok
smbu06GL001987	GCF_030584685.1	100.000	100.0	3.44e-59	102	ok
smbu06GL001987	GCF_030643745.1	100.000	100.0	3.44e-59	102	ok
smbu06GL001987	GCF_033954875.1	100.000	100.0	3.44e-59	102	ok
smbu06GL001987	GCF_033954895.1	100.000	100.0	3.44e-59	102	ok
smbu06GL001987	GCF_033954915.1	100.000	100.0	3.44e-59	102	ok
smbu06GL001987	GCF_036669985.1	100.000	100.0	3.44e-59	102	ok
smbu06GL001987	GCF_040745045.1	100.000	100.0	3.44e-59	102	ok
smbu06GL001987	GCF_043950735.1	96.078	100.0	1.82e-57	102	ok
smbu06GL001987	GCF_049315065.1	100.000	100.0	3.44e-59	102	ok
smbu06GL001987	GCF_049315075.1	96.078	100.0	5.84e-58	102	ok
smbu06GL001987	GCF_049315085.1	96.078	100.0	5.84e-58	102	ok
smbu06GL001987	GCF_049315095.1	96.078	100.0	5.84e-58	102	ok
smbu06GL001987	GCF_049315105.1	96.078	100.0	5.84e-58	102	ok
smbu06GL001987	GCF_049315115.1	100.000	100.0	3.44e-59	102	ok
smbu06GL001987	GCF_049315125.1	100.000	100.0	3.44e-59	102	ok
smbu06GL001987	GCF_049315135.1	96.078	100.0	5.84e-58	102	ok
smbu06GL001987	GCF_049315145.1	100.000	100.0	3.44e-59	102	ok
smbu06GL001987	GCF_049315155.1	96.078	100.0	5.84e-58	102	ok
smbu06GL001987	GCF_049315165.1	100.000	100.0	3.44e-59	102	ok
smbu06GL001987	GCF_049315175.1	100.000	100.0	3.44e-59	102	ok
smbu06GL001987	GCF_052655065.1	100.000	100.0	3.44e-59	102	ok
smbu06GL001987	GCF_052655335.1	100.000	100.0	3.44e-59	102	ok
smbu06GL001987	GCF_052655665.1	100.000	100.0	3.44e-59	102	ok
smbu06GL001987	GCF_052656575.1	100.000	100.0	3.44e-59	102	ok
smbu06GL001987	GCF_052657825.1	100.000	100.0	3.44e-59	102	ok
smbu06GL001987	GCF_052658005.1	100.000	100.0	3.44e-59	102	ok
smbu06GL001987	GCF_053764515.1	96.078	100.0	9.58e-58	102	ok
smbu06GL001987	GCF_056487465.1	96.078	100.0	9.58e-58	102	ok
smbu06GL001987	GCF_056582645.1	100.000	100.0	3.44e-59	102	ok
smbu06GL001987	GCF_931972305.1	96.078	100.0	9.58e-58	102	ok
smbu06GL001987	GCF_988227945.1	100.000	100.0	3.44e-59	102	ok
smbu06GL001987	GCF_988227985.1	100.000	100.0	3.44e-59	102	ok
smbu06GL001987	GCF_988228025.1	100.000	100.0	3.44e-59	102	ok
smbu06GL001987	L_lactis_14B4	83.168	99.0	1.9e-47	17	rejected
smbu06GL001987	L_lactis_IL1403	82.178	99.0	3.41e-47	17	rejected
smbu06GL001987	L_lactis_MG1363	83.168	99.0	1.9e-47	17	rejected
smbu06GL001987	smbu06_project	100.000	100.0	3.44e-59	102	ok
smbu06GL001987	smbu08_project	100.000	100.0	3.44e-59	102	ok
smbu06GL002035	E_lactis_194	100.000	100.0	1.38e-54	87	ok
smbu06GL002035	GCA_000006865.1	81.013	90.8	8.73e-41	79	ok
smbu06GL002035	GCA_000157355.2	94.253	100.0	1.05e-51	87	ok
smbu06GL002035	GCA_000344575.1	81.013	90.8	8.73e-41	79	ok
smbu06GL002035	GCA_000761115.1	81.013	90.8	8.73e-41	79	ok
smbu06GL002035	GCA_000807375.1	81.013	90.8	8.73e-41	79	ok
smbu06GL002035	GCA_002216705.1	97.701	100.0	2.74e-53	87	ok
smbu06GL002035	GCA_002278015.2	98.851	100.0	3.6e-54	87	ok
smbu06GL002035	GCA_002290025.1	96.552	100.0	7.72e-53	87	ok
smbu06GL002035	GCA_002804185.1	81.013	90.8	8.73e-41	79	ok
smbu06GL002035	GCA_002804285.1	81.013	90.8	8.73e-41	79	ok
smbu06GL002035	GCA_002813755.1	97.701	100.0	2.74e-53	87	ok
smbu06GL002035	GCA_002895225.1	81.013	90.8	8.73e-41	79	ok
smbu06GL002035	GCA_003711125.1	95.402	100.0	5.07e-52	87	ok
smbu06GL002035	GCA_003722255.1	81.013	90.8	8.73e-41	79	ok
smbu06GL002035	GCA_005347505.1	95.402	100.0	5.07e-52	87	ok
smbu06GL002035	GCA_009730155.1	95.402	100.0	2.1e-52	87	ok
smbu06GL002035	GCA_013391145.1	98.851	100.0	3.6e-54	87	ok
smbu06GL002035	GCA_013391165.1	98.851	100.0	3.6e-54	87	ok
smbu06GL002035	GCA_013391185.1	98.851	100.0	3.6e-54	87	ok
smbu06GL002035	GCA_013391205.1	98.851	100.0	3.6e-54	87	ok
smbu06GL002035	GCA_013394325.1	93.103	100.0	1.19e-51	87	ok
smbu06GL002035	GCA_015767715.1	100.000	100.0	1.38e-54	87	ok
smbu06GL002035	GCA_016127235.1	98.851	100.0	3.6e-54	87	ok
smbu06GL002035	GCA_019203145.1	100.000	100.0	1.38e-54	87	ok
smbu06GL002035	GCA_019343125.1	100.000	100.0	1.38e-54	87	ok
smbu06GL002035	GCA_019797905.1	96.552	100.0	8.19e-53	87	ok
smbu06GL002035	GCA_019967715.1	100.000	100.0	1.38e-54	87	ok
smbu06GL002035	GCA_022870765.1	94.253	100.0	1.58e-51	87	ok
smbu06GL002035	GCA_023523715.1	94.253	100.0	1.05e-51	87	ok
smbu06GL002035	GCA_023612275.1	100.000	100.0	1.67e-54	87	ok
smbu06GL002035	GCA_025402795.1	95.402	100.0	4.26e-52	87	ok
smbu06GL002035	GCA_025402855.1	95.402	100.0	4.26e-52	87	ok
smbu06GL002035	GCA_029201225.1	94.253	100.0	1.58e-51	87	ok
smbu06GL002035	GCA_029215545.1	94.253	100.0	1.58e-51	87	ok
smbu06GL002035	GCA_030490365.1	100.000	100.0	1.38e-54	87	ok
smbu06GL002035	GCA_033954875.1	100.000	100.0	1.38e-54	87	ok
smbu06GL002035	GCA_033954895.1	100.000	100.0	1.67e-54	87	ok
smbu06GL002035	GCA_033954915.1	100.000	100.0	1.67e-54	87	ok
smbu06GL002035	GCA_036669985.1	100.000	100.0	1.67e-54	87	ok
smbu06GL002035	GCA_040745045.1	100.000	100.0	1.38e-54	87	ok
smbu06GL002035	GCA_041930275.1	95.402	100.0	2.1e-52	87	ok
smbu06GL002035	GCA_041952535.1	95.402	100.0	2.1e-52	87	ok
smbu06GL002035	GCA_043950735.1	98.851	100.0	3.6e-54	87	ok
smbu06GL002035	GCA_043950745.1	98.851	100.0	3.6e-54	87	ok
smbu06GL002035	GCA_045039055.1	95.402	100.0	2.1e-52	87	ok
smbu06GL002035	GCA_049315065.1	100.000	100.0	1.38e-54	87	ok
smbu06GL002035	GCA_049315075.1	98.851	100.0	2.37e-54	87	ok
smbu06GL002035	GCA_049315085.1	98.851	100.0	2.37e-54	87	ok
smbu06GL002035	GCA_049315095.1	98.851	100.0	2.37e-54	87	ok
smbu06GL002035	GCA_049315105.1	98.851	100.0	2.37e-54	87	ok
smbu06GL002035	GCA_049315115.1	100.000	100.0	1.38e-54	87	ok
smbu06GL002035	GCA_049315125.1	100.000	100.0	1.38e-54	87	ok
smbu06GL002035	GCA_049315135.1	98.851	100.0	2.37e-54	87	ok
smbu06GL002035	GCA_049315145.1	100.000	100.0	1.38e-54	87	ok
smbu06GL002035	GCA_049315155.1	98.851	100.0	2.37e-54	87	ok
smbu06GL002035	GCA_049315165.1	100.000	100.0	1.38e-54	87	ok
smbu06GL002035	GCA_049315175.1	100.000	100.0	1.38e-54	87	ok
smbu06GL002035	GCA_052655065.1	100.000	100.0	1.38e-54	87	ok
smbu06GL002035	GCA_052655335.1	100.000	100.0	1.38e-54	87	ok
smbu06GL002035	GCA_052655665.1	100.000	100.0	1.38e-54	87	ok
smbu06GL002035	GCA_052656575.1	100.000	100.0	1.38e-54	87	ok
smbu06GL002035	GCA_052657825.1	100.000	100.0	1.38e-54	87	ok
smbu06GL002035	GCA_052658005.1	100.000	100.0	1.38e-54	87	ok
smbu06GL002035	GCA_053764515.1	97.701	100.0	2.74e-53	87	ok
smbu06GL002035	GCA_055397705.1	100.000	86.2	8.72e-45	75	ok
smbu06GL002035	GCA_055397995.1	98.851	100.0	4.33e-54	87	ok
smbu06GL002035	GCA_056487485.1	97.701	100.0	2.74e-53	87	ok
smbu06GL002035	GCA_056582645.1	100.000	100.0	1.38e-54	87	ok
smbu06GL002035	GCA_058072705.1	100.000	100.0	1.67e-54	87	ok
smbu06GL002035	GCA_060306215.1	100.000	100.0	1.38e-54	87	ok
smbu06GL002035	GCA_060307205.1	98.851	100.0	3.6e-54	87	ok
smbu06GL002035	GCA_060307225.1	100.000	100.0	1.38e-54	87	ok
smbu06GL002035	GCA_061568495.1	100.000	100.0	1.38e-54	87	ok
smbu06GL002035	GCA_900636615.1	98.851	100.0	3.6e-54	87	ok
smbu06GL002035	GCA_905186115.1	98.851	100.0	3.85e-54	87	ok
smbu06GL002035	GCA_931972305.1	97.701	100.0	2.74e-53	87	ok
smbu06GL002035	GCA_963280925.1	98.851	100.0	3.6e-54	87	ok
smbu06GL002035	GCA_988227945.1	100.000	100.0	1.38e-54	87	ok
smbu06GL002035	GCA_988227985.1	100.000	100.0	1.38e-54	87	ok
smbu06GL002035	GCA_988228025.1	100.000	100.0	1.38e-54	87	ok
smbu06GL002035	GCA_988235375.1	96.552	100.0	8.26e-53	87	ok
smbu06GL002035	GCA_988236725.1	96.552	100.0	8.26e-53	87	ok
smbu06GL002035	GCA_988237225.1	100.000	100.0	1.38e-54	87	ok
smbu06GL002035	GCF_001298485.1	100.000	100.0	1.38e-54	87	ok
smbu06GL002035	GCF_001412695.1	100.000	100.0	1.38e-54	87	ok
smbu06GL002035	GCF_001598635.1	89.412	97.7	9.5e-48	85	ok
smbu06GL002035	GCF_001689055.2	89.412	97.7	9.5e-48	85	ok
smbu06GL002035	GCF_002208945.1	89.412	97.7	1.54e-47	85	ok
smbu06GL002035	GCF_002216705.1	97.701	100.0	2.74e-53	87	ok
smbu06GL002035	GCF_002278015.2	98.851	100.0	3.6e-54	87	ok
smbu06GL002035	GCF_002289045.2	89.412	97.7	9.5e-48	85	ok
smbu06GL002035	GCF_002290025.1	96.552	100.0	7.72e-53	87	ok
smbu06GL002035	GCF_002355755.1	89.412	97.7	9.5e-48	85	ok
smbu06GL002035	GCF_002761555.1	100.000	100.0	1.38e-54	87	ok
smbu06GL002035	GCF_002831505.1	100.000	100.0	1.38e-54	87	ok
smbu06GL002035	GCF_002850515.1	100.000	100.0	1.38e-54	87	ok
smbu06GL002035	GCF_002983785.1	100.000	100.0	1.38e-54	87	ok
smbu06GL002035	GCF_003269465.1	100.000	100.0	1.38e-54	87	ok
smbu06GL002035	GCF_003667965.1	100.000	100.0	1.67e-54	87	ok
smbu06GL002035	GCF_003711125.1	95.402	100.0	5.07e-52	87	ok
smbu06GL002035	GCF_003711605.1	100.000	100.0	1.38e-54	87	ok
smbu06GL002035	GCF_003812665.1	89.412	97.7	9.5e-48	85	ok
smbu06GL002035	GCF_004332055.1	100.000	100.0	1.38e-54	87	ok
smbu06GL002035	GCF_005484525.1	89.412	97.7	1.54e-47	85	ok
smbu06GL002035	GCF_006337145.1	100.000	100.0	1.38e-54	87	ok
smbu06GL002035	GCF_006351785.1	100.000	100.0	1.38e-54	87	ok
smbu06GL002035	GCF_006351845.1	100.000	100.0	1.38e-54	87	ok
smbu06GL002035	GCF_006364815.1	89.412	97.7	1.54e-47	85	ok
smbu06GL002035	GCF_006494835.1	89.412	97.7	9.5e-48	85	ok
smbu06GL002035	GCF_006494855.1	89.412	97.7	9.5e-48	85	ok
smbu06GL002035	GCF_006494875.1	89.412	97.7	9.5e-48	85	ok
smbu06GL002035	GCF_006766145.1	89.412	97.7	1.54e-47	85	ok
smbu06GL002035	GCF_007923665.2	100.000	100.0	1.38e-54	87	ok
smbu06GL002035	GCF_007923785.2	100.000	100.0	1.38e-54	87	ok
smbu06GL002035	GCF_007923865.2	100.000	100.0	1.38e-54	87	ok
smbu06GL002035	GCF_007923885.2	100.000	100.0	1.38e-54	87	ok
smbu06GL002035	GCF_007923905.2	100.000	100.0	1.38e-54	87	ok
smbu06GL002035	GCF_007923925.2	100.000	100.0	1.38e-54	87	ok
smbu06GL002035	GCF_007923945.2	100.000	100.0	1.38e-54	87	ok
smbu06GL002035	GCF_007923965.2	100.000	100.0	1.38e-54	87	ok
smbu06GL002035	GCF_008330605.1	100.000	100.0	1.38e-54	87	ok
smbu06GL002035	GCF_009730155.1	95.402	100.0	2.1e-52	87	ok
smbu06GL002035	GCF_009734005.1	100.000	100.0	1.38e-54	87	ok
smbu06GL002035	GCF_009938075.1	100.000	100.0	1.38e-54	87	ok
smbu06GL002035	GCF_010103655.1	89.412	97.7	9.5e-48	85	ok
smbu06GL002035	GCF_010120755.1	100.000	100.0	1.38e-54	87	ok
smbu06GL002035	GCF_011745645.1	100.000	100.0	1.38e-54	87	ok
smbu06GL002035	GCF_012045365.1	100.000	100.0	1.38e-54	87	ok
smbu06GL002035	GCF_012045505.1	100.000	100.0	1.38e-54	87	ok
smbu06GL002035	GCF_012594215.1	89.412	97.7	9.5e-48	85	ok
smbu06GL002035	GCF_013201055.1	100.000	100.0	1.38e-54	87	ok
smbu06GL002035	GCF_013344625.1	89.412	97.7	1.54e-47	85	ok
smbu06GL002035	GCF_013344645.1	89.412	97.7	1.54e-47	85	ok
smbu06GL002035	GCF_013344665.1	89.412	97.7	9.5e-48	85	ok
smbu06GL002035	GCF_013391145.1	98.851	100.0	3.6e-54	87	ok
smbu06GL002035	GCF_013391165.1	98.851	100.0	3.6e-54	87	ok
smbu06GL002035	GCF_013391185.1	98.851	100.0	3.6e-54	87	ok
smbu06GL002035	GCF_013391205.1	98.851	100.0	3.6e-54	87	ok
smbu06GL002035	GCF_013394325.1	93.103	100.0	1.19e-51	87	ok
smbu06GL002035	GCF_015377765.1	100.000	100.0	1.67e-54	87	ok
smbu06GL002035	GCF_015767695.1	100.000	100.0	1.38e-54	87	ok
smbu06GL002035	GCF_015767715.1	100.000	100.0	1.38e-54	87	ok
smbu06GL002035	GCF_016127235.1	98.851	100.0	3.6e-54	87	ok
smbu06GL002035	GCF_017280035.1	89.412	97.7	9.5e-48	85	ok
smbu06GL002035	GCF_017357805.1	89.412	97.7	9.5e-48	85	ok
smbu06GL002035	GCF_018516845.1	100.000	100.0	1.38e-54	87	ok
smbu06GL002035	GCF_019203145.1	100.000	100.0	1.38e-54	87	ok
smbu06GL002035	GCF_019343125.1	100.000	100.0	1.38e-54	87	ok
smbu06GL002035	GCF_019456555.1	100.000	100.0	1.38e-54	87	ok
smbu06GL002035	GCF_019456575.1	100.000	100.0	1.38e-54	87	ok
smbu06GL002035	GCF_019456595.1	100.000	100.0	1.38e-54	87	ok
smbu06GL002035	GCF_019797905.1	96.552	100.0	8.19e-53	87	ok
smbu06GL002035	GCF_019967715.1	100.000	100.0	1.38e-54	87	ok
smbu06GL002035	GCF_020881975.1	89.412	97.7	9.5e-48	85	ok
smbu06GL002035	GCF_020906605.1	89.412	97.7	1.54e-47	85	ok
smbu06GL002035	GCF_022869705.1	89.412	97.7	9.5e-48	85	ok
smbu06GL002035	GCF_023299785.1	89.412	97.7	9.5e-48	85	ok
smbu06GL002035	GCF_023375505.1	89.412	97.7	9.5e-48	85	ok
smbu06GL002035	GCF_023612035.1	89.412	97.7	9.5e-48	85	ok
smbu06GL002035	GCF_023612275.1	100.000	100.0	1.67e-54	87	ok
smbu06GL002035	GCF_024267595.1	89.412	97.7	9.5e-48	85	ok
smbu06GL002035	GCF_025957845.1	89.412	97.7	9.5e-48	85	ok
smbu06GL002035	GCF_025957925.1	89.412	97.7	9.5e-48	85	ok
smbu06GL002035	GCF_025958025.1	89.412	97.7	9.5e-48	85	ok
smbu06GL002035	GCF_025958065.1	89.412	97.7	1.54e-47	85	ok
smbu06GL002035	GCF_025958085.1	89.412	97.7	1.54e-47	85	ok
smbu06GL002035	GCF_025958625.1	89.412	97.7	9.5e-48	85	ok
smbu06GL002035	GCF_025958845.1	89.412	97.7	9.5e-48	85	ok
smbu06GL002035	GCF_025958885.1	89.412	97.7	9.5e-48	85	ok
smbu06GL002035	GCF_026650885.1	89.412	97.7	9.5e-48	85	ok
smbu06GL002035	GCF_027915235.1	100.000	100.0	1.38e-54	87	ok
smbu06GL002035	GCF_030490365.1	100.000	100.0	1.38e-54	87	ok
smbu06GL002035	GCF_030584585.1	100.000	100.0	1.38e-54	87	ok
smbu06GL002035	GCF_030584605.1	100.000	100.0	1.38e-54	87	ok
smbu06GL002035	GCF_030584685.1	100.000	100.0	1.38e-54	87	ok
smbu06GL002035	GCF_030643745.1	100.000	100.0	1.38e-54	87	ok
smbu06GL002035	GCF_033954875.1	100.000	100.0	1.38e-54	87	ok
smbu06GL002035	GCF_033954895.1	100.000	100.0	1.67e-54	87	ok
smbu06GL002035	GCF_033954915.1	100.000	100.0	1.67e-54	87	ok
smbu06GL002035	GCF_036669985.1	100.000	100.0	1.67e-54	87	ok
smbu06GL002035	GCF_040745045.1	100.000	100.0	1.38e-54	87	ok
smbu06GL002035	GCF_043950735.1	98.851	100.0	3.6e-54	87	ok
smbu06GL002035	GCF_049315065.1	100.000	100.0	1.38e-54	87	ok
smbu06GL002035	GCF_049315075.1	98.851	100.0	2.37e-54	87	ok
smbu06GL002035	GCF_049315085.1	98.851	100.0	2.37e-54	87	ok
smbu06GL002035	GCF_049315095.1	98.851	100.0	2.37e-54	87	ok
smbu06GL002035	GCF_049315105.1	98.851	100.0	2.37e-54	87	ok
smbu06GL002035	GCF_049315115.1	100.000	100.0	1.38e-54	87	ok
smbu06GL002035	GCF_049315125.1	100.000	100.0	1.38e-54	87	ok
smbu06GL002035	GCF_049315135.1	98.851	100.0	2.37e-54	87	ok
smbu06GL002035	GCF_049315145.1	100.000	100.0	1.38e-54	87	ok
smbu06GL002035	GCF_049315155.1	98.851	100.0	2.37e-54	87	ok
smbu06GL002035	GCF_049315165.1	100.000	100.0	1.38e-54	87	ok
smbu06GL002035	GCF_049315175.1	100.000	100.0	1.38e-54	87	ok
smbu06GL002035	GCF_052655065.1	100.000	100.0	1.38e-54	87	ok
smbu06GL002035	GCF_052655335.1	100.000	100.0	1.38e-54	87	ok
smbu06GL002035	GCF_052655665.1	100.000	100.0	1.38e-54	87	ok
smbu06GL002035	GCF_052656575.1	100.000	100.0	1.38e-54	87	ok
smbu06GL002035	GCF_052657825.1	100.000	100.0	1.38e-54	87	ok
smbu06GL002035	GCF_052658005.1	100.000	100.0	1.38e-54	87	ok
smbu06GL002035	GCF_053764515.1	97.701	100.0	2.74e-53	87	ok
smbu06GL002035	GCF_056487465.1	97.701	100.0	2.74e-53	87	ok
smbu06GL002035	GCF_056582645.1	100.000	100.0	1.38e-54	87	ok
smbu06GL002035	GCF_931972305.1	97.701	100.0	2.74e-53	87	ok
smbu06GL002035	GCF_988227945.1	100.000	100.0	1.38e-54	87	ok
smbu06GL002035	GCF_988227985.1	100.000	100.0	1.38e-54	87	ok
smbu06GL002035	GCF_988228025.1	100.000	100.0	1.38e-54	87	ok
smbu06GL002035	L_lactis_14B4	81.013	90.8	8.73e-41	79	ok
smbu06GL002035	L_lactis_IL1403	81.013	90.8	8.73e-41	79	ok
smbu06GL002035	L_lactis_MG1363	79.747	90.8	2.51e-40	79	ok
smbu06GL002035	smbu06_project	100.000	100.0	1.38e-54	87	ok
smbu06GL002035	smbu08_project	100.000	100.0	1.38e-54	87	ok
smbu06GL002238	E_lactis_194	100.000	100.0	0.0	541	ok
smbu06GL002238	GCA_000006865.1	79.846	96.3	0.0	521	ok
smbu06GL002238	GCA_000157355.2	93.090	96.3	0.0	521	ok
smbu06GL002238	GCA_000344575.1	79.655	96.3	0.0	521	ok
smbu06GL002238	GCA_000761115.1	79.846	96.3	0.0	521	ok
smbu06GL002238	GCA_000807375.1	79.846	96.3	0.0	521	ok
smbu06GL002238	GCA_002216705.1	97.227	100.0	0.0	541	ok
smbu06GL002238	GCA_002278015.2	99.076	100.0	0.0	541	ok
smbu06GL002238	GCA_002290025.1	98.152	100.0	0.0	541	ok
smbu06GL002238	GCA_002804185.1	79.846	96.3	0.0	521	ok
smbu06GL002238	GCA_002804285.1	79.846	96.3	0.0	521	ok
smbu06GL002238	GCA_002813755.1	97.227	100.0	0.0	541	ok
smbu06GL002238	GCA_002895225.1	79.846	96.3	0.0	521	ok
smbu06GL002238	GCA_003711125.1	90.221	100.0	0.0	542	ok
smbu06GL002238	GCA_003722255.1	79.846	96.3	0.0	521	ok
smbu06GL002238	GCA_005347505.1	90.221	100.0	0.0	542	ok
smbu06GL002238	GCA_009730155.1	92.514	96.3	0.0	521	ok
smbu06GL002238	GCA_013391145.1	98.706	100.0	0.0	541	ok
smbu06GL002238	GCA_013391165.1	99.076	100.0	0.0	541	ok
smbu06GL002238	GCA_013391185.1	98.891	100.0	0.0	541	ok
smbu06GL002238	GCA_013391205.1	98.706	100.0	0.0	541	ok
smbu06GL002238	GCA_013394325.1	90.037	100.0	0.0	542	ok
smbu06GL002238	GCA_015767715.1	100.000	100.0	0.0	541	ok
smbu06GL002238	GCA_016127235.1	99.076	100.0	0.0	541	ok
smbu06GL002238	GCA_019203145.1	100.000	100.0	0.0	541	ok
smbu06GL002238	GCA_019343125.1	100.000	100.0	0.0	541	ok
smbu06GL002238	GCA_019797905.1	89.852	100.0	0.0	542	ok
smbu06GL002238	GCA_019967715.1	100.000	100.0	0.0	541	ok
smbu06GL002238	GCA_022870765.1	93.090	96.3	0.0	521	ok
smbu06GL002238	GCA_023523715.1	93.090	96.3	0.0	521	ok
smbu06GL002238	GCA_023612275.1	100.000	100.0	0.0	541	ok
smbu06GL002238	GCA_025402795.1	89.907	98.7	0.0	535	ok
smbu06GL002238	GCA_025402855.1	90.037	100.0	0.0	542	ok
smbu06GL002238	GCA_029201225.1	93.090	96.3	0.0	521	ok
smbu06GL002238	GCA_029215545.1	93.090	96.3	0.0	521	ok
smbu06GL002238	GCA_030490365.1	100.000	100.0	0.0	541	ok
smbu06GL002238	GCA_033954875.1	100.000	100.0	0.0	541	ok
smbu06GL002238	GCA_033954895.1	100.000	100.0	0.0	541	ok
smbu06GL002238	GCA_033954915.1	100.000	100.0	0.0	541	ok
smbu06GL002238	GCA_036669985.1	100.000	100.0	0.0	541	ok
smbu06GL002238	GCA_040745045.1	100.000	100.0	0.0	541	ok
smbu06GL002238	GCA_041930275.1	92.514	96.3	0.0	521	ok
smbu06GL002238	GCA_041952535.1	92.514	96.3	0.0	521	ok
smbu06GL002238	GCA_043950735.1	98.891	100.0	0.0	541	ok
smbu06GL002238	GCA_043950745.1	98.891	100.0	0.0	541	ok
smbu06GL002238	GCA_045039055.1	92.514	96.3	0.0	521	ok
smbu06GL002238	GCA_049315065.1	100.000	100.0	0.0	541	ok
smbu06GL002238	GCA_049315075.1	99.261	100.0	0.0	541	ok
smbu06GL002238	GCA_049315085.1	99.261	100.0	0.0	541	ok
smbu06GL002238	GCA_049315095.1	99.261	100.0	0.0	541	ok
smbu06GL002238	GCA_049315105.1	99.261	100.0	0.0	541	ok
smbu06GL002238	GCA_049315115.1	100.000	100.0	0.0	541	ok
smbu06GL002238	GCA_049315125.1	100.000	100.0	0.0	541	ok
smbu06GL002238	GCA_049315135.1	99.261	100.0	0.0	541	ok
smbu06GL002238	GCA_049315145.1	100.000	100.0	0.0	541	ok
smbu06GL002238	GCA_049315155.1	99.261	100.0	0.0	541	ok
smbu06GL002238	GCA_049315165.1	100.000	100.0	0.0	541	ok
smbu06GL002238	GCA_049315175.1	100.000	100.0	0.0	541	ok
smbu06GL002238	GCA_052655065.1	100.000	100.0	0.0	541	ok
smbu06GL002238	GCA_052655335.1	100.000	100.0	0.0	541	ok
smbu06GL002238	GCA_052655665.1	100.000	100.0	0.0	541	ok
smbu06GL002238	GCA_052656575.1	100.000	100.0	0.0	541	ok
smbu06GL002238	GCA_052657825.1	100.000	100.0	0.0	541	ok
smbu06GL002238	GCA_052658005.1	100.000	100.0	0.0	541	ok
smbu06GL002238	GCA_053764515.1	97.227	100.0	0.0	541	ok
smbu06GL002238	GCA_055397705.1	90.311	100.0	0.0	312	ok
smbu06GL002238	GCA_055397995.1	79.137	100.0	0.0	386	ok
smbu06GL002238	GCA_056487485.1	97.227	100.0	0.0	541	ok
smbu06GL002238	GCA_056582645.1	100.000	100.0	0.0	541	ok
smbu06GL002238	GCA_058072705.1	100.000	100.0	0.0	541	ok
smbu06GL002238	GCA_060306215.1	100.000	100.0	0.0	541	ok
smbu06GL002238	GCA_060307205.1	98.891	100.0	0.0	541	ok
smbu06GL002238	GCA_060307225.1	100.000	100.0	0.0	541	ok
smbu06GL002238	GCA_061568495.1	100.000	100.0	0.0	541	ok
smbu06GL002238	GCA_900636615.1	99.076	100.0	0.0	541	ok
smbu06GL002238	GCA_905186115.1	98.521	100.0	0.0	541	ok
smbu06GL002238	GCA_931972305.1	97.227	100.0	0.0	541	ok
smbu06GL002238	GCA_963280925.1	98.891	100.0	0.0	541	ok
smbu06GL002238	GCA_988227945.1	100.000	100.0	0.0	541	ok
smbu06GL002238	GCA_988227985.1	100.000	100.0	0.0	541	ok
smbu06GL002238	GCA_988228025.1	100.000	100.0	0.0	541	ok
smbu06GL002238	GCA_988235375.1	98.152	100.0	0.0	541	ok
smbu06GL002238	GCA_988236725.1	98.152	100.0	0.0	541	ok
smbu06GL002238	GCA_988237225.1	100.000	100.0	0.0	541	ok
smbu06GL002238	GCF_001298485.1	100.000	100.0	0.0	541	ok
smbu06GL002238	GCF_001412695.1	99.815	100.0	0.0	541	ok
smbu06GL002238	GCF_001598635.1	95.941	100.0	0.0	541	ok
smbu06GL002238	GCF_001689055.2	95.941	100.0	0.0	541	ok
smbu06GL002238	GCF_002208945.1	95.941	100.0	0.0	541	ok
smbu06GL002238	GCF_002216705.1	97.227	100.0	0.0	541	ok
smbu06GL002238	GCF_002278015.2	99.076	100.0	0.0	541	ok
smbu06GL002238	GCF_002289045.2	95.941	100.0	0.0	541	ok
smbu06GL002238	GCF_002290025.1	98.152	100.0	0.0	541	ok
smbu06GL002238	GCF_002355755.1	95.941	100.0	0.0	541	ok
smbu06GL002238	GCF_002761555.1	100.000	100.0	0.0	541	ok
smbu06GL002238	GCF_002831505.1	100.000	100.0	0.0	541	ok
smbu06GL002238	GCF_002850515.1	100.000	100.0	0.0	541	ok
smbu06GL002238	GCF_002983785.1	100.000	100.0	0.0	541	ok
smbu06GL002238	GCF_003269465.1	100.000	100.0	0.0	541	ok
smbu06GL002238	GCF_003667965.1	100.000	100.0	0.0	541	ok
smbu06GL002238	GCF_003711125.1	90.221	100.0	0.0	542	ok
smbu06GL002238	GCF_003711605.1	100.000	100.0	0.0	541	ok
smbu06GL002238	GCF_003812665.1	95.941	100.0	0.0	541	ok
smbu06GL002238	GCF_004332055.1	100.000	100.0	0.0	541	ok
smbu06GL002238	GCF_005484525.1	95.941	100.0	0.0	541	ok
smbu06GL002238	GCF_006337145.1	100.000	100.0	0.0	541	ok
smbu06GL002238	GCF_006351785.1	99.815	100.0	0.0	541	ok
smbu06GL002238	GCF_006351845.1	100.000	100.0	0.0	541	ok
smbu06GL002238	GCF_006364815.1	95.941	100.0	0.0	541	ok
smbu06GL002238	GCF_006494835.1	95.941	100.0	0.0	541	ok
smbu06GL002238	GCF_006494855.1	95.941	100.0	0.0	541	ok
smbu06GL002238	GCF_006494875.1	95.941	100.0	0.0	541	ok
smbu06GL002238	GCF_006766145.1	95.941	100.0	0.0	541	ok
smbu06GL002238	GCF_007923665.2	100.000	100.0	0.0	541	ok
smbu06GL002238	GCF_007923785.2	100.000	100.0	0.0	541	ok
smbu06GL002238	GCF_007923865.2	100.000	100.0	0.0	541	ok
smbu06GL002238	GCF_007923885.2	100.000	100.0	0.0	541	ok
smbu06GL002238	GCF_007923905.2	100.000	100.0	0.0	541	ok
smbu06GL002238	GCF_007923925.2	100.000	100.0	0.0	541	ok
smbu06GL002238	GCF_007923945.2	100.000	100.0	0.0	541	ok
smbu06GL002238	GCF_007923965.2	100.000	100.0	0.0	541	ok
smbu06GL002238	GCF_008330605.1	100.000	100.0	0.0	541	ok
smbu06GL002238	GCF_009730155.1	92.514	96.3	0.0	521	ok
smbu06GL002238	GCF_009734005.1	100.000	100.0	0.0	541	ok
smbu06GL002238	GCF_009938075.1	100.000	100.0	0.0	541	ok
smbu06GL002238	GCF_010103655.1	95.941	100.0	0.0	541	ok
smbu06GL002238	GCF_010120755.1	100.000	100.0	0.0	541	ok
smbu06GL002238	GCF_011745645.1	100.000	100.0	0.0	541	ok
smbu06GL002238	GCF_012045365.1	100.000	98.9	0.0	535	ok
smbu06GL002238	GCF_012045505.1	100.000	100.0	0.0	541	ok
smbu06GL002238	GCF_012594215.1	95.941	100.0	0.0	541	ok
smbu06GL002238	GCF_013201055.1	100.000	100.0	0.0	541	ok
smbu06GL002238	GCF_013344625.1	95.941	100.0	0.0	541	ok
smbu06GL002238	GCF_013344645.1	95.941	100.0	0.0	541	ok
smbu06GL002238	GCF_013344665.1	95.941	100.0	0.0	541	ok
smbu06GL002238	GCF_013391145.1	98.706	100.0	0.0	541	ok
smbu06GL002238	GCF_013391165.1	99.076	100.0	0.0	541	ok
smbu06GL002238	GCF_013391185.1	98.891	100.0	0.0	541	ok
smbu06GL002238	GCF_013391205.1	98.706	100.0	0.0	541	ok
smbu06GL002238	GCF_013394325.1	90.037	100.0	0.0	542	ok
smbu06GL002238	GCF_015377765.1	100.000	100.0	0.0	541	ok
smbu06GL002238	GCF_015767695.1	100.000	100.0	0.0	541	ok
smbu06GL002238	GCF_015767715.1	100.000	100.0	0.0	541	ok
smbu06GL002238	GCF_016127235.1	99.076	100.0	0.0	541	ok
smbu06GL002238	GCF_017280035.1	95.941	100.0	0.0	541	ok
smbu06GL002238	GCF_017357805.1	95.941	100.0	0.0	541	ok
smbu06GL002238	GCF_018516845.1	100.000	100.0	0.0	541	ok
smbu06GL002238	GCF_019203145.1	100.000	100.0	0.0	541	ok
smbu06GL002238	GCF_019343125.1	100.000	100.0	0.0	541	ok
smbu06GL002238	GCF_019456555.1	100.000	100.0	0.0	541	ok
smbu06GL002238	GCF_019456575.1	100.000	100.0	0.0	541	ok
smbu06GL002238	GCF_019456595.1	100.000	100.0	0.0	541	ok
smbu06GL002238	GCF_019797905.1	89.852	100.0	0.0	542	ok
smbu06GL002238	GCF_019967715.1	100.000	100.0	0.0	541	ok
smbu06GL002238	GCF_020881975.1	95.941	100.0	0.0	541	ok
smbu06GL002238	GCF_020906605.1	95.941	100.0	0.0	541	ok
smbu06GL002238	GCF_022869705.1	95.941	100.0	0.0	541	ok
smbu06GL002238	GCF_023299785.1	95.941	100.0	0.0	541	ok
smbu06GL002238	GCF_023375505.1	95.941	100.0	0.0	541	ok
smbu06GL002238	GCF_023612035.1	95.941	100.0	0.0	541	ok
smbu06GL002238	GCF_023612275.1	100.000	100.0	0.0	541	ok
smbu06GL002238	GCF_024267595.1	95.941	100.0	0.0	541	ok
smbu06GL002238	GCF_025957845.1	95.941	100.0	0.0	541	ok
smbu06GL002238	GCF_025957925.1	95.941	100.0	0.0	541	ok
smbu06GL002238	GCF_025958025.1	95.941	100.0	0.0	541	ok
smbu06GL002238	GCF_025958065.1	95.941	100.0	0.0	541	ok
smbu06GL002238	GCF_025958085.1	95.941	100.0	0.0	541	ok
smbu06GL002238	GCF_025958625.1	95.941	100.0	0.0	541	ok
smbu06GL002238	GCF_025958845.1	95.941	100.0	0.0	541	ok
smbu06GL002238	GCF_025958885.1	95.941	100.0	0.0	541	ok
smbu06GL002238	GCF_026650885.1	95.941	100.0	0.0	541	ok
smbu06GL002238	GCF_027915235.1	100.000	100.0	0.0	541	ok
smbu06GL002238	GCF_030490365.1	100.000	100.0	0.0	541	ok
smbu06GL002238	GCF_030584585.1	100.000	100.0	0.0	541	ok
smbu06GL002238	GCF_030584605.1	100.000	100.0	0.0	541	ok
smbu06GL002238	GCF_030584685.1	100.000	100.0	0.0	541	ok
smbu06GL002238	GCF_030643745.1	100.000	100.0	0.0	541	ok
smbu06GL002238	GCF_033954875.1	100.000	100.0	0.0	541	ok
smbu06GL002238	GCF_033954895.1	100.000	100.0	0.0	541	ok
smbu06GL002238	GCF_033954915.1	100.000	100.0	0.0	541	ok
smbu06GL002238	GCF_036669985.1	100.000	100.0	0.0	541	ok
smbu06GL002238	GCF_040745045.1	100.000	100.0	0.0	541	ok
smbu06GL002238	GCF_043950735.1	98.891	100.0	0.0	541	ok
smbu06GL002238	GCF_049315065.1	100.000	100.0	0.0	541	ok
smbu06GL002238	GCF_049315075.1	99.261	100.0	0.0	541	ok
smbu06GL002238	GCF_049315085.1	99.261	100.0	0.0	541	ok
smbu06GL002238	GCF_049315095.1	99.261	100.0	0.0	541	ok
smbu06GL002238	GCF_049315105.1	99.261	100.0	0.0	541	ok
smbu06GL002238	GCF_049315115.1	100.000	100.0	0.0	541	ok
smbu06GL002238	GCF_049315125.1	100.000	100.0	0.0	541	ok
smbu06GL002238	GCF_049315135.1	99.261	100.0	0.0	541	ok
smbu06GL002238	GCF_049315145.1	100.000	100.0	0.0	541	ok
smbu06GL002238	GCF_049315155.1	99.261	100.0	0.0	541	ok
smbu06GL002238	GCF_049315165.1	100.000	100.0	0.0	541	ok
smbu06GL002238	GCF_049315175.1	100.000	100.0	0.0	541	ok
smbu06GL002238	GCF_052655065.1	100.000	100.0	0.0	541	ok
smbu06GL002238	GCF_052655335.1	100.000	100.0	0.0	541	ok
smbu06GL002238	GCF_052655665.1	100.000	100.0	0.0	541	ok
smbu06GL002238	GCF_052656575.1	100.000	100.0	0.0	541	ok
smbu06GL002238	GCF_052657825.1	100.000	100.0	0.0	541	ok
smbu06GL002238	GCF_052658005.1	100.000	100.0	0.0	541	ok
smbu06GL002238	GCF_053764515.1	97.227	100.0	0.0	541	ok
smbu06GL002238	GCF_056487465.1	97.227	100.0	0.0	541	ok
smbu06GL002238	GCF_056582645.1	100.000	100.0	0.0	541	ok
smbu06GL002238	GCF_931972305.1	97.227	100.0	0.0	541	ok
smbu06GL002238	GCF_988227945.1	100.000	100.0	0.0	541	ok
smbu06GL002238	GCF_988227985.1	100.000	100.0	0.0	541	ok
smbu06GL002238	GCF_988228025.1	100.000	100.0	0.0	541	ok
smbu06GL002238	L_lactis_14B4	79.808	96.1	0.0	520	ok
smbu06GL002238	L_lactis_IL1403	79.846	96.3	0.0	521	ok
smbu06GL002238	L_lactis_MG1363	79.655	96.3	0.0	521	ok
smbu06GL002238	smbu06_project	100.000	100.0	0.0	541	ok
smbu06GL002238	smbu08_project	100.000	100.0	0.0	541	ok
smbu06GL002282	E_lactis_194	100.000	100.0	1.56e-67	122	ok
smbu06GL002282	GCA_000006865.1	68.852	100.0	1.92e-33	121	ok
smbu06GL002282	GCA_000157355.2	86.992	100.0	2.68e-46	123	ok
smbu06GL002282	GCA_000344575.1	69.672	100.0	7.35e-34	121	ok
smbu06GL002282	GCA_000761115.1	68.852	100.0	1.92e-33	121	ok
smbu06GL002282	GCA_000807375.1	68.852	100.0	1.92e-33	121	ok
smbu06GL002282	GCA_002216705.1	96.721	100.0	7.22e-65	122	ok
smbu06GL002282	GCA_002278015.2	96.721	100.0	2.34e-65	122	ok
smbu06GL002282	GCA_002290025.1	94.262	100.0	2.37e-53	122	ok
smbu06GL002282	GCA_002804185.1	68.852	100.0	1.92e-33	121	ok
smbu06GL002282	GCA_002804285.1	68.852	100.0	1.92e-33	121	ok
smbu06GL002282	GCA_002813755.1	96.721	100.0	7.22e-65	122	ok
smbu06GL002282	GCA_002895225.1	68.852	100.0	1.92e-33	121	ok
smbu06GL002282	GCA_003711125.1	85.246	100.0	2.24e-49	122	ok
smbu06GL002282	GCA_003722255.1	68.852	100.0	1.92e-33	121	ok
smbu06GL002282	GCA_005347505.1	86.066	100.0	2.24e-49	122	ok
smbu06GL002282	GCA_009730155.1	86.992	100.0	2.68e-46	123	ok
smbu06GL002282	GCA_013391145.1	96.721	100.0	2.34e-65	122	ok
smbu06GL002282	GCA_013391165.1	96.721	100.0	2.34e-65	122	ok
smbu06GL002282	GCA_013391185.1	96.721	100.0	2.34e-65	122	ok
smbu06GL002282	GCA_013391205.1	96.721	100.0	2.34e-65	122	ok
smbu06GL002282	GCA_013394325.1	85.246	100.0	2.42e-49	122	ok
smbu06GL002282	GCA_015767715.1	100.000	100.0	1.56e-67	122	ok
smbu06GL002282	GCA_016127235.1	96.721	100.0	2.34e-65	122	ok
smbu06GL002282	GCA_019203145.1	100.000	100.0	1.56e-67	122	ok
smbu06GL002282	GCA_019343125.1	100.000	100.0	1.56e-67	122	ok
smbu06GL002282	GCA_019797905.1	86.179	100.0	7.34e-46	123	ok
smbu06GL002282	GCA_019967715.1	100.000	100.0	1.56e-67	122	ok
smbu06GL002282	GCA_022870765.1	86.992	100.0	2.68e-46	123	ok
smbu06GL002282	GCA_023523715.1	86.992	100.0	2.68e-46	123	ok
smbu06GL002282	GCA_023612275.1	100.000	100.0	1.56e-67	122	ok
smbu06GL002282	GCA_025402795.1	86.179	100.0	7.34e-46	123	ok
smbu06GL002282	GCA_025402855.1	86.179	100.0	7.34e-46	123	ok
smbu06GL002282	GCA_029201225.1	86.992	100.0	2.68e-46	123	ok
smbu06GL002282	GCA_029215545.1	86.992	100.0	2.68e-46	123	ok
smbu06GL002282	GCA_030490365.1	100.000	100.0	1.56e-67	122	ok
smbu06GL002282	GCA_033954875.1	100.000	100.0	1.56e-67	122	ok
smbu06GL002282	GCA_033954895.1	100.000	100.0	1.56e-67	122	ok
smbu06GL002282	GCA_033954915.1	100.000	100.0	1.56e-67	122	ok
smbu06GL002282	GCA_036669985.1	100.000	100.0	1.56e-67	122	ok
smbu06GL002282	GCA_040745045.1	100.000	100.0	1.56e-67	122	ok
smbu06GL002282	GCA_041930275.1	86.992	100.0	2.68e-46	123	ok
smbu06GL002282	GCA_041952535.1	86.992	100.0	2.68e-46	123	ok
smbu06GL002282	GCA_043950735.1	96.721	100.0	2.34e-65	122	ok
smbu06GL002282	GCA_043950745.1	96.721	100.0	2.34e-65	122	ok
smbu06GL002282	GCA_045039055.1	86.992	100.0	2.68e-46	123	ok
smbu06GL002282	GCA_049315065.1	100.000	100.0	1.56e-67	122	ok
smbu06GL002282	GCA_049315075.1	95.082	100.0	3.82e-64	122	ok
smbu06GL002282	GCA_049315085.1	95.082	100.0	3.82e-64	122	ok
smbu06GL002282	GCA_049315095.1	95.082	100.0	3.82e-64	122	ok
smbu06GL002282	GCA_049315105.1	95.082	100.0	3.82e-64	122	ok
smbu06GL002282	GCA_049315115.1	100.000	100.0	1.56e-67	122	ok
smbu06GL002282	GCA_049315125.1	100.000	100.0	1.56e-67	122	ok
smbu06GL002282	GCA_049315135.1	95.082	100.0	3.82e-64	122	ok
smbu06GL002282	GCA_049315145.1	100.000	100.0	1.56e-67	122	ok
smbu06GL002282	GCA_049315155.1	95.082	100.0	3.82e-64	122	ok
smbu06GL002282	GCA_049315165.1	100.000	100.0	1.56e-67	122	ok
smbu06GL002282	GCA_049315175.1	100.000	100.0	1.56e-67	122	ok
smbu06GL002282	GCA_052655065.1	100.000	100.0	1.56e-67	122	ok
smbu06GL002282	GCA_052655335.1	100.000	100.0	1.56e-67	122	ok
smbu06GL002282	GCA_052655665.1	100.000	100.0	1.56e-67	122	ok
smbu06GL002282	GCA_052656575.1	100.000	100.0	1.56e-67	122	ok
smbu06GL002282	GCA_052657825.1	100.000	100.0	1.56e-67	122	ok
smbu06GL002282	GCA_052658005.1	100.000	100.0	1.56e-67	122	ok
smbu06GL002282	GCA_053764515.1	96.721	100.0	7.22e-65	122	ok
smbu06GL002282	GCA_055397705.1	100.000	100.0	1.56e-67	122	ok
smbu06GL002282	GCA_055397995.1	96.721	100.0	2.34e-65	122	ok
smbu06GL002282	GCA_056487485.1	96.721	100.0	7.22e-65	122	ok
smbu06GL002282	GCA_056582645.1	100.000	100.0	1.56e-67	122	ok
smbu06GL002282	GCA_058072705.1	100.000	100.0	1.56e-67	122	ok
smbu06GL002282	GCA_060306215.1	100.000	100.0	1.56e-67	122	ok
smbu06GL002282	GCA_060307205.1	96.721	100.0	2.34e-65	122	ok
smbu06GL002282	GCA_060307225.1	100.000	100.0	1.56e-67	122	ok
smbu06GL002282	GCA_061568495.1	100.000	100.0	1.56e-67	122	ok
smbu06GL002282	GCA_900636615.1	96.721	100.0	2.34e-65	122	ok
smbu06GL002282	GCA_905186115.1	95.902	100.0	2.31e-64	122	ok
smbu06GL002282	GCA_931972305.1	96.721	100.0	7.22e-65	122	ok
smbu06GL002282	GCA_963280925.1	96.721	100.0	2.34e-65	122	ok
smbu06GL002282	GCA_988227945.1	100.000	100.0	1.56e-67	122	ok
smbu06GL002282	GCA_988227985.1	100.000	100.0	1.56e-67	122	ok
smbu06GL002282	GCA_988228025.1	100.000	100.0	1.56e-67	122	ok
smbu06GL002282	GCA_988235375.1	94.262	100.0	2.37e-53	122	ok
smbu06GL002282	GCA_988236725.1	94.262	100.0	2.37e-53	122	ok
smbu06GL002282	GCA_988237225.1	100.000	100.0	1.56e-67	122	ok
smbu06GL002282	GCF_001298485.1	99.180	100.0	1.12e-66	122	ok
smbu06GL002282	GCF_001412695.1	99.180	100.0	1.12e-66	122	ok
smbu06GL002282	GCF_001598635.1	86.885	100.0	2.72e-49	122	ok
smbu06GL002282	GCF_001689055.2	86.885	100.0	2.72e-49	122	ok
smbu06GL002282	GCF_002208945.1	86.885	100.0	2.72e-49	122	ok
smbu06GL002282	GCF_002216705.1	96.721	100.0	7.22e-65	122	ok
smbu06GL002282	GCF_002278015.2	96.721	100.0	2.34e-65	122	ok
smbu06GL002282	GCF_002289045.2	86.885	100.0	2.72e-49	122	ok
smbu06GL002282	GCF_002290025.1	94.262	100.0	2.37e-53	122	ok
smbu06GL002282	GCF_002355755.1	86.885	100.0	2.72e-49	122	ok
smbu06GL002282	GCF_002761555.1	99.180	100.0	1.12e-66	122	ok
smbu06GL002282	GCF_002831505.1	99.180	100.0	1.12e-66	122	ok
smbu06GL002282	GCF_002850515.1	99.180	100.0	1.12e-66	122	ok
smbu06GL002282	GCF_002983785.1	99.180	100.0	1.12e-66	122	ok
smbu06GL002282	GCF_003269465.1	100.000	100.0	1.56e-67	122	ok
smbu06GL002282	GCF_003667965.1	100.000	100.0	1.56e-67	122	ok
smbu06GL002282	GCF_003711125.1	85.246	100.0	2.24e-49	122	ok
smbu06GL002282	GCF_003711605.1	100.000	100.0	1.56e-67	122	ok
smbu06GL002282	GCF_003812665.1	86.885	100.0	2.72e-49	122	ok
smbu06GL002282	GCF_004332055.1	99.180	100.0	1.12e-66	122	ok
smbu06GL002282	GCF_005484525.1	87.705	100.0	4.88e-50	122	ok
smbu06GL002282	GCF_006337145.1	100.000	100.0	1.56e-67	122	ok
smbu06GL002282	GCF_006351785.1	99.180	100.0	1.12e-66	122	ok
smbu06GL002282	GCF_006351845.1	99.180	100.0	1.12e-66	122	ok
smbu06GL002282	GCF_006364815.1	86.885	100.0	2.72e-49	122	ok
smbu06GL002282	GCF_006494835.1	86.885	100.0	2.72e-49	122	ok
smbu06GL002282	GCF_006494855.1	86.885	100.0	2.72e-49	122	ok
smbu06GL002282	GCF_006494875.1	86.885	100.0	2.72e-49	122	ok
smbu06GL002282	GCF_006766145.1	86.885	100.0	2.72e-49	122	ok
smbu06GL002282	GCF_007923665.2	99.180	100.0	1.12e-66	122	ok
smbu06GL002282	GCF_007923785.2	99.180	100.0	1.12e-66	122	ok
smbu06GL002282	GCF_007923865.2	99.180	100.0	1.12e-66	122	ok
smbu06GL002282	GCF_007923885.2	99.180	100.0	1.12e-66	122	ok
smbu06GL002282	GCF_007923905.2	99.180	100.0	1.12e-66	122	ok
smbu06GL002282	GCF_007923925.2	99.180	100.0	1.12e-66	122	ok
smbu06GL002282	GCF_007923945.2	99.180	100.0	1.12e-66	122	ok
smbu06GL002282	GCF_007923965.2	99.180	100.0	1.12e-66	122	ok
smbu06GL002282	GCF_008330605.1	100.000	100.0	1.56e-67	122	ok
smbu06GL002282	GCF_009730155.1	86.992	100.0	2.68e-46	123	ok
smbu06GL002282	GCF_009734005.1	99.180	100.0	1.12e-66	122	ok
smbu06GL002282	GCF_009938075.1	99.180	100.0	1.12e-66	122	ok
smbu06GL002282	GCF_010103655.1	86.885	100.0	2.72e-49	122	ok
smbu06GL002282	GCF_010120755.1	99.180	100.0	1.12e-66	122	ok
smbu06GL002282	GCF_011745645.1	100.000	100.0	1.56e-67	122	ok
smbu06GL002282	GCF_012045365.1	100.000	100.0	1.56e-67	122	ok
smbu06GL002282	GCF_012045505.1	100.000	100.0	1.56e-67	122	ok
smbu06GL002282	GCF_012594215.1	86.885	100.0	2.72e-49	122	ok
smbu06GL002282	GCF_013201055.1	100.000	100.0	1.56e-67	122	ok
smbu06GL002282	GCF_013344625.1	86.885	100.0	2.72e-49	122	ok
smbu06GL002282	GCF_013344645.1	86.885	100.0	2.72e-49	122	ok
smbu06GL002282	GCF_013344665.1	86.885	100.0	2.72e-49	122	ok
smbu06GL002282	GCF_013391145.1	96.721	100.0	2.34e-65	122	ok
smbu06GL002282	GCF_013391165.1	96.721	100.0	2.34e-65	122	ok
smbu06GL002282	GCF_013391185.1	96.721	100.0	2.34e-65	122	ok
smbu06GL002282	GCF_013391205.1	96.721	100.0	2.34e-65	122	ok
smbu06GL002282	GCF_013394325.1	85.246	100.0	2.42e-49	122	ok
smbu06GL002282	GCF_015377765.1	100.000	100.0	1.56e-67	122	ok
smbu06GL002282	GCF_015767695.1	99.180	100.0	1.12e-66	122	ok
smbu06GL002282	GCF_015767715.1	100.000	100.0	1.56e-67	122	ok
smbu06GL002282	GCF_016127235.1	96.721	100.0	2.34e-65	122	ok
smbu06GL002282	GCF_017280035.1	86.885	100.0	2.72e-49	122	ok
smbu06GL002282	GCF_017357805.1	86.885	100.0	2.72e-49	122	ok
smbu06GL002282	GCF_018516845.1	99.180	100.0	1.12e-66	122	ok
smbu06GL002282	GCF_019203145.1	100.000	100.0	1.56e-67	122	ok
smbu06GL002282	GCF_019343125.1	100.000	100.0	1.56e-67	122	ok
smbu06GL002282	GCF_019456555.1	99.180	100.0	1.12e-66	122	ok
smbu06GL002282	GCF_019456575.1	99.180	100.0	1.12e-66	122	ok
smbu06GL002282	GCF_019456595.1	99.180	100.0	1.12e-66	122	ok
smbu06GL002282	GCF_019797905.1	86.179	100.0	7.34e-46	123	ok
smbu06GL002282	GCF_019967715.1	100.000	100.0	1.56e-67	122	ok
smbu06GL002282	GCF_020881975.1	86.885	100.0	2.72e-49	122	ok
smbu06GL002282	GCF_020906605.1	86.885	100.0	2.72e-49	122	ok
smbu06GL002282	GCF_022869705.1	86.885	100.0	2.72e-49	122	ok
smbu06GL002282	GCF_023299785.1	86.885	100.0	2.72e-49	122	ok
smbu06GL002282	GCF_023375505.1	86.885	100.0	2.72e-49	122	ok
smbu06GL002282	GCF_023612035.1	86.885	100.0	2.72e-49	122	ok
smbu06GL002282	GCF_023612275.1	100.000	100.0	1.56e-67	122	ok
smbu06GL002282	GCF_024267595.1	86.885	100.0	2.72e-49	122	ok
smbu06GL002282	GCF_025957845.1	87.705	100.0	4.88e-50	122	ok
smbu06GL002282	GCF_025957925.1	87.705	100.0	4.88e-50	122	ok
smbu06GL002282	GCF_025958025.1	86.885	100.0	2.72e-49	122	ok
smbu06GL002282	GCF_025958065.1	86.885	100.0	2.72e-49	122	ok
smbu06GL002282	GCF_025958085.1	86.885	100.0	2.72e-49	122	ok
smbu06GL002282	GCF_025958625.1	86.885	100.0	2.72e-49	122	ok
smbu06GL002282	GCF_025958845.1	86.885	100.0	2.72e-49	122	ok
smbu06GL002282	GCF_025958885.1	86.885	100.0	2.72e-49	122	ok
smbu06GL002282	GCF_026650885.1	86.885	100.0	2.72e-49	122	ok
smbu06GL002282	GCF_027915235.1	100.000	100.0	1.56e-67	122	ok
smbu06GL002282	GCF_030490365.1	100.000	100.0	1.56e-67	122	ok
smbu06GL002282	GCF_030584585.1	99.180	100.0	1.12e-66	122	ok
smbu06GL002282	GCF_030584605.1	99.180	100.0	1.12e-66	122	ok
smbu06GL002282	GCF_030584685.1	99.180	100.0	1.12e-66	122	ok
smbu06GL002282	GCF_030643745.1	100.000	100.0	1.56e-67	122	ok
smbu06GL002282	GCF_033954875.1	100.000	100.0	1.56e-67	122	ok
smbu06GL002282	GCF_033954895.1	100.000	100.0	1.56e-67	122	ok
smbu06GL002282	GCF_033954915.1	100.000	100.0	1.56e-67	122	ok
smbu06GL002282	GCF_036669985.1	100.000	100.0	1.56e-67	122	ok
smbu06GL002282	GCF_040745045.1	100.000	100.0	1.56e-67	122	ok
smbu06GL002282	GCF_043950735.1	96.721	100.0	2.34e-65	122	ok
smbu06GL002282	GCF_049315065.1	100.000	100.0	1.56e-67	122	ok
smbu06GL002282	GCF_049315075.1	95.082	100.0	3.82e-64	122	ok
smbu06GL002282	GCF_049315085.1	95.082	100.0	3.82e-64	122	ok
smbu06GL002282	GCF_049315095.1	95.082	100.0	3.82e-64	122	ok
smbu06GL002282	GCF_049315105.1	95.082	100.0	3.82e-64	122	ok
smbu06GL002282	GCF_049315115.1	100.000	100.0	1.56e-67	122	ok
smbu06GL002282	GCF_049315125.1	100.000	100.0	1.56e-67	122	ok
smbu06GL002282	GCF_049315135.1	95.082	100.0	3.82e-64	122	ok
smbu06GL002282	GCF_049315145.1	100.000	100.0	1.56e-67	122	ok
smbu06GL002282	GCF_049315155.1	95.082	100.0	3.82e-64	122	ok
smbu06GL002282	GCF_049315165.1	100.000	100.0	1.56e-67	122	ok
smbu06GL002282	GCF_049315175.1	100.000	100.0	1.56e-67	122	ok
smbu06GL002282	GCF_052655065.1	100.000	100.0	1.56e-67	122	ok
smbu06GL002282	GCF_052655335.1	100.000	100.0	1.56e-67	122	ok
smbu06GL002282	GCF_052655665.1	100.000	100.0	1.56e-67	122	ok
smbu06GL002282	GCF_052656575.1	100.000	100.0	1.56e-67	122	ok
smbu06GL002282	GCF_052657825.1	100.000	100.0	1.56e-67	122	ok
smbu06GL002282	GCF_052658005.1	100.000	100.0	1.56e-67	122	ok
smbu06GL002282	GCF_053764515.1	96.721	100.0	7.22e-65	122	ok
smbu06GL002282	GCF_056487465.1	96.721	100.0	7.22e-65	122	ok
smbu06GL002282	GCF_056582645.1	100.000	100.0	1.56e-67	122	ok
smbu06GL002282	GCF_931972305.1	96.721	100.0	7.22e-65	122	ok
smbu06GL002282	GCF_988227945.1	100.000	100.0	1.56e-67	122	ok
smbu06GL002282	GCF_988227985.1	100.000	100.0	1.56e-67	122	ok
smbu06GL002282	GCF_988228025.1	100.000	100.0	1.56e-67	122	ok
smbu06GL002282	L_lactis_14B4	68.852	100.0	1.92e-33	121	ok
smbu06GL002282	L_lactis_IL1403	68.852	100.0	1.92e-33	121	ok
smbu06GL002282	L_lactis_MG1363	70.492	100.0	7.49e-34	121	ok
smbu06GL002282	smbu06_project	100.000	100.0	1.56e-67	122	ok
smbu06GL002282	smbu08_project	100.000	100.0	1.56e-67	122	ok
smbu06GL002283	E_lactis_194	100.000	100.0	5.11e-102	167	ok
smbu06GL002283	GCA_000006865.1	69.880	99.4	1.62e-68	166	ok
smbu06GL002283	GCA_000157355.2	92.216	100.0	1.03e-92	166	ok
smbu06GL002283	GCA_000344575.1	70.482	99.4	5.97e-69	166	ok
smbu06GL002283	GCA_000761115.1	70.482	99.4	4.47e-69	166	ok
smbu06GL002283	GCA_000807375.1	70.482	99.4	9.97e-69	166	ok
smbu06GL002283	GCA_002216705.1	97.605	100.0	2.11e-99	167	ok
smbu06GL002283	GCA_002278015.2	99.401	100.0	1.7e-101	167	ok
smbu06GL002283	GCA_002290025.1	97.006	100.0	1.53e-99	167	ok
smbu06GL002283	GCA_002804185.1	69.880	99.4	1.62e-68	166	ok
smbu06GL002283	GCA_002804285.1	69.880	99.4	1.62e-68	166	ok
smbu06GL002283	GCA_002813755.1	96.407	100.0	2.41e-98	167	ok
smbu06GL002283	GCA_002895225.1	69.880	99.4	1.62e-68	166	ok
smbu06GL002283	GCA_003711125.1	84.663	97.6	3.46e-84	163	ok
smbu06GL002283	GCA_003722255.1	69.880	99.4	1.62e-68	166	ok
smbu06GL002283	GCA_005347505.1	84.663	97.6	3.46e-84	163	ok
smbu06GL002283	GCA_009730155.1	92.814	100.0	1.59e-87	166	ok
smbu06GL002283	GCA_013391145.1	99.401	100.0	1.7e-101	167	ok
smbu06GL002283	GCA_013391165.1	99.401	100.0	1.7e-101	167	ok
smbu06GL002283	GCA_013391185.1	99.401	100.0	1.7e-101	167	ok
smbu06GL002283	GCA_013391205.1	99.401	100.0	1.7e-101	167	ok
smbu06GL002283	GCA_013394325.1	86.503	97.6	2.25e-87	163	ok
smbu06GL002283	GCA_015767715.1	100.000	100.0	5.11e-102	167	ok
smbu06GL002283	GCA_016127235.1	99.401	100.0	1.7e-101	167	ok
smbu06GL002283	GCA_019203145.1	100.000	100.0	5.11e-102	167	ok
smbu06GL002283	GCA_019343125.1	100.000	100.0	5.11e-102	167	ok
smbu06GL002283	GCA_019797905.1	85.276	97.6	4.89e-85	163	ok
smbu06GL002283	GCA_019967715.1	100.000	100.0	5.11e-102	167	ok
smbu06GL002283	GCA_022870765.1	92.258	92.8	3.09e-87	155	ok
smbu06GL002283	GCA_023523715.1	91.018	100.0	3.92e-91	166	ok
smbu06GL002283	GCA_023612275.1	100.000	100.0	5.11e-102	167	ok
smbu06GL002283	GCA_025402795.1	85.276	97.6	4.89e-85	163	ok
smbu06GL002283	GCA_025402855.1	85.276	97.6	4.89e-85	163	ok
smbu06GL002283	GCA_029201225.1	91.018	100.0	3.92e-91	166	ok
smbu06GL002283	GCA_029215545.1	91.018	100.0	3.92e-91	166	ok
smbu06GL002283	GCA_030490365.1	100.000	100.0	5.11e-102	167	ok
smbu06GL002283	GCA_033954875.1	100.000	100.0	5.11e-102	167	ok
smbu06GL002283	GCA_033954895.1	100.000	100.0	5.11e-102	167	ok
smbu06GL002283	GCA_033954915.1	100.000	100.0	5.11e-102	167	ok
smbu06GL002283	GCA_036669985.1	100.000	100.0	5.11e-102	167	ok
smbu06GL002283	GCA_040745045.1	100.000	100.0	5.11e-102	167	ok
smbu06GL002283	GCA_041930275.1	92.814	100.0	1.59e-87	166	ok
smbu06GL002283	GCA_041952535.1	92.814	100.0	1.59e-87	166	ok
smbu06GL002283	GCA_043950735.1	99.401	100.0	1.7e-101	167	ok
smbu06GL002283	GCA_043950745.1	99.401	100.0	1.7e-101	167	ok
smbu06GL002283	GCA_045039055.1	92.814	100.0	1.59e-87	166	ok
smbu06GL002283	GCA_049315065.1	100.000	100.0	5.11e-102	167	ok
smbu06GL002283	GCA_049315075.1	98.802	100.0	7.11e-101	167	ok
smbu06GL002283	GCA_049315085.1	98.802	100.0	7.11e-101	167	ok
smbu06GL002283	GCA_049315095.1	98.802	100.0	7.11e-101	167	ok
smbu06GL002283	GCA_049315105.1	98.802	100.0	7.11e-101	167	ok
smbu06GL002283	GCA_049315115.1	100.000	100.0	5.11e-102	167	ok
smbu06GL002283	GCA_049315125.1	100.000	100.0	5.11e-102	167	ok
smbu06GL002283	GCA_049315135.1	98.802	100.0	7.11e-101	167	ok
smbu06GL002283	GCA_049315145.1	100.000	100.0	5.11e-102	167	ok
smbu06GL002283	GCA_049315155.1	98.802	100.0	7.11e-101	167	ok
smbu06GL002283	GCA_049315165.1	100.000	100.0	5.11e-102	167	ok
smbu06GL002283	GCA_049315175.1	100.000	100.0	5.11e-102	167	ok
smbu06GL002283	GCA_052655065.1	100.000	100.0	5.11e-102	167	ok
smbu06GL002283	GCA_052655335.1	100.000	100.0	5.11e-102	167	ok
smbu06GL002283	GCA_052655665.1	100.000	100.0	5.11e-102	167	ok
smbu06GL002283	GCA_052656575.1	100.000	100.0	5.11e-102	167	ok
smbu06GL002283	GCA_052657825.1	100.000	100.0	5.11e-102	167	ok
smbu06GL002283	GCA_052658005.1	100.000	100.0	5.11e-102	167	ok
smbu06GL002283	GCA_053764515.1	97.605	100.0	2.11e-99	167	ok
smbu06GL002283	GCA_055397705.1	100.000	100.0	5.11e-102	167	ok
smbu06GL002283	GCA_055397995.1	99.401	100.0	1.7e-101	167	ok
smbu06GL002283	GCA_056487485.1	97.605	100.0	2.11e-99	167	ok
smbu06GL002283	GCA_056582645.1	100.000	100.0	5.11e-102	167	ok
smbu06GL002283	GCA_058072705.1	100.000	100.0	5.11e-102	167	ok
smbu06GL002283	GCA_060306215.1	100.000	100.0	5.11e-102	167	ok
smbu06GL002283	GCA_060307205.1	99.401	100.0	1.7e-101	167	ok
smbu06GL002283	GCA_060307225.1	100.000	100.0	5.11e-102	167	ok
smbu06GL002283	GCA_061568495.1	100.000	100.0	5.11e-102	167	ok
smbu06GL002283	GCA_900636615.1	99.401	100.0	1.7e-101	167	ok
smbu06GL002283	GCA_905186115.1	99.401	100.0	1.7e-101	167	ok
smbu06GL002283	GCA_931972305.1	96.407	100.0	2.41e-98	167	ok
smbu06GL002283	GCA_963280925.1	99.401	100.0	1.7e-101	167	ok
smbu06GL002283	GCA_988227945.1	100.000	100.0	5.11e-102	167	ok
smbu06GL002283	GCA_988227985.1	100.000	100.0	5.11e-102	167	ok
smbu06GL002283	GCA_988228025.1	100.000	100.0	5.11e-102	167	ok
smbu06GL002283	GCA_988235375.1	97.006	100.0	1.53e-99	167	ok
smbu06GL002283	GCA_988236725.1	97.006	100.0	1.53e-99	167	ok
smbu06GL002283	GCA_988237225.1	100.000	100.0	5.11e-102	167	ok
smbu06GL002283	GCF_001298485.1	100.000	100.0	5.11e-102	167	ok
smbu06GL002283	GCF_001412695.1	100.000	100.0	5.11e-102	167	ok
smbu06GL002283	GCF_001598635.1	84.049	97.6	8.93e-84	163	ok
smbu06GL002283	GCF_001689055.2	84.049	97.6	8.93e-84	163	ok
smbu06GL002283	GCF_002208945.1	84.049	97.6	8.93e-84	163	ok
smbu06GL002283	GCF_002216705.1	97.605	100.0	2.11e-99	167	ok
smbu06GL002283	GCF_002278015.2	99.401	100.0	1.7e-101	167	ok
smbu06GL002283	GCF_002289045.2	84.049	97.6	8.93e-84	163	ok
smbu06GL002283	GCF_002290025.1	97.006	100.0	1.53e-99	167	ok
smbu06GL002283	GCF_002355755.1	84.049	97.6	8.93e-84	163	ok
smbu06GL002283	GCF_002761555.1	100.000	100.0	5.11e-102	167	ok
smbu06GL002283	GCF_002831505.1	100.000	100.0	5.11e-102	167	ok
smbu06GL002283	GCF_002850515.1	100.000	100.0	5.11e-102	167	ok
smbu06GL002283	GCF_002983785.1	100.000	100.0	5.11e-102	167	ok
smbu06GL002283	GCF_003269465.1	100.000	100.0	5.11e-102	167	ok
smbu06GL002283	GCF_003667965.1	100.000	100.0	5.11e-102	167	ok
smbu06GL002283	GCF_003711125.1	84.663	97.6	3.46e-84	163	ok
smbu06GL002283	GCF_003711605.1	100.000	100.0	5.11e-102	167	ok
smbu06GL002283	GCF_003812665.1	84.049	97.6	8.93e-84	163	ok
smbu06GL002283	GCF_004332055.1	100.000	100.0	5.11e-102	167	ok
smbu06GL002283	GCF_005484525.1	84.049	97.6	8.93e-84	163	ok
smbu06GL002283	GCF_006337145.1	100.000	100.0	5.11e-102	167	ok
smbu06GL002283	GCF_006351785.1	100.000	100.0	5.11e-102	167	ok
smbu06GL002283	GCF_006351845.1	100.000	100.0	5.11e-102	167	ok
smbu06GL002283	GCF_006364815.1	84.049	97.6	8.93e-84	163	ok
smbu06GL002283	GCF_006494835.1	84.049	97.6	8.93e-84	163	ok
smbu06GL002283	GCF_006494855.1	84.049	97.6	8.93e-84	163	ok
smbu06GL002283	GCF_006494875.1	84.049	97.6	8.93e-84	163	ok
smbu06GL002283	GCF_006766145.1	84.049	97.6	8.93e-84	163	ok
smbu06GL002283	GCF_007923665.2	100.000	100.0	5.11e-102	167	ok
smbu06GL002283	GCF_007923785.2	99.401	100.0	1.92e-101	167	ok
smbu06GL002283	GCF_007923865.2	100.000	100.0	5.11e-102	167	ok
smbu06GL002283	GCF_007923885.2	100.000	100.0	5.11e-102	167	ok
smbu06GL002283	GCF_007923905.2	100.000	100.0	5.11e-102	167	ok
smbu06GL002283	GCF_007923925.2	100.000	100.0	5.11e-102	167	ok
smbu06GL002283	GCF_007923945.2	100.000	100.0	5.11e-102	167	ok
smbu06GL002283	GCF_007923965.2	100.000	100.0	5.11e-102	167	ok
smbu06GL002283	GCF_008330605.1	100.000	100.0	5.11e-102	167	ok
smbu06GL002283	GCF_009730155.1	92.814	100.0	1.59e-87	166	ok
smbu06GL002283	GCF_009734005.1	100.000	100.0	5.11e-102	167	ok
smbu06GL002283	GCF_009938075.1	100.000	100.0	5.11e-102	167	ok
smbu06GL002283	GCF_010103655.1	84.049	97.6	8.93e-84	163	ok
smbu06GL002283	GCF_010120755.1	100.000	100.0	5.11e-102	167	ok
smbu06GL002283	GCF_011745645.1	100.000	100.0	5.11e-102	167	ok
smbu06GL002283	GCF_012045365.1	100.000	100.0	5.11e-102	167	ok
smbu06GL002283	GCF_012045505.1	100.000	100.0	5.11e-102	167	ok
smbu06GL002283	GCF_012594215.1	84.049	97.6	8.93e-84	163	ok
smbu06GL002283	GCF_013201055.1	100.000	100.0	5.11e-102	167	ok
smbu06GL002283	GCF_013344625.1	84.049	97.6	8.93e-84	163	ok
smbu06GL002283	GCF_013344645.1	84.049	97.6	8.93e-84	163	ok
smbu06GL002283	GCF_013344665.1	84.049	97.6	8.93e-84	163	ok
smbu06GL002283	GCF_013391145.1	99.401	100.0	1.7e-101	167	ok
smbu06GL002283	GCF_013391165.1	99.401	100.0	1.7e-101	167	ok
smbu06GL002283	GCF_013391185.1	99.401	100.0	1.7e-101	167	ok
smbu06GL002283	GCF_013391205.1	99.401	100.0	1.7e-101	167	ok
smbu06GL002283	GCF_013394325.1	86.503	97.6	2.25e-87	163	ok
smbu06GL002283	GCF_015377765.1	100.000	100.0	5.11e-102	167	ok
smbu06GL002283	GCF_015767695.1	100.000	100.0	5.11e-102	167	ok
smbu06GL002283	GCF_015767715.1	100.000	100.0	5.11e-102	167	ok
smbu06GL002283	GCF_016127235.1	99.401	100.0	1.7e-101	167	ok
smbu06GL002283	GCF_017280035.1	84.049	97.6	8.93e-84	163	ok
smbu06GL002283	GCF_017357805.1	84.049	97.6	8.93e-84	163	ok
smbu06GL002283	GCF_018516845.1	100.000	100.0	5.11e-102	167	ok
smbu06GL002283	GCF_019203145.1	100.000	100.0	5.11e-102	167	ok
smbu06GL002283	GCF_019343125.1	100.000	100.0	5.11e-102	167	ok
smbu06GL002283	GCF_019456555.1	100.000	100.0	5.11e-102	167	ok
smbu06GL002283	GCF_019456575.1	100.000	100.0	5.11e-102	167	ok
smbu06GL002283	GCF_019456595.1	100.000	100.0	5.11e-102	167	ok
smbu06GL002283	GCF_019797905.1	85.276	97.6	4.89e-85	163	ok
smbu06GL002283	GCF_019967715.1	100.000	100.0	5.11e-102	167	ok
smbu06GL002283	GCF_020881975.1	84.049	97.6	8.93e-84	163	ok
smbu06GL002283	GCF_020906605.1	84.049	97.6	8.93e-84	163	ok
smbu06GL002283	GCF_022869705.1	84.049	97.6	8.93e-84	163	ok
smbu06GL002283	GCF_023299785.1	84.049	97.6	8.93e-84	163	ok
smbu06GL002283	GCF_023375505.1	84.049	97.6	8.93e-84	163	ok
smbu06GL002283	GCF_023612035.1	84.049	97.6	8.93e-84	163	ok
smbu06GL002283	GCF_023612275.1	100.000	100.0	5.11e-102	167	ok
smbu06GL002283	GCF_024267595.1	84.049	97.6	8.93e-84	163	ok
smbu06GL002283	GCF_025957845.1	84.049	97.6	3.66e-84	163	ok
smbu06GL002283	GCF_025957925.1	84.049	97.6	3.66e-84	163	ok
smbu06GL002283	GCF_025958025.1	84.049	97.6	8.93e-84	163	ok
smbu06GL002283	GCF_025958065.1	84.049	97.6	8.93e-84	163	ok
smbu06GL002283	GCF_025958085.1	84.049	97.6	8.93e-84	163	ok
smbu06GL002283	GCF_025958625.1	84.049	97.6	8.93e-84	163	ok
smbu06GL002283	GCF_025958845.1	83.436	97.6	3.7e-83	163	ok
smbu06GL002283	GCF_025958885.1	84.049	97.6	8.93e-84	163	ok
smbu06GL002283	GCF_026650885.1	83.436	97.6	2.44e-83	163	ok
smbu06GL002283	GCF_027915235.1	100.000	100.0	5.11e-102	167	ok
smbu06GL002283	GCF_030490365.1	100.000	100.0	5.11e-102	167	ok
smbu06GL002283	GCF_030584585.1	100.000	100.0	5.11e-102	167	ok
smbu06GL002283	GCF_030584605.1	100.000	100.0	5.11e-102	167	ok
smbu06GL002283	GCF_030584685.1	100.000	100.0	5.11e-102	167	ok
smbu06GL002283	GCF_030643745.1	100.000	100.0	5.11e-102	167	ok
smbu06GL002283	GCF_033954875.1	100.000	100.0	5.11e-102	167	ok
smbu06GL002283	GCF_033954895.1	100.000	100.0	5.11e-102	167	ok
smbu06GL002283	GCF_033954915.1	100.000	100.0	5.11e-102	167	ok
smbu06GL002283	GCF_036669985.1	100.000	100.0	5.11e-102	167	ok
smbu06GL002283	GCF_040745045.1	100.000	100.0	5.11e-102	167	ok
smbu06GL002283	GCF_043950735.1	99.401	100.0	1.7e-101	167	ok
smbu06GL002283	GCF_049315065.1	100.000	100.0	5.11e-102	167	ok
smbu06GL002283	GCF_049315075.1	98.802	100.0	7.11e-101	167	ok
smbu06GL002283	GCF_049315085.1	98.802	100.0	7.11e-101	167	ok
smbu06GL002283	GCF_049315095.1	98.802	100.0	7.11e-101	167	ok
smbu06GL002283	GCF_049315105.1	98.802	100.0	7.11e-101	167	ok
smbu06GL002283	GCF_049315115.1	100.000	100.0	5.11e-102	167	ok
smbu06GL002283	GCF_049315125.1	100.000	100.0	5.11e-102	167	ok
smbu06GL002283	GCF_049315135.1	98.802	100.0	7.11e-101	167	ok
smbu06GL002283	GCF_049315145.1	100.000	100.0	5.11e-102	167	ok
smbu06GL002283	GCF_049315155.1	98.802	100.0	7.11e-101	167	ok
smbu06GL002283	GCF_049315165.1	100.000	100.0	5.11e-102	167	ok
smbu06GL002283	GCF_049315175.1	100.000	100.0	5.11e-102	167	ok
smbu06GL002283	GCF_052655065.1	100.000	100.0	5.11e-102	167	ok
smbu06GL002283	GCF_052655335.1	100.000	100.0	5.11e-102	167	ok
smbu06GL002283	GCF_052655665.1	100.000	100.0	5.11e-102	167	ok
smbu06GL002283	GCF_052656575.1	100.000	100.0	5.11e-102	167	ok
smbu06GL002283	GCF_052657825.1	100.000	100.0	5.11e-102	167	ok
smbu06GL002283	GCF_052658005.1	100.000	100.0	5.11e-102	167	ok
smbu06GL002283	GCF_053764515.1	97.605	100.0	2.11e-99	167	ok
smbu06GL002283	GCF_056487465.1	97.605	100.0	2.11e-99	167	ok
smbu06GL002283	GCF_056582645.1	100.000	100.0	5.11e-102	167	ok
smbu06GL002283	GCF_931972305.1	96.407	100.0	2.41e-98	167	ok
smbu06GL002283	GCF_988227945.1	100.000	100.0	5.11e-102	167	ok
smbu06GL002283	GCF_988227985.1	100.000	100.0	5.11e-102	167	ok
smbu06GL002283	GCF_988228025.1	100.000	100.0	5.11e-102	167	ok
smbu06GL002283	L_lactis_14B4	69.880	99.4	1.62e-68	166	ok
smbu06GL002283	L_lactis_IL1403	69.880	99.4	1.62e-68	166	ok
smbu06GL002283	L_lactis_MG1363	70.482	99.4	1.03e-68	166	ok
smbu06GL002283	smbu06_project	100.000	100.0	5.11e-102	167	ok
smbu06GL002283	smbu08_project	100.000	100.0	5.11e-102	167	ok
smbu06GL002284	E_lactis_194	100.000	100.0	8.63e-148	229	ok
smbu06GL002284	GCA_000006865.1	73.362	100.0	3.13e-110	229	ok
smbu06GL002284	GCA_000157355.2	91.703	100.0	9.17e-131	229	ok
smbu06GL002284	GCA_000344575.1	73.362	100.0	2.21e-110	229	ok
smbu06GL002284	GCA_000761115.1	73.362	100.0	3.13e-110	229	ok
smbu06GL002284	GCA_000807375.1	73.362	100.0	2.21e-110	229	ok
smbu06GL002284	GCA_002216705.1	96.507	100.0	3.09e-144	229	ok
smbu06GL002284	GCA_002278015.2	98.253	100.0	2.34e-146	229	ok
smbu06GL002284	GCA_002290025.1	95.633	100.0	8.86e-143	229	ok
smbu06GL002284	GCA_002804185.1	73.362	100.0	3.13e-110	229	ok
smbu06GL002284	GCA_002804285.1	73.362	100.0	3.13e-110	229	ok
smbu06GL002284	GCA_002813755.1	96.070	100.0	1.16e-143	229	ok
smbu06GL002284	GCA_002895225.1	73.362	100.0	2.21e-110	229	ok
smbu06GL002284	GCA_003711125.1	87.773	100.0	3.4e-121	229	ok
smbu06GL002284	GCA_003722255.1	73.362	100.0	3.13e-110	229	ok
smbu06GL002284	GCA_005347505.1	87.773	100.0	3.4e-121	229	ok
smbu06GL002284	GCA_009730155.1	91.266	100.0	2.95e-127	229	ok
smbu06GL002284	GCA_013391145.1	98.253	100.0	2.34e-146	229	ok
smbu06GL002284	GCA_013391165.1	98.253	100.0	2.34e-146	229	ok
smbu06GL002284	GCA_013391185.1	98.253	100.0	2.34e-146	229	ok
smbu06GL002284	GCA_013391205.1	98.253	100.0	2.34e-146	229	ok
smbu06GL002284	GCA_013394325.1	86.900	100.0	1.65e-120	229	ok
smbu06GL002284	GCA_015767715.1	100.000	100.0	8.63e-148	229	ok
smbu06GL002284	GCA_016127235.1	98.253	100.0	2.34e-146	229	ok
smbu06GL002284	GCA_019203145.1	100.000	100.0	8.63e-148	229	ok
smbu06GL002284	GCA_019343125.1	99.563	100.0	4.02e-147	229	ok
smbu06GL002284	GCA_019797905.1	87.336	100.0	4.96e-121	229	ok
smbu06GL002284	GCA_019967715.1	100.000	100.0	8.63e-148	229	ok
smbu06GL002284	GCA_022870765.1	91.703	100.0	9.17e-131	229	ok
smbu06GL002284	GCA_023523715.1	91.703	100.0	9.17e-131	229	ok
smbu06GL002284	GCA_023612275.1	100.000	100.0	8.63e-148	229	ok
smbu06GL002284	GCA_025402795.1	87.336	100.0	4.96e-121	229	ok
smbu06GL002284	GCA_025402855.1	87.336	100.0	4.96e-121	229	ok
smbu06GL002284	GCA_029201225.1	91.703	100.0	9.17e-131	229	ok
smbu06GL002284	GCA_029215545.1	91.703	100.0	9.17e-131	229	ok
smbu06GL002284	GCA_030490365.1	100.000	100.0	8.63e-148	229	ok
smbu06GL002284	GCA_033954875.1	100.000	100.0	8.63e-148	229	ok
smbu06GL002284	GCA_033954895.1	100.000	100.0	8.63e-148	229	ok
smbu06GL002284	GCA_033954915.1	100.000	100.0	8.63e-148	229	ok
smbu06GL002284	GCA_036669985.1	100.000	100.0	8.63e-148	229	ok
smbu06GL002284	GCA_040745045.1	100.000	100.0	8.63e-148	229	ok
smbu06GL002284	GCA_041930275.1	91.266	100.0	2.95e-127	229	ok
smbu06GL002284	GCA_041952535.1	91.266	100.0	2.95e-127	229	ok
smbu06GL002284	GCA_043950735.1	98.253	100.0	2.34e-146	229	ok
smbu06GL002284	GCA_043950745.1	98.253	100.0	2.34e-146	229	ok
smbu06GL002284	GCA_045039055.1	91.266	100.0	2.95e-127	229	ok
smbu06GL002284	GCA_049315065.1	100.000	100.0	8.63e-148	229	ok
smbu06GL002284	GCA_049315075.1	97.380	100.0	1.7e-145	229	ok
smbu06GL002284	GCA_049315085.1	97.380	100.0	1.7e-145	229	ok
smbu06GL002284	GCA_049315095.1	97.380	100.0	1.7e-145	229	ok
smbu06GL002284	GCA_049315105.1	97.380	100.0	1.7e-145	229	ok
smbu06GL002284	GCA_049315115.1	100.000	100.0	8.63e-148	229	ok
smbu06GL002284	GCA_049315125.1	100.000	100.0	8.63e-148	229	ok
smbu06GL002284	GCA_049315135.1	97.380	100.0	1.7e-145	229	ok
smbu06GL002284	GCA_049315145.1	100.000	100.0	8.63e-148	229	ok
smbu06GL002284	GCA_049315155.1	97.380	100.0	1.7e-145	229	ok
smbu06GL002284	GCA_049315165.1	100.000	100.0	8.63e-148	229	ok
smbu06GL002284	GCA_049315175.1	100.000	100.0	8.63e-148	229	ok
smbu06GL002284	GCA_052655065.1	100.000	100.0	8.63e-148	229	ok
smbu06GL002284	GCA_052655335.1	100.000	100.0	8.63e-148	229	ok
smbu06GL002284	GCA_052655665.1	100.000	100.0	8.63e-148	229	ok
smbu06GL002284	GCA_052656575.1	100.000	100.0	8.63e-148	229	ok
smbu06GL002284	GCA_052657825.1	100.000	100.0	8.63e-148	229	ok
smbu06GL002284	GCA_052658005.1	100.000	100.0	8.63e-148	229	ok
smbu06GL002284	GCA_053764515.1	96.507	100.0	3.09e-144	229	ok
smbu06GL002284	GCA_055397705.1	100.000	100.0	8.63e-148	229	ok
smbu06GL002284	GCA_055397995.1	98.253	100.0	2.34e-146	229	ok
smbu06GL002284	GCA_056487485.1	96.507	100.0	3.09e-144	229	ok
smbu06GL002284	GCA_056582645.1	100.000	100.0	8.63e-148	229	ok
smbu06GL002284	GCA_058072705.1	100.000	100.0	8.63e-148	229	ok
smbu06GL002284	GCA_060306215.1	100.000	100.0	8.63e-148	229	ok
smbu06GL002284	GCA_060307205.1	98.253	100.0	2.34e-146	229	ok
smbu06GL002284	GCA_060307225.1	100.000	100.0	8.63e-148	229	ok
smbu06GL002284	GCA_061568495.1	100.000	100.0	8.63e-148	229	ok
smbu06GL002284	GCA_900636615.1	98.253	100.0	2.34e-146	229	ok
smbu06GL002284	GCA_905186115.1	98.253	100.0	2.34e-146	229	ok
smbu06GL002284	GCA_931972305.1	96.070	100.0	1.16e-143	229	ok
smbu06GL002284	GCA_963280925.1	98.253	100.0	2.34e-146	229	ok
smbu06GL002284	GCA_988227945.1	99.563	100.0	4.02e-147	229	ok
smbu06GL002284	GCA_988227985.1	99.563	100.0	4.02e-147	229	ok
smbu06GL002284	GCA_988228025.1	99.563	100.0	4.02e-147	229	ok
smbu06GL002284	GCA_988235375.1	95.633	100.0	8.86e-143	229	ok
smbu06GL002284	GCA_988236725.1	95.633	100.0	8.86e-143	229	ok
smbu06GL002284	GCA_988237225.1	100.000	100.0	8.63e-148	229	ok
smbu06GL002284	GCF_001298485.1	99.563	100.0	4.6e-147	229	ok
smbu06GL002284	GCF_001412695.1	99.563	100.0	4.6e-147	229	ok
smbu06GL002284	GCF_001598635.1	90.830	100.0	5.27e-125	229	ok
smbu06GL002284	GCF_001689055.2	90.830	100.0	5.27e-125	229	ok
smbu06GL002284	GCF_002208945.1	90.830	100.0	5.27e-125	229	ok
smbu06GL002284	GCF_002216705.1	96.507	100.0	3.09e-144	229	ok
smbu06GL002284	GCF_002278015.2	98.253	100.0	2.34e-146	229	ok
smbu06GL002284	GCF_002289045.2	90.830	100.0	5.27e-125	229	ok
smbu06GL002284	GCF_002290025.1	95.633	100.0	8.86e-143	229	ok
smbu06GL002284	GCF_002355755.1	90.830	100.0	5.27e-125	229	ok
smbu06GL002284	GCF_002761555.1	99.563	100.0	4.6e-147	229	ok
smbu06GL002284	GCF_002831505.1	99.563	100.0	4.6e-147	229	ok
smbu06GL002284	GCF_002850515.1	99.563	100.0	4.6e-147	229	ok
smbu06GL002284	GCF_002983785.1	99.563	100.0	4.6e-147	229	ok
smbu06GL002284	GCF_003269465.1	100.000	100.0	8.63e-148	229	ok
smbu06GL002284	GCF_003667965.1	100.000	100.0	8.63e-148	229	ok
smbu06GL002284	GCF_003711125.1	87.773	100.0	3.4e-121	229	ok
smbu06GL002284	GCF_003711605.1	100.000	100.0	8.63e-148	229	ok
smbu06GL002284	GCF_003812665.1	90.830	100.0	5.27e-125	229	ok
smbu06GL002284	GCF_004332055.1	99.563	100.0	4.6e-147	229	ok
smbu06GL002284	GCF_005484525.1	90.830	100.0	5.27e-125	229	ok
smbu06GL002284	GCF_006337145.1	100.000	100.0	8.63e-148	229	ok
smbu06GL002284	GCF_006351785.1	99.563	100.0	4.6e-147	229	ok
smbu06GL002284	GCF_006351845.1	99.563	100.0	4.6e-147	229	ok
smbu06GL002284	GCF_006364815.1	90.830	100.0	5.27e-125	229	ok
smbu06GL002284	GCF_006494835.1	90.830	100.0	5.27e-125	229	ok
smbu06GL002284	GCF_006494855.1	90.830	100.0	5.27e-125	229	ok
smbu06GL002284	GCF_006494875.1	90.830	100.0	5.27e-125	229	ok
smbu06GL002284	GCF_006766145.1	90.830	100.0	5.27e-125	229	ok
smbu06GL002284	GCF_007923665.2	99.563	100.0	4.6e-147	229	ok
smbu06GL002284	GCF_007923785.2	99.563	100.0	4.6e-147	229	ok
smbu06GL002284	GCF_007923865.2	99.563	100.0	4.6e-147	229	ok
smbu06GL002284	GCF_007923885.2	99.563	100.0	4.6e-147	229	ok
smbu06GL002284	GCF_007923905.2	99.563	100.0	4.6e-147	229	ok
smbu06GL002284	GCF_007923925.2	99.563	100.0	4.6e-147	229	ok
smbu06GL002284	GCF_007923945.2	99.563	100.0	4.6e-147	229	ok
smbu06GL002284	GCF_007923965.2	99.563	100.0	4.6e-147	229	ok
smbu06GL002284	GCF_008330605.1	99.563	100.0	4.02e-147	229	ok
smbu06GL002284	GCF_009730155.1	91.266	100.0	2.95e-127	229	ok
smbu06GL002284	GCF_009734005.1	99.563	100.0	4.6e-147	229	ok
smbu06GL002284	GCF_009938075.1	99.563	100.0	4.6e-147	229	ok
smbu06GL002284	GCF_010103655.1	90.830	100.0	5.27e-125	229	ok
smbu06GL002284	GCF_010120755.1	99.563	100.0	4.6e-147	229	ok
smbu06GL002284	GCF_011745645.1	100.000	100.0	8.63e-148	229	ok
smbu06GL002284	GCF_012045365.1	100.000	100.0	8.63e-148	229	ok
smbu06GL002284	GCF_012045505.1	100.000	100.0	8.63e-148	229	ok
smbu06GL002284	GCF_012594215.1	90.830	100.0	5.27e-125	229	ok
smbu06GL002284	GCF_013201055.1	100.000	100.0	8.63e-148	229	ok
smbu06GL002284	GCF_013344625.1	90.830	100.0	5.27e-125	229	ok
smbu06GL002284	GCF_013344645.1	90.830	100.0	5.27e-125	229	ok
smbu06GL002284	GCF_013344665.1	90.830	100.0	5.27e-125	229	ok
smbu06GL002284	GCF_013391145.1	98.253	100.0	2.34e-146	229	ok
smbu06GL002284	GCF_013391165.1	98.253	100.0	2.34e-146	229	ok
smbu06GL002284	GCF_013391185.1	98.253	100.0	2.34e-146	229	ok
smbu06GL002284	GCF_013391205.1	98.253	100.0	2.34e-146	229	ok
smbu06GL002284	GCF_013394325.1	86.900	100.0	1.65e-120	229	ok
smbu06GL002284	GCF_015377765.1	100.000	100.0	8.63e-148	229	ok
smbu06GL002284	GCF_015767695.1	99.563	100.0	4.6e-147	229	ok
smbu06GL002284	GCF_015767715.1	100.000	100.0	8.63e-148	229	ok
smbu06GL002284	GCF_016127235.1	98.253	100.0	2.34e-146	229	ok
smbu06GL002284	GCF_017280035.1	90.830	100.0	5.27e-125	229	ok
smbu06GL002284	GCF_017357805.1	90.830	100.0	5.27e-125	229	ok
smbu06GL002284	GCF_018516845.1	99.563	100.0	4.6e-147	229	ok
smbu06GL002284	GCF_019203145.1	100.000	100.0	8.63e-148	229	ok
smbu06GL002284	GCF_019343125.1	99.563	100.0	4.02e-147	229	ok
smbu06GL002284	GCF_019456555.1	99.563	100.0	4.6e-147	229	ok
smbu06GL002284	GCF_019456575.1	99.563	100.0	4.6e-147	229	ok
smbu06GL002284	GCF_019456595.1	99.563	100.0	4.6e-147	229	ok
smbu06GL002284	GCF_019797905.1	87.336	100.0	4.96e-121	229	ok
smbu06GL002284	GCF_019967715.1	100.000	100.0	8.63e-148	229	ok
smbu06GL002284	GCF_020881975.1	90.830	100.0	5.27e-125	229	ok
smbu06GL002284	GCF_020906605.1	90.830	100.0	5.27e-125	229	ok
smbu06GL002284	GCF_022869705.1	90.830	100.0	5.27e-125	229	ok
smbu06GL002284	GCF_023299785.1	90.830	100.0	5.27e-125	229	ok
smbu06GL002284	GCF_023375505.1	90.830	100.0	5.27e-125	229	ok
smbu06GL002284	GCF_023612035.1	90.830	100.0	5.27e-125	229	ok
smbu06GL002284	GCF_023612275.1	100.000	100.0	8.63e-148	229	ok
smbu06GL002284	GCF_024267595.1	90.830	100.0	5.27e-125	229	ok
smbu06GL002284	GCF_025957845.1	90.830	100.0	5.27e-125	229	ok
smbu06GL002284	GCF_025957925.1	90.830	100.0	5.27e-125	229	ok
smbu06GL002284	GCF_025958025.1	90.830	100.0	5.27e-125	229	ok
smbu06GL002284	GCF_025958065.1	90.830	100.0	5.27e-125	229	ok
smbu06GL002284	GCF_025958085.1	90.830	100.0	5.27e-125	229	ok
smbu06GL002284	GCF_025958625.1	90.830	100.0	5.27e-125	229	ok
smbu06GL002284	GCF_025958845.1	90.393	100.0	1.48e-124	229	ok
smbu06GL002284	GCF_025958885.1	90.830	100.0	5.27e-125	229	ok
smbu06GL002284	GCF_026650885.1	90.830	100.0	5.27e-125	229	ok
smbu06GL002284	GCF_027915235.1	100.000	100.0	8.63e-148	229	ok
smbu06GL002284	GCF_030490365.1	100.000	100.0	8.63e-148	229	ok
smbu06GL002284	GCF_030584585.1	99.563	100.0	4.6e-147	229	ok
smbu06GL002284	GCF_030584605.1	99.563	100.0	4.6e-147	229	ok
smbu06GL002284	GCF_030584685.1	99.563	100.0	4.6e-147	229	ok
smbu06GL002284	GCF_030643745.1	99.563	100.0	4.02e-147	229	ok
smbu06GL002284	GCF_033954875.1	100.000	100.0	8.63e-148	229	ok
smbu06GL002284	GCF_033954895.1	100.000	100.0	8.63e-148	229	ok
smbu06GL002284	GCF_033954915.1	100.000	100.0	8.63e-148	229	ok
smbu06GL002284	GCF_036669985.1	100.000	100.0	8.63e-148	229	ok
smbu06GL002284	GCF_040745045.1	100.000	100.0	8.63e-148	229	ok
smbu06GL002284	GCF_043950735.1	98.253	100.0	2.34e-146	229	ok
smbu06GL002284	GCF_049315065.1	100.000	100.0	8.63e-148	229	ok
smbu06GL002284	GCF_049315075.1	97.380	100.0	1.7e-145	229	ok
smbu06GL002284	GCF_049315085.1	97.380	100.0	1.7e-145	229	ok
smbu06GL002284	GCF_049315095.1	97.380	100.0	1.7e-145	229	ok
smbu06GL002284	GCF_049315105.1	97.380	100.0	1.7e-145	229	ok
smbu06GL002284	GCF_049315115.1	100.000	100.0	8.63e-148	229	ok
smbu06GL002284	GCF_049315125.1	100.000	100.0	8.63e-148	229	ok
smbu06GL002284	GCF_049315135.1	97.380	100.0	1.7e-145	229	ok
smbu06GL002284	GCF_049315145.1	100.000	100.0	8.63e-148	229	ok
smbu06GL002284	GCF_049315155.1	97.380	100.0	1.7e-145	229	ok
smbu06GL002284	GCF_049315165.1	100.000	100.0	8.63e-148	229	ok
smbu06GL002284	GCF_049315175.1	100.000	100.0	8.63e-148	229	ok
smbu06GL002284	GCF_052655065.1	100.000	100.0	8.63e-148	229	ok
smbu06GL002284	GCF_052655335.1	100.000	100.0	8.63e-148	229	ok
smbu06GL002284	GCF_052655665.1	100.000	100.0	8.63e-148	229	ok
smbu06GL002284	GCF_052656575.1	100.000	100.0	8.63e-148	229	ok
smbu06GL002284	GCF_052657825.1	100.000	100.0	8.63e-148	229	ok
smbu06GL002284	GCF_052658005.1	100.000	100.0	8.63e-148	229	ok
smbu06GL002284	GCF_053764515.1	96.507	100.0	3.09e-144	229	ok
smbu06GL002284	GCF_056487465.1	96.507	100.0	3.09e-144	229	ok
smbu06GL002284	GCF_056582645.1	100.000	100.0	8.63e-148	229	ok
smbu06GL002284	GCF_931972305.1	96.070	100.0	1.16e-143	229	ok
smbu06GL002284	GCF_988227945.1	99.563	100.0	4.02e-147	229	ok
smbu06GL002284	GCF_988227985.1	99.563	100.0	4.02e-147	229	ok
smbu06GL002284	GCF_988228025.1	99.563	100.0	4.02e-147	229	ok
smbu06GL002284	L_lactis_14B4	73.362	100.0	3.13e-110	229	ok
smbu06GL002284	L_lactis_IL1403	73.362	100.0	3.13e-110	229	ok
smbu06GL002284	L_lactis_MG1363	73.362	100.0	7.47e-110	229	ok
smbu06GL002284	smbu06_project	100.000	100.0	8.63e-148	229	ok
smbu06GL002284	smbu08_project	100.000	100.0	8.63e-148	229	ok
smbu06GL002285	E_lactis_194	99.286	100.0	2.12e-85	140	ok
smbu06GL002285	GCA_000006865.1	81.295	99.3	7.21e-72	139	ok
smbu06GL002285	GCA_000157355.2	95.000	100.0	9.03e-82	140	ok
smbu06GL002285	GCA_000344575.1	81.295	99.3	7.21e-72	139	ok
smbu06GL002285	GCA_000761115.1	82.014	99.3	2.79e-72	139	ok
smbu06GL002285	GCA_000807375.1	81.295	99.3	7.21e-72	139	ok
smbu06GL002285	GCA_002216705.1	98.571	100.0	7.82e-85	140	ok
smbu06GL002285	GCA_002278015.2	95.714	100.0	6.73e-83	140	ok
smbu06GL002285	GCA_002290025.1	95.714	100.0	2.99e-83	140	ok
smbu06GL002285	GCA_002804185.1	81.295	99.3	7.21e-72	139	ok
smbu06GL002285	GCA_002804285.1	81.295	99.3	7.21e-72	139	ok
smbu06GL002285	GCA_002813755.1	98.571	100.0	7.82e-85	140	ok
smbu06GL002285	GCA_002895225.1	81.295	99.3	7.21e-72	139	ok
smbu06GL002285	GCA_003711125.1	95.000	100.0	3.01e-83	140	ok
smbu06GL002285	GCA_003722255.1	81.295	99.3	7.21e-72	139	ok
smbu06GL002285	GCA_005347505.1	95.000	100.0	3.01e-83	140	ok
smbu06GL002285	GCA_009730155.1	95.714	100.0	1.22e-82	140	ok
smbu06GL002285	GCA_013391145.1	95.714	100.0	6.73e-83	140	ok
smbu06GL002285	GCA_013391165.1	95.714	100.0	6.73e-83	140	ok
smbu06GL002285	GCA_013391185.1	95.714	100.0	6.73e-83	140	ok
smbu06GL002285	GCA_013391205.1	95.714	100.0	6.73e-83	140	ok
smbu06GL002285	GCA_013394325.1	95.000	100.0	1.25e-83	140	ok
smbu06GL002285	GCA_015767715.1	99.286	100.0	2.12e-85	140	ok
smbu06GL002285	GCA_016127235.1	95.714	100.0	6.73e-83	140	ok
smbu06GL002285	GCA_019203145.1	99.286	100.0	2.12e-85	140	ok
smbu06GL002285	GCA_019343125.1	99.286	100.0	2.12e-85	140	ok
smbu06GL002285	GCA_019797905.1	95.000	100.0	3.01e-83	140	ok
smbu06GL002285	GCA_019967715.1	99.286	100.0	2.12e-85	140	ok
smbu06GL002285	GCA_022870765.1	95.000	100.0	9.03e-82	140	ok
smbu06GL002285	GCA_023523715.1	95.000	100.0	9.03e-82	140	ok
smbu06GL002285	GCA_023612275.1	99.286	100.0	2.12e-85	140	ok
smbu06GL002285	GCA_025402795.1	95.000	100.0	3.01e-83	140	ok
smbu06GL002285	GCA_025402855.1	95.000	100.0	3.01e-83	140	ok
smbu06GL002285	GCA_029201225.1	95.000	100.0	9.03e-82	140	ok
smbu06GL002285	GCA_029215545.1	95.000	100.0	9.03e-82	140	ok
smbu06GL002285	GCA_030490365.1	99.286	100.0	2.12e-85	140	ok
smbu06GL002285	GCA_033954875.1	99.286	100.0	2.12e-85	140	ok
smbu06GL002285	GCA_033954895.1	99.286	100.0	2.12e-85	140	ok
smbu06GL002285	GCA_033954915.1	99.286	100.0	2.12e-85	140	ok
smbu06GL002285	GCA_036669985.1	99.286	100.0	2.12e-85	140	ok
smbu06GL002285	GCA_040745045.1	99.286	100.0	2.12e-85	140	ok
smbu06GL002285	GCA_041930275.1	95.714	100.0	1.22e-82	140	ok
smbu06GL002285	GCA_041952535.1	95.714	100.0	1.22e-82	140	ok
smbu06GL002285	GCA_043950735.1	95.714	100.0	6.73e-83	140	ok
smbu06GL002285	GCA_043950745.1	95.714	100.0	6.73e-83	140	ok
smbu06GL002285	GCA_045039055.1	95.714	100.0	1.22e-82	140	ok
smbu06GL002285	GCA_049315065.1	99.286	100.0	2.12e-85	140	ok
smbu06GL002285	GCA_049315075.1	96.429	100.0	7.47e-84	140	ok
smbu06GL002285	GCA_049315085.1	96.429	100.0	7.47e-84	140	ok
smbu06GL002285	GCA_049315095.1	96.429	100.0	7.47e-84	140	ok
smbu06GL002285	GCA_049315105.1	96.429	100.0	7.47e-84	140	ok
smbu06GL002285	GCA_049315115.1	99.286	100.0	2.12e-85	140	ok
smbu06GL002285	GCA_049315125.1	99.286	100.0	2.12e-85	140	ok
smbu06GL002285	GCA_049315135.1	96.429	100.0	7.47e-84	140	ok
smbu06GL002285	GCA_049315145.1	99.286	100.0	2.12e-85	140	ok
smbu06GL002285	GCA_049315155.1	96.429	100.0	7.47e-84	140	ok
smbu06GL002285	GCA_049315165.1	99.286	100.0	2.12e-85	140	ok
smbu06GL002285	GCA_049315175.1	99.286	100.0	2.12e-85	140	ok
smbu06GL002285	GCA_052655065.1	99.286	100.0	2.12e-85	140	ok
smbu06GL002285	GCA_052655335.1	99.286	100.0	2.12e-85	140	ok
smbu06GL002285	GCA_052655665.1	99.286	100.0	2.12e-85	140	ok
smbu06GL002285	GCA_052656575.1	99.286	100.0	2.12e-85	140	ok
smbu06GL002285	GCA_052657825.1	99.286	100.0	2.12e-85	140	ok
smbu06GL002285	GCA_052658005.1	99.286	100.0	2.12e-85	140	ok
smbu06GL002285	GCA_053764515.1	98.571	100.0	7.82e-85	140	ok
smbu06GL002285	GCA_055397705.1	100.000	98.6	7.6e-85	6	rejected
smbu06GL002285	GCA_055397995.1	95.714	100.0	6.73e-83	140	ok
smbu06GL002285	GCA_056487485.1	98.571	100.0	7.82e-85	140	ok
smbu06GL002285	GCA_056582645.1	99.286	100.0	2.12e-85	140	ok
smbu06GL002285	GCA_058072705.1	99.286	100.0	2.12e-85	140	ok
smbu06GL002285	GCA_060306215.1	99.286	100.0	2.12e-85	140	ok
smbu06GL002285	GCA_060307205.1	95.714	100.0	6.73e-83	140	ok
smbu06GL002285	GCA_060307225.1	99.286	100.0	2.12e-85	140	ok
smbu06GL002285	GCA_061568495.1	99.286	100.0	2.12e-85	140	ok
smbu06GL002285	GCA_900636615.1	95.714	100.0	6.73e-83	140	ok
smbu06GL002285	GCA_905186115.1	95.714	100.0	6.73e-83	140	ok
smbu06GL002285	GCA_931972305.1	98.571	100.0	7.82e-85	140	ok
smbu06GL002285	GCA_963280925.1	95.714	100.0	6.73e-83	140	ok
smbu06GL002285	GCA_988227945.1	99.286	100.0	2.12e-85	140	ok
smbu06GL002285	GCA_988227985.1	99.286	100.0	2.12e-85	140	ok
smbu06GL002285	GCA_988228025.1	99.286	100.0	2.12e-85	140	ok
smbu06GL002285	GCA_988235375.1	95.714	100.0	2.99e-83	140	ok
smbu06GL002285	GCA_988236725.1	95.714	100.0	2.99e-83	140	ok
smbu06GL002285	GCA_988237225.1	99.286	100.0	2.12e-85	140	ok
smbu06GL002285	GCF_001298485.1	99.286	100.0	2.12e-85	140	ok
smbu06GL002285	GCF_001412695.1	99.286	100.0	2.12e-85	140	ok
smbu06GL002285	GCF_001598635.1	93.571	100.0	3.01e-80	140	ok
smbu06GL002285	GCF_001689055.2	93.571	100.0	3.01e-80	140	ok
smbu06GL002285	GCF_002208945.1	93.571	100.0	3.01e-80	140	ok
smbu06GL002285	GCF_002216705.1	98.571	100.0	7.82e-85	140	ok
smbu06GL002285	GCF_002278015.2	95.714	100.0	6.73e-83	140	ok
smbu06GL002285	GCF_002289045.2	92.857	100.0	1.13e-79	140	ok
smbu06GL002285	GCF_002290025.1	95.714	100.0	2.99e-83	140	ok
smbu06GL002285	GCF_002355755.1	93.571	100.0	3.01e-80	140	ok
smbu06GL002285	GCF_002761555.1	99.286	100.0	2.12e-85	140	ok
smbu06GL002285	GCF_002831505.1	99.286	100.0	2.12e-85	140	ok
smbu06GL002285	GCF_002850515.1	99.286	100.0	2.12e-85	140	ok
smbu06GL002285	GCF_002983785.1	99.286	100.0	2.12e-85	140	ok
smbu06GL002285	GCF_003269465.1	99.286	100.0	2.12e-85	140	ok
smbu06GL002285	GCF_003667965.1	99.286	100.0	2.12e-85	140	ok
smbu06GL002285	GCF_003711125.1	95.000	100.0	3.01e-83	140	ok
smbu06GL002285	GCF_003711605.1	99.286	100.0	2.12e-85	140	ok
smbu06GL002285	GCF_003812665.1	93.571	100.0	3.01e-80	140	ok
smbu06GL002285	GCF_004332055.1	99.286	100.0	2.12e-85	140	ok
smbu06GL002285	GCF_005484525.1	93.571	100.0	3.01e-80	140	ok
smbu06GL002285	GCF_006337145.1	99.286	100.0	2.12e-85	140	ok
smbu06GL002285	GCF_006351785.1	99.286	100.0	2.12e-85	140	ok
smbu06GL002285	GCF_006351845.1	99.286	100.0	2.12e-85	140	ok
smbu06GL002285	GCF_006364815.1	93.571	100.0	3.01e-80	140	ok
smbu06GL002285	GCF_006494835.1	93.571	100.0	3.01e-80	140	ok
smbu06GL002285	GCF_006494855.1	93.571	100.0	3.01e-80	140	ok
smbu06GL002285	GCF_006494875.1	93.571	100.0	3.01e-80	140	ok
smbu06GL002285	GCF_006766145.1	93.571	100.0	3.01e-80	140	ok
smbu06GL002285	GCF_007923665.2	99.286	100.0	2.12e-85	140	ok
smbu06GL002285	GCF_007923785.2	99.286	100.0	2.12e-85	140	ok
smbu06GL002285	GCF_007923865.2	99.286	100.0	2.12e-85	140	ok
smbu06GL002285	GCF_007923885.2	99.286	100.0	2.12e-85	140	ok
smbu06GL002285	GCF_007923905.2	99.286	100.0	2.12e-85	140	ok
smbu06GL002285	GCF_007923925.2	99.286	100.0	2.12e-85	140	ok
smbu06GL002285	GCF_007923945.2	99.286	100.0	2.12e-85	140	ok
smbu06GL002285	GCF_007923965.2	99.286	100.0	2.12e-85	140	ok
smbu06GL002285	GCF_008330605.1	99.286	100.0	2.12e-85	140	ok
smbu06GL002285	GCF_009730155.1	95.714	100.0	1.22e-82	140	ok
smbu06GL002285	GCF_009734005.1	99.286	100.0	2.12e-85	140	ok
smbu06GL002285	GCF_009938075.1	99.286	100.0	2.12e-85	140	ok
smbu06GL002285	GCF_010103655.1	93.571	100.0	3.01e-80	140	ok
smbu06GL002285	GCF_010120755.1	99.286	100.0	2.12e-85	140	ok
smbu06GL002285	GCF_011745645.1	99.286	100.0	2.12e-85	140	ok
smbu06GL002285	GCF_012045365.1	99.286	100.0	2.12e-85	140	ok
smbu06GL002285	GCF_012045505.1	99.286	100.0	2.12e-85	140	ok
smbu06GL002285	GCF_012594215.1	93.571	100.0	3.01e-80	140	ok
smbu06GL002285	GCF_013201055.1	99.286	100.0	2.12e-85	140	ok
smbu06GL002285	GCF_013344625.1	93.571	100.0	3.01e-80	140	ok
smbu06GL002285	GCF_013344645.1	93.571	100.0	3.01e-80	140	ok
smbu06GL002285	GCF_013344665.1	93.571	100.0	3.01e-80	140	ok
smbu06GL002285	GCF_013391145.1	95.714	100.0	6.73e-83	140	ok
smbu06GL002285	GCF_013391165.1	95.714	100.0	6.73e-83	140	ok
smbu06GL002285	GCF_013391185.1	95.714	100.0	6.73e-83	140	ok
smbu06GL002285	GCF_013391205.1	95.714	100.0	6.73e-83	140	ok
smbu06GL002285	GCF_013394325.1	95.000	100.0	1.25e-83	140	ok
smbu06GL002285	GCF_015377765.1	99.286	100.0	2.12e-85	140	ok
smbu06GL002285	GCF_015767695.1	99.286	100.0	2.12e-85	140	ok
smbu06GL002285	GCF_015767715.1	99.286	100.0	2.12e-85	140	ok
smbu06GL002285	GCF_016127235.1	95.714	100.0	6.73e-83	140	ok
smbu06GL002285	GCF_017280035.1	93.571	100.0	3.01e-80	140	ok
smbu06GL002285	GCF_017357805.1	92.857	100.0	1.38e-79	140	ok
smbu06GL002285	GCF_018516845.1	99.286	100.0	2.12e-85	140	ok
smbu06GL002285	GCF_019203145.1	99.286	100.0	2.12e-85	140	ok
smbu06GL002285	GCF_019343125.1	99.286	100.0	2.12e-85	140	ok
smbu06GL002285	GCF_019456555.1	99.286	100.0	2.12e-85	140	ok
smbu06GL002285	GCF_019456575.1	99.286	100.0	2.12e-85	140	ok
smbu06GL002285	GCF_019456595.1	99.286	100.0	2.12e-85	140	ok
smbu06GL002285	GCF_019797905.1	95.000	100.0	3.01e-83	140	ok
smbu06GL002285	GCF_019967715.1	99.286	100.0	2.12e-85	140	ok
smbu06GL002285	GCF_020881975.1	93.571	100.0	3.01e-80	140	ok
smbu06GL002285	GCF_020906605.1	93.571	100.0	3.01e-80	140	ok
smbu06GL002285	GCF_022869705.1	93.571	100.0	3.01e-80	140	ok
smbu06GL002285	GCF_023299785.1	93.571	100.0	3.01e-80	140	ok
smbu06GL002285	GCF_023375505.1	93.571	100.0	3.01e-80	140	ok
smbu06GL002285	GCF_023612035.1	93.571	100.0	3.01e-80	140	ok
smbu06GL002285	GCF_023612275.1	99.286	100.0	2.12e-85	140	ok
smbu06GL002285	GCF_024267595.1	93.571	100.0	3.01e-80	140	ok
smbu06GL002285	GCF_025957845.1	93.571	100.0	3.01e-80	140	ok
smbu06GL002285	GCF_025957925.1	93.571	100.0	3.01e-80	140	ok
smbu06GL002285	GCF_025958025.1	93.571	100.0	3.01e-80	140	ok
smbu06GL002285	GCF_025958065.1	93.571	100.0	3.01e-80	140	ok
smbu06GL002285	GCF_025958085.1	93.571	100.0	3.01e-80	140	ok
smbu06GL002285	GCF_025958625.1	93.571	100.0	3.01e-80	140	ok
smbu06GL002285	GCF_025958845.1	93.571	100.0	3.01e-80	140	ok
smbu06GL002285	GCF_025958885.1	93.571	100.0	3.01e-80	140	ok
smbu06GL002285	GCF_026650885.1	93.571	100.0	3.01e-80	140	ok
smbu06GL002285	GCF_027915235.1	99.286	100.0	2.12e-85	140	ok
smbu06GL002285	GCF_030490365.1	99.286	100.0	2.12e-85	140	ok
smbu06GL002285	GCF_030584585.1	99.286	100.0	2.12e-85	140	ok
smbu06GL002285	GCF_030584605.1	99.286	100.0	2.12e-85	140	ok
smbu06GL002285	GCF_030584685.1	99.286	100.0	2.12e-85	140	ok
smbu06GL002285	GCF_030643745.1	99.286	100.0	2.12e-85	140	ok
smbu06GL002285	GCF_033954875.1	99.286	100.0	2.12e-85	140	ok
smbu06GL002285	GCF_033954895.1	99.286	100.0	2.12e-85	140	ok
smbu06GL002285	GCF_033954915.1	99.286	100.0	2.12e-85	140	ok
smbu06GL002285	GCF_036669985.1	99.286	100.0	2.12e-85	140	ok
smbu06GL002285	GCF_040745045.1	99.286	100.0	2.12e-85	140	ok
smbu06GL002285	GCF_043950735.1	95.714	100.0	6.73e-83	140	ok
smbu06GL002285	GCF_049315065.1	99.286	100.0	2.12e-85	140	ok
smbu06GL002285	GCF_049315075.1	96.429	100.0	7.47e-84	140	ok
smbu06GL002285	GCF_049315085.1	96.429	100.0	7.47e-84	140	ok
smbu06GL002285	GCF_049315095.1	96.429	100.0	7.47e-84	140	ok
smbu06GL002285	GCF_049315105.1	96.429	100.0	7.47e-84	140	ok
smbu06GL002285	GCF_049315115.1	99.286	100.0	2.12e-85	140	ok
smbu06GL002285	GCF_049315125.1	99.286	100.0	2.12e-85	140	ok
smbu06GL002285	GCF_049315135.1	96.429	100.0	7.47e-84	140	ok
smbu06GL002285	GCF_049315145.1	99.286	100.0	2.12e-85	140	ok
smbu06GL002285	GCF_049315155.1	96.429	100.0	7.47e-84	140	ok
smbu06GL002285	GCF_049315165.1	99.286	100.0	2.12e-85	140	ok
smbu06GL002285	GCF_049315175.1	99.286	100.0	2.12e-85	140	ok
smbu06GL002285	GCF_052655065.1	99.286	100.0	2.12e-85	140	ok
smbu06GL002285	GCF_052655335.1	99.286	100.0	2.12e-85	140	ok
smbu06GL002285	GCF_052655665.1	99.286	100.0	2.12e-85	140	ok
smbu06GL002285	GCF_052656575.1	99.286	100.0	2.12e-85	140	ok
smbu06GL002285	GCF_052657825.1	99.286	100.0	2.12e-85	140	ok
smbu06GL002285	GCF_052658005.1	99.286	100.0	2.12e-85	140	ok
smbu06GL002285	GCF_053764515.1	98.571	100.0	7.82e-85	140	ok
smbu06GL002285	GCF_056487465.1	98.571	100.0	7.82e-85	140	ok
smbu06GL002285	GCF_056582645.1	99.286	100.0	2.12e-85	140	ok
smbu06GL002285	GCF_931972305.1	98.571	100.0	7.82e-85	140	ok
smbu06GL002285	GCF_988227945.1	99.286	100.0	2.12e-85	140	ok
smbu06GL002285	GCF_988227985.1	99.286	100.0	2.12e-85	140	ok
smbu06GL002285	GCF_988228025.1	99.286	100.0	2.12e-85	140	ok
smbu06GL002285	L_lactis_14B4	81.295	99.3	7.21e-72	139	ok
smbu06GL002285	L_lactis_IL1403	81.295	99.3	7.21e-72	139	ok
smbu06GL002285	L_lactis_MG1363	82.014	99.3	2.79e-72	139	ok
smbu06GL002285	smbu06_project	99.286	100.0	2.12e-85	140	ok
smbu06GL002285	smbu08_project	99.286	100.0	2.12e-85	140	ok
smbu06GL002292	E_lactis_194	100.000	100.0	2.16e-26	50	ok
smbu06GL002292	GCA_000006865.1	53.191	94.0	3.36e-11	47	ok
smbu06GL002292	GCA_000157355.2	92.000	100.0	2.33e-24	50	ok
smbu06GL002292	GCA_000344575.1	53.191	94.0	3.36e-11	47	ok
smbu06GL002292	GCA_000761115.1	53.191	94.0	3.36e-11	47	ok
smbu06GL002292	GCA_000807375.1	53.191	94.0	3.36e-11	47	ok
smbu06GL002292	GCA_002216705.1	98.000	100.0	3.31e-26	50	ok
smbu06GL002292	GCA_002278015.2	100.000	100.0	2.16e-26	50	ok
smbu06GL002292	GCA_002290025.1	98.000	100.0	1.14e-25	50	ok
smbu06GL002292	GCA_002804185.1	53.191	94.0	3.36e-11	47	ok
smbu06GL002292	GCA_002804285.1	53.191	94.0	3.36e-11	47	ok
smbu06GL002292	GCA_002813755.1	98.000	100.0	3.31e-26	50	ok
smbu06GL002292	GCA_002895225.1	53.191	94.0	3.36e-11	47	ok
smbu06GL002292	GCA_003711125.1	90.000	100.0	6.46e-24	50	ok
smbu06GL002292	GCA_003722255.1	53.191	94.0	3.36e-11	47	ok
smbu06GL002292	GCA_005347505.1	90.000	100.0	6.46e-24	50	ok
smbu06GL002292	GCA_009730155.1	90.000	100.0	4.73e-24	50	ok
smbu06GL002292	GCA_013391145.1	100.000	100.0	2.16e-26	50	ok
smbu06GL002292	GCA_013391165.1	100.000	100.0	2.16e-26	50	ok
smbu06GL002292	GCA_013391185.1	100.000	100.0	2.16e-26	50	ok
smbu06GL002292	GCA_013391205.1	100.000	100.0	2.16e-26	50	ok
smbu06GL002292	GCA_013394325.1	90.000	100.0	6.46e-24	50	ok
smbu06GL002292	GCA_015767715.1	100.000	100.0	2.16e-26	50	ok
smbu06GL002292	GCA_016127235.1	100.000	100.0	2.16e-26	50	ok
smbu06GL002292	GCA_019203145.1	100.000	100.0	2.16e-26	50	ok
smbu06GL002292	GCA_019343125.1	100.000	100.0	2.16e-26	50	ok
smbu06GL002292	GCA_019797905.1	90.000	100.0	6.46e-24	50	ok
smbu06GL002292	GCA_019967715.1	100.000	100.0	2.16e-26	50	ok
smbu06GL002292	GCA_022870765.1	92.000	100.0	2.33e-24	50	ok
smbu06GL002292	GCA_023523715.1	92.000	100.0	2.33e-24	50	ok
smbu06GL002292	GCA_023612275.1	100.000	100.0	2.16e-26	50	ok
smbu06GL002292	GCA_025402795.1	90.000	100.0	6.46e-24	50	ok
smbu06GL002292	GCA_025402855.1	90.000	100.0	6.46e-24	50	ok
smbu06GL002292	GCA_029201225.1	92.000	100.0	2.33e-24	50	ok
smbu06GL002292	GCA_029215545.1	92.000	100.0	2.33e-24	50	ok
smbu06GL002292	GCA_030490365.1	100.000	100.0	2.16e-26	50	ok
smbu06GL002292	GCA_033954875.1	100.000	100.0	2.16e-26	50	ok
smbu06GL002292	GCA_033954895.1	100.000	100.0	2.16e-26	50	ok
smbu06GL002292	GCA_033954915.1	100.000	100.0	2.16e-26	50	ok
smbu06GL002292	GCA_036669985.1	100.000	100.0	2.16e-26	50	ok
smbu06GL002292	GCA_040745045.1	100.000	100.0	2.16e-26	50	ok
smbu06GL002292	GCA_041930275.1	90.000	100.0	4.73e-24	50	ok
smbu06GL002292	GCA_041952535.1	90.000	100.0	4.73e-24	50	ok
smbu06GL002292	GCA_043950735.1	100.000	100.0	2.16e-26	50	ok
smbu06GL002292	GCA_043950745.1	100.000	100.0	2.16e-26	50	ok
smbu06GL002292	GCA_045039055.1	90.000	100.0	4.73e-24	50	ok
smbu06GL002292	GCA_049315065.1	100.000	100.0	2.16e-26	50	ok
smbu06GL002292	GCA_049315075.1	98.000	100.0	3.31e-26	50	ok
smbu06GL002292	GCA_049315085.1	98.000	100.0	3.31e-26	50	ok
smbu06GL002292	GCA_049315095.1	98.000	100.0	3.31e-26	50	ok
smbu06GL002292	GCA_049315105.1	98.000	100.0	3.31e-26	50	ok
smbu06GL002292	GCA_049315115.1	100.000	100.0	2.16e-26	50	ok
smbu06GL002292	GCA_049315125.1	100.000	100.0	2.16e-26	50	ok
smbu06GL002292	GCA_049315135.1	98.000	100.0	3.31e-26	50	ok
smbu06GL002292	GCA_049315145.1	100.000	100.0	2.16e-26	50	ok
smbu06GL002292	GCA_049315155.1	98.000	100.0	3.31e-26	50	ok
smbu06GL002292	GCA_049315165.1	100.000	100.0	2.16e-26	50	ok
smbu06GL002292	GCA_049315175.1	100.000	100.0	2.16e-26	50	ok
smbu06GL002292	GCA_052655065.1	100.000	100.0	2.16e-26	50	ok
smbu06GL002292	GCA_052655335.1	100.000	100.0	2.16e-26	50	ok
smbu06GL002292	GCA_052655665.1	100.000	100.0	2.16e-26	50	ok
smbu06GL002292	GCA_052656575.1	100.000	100.0	2.16e-26	50	ok
smbu06GL002292	GCA_052657825.1	100.000	100.0	2.16e-26	50	ok
smbu06GL002292	GCA_052658005.1	100.000	100.0	2.16e-26	50	ok
smbu06GL002292	GCA_053764515.1	98.000	100.0	3.31e-26	50	ok
smbu06GL002292	GCA_055397705.1	92.000	100.0	2.25e-23	50	ok
smbu06GL002292	GCA_055397995.1	100.000	100.0	2.16e-26	50	ok
smbu06GL002292	GCA_056487485.1	98.000	100.0	3.31e-26	50	ok
smbu06GL002292	GCA_056582645.1	100.000	100.0	2.16e-26	50	ok
smbu06GL002292	GCA_058072705.1	100.000	100.0	2.16e-26	50	ok
smbu06GL002292	GCA_060306215.1	100.000	100.0	2.16e-26	50	ok
smbu06GL002292	GCA_060307205.1	100.000	100.0	2.16e-26	50	ok
smbu06GL002292	GCA_060307225.1	100.000	100.0	2.16e-26	50	ok
smbu06GL002292	GCA_061568495.1	100.000	100.0	2.16e-26	50	ok
smbu06GL002292	GCA_900636615.1	100.000	100.0	2.16e-26	50	ok
smbu06GL002292	GCA_905186115.1	100.000	100.0	2.16e-26	50	ok
smbu06GL002292	GCA_931972305.1	98.000	100.0	3.31e-26	50	ok
smbu06GL002292	GCA_963280925.1	100.000	100.0	2.16e-26	50	ok
smbu06GL002292	GCA_988227945.1	100.000	100.0	2.16e-26	50	ok
smbu06GL002292	GCA_988227985.1	100.000	100.0	2.16e-26	50	ok
smbu06GL002292	GCA_988228025.1	100.000	100.0	2.16e-26	50	ok
smbu06GL002292	GCA_988235375.1	98.000	100.0	1.14e-25	50	ok
smbu06GL002292	GCA_988236725.1	98.000	100.0	1.14e-25	50	ok
smbu06GL002292	GCA_988237225.1	100.000	100.0	2.16e-26	50	ok
smbu06GL002292	GCF_001298485.1	100.000	100.0	2.16e-26	50	ok
smbu06GL002292	GCF_001412695.1	100.000	100.0	2.16e-26	50	ok
smbu06GL002292	GCF_001598635.1	94.000	100.0	1.27e-24	50	ok
smbu06GL002292	GCF_001689055.2	94.000	100.0	1.27e-24	50	ok
smbu06GL002292	GCF_002208945.1	94.000	100.0	1.27e-24	50	ok
smbu06GL002292	GCF_002216705.1	98.000	100.0	3.31e-26	50	ok
smbu06GL002292	GCF_002278015.2	100.000	100.0	2.16e-26	50	ok
smbu06GL002292	GCF_002289045.2	94.000	100.0	1.27e-24	50	ok
smbu06GL002292	GCF_002290025.1	98.000	100.0	1.14e-25	50	ok
smbu06GL002292	GCF_002355755.1	94.000	100.0	1.27e-24	50	ok
smbu06GL002292	GCF_002761555.1	100.000	100.0	2.16e-26	50	ok
smbu06GL002292	GCF_002831505.1	100.000	100.0	2.16e-26	50	ok
smbu06GL002292	GCF_002850515.1	100.000	100.0	2.16e-26	50	ok
smbu06GL002292	GCF_002983785.1	100.000	100.0	2.16e-26	50	ok
smbu06GL002292	GCF_003269465.1	100.000	100.0	2.16e-26	50	ok
smbu06GL002292	GCF_003667965.1	100.000	100.0	2.16e-26	50	ok
smbu06GL002292	GCF_003711125.1	90.000	100.0	6.46e-24	50	ok
smbu06GL002292	GCF_003711605.1	100.000	100.0	2.16e-26	50	ok
smbu06GL002292	GCF_003812665.1	94.000	100.0	1.27e-24	50	ok
smbu06GL002292	GCF_004332055.1	100.000	100.0	2.16e-26	50	ok
smbu06GL002292	GCF_005484525.1	94.000	100.0	1.27e-24	50	ok
smbu06GL002292	GCF_006337145.1	100.000	100.0	2.16e-26	50	ok
smbu06GL002292	GCF_006351785.1	100.000	100.0	2.16e-26	50	ok
smbu06GL002292	GCF_006351845.1	100.000	100.0	2.16e-26	50	ok
smbu06GL002292	GCF_006364815.1	94.000	100.0	1.27e-24	50	ok
smbu06GL002292	GCF_006494835.1	94.000	100.0	1.27e-24	50	ok
smbu06GL002292	GCF_006494855.1	94.000	100.0	1.27e-24	50	ok
smbu06GL002292	GCF_006494875.1	94.000	100.0	1.27e-24	50	ok
smbu06GL002292	GCF_006766145.1	94.000	100.0	1.27e-24	50	ok
smbu06GL002292	GCF_007923665.2	100.000	100.0	2.16e-26	50	ok
smbu06GL002292	GCF_007923785.2	100.000	100.0	2.16e-26	50	ok
smbu06GL002292	GCF_007923865.2	100.000	100.0	2.16e-26	50	ok
smbu06GL002292	GCF_007923885.2	100.000	100.0	2.16e-26	50	ok
smbu06GL002292	GCF_007923905.2	100.000	100.0	2.16e-26	50	ok
smbu06GL002292	GCF_007923925.2	100.000	100.0	2.16e-26	50	ok
smbu06GL002292	GCF_007923945.2	100.000	100.0	2.16e-26	50	ok
smbu06GL002292	GCF_007923965.2	100.000	100.0	2.16e-26	50	ok
smbu06GL002292	GCF_008330605.1	100.000	100.0	2.16e-26	50	ok
smbu06GL002292	GCF_009730155.1	90.000	100.0	4.73e-24	50	ok
smbu06GL002292	GCF_009734005.1	100.000	100.0	2.16e-26	50	ok
smbu06GL002292	GCF_009938075.1	100.000	100.0	2.16e-26	50	ok
smbu06GL002292	GCF_010103655.1	94.000	100.0	1.27e-24	50	ok
smbu06GL002292	GCF_010120755.1	100.000	100.0	2.16e-26	50	ok
smbu06GL002292	GCF_011745645.1	100.000	100.0	2.16e-26	50	ok
smbu06GL002292	GCF_012045365.1	100.000	100.0	2.16e-26	50	ok
smbu06GL002292	GCF_012045505.1	100.000	100.0	2.16e-26	50	ok
smbu06GL002292	GCF_012594215.1	94.000	100.0	1.27e-24	50	ok
smbu06GL002292	GCF_013201055.1	100.000	100.0	2.16e-26	50	ok
smbu06GL002292	GCF_013344625.1	94.000	100.0	1.27e-24	50	ok
smbu06GL002292	GCF_013344645.1	94.000	100.0	1.27e-24	50	ok
smbu06GL002292	GCF_013344665.1	94.000	100.0	1.27e-24	50	ok
smbu06GL002292	GCF_013391145.1	100.000	100.0	2.16e-26	50	ok
smbu06GL002292	GCF_013391165.1	100.000	100.0	2.16e-26	50	ok
smbu06GL002292	GCF_013391185.1	100.000	100.0	2.16e-26	50	ok
smbu06GL002292	GCF_013391205.1	100.000	100.0	2.16e-26	50	ok
smbu06GL002292	GCF_013394325.1	90.000	100.0	6.46e-24	50	ok
smbu06GL002292	GCF_015377765.1	100.000	100.0	2.16e-26	50	ok
smbu06GL002292	GCF_015767695.1	100.000	100.0	2.16e-26	50	ok
smbu06GL002292	GCF_015767715.1	100.000	100.0	2.16e-26	50	ok
smbu06GL002292	GCF_016127235.1	100.000	100.0	2.16e-26	50	ok
smbu06GL002292	GCF_017280035.1	94.000	100.0	1.27e-24	50	ok
smbu06GL002292	GCF_017357805.1	94.000	100.0	1.27e-24	50	ok
smbu06GL002292	GCF_018516845.1	100.000	100.0	2.16e-26	50	ok
smbu06GL002292	GCF_019203145.1	100.000	100.0	2.16e-26	50	ok
smbu06GL002292	GCF_019343125.1	100.000	100.0	2.16e-26	50	ok
smbu06GL002292	GCF_019456555.1	100.000	100.0	2.16e-26	50	ok
smbu06GL002292	GCF_019456575.1	100.000	100.0	2.16e-26	50	ok
smbu06GL002292	GCF_019456595.1	100.000	100.0	2.16e-26	50	ok
smbu06GL002292	GCF_019797905.1	90.000	100.0	6.46e-24	50	ok
smbu06GL002292	GCF_019967715.1	100.000	100.0	2.16e-26	50	ok
smbu06GL002292	GCF_020881975.1	94.000	100.0	1.27e-24	50	ok
smbu06GL002292	GCF_020906605.1	94.000	100.0	1.27e-24	50	ok
smbu06GL002292	GCF_022869705.1	94.000	100.0	1.27e-24	50	ok
smbu06GL002292	GCF_023299785.1	94.000	100.0	1.27e-24	50	ok
smbu06GL002292	GCF_023375505.1	94.000	100.0	1.27e-24	50	ok
smbu06GL002292	GCF_023612035.1	94.000	100.0	1.27e-24	50	ok
smbu06GL002292	GCF_023612275.1	100.000	100.0	2.16e-26	50	ok
smbu06GL002292	GCF_024267595.1	94.000	100.0	1.27e-24	50	ok
smbu06GL002292	GCF_025957845.1	94.000	100.0	1.27e-24	50	ok
smbu06GL002292	GCF_025957925.1	94.000	100.0	1.27e-24	50	ok
smbu06GL002292	GCF_025958025.1	94.000	100.0	1.27e-24	50	ok
smbu06GL002292	GCF_025958065.1	94.000	100.0	1.27e-24	50	ok
smbu06GL002292	GCF_025958085.1	94.000	100.0	1.27e-24	50	ok
smbu06GL002292	GCF_025958625.1	94.000	100.0	1.27e-24	50	ok
smbu06GL002292	GCF_025958845.1	94.000	100.0	1.27e-24	50	ok
smbu06GL002292	GCF_025958885.1	94.000	100.0	1.27e-24	50	ok
smbu06GL002292	GCF_026650885.1	94.000	100.0	1.27e-24	50	ok
smbu06GL002292	GCF_027915235.1	100.000	100.0	2.16e-26	50	ok
smbu06GL002292	GCF_030490365.1	100.000	100.0	2.16e-26	50	ok
smbu06GL002292	GCF_030584585.1	100.000	100.0	2.16e-26	50	ok
smbu06GL002292	GCF_030584605.1	100.000	100.0	2.16e-26	50	ok
smbu06GL002292	GCF_030584685.1	100.000	100.0	2.16e-26	50	ok
smbu06GL002292	GCF_030643745.1	100.000	100.0	2.16e-26	50	ok
smbu06GL002292	GCF_033954875.1	100.000	100.0	2.16e-26	50	ok
smbu06GL002292	GCF_033954895.1	100.000	100.0	2.16e-26	50	ok
smbu06GL002292	GCF_033954915.1	100.000	100.0	2.16e-26	50	ok
smbu06GL002292	GCF_036669985.1	100.000	100.0	2.16e-26	50	ok
smbu06GL002292	GCF_040745045.1	100.000	100.0	2.16e-26	50	ok
smbu06GL002292	GCF_043950735.1	100.000	100.0	2.16e-26	50	ok
smbu06GL002292	GCF_049315065.1	100.000	100.0	2.16e-26	50	ok
smbu06GL002292	GCF_049315075.1	98.000	100.0	3.31e-26	50	ok
smbu06GL002292	GCF_049315085.1	98.000	100.0	3.31e-26	50	ok
smbu06GL002292	GCF_049315095.1	98.000	100.0	3.31e-26	50	ok
smbu06GL002292	GCF_049315105.1	98.000	100.0	3.31e-26	50	ok
smbu06GL002292	GCF_049315115.1	100.000	100.0	2.16e-26	50	ok
smbu06GL002292	GCF_049315125.1	100.000	100.0	2.16e-26	50	ok
smbu06GL002292	GCF_049315135.1	98.000	100.0	3.31e-26	50	ok
smbu06GL002292	GCF_049315145.1	100.000	100.0	2.16e-26	50	ok
smbu06GL002292	GCF_049315155.1	98.000	100.0	3.31e-26	50	ok
smbu06GL002292	GCF_049315165.1	100.000	100.0	2.16e-26	50	ok
smbu06GL002292	GCF_049315175.1	100.000	100.0	2.16e-26	50	ok
smbu06GL002292	GCF_052655065.1	100.000	100.0	2.16e-26	50	ok
smbu06GL002292	GCF_052655335.1	100.000	100.0	2.16e-26	50	ok
smbu06GL002292	GCF_052655665.1	100.000	100.0	2.16e-26	50	ok
smbu06GL002292	GCF_052656575.1	100.000	100.0	2.16e-26	50	ok
smbu06GL002292	GCF_052657825.1	100.000	100.0	2.16e-26	50	ok
smbu06GL002292	GCF_052658005.1	100.000	100.0	2.16e-26	50	ok
smbu06GL002292	GCF_053764515.1	98.000	100.0	3.31e-26	50	ok
smbu06GL002292	GCF_056487465.1	98.000	100.0	3.31e-26	50	ok
smbu06GL002292	GCF_056582645.1	100.000	100.0	2.16e-26	50	ok
smbu06GL002292	GCF_931972305.1	98.000	100.0	3.31e-26	50	ok
smbu06GL002292	GCF_988227945.1	100.000	100.0	2.16e-26	50	ok
smbu06GL002292	GCF_988227985.1	100.000	100.0	2.16e-26	50	ok
smbu06GL002292	GCF_988228025.1	100.000	100.0	2.16e-26	50	ok
smbu06GL002292	L_lactis_14B4	53.191	94.0	3.36e-11	47	ok
smbu06GL002292	L_lactis_IL1403	53.191	94.0	3.36e-11	47	ok
smbu06GL002292	L_lactis_MG1363	55.319	94.0	2.36e-11	47	ok
smbu06GL002292	smbu06_project	100.000	100.0	2.16e-26	50	ok
smbu06GL002292	smbu08_project	100.000	100.0	2.16e-26	50	ok
smbu06GL002329	E_lactis_194	100.000	100.0	0.0	315	ok
smbu06GL002329	GCA_000006865.1	49.206	99.0	5.64e-91	6	rejected
smbu06GL002329	GCA_000157355.2	77.143	100.0	1.38e-158	315	ok
smbu06GL002329	GCA_000344575.1	49.206	99.0	6.71e-91	6	rejected
smbu06GL002329	GCA_000761115.1	49.359	99.0	1.06e-90	6	rejected
smbu06GL002329	GCA_000807375.1	49.206	99.0	7.61e-91	6	rejected
smbu06GL002329	GCA_002216705.1	88.254	100.0	0.0	315	ok
smbu06GL002329	GCA_002278015.2	91.111	100.0	0.0	315	ok
smbu06GL002329	GCA_002290025.1	90.476	100.0	0.0	315	ok
smbu06GL002329	GCA_002804185.1	48.889	99.0	3.88e-90	6	rejected
smbu06GL002329	GCA_002804285.1	48.889	99.0	3.88e-90	6	rejected
smbu06GL002329	GCA_002813755.1	88.254	100.0	0.0	315	ok
smbu06GL002329	GCA_002895225.1	49.206	99.0	5.02e-91	6	rejected
smbu06GL002329	GCA_003711125.1	77.316	99.4	3.07e-160	313	ok
smbu06GL002329	GCA_003722255.1	49.206	99.0	5.64e-91	6	rejected
smbu06GL002329	GCA_005347505.1	77.636	99.4	1.17e-160	313	ok
smbu06GL002329	GCA_009730155.1	77.636	99.4	1.69e-161	313	ok
smbu06GL002329	GCA_013391145.1	90.159	100.0	0.0	315	ok
smbu06GL002329	GCA_013391165.1	91.111	100.0	0.0	315	ok
smbu06GL002329	GCA_013391185.1	90.794	100.0	0.0	315	ok
smbu06GL002329	GCA_013391205.1	91.111	100.0	0.0	315	ok
smbu06GL002329	GCA_013394325.1	77.955	99.4	6.07e-162	313	ok
smbu06GL002329	GCA_015767715.1	100.000	100.0	0.0	315	ok
smbu06GL002329	GCA_016127235.1	91.111	100.0	0.0	315	ok
smbu06GL002329	GCA_019203145.1	98.730	100.0	0.0	315	ok
smbu06GL002329	GCA_019343125.1	98.730	100.0	0.0	315	ok
smbu06GL002329	GCA_019797905.1	78.275	99.4	9.65e-162	313	ok
smbu06GL002329	GCA_019967715.1	98.730	100.0	0.0	315	ok
smbu06GL002329	GCA_022870765.1	77.778	100.0	6.46e-160	315	ok
smbu06GL002329	GCA_023523715.1	77.460	100.0	8.31e-160	315	ok
smbu06GL002329	GCA_023612275.1	98.730	100.0	0.0	315	ok
smbu06GL002329	GCA_025402795.1	77.955	99.4	1.23e-161	313	ok
smbu06GL002329	GCA_025402855.1	77.955	99.4	1.23e-161	313	ok
smbu06GL002329	GCA_029201225.1	77.778	100.0	6.46e-160	315	ok
smbu06GL002329	GCA_029215545.1	77.460	100.0	9.51e-160	315	ok
smbu06GL002329	GCA_030490365.1	98.730	100.0	0.0	315	ok
smbu06GL002329	GCA_033954875.1	98.730	100.0	0.0	315	ok
smbu06GL002329	GCA_033954895.1	98.730	100.0	0.0	315	ok
smbu06GL002329	GCA_033954915.1	98.730	100.0	0.0	315	ok
smbu06GL002329	GCA_036669985.1	98.730	100.0	0.0	315	ok
smbu06GL002329	GCA_040745045.1	98.730	100.0	0.0	315	ok
smbu06GL002329	GCA_041930275.1	77.316	99.4	8.25e-161	313	ok
smbu06GL002329	GCA_041952535.1	77.955	99.4	5.05e-162	313	ok
smbu06GL002329	GCA_043950735.1	90.794	100.0	0.0	315	ok
smbu06GL002329	GCA_043950745.1	90.794	100.0	0.0	315	ok
smbu06GL002329	GCA_045039055.1	77.636	99.4	1.69e-161	313	ok
smbu06GL002329	GCA_049315065.1	98.730	100.0	0.0	315	ok
smbu06GL002329	GCA_049315075.1	89.524	100.0	0.0	315	ok
smbu06GL002329	GCA_049315085.1	89.524	100.0	0.0	315	ok
smbu06GL002329	GCA_049315095.1	89.524	100.0	0.0	315	ok
smbu06GL002329	GCA_049315105.1	89.524	100.0	0.0	315	ok
smbu06GL002329	GCA_049315115.1	98.730	100.0	0.0	315	ok
smbu06GL002329	GCA_049315125.1	98.730	100.0	0.0	315	ok
smbu06GL002329	GCA_049315135.1	89.524	100.0	0.0	315	ok
smbu06GL002329	GCA_049315145.1	98.730	100.0	0.0	315	ok
smbu06GL002329	GCA_049315155.1	89.524	100.0	0.0	315	ok
smbu06GL002329	GCA_049315165.1	98.730	100.0	0.0	315	ok
smbu06GL002329	GCA_049315175.1	98.730	100.0	0.0	315	ok
smbu06GL002329	GCA_052655065.1	99.365	100.0	0.0	315	ok
smbu06GL002329	GCA_052655335.1	99.365	100.0	0.0	315	ok
smbu06GL002329	GCA_052655665.1	99.048	100.0	0.0	315	ok
smbu06GL002329	GCA_052656575.1	99.365	100.0	0.0	315	ok
smbu06GL002329	GCA_052657825.1	99.365	100.0	0.0	315	ok
smbu06GL002329	GCA_052658005.1	99.365	100.0	0.0	315	ok
smbu06GL002329	GCA_053764515.1	88.254	100.0	0.0	315	ok
smbu06GL002329	GCA_055397705.1	99.281	88.3	0.0	12	rejected
smbu06GL002329	GCA_055397995.1	90.213	74.6	1.55e-159	235	ok
smbu06GL002329	GCA_056487485.1	88.621	92.1	3.15e-172	24	rejected
smbu06GL002329	GCA_056582645.1	100.000	100.0	0.0	315	ok
smbu06GL002329	GCA_058072705.1	98.730	100.0	0.0	315	ok
smbu06GL002329	GCA_060306215.1	98.730	100.0	0.0	315	ok
smbu06GL002329	GCA_060307205.1	90.794	100.0	0.0	315	ok
smbu06GL002329	GCA_060307225.1	98.730	100.0	0.0	315	ok
smbu06GL002329	GCA_061568495.1	98.730	100.0	0.0	315	ok
smbu06GL002329	GCA_900636615.1	90.794	100.0	0.0	315	ok
smbu06GL002329	GCA_905186115.1	90.794	100.0	0.0	315	ok
smbu06GL002329	GCA_931972305.1	88.254	100.0	0.0	315	ok
smbu06GL002329	GCA_963280925.1	90.794	100.0	0.0	315	ok
smbu06GL002329	GCA_988227945.1	98.730	100.0	0.0	315	ok
smbu06GL002329	GCA_988227985.1	98.730	100.0	0.0	315	ok
smbu06GL002329	GCA_988228025.1	98.730	100.0	0.0	315	ok
smbu06GL002329	GCA_988235375.1	90.794	100.0	0.0	315	ok
smbu06GL002329	GCA_988236725.1	90.794	100.0	0.0	315	ok
smbu06GL002329	GCA_988237225.1	98.730	100.0	0.0	315	ok
smbu06GL002329	GCF_001298485.1	99.048	100.0	0.0	315	ok
smbu06GL002329	GCF_001412695.1	99.048	100.0	0.0	315	ok
smbu06GL002329	GCF_001598635.1	77.778	100.0	4.85e-166	315	ok
smbu06GL002329	GCF_001689055.2	77.460	100.0	7.78e-165	315	ok
smbu06GL002329	GCF_002208945.1	77.778	100.0	4.85e-166	315	ok
smbu06GL002329	GCF_002216705.1	88.254	100.0	0.0	315	ok
smbu06GL002329	GCF_002278015.2	91.111	100.0	0.0	315	ok
smbu06GL002329	GCF_002289045.2	77.460	100.0	7.78e-165	315	ok
smbu06GL002329	GCF_002290025.1	90.476	100.0	0.0	315	ok
smbu06GL002329	GCF_002355755.1	77.460	100.0	2.32e-165	315	ok
smbu06GL002329	GCF_002761555.1	99.048	100.0	0.0	315	ok
smbu06GL002329	GCF_002831505.1	98.730	100.0	0.0	315	ok
smbu06GL002329	GCF_002850515.1	98.730	100.0	0.0	315	ok
smbu06GL002329	GCF_002983785.1	99.048	100.0	0.0	315	ok
smbu06GL002329	GCF_003269465.1	99.048	100.0	0.0	315	ok
smbu06GL002329	GCF_003667965.1	98.730	100.0	0.0	315	ok
smbu06GL002329	GCF_003711125.1	77.316	99.4	3.07e-160	313	ok
smbu06GL002329	GCF_003711605.1	98.730	100.0	0.0	315	ok
smbu06GL002329	GCF_003812665.1	77.460	100.0	1.55e-165	315	ok
smbu06GL002329	GCF_004332055.1	99.048	100.0	0.0	315	ok
smbu06GL002329	GCF_005484525.1	77.778	100.0	4.85e-166	315	ok
smbu06GL002329	GCF_006337145.1	98.730	100.0	0.0	315	ok
smbu06GL002329	GCF_006351785.1	99.048	100.0	0.0	315	ok
smbu06GL002329	GCF_006351845.1	98.730	100.0	0.0	315	ok
smbu06GL002329	GCF_006364815.1	77.778	100.0	4.85e-166	315	ok
smbu06GL002329	GCF_006494835.1	77.778	100.0	4.85e-166	315	ok
smbu06GL002329	GCF_006494855.1	77.778	100.0	4.85e-166	315	ok
smbu06GL002329	GCF_006494875.1	77.778	100.0	4.85e-166	315	ok
smbu06GL002329	GCF_006766145.1	77.778	100.0	4e-166	315	ok
smbu06GL002329	GCF_007923665.2	98.730	100.0	0.0	315	ok
smbu06GL002329	GCF_007923785.2	98.730	100.0	0.0	315	ok
smbu06GL002329	GCF_007923865.2	98.730	100.0	0.0	315	ok
smbu06GL002329	GCF_007923885.2	98.730	100.0	0.0	315	ok
smbu06GL002329	GCF_007923905.2	98.730	100.0	0.0	315	ok
smbu06GL002329	GCF_007923925.2	98.730	100.0	0.0	315	ok
smbu06GL002329	GCF_007923945.2	99.048	100.0	0.0	315	ok
smbu06GL002329	GCF_007923965.2	99.048	100.0	0.0	315	ok
smbu06GL002329	GCF_008330605.1	98.730	100.0	0.0	315	ok
smbu06GL002329	GCF_009730155.1	77.636	99.4	1.69e-161	313	ok
smbu06GL002329	GCF_009734005.1	99.048	100.0	0.0	315	ok
smbu06GL002329	GCF_009938075.1	99.048	100.0	0.0	315	ok
smbu06GL002329	GCF_010103655.1	77.778	100.0	9.83e-166	315	ok
smbu06GL002329	GCF_010120755.1	99.048	100.0	0.0	315	ok
smbu06GL002329	GCF_011745645.1	98.730	100.0	0.0	315	ok
smbu06GL002329	GCF_012045365.1	99.048	100.0	0.0	315	ok
smbu06GL002329	GCF_012045505.1	99.048	100.0	0.0	315	ok
smbu06GL002329	GCF_012594215.1	77.778	100.0	9.83e-166	315	ok
smbu06GL002329	GCF_013201055.1	98.730	100.0	0.0	315	ok
smbu06GL002329	GCF_013344625.1	77.778	100.0	4.85e-166	315	ok
smbu06GL002329	GCF_013344645.1	77.778	100.0	4.85e-166	315	ok
smbu06GL002329	GCF_013344665.1	77.778	100.0	4.85e-166	315	ok
smbu06GL002329	GCF_013391145.1	90.159	100.0	0.0	315	ok
smbu06GL002329	GCF_013391165.1	91.111	100.0	0.0	315	ok
smbu06GL002329	GCF_013391185.1	90.794	100.0	0.0	315	ok
smbu06GL002329	GCF_013391205.1	91.111	100.0	0.0	315	ok
smbu06GL002329	GCF_013394325.1	77.955	99.4	6.07e-162	313	ok
smbu06GL002329	GCF_015377765.1	98.730	100.0	0.0	315	ok
smbu06GL002329	GCF_015767695.1	99.048	100.0	0.0	315	ok
smbu06GL002329	GCF_015767715.1	100.000	100.0	0.0	315	ok
smbu06GL002329	GCF_016127235.1	91.111	100.0	0.0	315	ok
smbu06GL002329	GCF_017280035.1	77.778	100.0	9.83e-166	315	ok
smbu06GL002329	GCF_017357805.1	77.778	100.0	4.85e-166	315	ok
smbu06GL002329	GCF_018516845.1	98.730	100.0	0.0	315	ok
smbu06GL002329	GCF_019203145.1	98.730	100.0	0.0	315	ok
smbu06GL002329	GCF_019343125.1	98.730	100.0	0.0	315	ok
smbu06GL002329	GCF_019456555.1	98.730	100.0	0.0	315	ok
smbu06GL002329	GCF_019456575.1	98.730	100.0	0.0	315	ok
smbu06GL002329	GCF_019456595.1	98.730	100.0	0.0	315	ok
smbu06GL002329	GCF_019797905.1	78.275	99.4	9.65e-162	313	ok
smbu06GL002329	GCF_019967715.1	98.730	100.0	0.0	315	ok
smbu06GL002329	GCF_020881975.1	77.778	100.0	4.85e-166	315	ok
smbu06GL002329	GCF_020906605.1	78.095	100.0	1.32e-166	315	ok
smbu06GL002329	GCF_022869705.1	77.778	100.0	4.85e-166	315	ok
smbu06GL002329	GCF_023299785.1	77.778	100.0	4.85e-166	315	ok
smbu06GL002329	GCF_023375505.1	77.778	100.0	4.85e-166	315	ok
smbu06GL002329	GCF_023612035.1	77.778	100.0	9.83e-166	315	ok
smbu06GL002329	GCF_023612275.1	98.730	100.0	0.0	315	ok
smbu06GL002329	GCF_024267595.1	77.778	100.0	4.85e-166	315	ok
smbu06GL002329	GCF_025957845.1	77.460	100.0	8e-165	315	ok
smbu06GL002329	GCF_025957925.1	77.460	100.0	8e-165	315	ok
smbu06GL002329	GCF_025958025.1	77.778	100.0	4.85e-166	315	ok
smbu06GL002329	GCF_025958065.1	77.460	100.0	9.27e-166	315	ok
smbu06GL002329	GCF_025958085.1	77.460	100.0	9.27e-166	315	ok
smbu06GL002329	GCF_025958625.1	77.778	100.0	4.85e-166	315	ok
smbu06GL002329	GCF_025958845.1	77.778	100.0	6.81e-166	315	ok
smbu06GL002329	GCF_025958885.1	77.778	100.0	9.83e-166	315	ok
smbu06GL002329	GCF_026650885.1	77.778	100.0	4.85e-166	315	ok
smbu06GL002329	GCF_027915235.1	98.730	100.0	0.0	315	ok
smbu06GL002329	GCF_030490365.1	98.730	100.0	0.0	315	ok
smbu06GL002329	GCF_030584585.1	99.048	100.0	0.0	315	ok
smbu06GL002329	GCF_030584605.1	99.048	100.0	0.0	315	ok
smbu06GL002329	GCF_030584685.1	99.048	100.0	0.0	315	ok
smbu06GL002329	GCF_030643745.1	98.730	100.0	0.0	315	ok
smbu06GL002329	GCF_033954875.1	98.730	100.0	0.0	315	ok
smbu06GL002329	GCF_033954895.1	98.730	100.0	0.0	315	ok
smbu06GL002329	GCF_033954915.1	98.730	100.0	0.0	315	ok
smbu06GL002329	GCF_036669985.1	98.730	100.0	0.0	315	ok
smbu06GL002329	GCF_040745045.1	98.730	100.0	0.0	315	ok
smbu06GL002329	GCF_043950735.1	90.794	100.0	0.0	315	ok
smbu06GL002329	GCF_049315065.1	98.730	100.0	0.0	315	ok
smbu06GL002329	GCF_049315075.1	89.524	100.0	0.0	315	ok
smbu06GL002329	GCF_049315085.1	89.524	100.0	0.0	315	ok
smbu06GL002329	GCF_049315095.1	89.524	100.0	0.0	315	ok
smbu06GL002329	GCF_049315105.1	89.524	100.0	0.0	315	ok
smbu06GL002329	GCF_049315115.1	98.730	100.0	0.0	315	ok
smbu06GL002329	GCF_049315125.1	98.730	100.0	0.0	315	ok
smbu06GL002329	GCF_049315135.1	89.524	100.0	0.0	315	ok
smbu06GL002329	GCF_049315145.1	98.730	100.0	0.0	315	ok
smbu06GL002329	GCF_049315155.1	89.524	100.0	0.0	315	ok
smbu06GL002329	GCF_049315165.1	98.730	100.0	0.0	315	ok
smbu06GL002329	GCF_049315175.1	98.730	100.0	0.0	315	ok
smbu06GL002329	GCF_052655065.1	99.365	100.0	0.0	315	ok
smbu06GL002329	GCF_052655335.1	99.365	100.0	0.0	315	ok
smbu06GL002329	GCF_052655665.1	99.048	100.0	0.0	315	ok
smbu06GL002329	GCF_052656575.1	99.365	100.0	0.0	315	ok
smbu06GL002329	GCF_052657825.1	99.365	100.0	0.0	315	ok
smbu06GL002329	GCF_052658005.1	99.365	100.0	0.0	315	ok
smbu06GL002329	GCF_053764515.1	88.254	100.0	0.0	315	ok
smbu06GL002329	GCF_056487465.1	87.937	100.0	0.0	315	ok
smbu06GL002329	GCF_056582645.1	100.000	100.0	0.0	315	ok
smbu06GL002329	GCF_931972305.1	88.254	100.0	0.0	315	ok
smbu06GL002329	GCF_988227945.1	98.730	100.0	0.0	315	ok
smbu06GL002329	GCF_988227985.1	98.730	100.0	0.0	315	ok
smbu06GL002329	GCF_988228025.1	98.730	100.0	0.0	315	ok
smbu06GL002329	L_lactis_14B4	49.206	99.0	5.02e-91	6	rejected
smbu06GL002329	L_lactis_IL1403	49.206	99.0	5.64e-91	6	rejected
smbu06GL002329	L_lactis_MG1363	49.359	99.0	3.2e-90	6	rejected
smbu06GL002329	smbu06_project	100.000	100.0	0.0	315	ok
smbu06GL002329	smbu08_project	100.000	100.0	0.0	315	ok
smbu06GL002464	E_lactis_194	99.713	100.0	0.0	348	ok
smbu06GL002464	GCA_000006865.1	66.176	96.6	3.19e-148	340	ok
smbu06GL002464	GCA_000157355.2	89.143	100.0	0.0	347	ok
smbu06GL002464	GCA_000344575.1	66.471	96.6	1.08e-148	340	ok
smbu06GL002464	GCA_000761115.1	66.471	96.6	1.08e-148	340	ok
smbu06GL002464	GCA_000807375.1	66.471	96.6	1.08e-148	340	ok
smbu06GL002464	GCA_002216705.1	96.264	100.0	0.0	346	ok
smbu06GL002464	GCA_002278015.2	95.977	100.0	0.0	346	ok
smbu06GL002464	GCA_002290025.1	96.970	94.8	0.0	330	ok
smbu06GL002464	GCA_002804185.1	66.471	96.6	1.39e-148	340	ok
smbu06GL002464	GCA_002804285.1	66.471	96.6	1.39e-148	340	ok
smbu06GL002464	GCA_002813755.1	96.264	100.0	0.0	346	ok
smbu06GL002464	GCA_002895225.1	66.471	96.6	5.83e-149	340	ok
smbu06GL002464	GCA_003711125.1	90.544	100.0	0.0	349	ok
smbu06GL002464	GCA_003722255.1	66.176	96.6	3.19e-148	340	ok
smbu06GL002464	GCA_005347505.1	90.544	100.0	0.0	349	ok
smbu06GL002464	GCA_009730155.1	89.368	100.0	0.0	348	ok
smbu06GL002464	GCA_013391145.1	95.977	100.0	0.0	346	ok
smbu06GL002464	GCA_013391165.1	95.977	100.0	0.0	346	ok
smbu06GL002464	GCA_013391185.1	95.977	100.0	0.0	346	ok
smbu06GL002464	GCA_013391205.1	95.977	100.0	0.0	346	ok
smbu06GL002464	GCA_013394325.1	92.638	93.7	0.0	326	ok
smbu06GL002464	GCA_015767715.1	99.425	100.0	0.0	348	ok
smbu06GL002464	GCA_016127235.1	95.977	100.0	0.0	346	ok
smbu06GL002464	GCA_019203145.1	99.713	100.0	0.0	348	ok
smbu06GL002464	GCA_019343125.1	99.713	100.0	0.0	348	ok
smbu06GL002464	GCA_019797905.1	89.398	100.0	0.0	349	ok
smbu06GL002464	GCA_019967715.1	99.713	100.0	0.0	348	ok
smbu06GL002464	GCA_022870765.1	89.714	100.0	0.0	347	ok
smbu06GL002464	GCA_023523715.1	89.143	100.0	0.0	347	ok
smbu06GL002464	GCA_023612275.1	99.713	100.0	0.0	348	ok
smbu06GL002464	GCA_025402795.1	89.685	100.0	0.0	349	ok
smbu06GL002464	GCA_025402855.1	89.685	100.0	0.0	349	ok
smbu06GL002464	GCA_029201225.1	89.714	100.0	0.0	347	ok
smbu06GL002464	GCA_029215545.1	89.714	100.0	0.0	347	ok
smbu06GL002464	GCA_030490365.1	99.713	100.0	0.0	348	ok
smbu06GL002464	GCA_033954875.1	99.713	100.0	0.0	348	ok
smbu06GL002464	GCA_033954895.1	99.713	100.0	0.0	348	ok
smbu06GL002464	GCA_033954915.1	99.713	100.0	0.0	348	ok
smbu06GL002464	GCA_036669985.1	99.713	100.0	0.0	348	ok
smbu06GL002464	GCA_040745045.1	99.713	100.0	0.0	348	ok
smbu06GL002464	GCA_041930275.1	89.368	100.0	0.0	348	ok
smbu06GL002464	GCA_041952535.1	89.368	100.0	0.0	348	ok
smbu06GL002464	GCA_043950735.1	95.977	100.0	0.0	346	ok
smbu06GL002464	GCA_043950745.1	95.977	100.0	0.0	346	ok
smbu06GL002464	GCA_045039055.1	89.368	100.0	0.0	348	ok
smbu06GL002464	GCA_049315065.1	99.713	100.0	0.0	348	ok
smbu06GL002464	GCA_049315075.1	96.552	100.0	0.0	346	ok
smbu06GL002464	GCA_049315085.1	96.552	100.0	0.0	346	ok
smbu06GL002464	GCA_049315095.1	96.552	100.0	0.0	346	ok
smbu06GL002464	GCA_049315105.1	96.552	100.0	0.0	346	ok
smbu06GL002464	GCA_049315115.1	99.713	100.0	0.0	348	ok
smbu06GL002464	GCA_049315125.1	99.713	100.0	0.0	348	ok
smbu06GL002464	GCA_049315135.1	96.552	100.0	0.0	346	ok
smbu06GL002464	GCA_049315145.1	99.713	100.0	0.0	348	ok
smbu06GL002464	GCA_049315155.1	96.552	100.0	0.0	346	ok
smbu06GL002464	GCA_049315165.1	99.713	100.0	0.0	348	ok
smbu06GL002464	GCA_049315175.1	99.713	100.0	0.0	348	ok
smbu06GL002464	GCA_052655065.1	99.713	100.0	0.0	348	ok
smbu06GL002464	GCA_052655335.1	99.713	100.0	0.0	348	ok
smbu06GL002464	GCA_052655665.1	99.713	100.0	0.0	348	ok
smbu06GL002464	GCA_052656575.1	99.713	100.0	0.0	348	ok
smbu06GL002464	GCA_052657825.1	99.713	100.0	0.0	348	ok
smbu06GL002464	GCA_052658005.1	99.713	100.0	0.0	348	ok
smbu06GL002464	GCA_053764515.1	96.552	100.0	0.0	346	ok
smbu06GL002464	GCA_055397705.1	99.713	100.0	0.0	348	ok
smbu06GL002464	GCA_055397995.1	73.684	99.4	8.79e-153	126	ok
smbu06GL002464	GCA_056487485.1	95.977	100.0	0.0	346	ok
smbu06GL002464	GCA_056582645.1	99.713	100.0	0.0	348	ok
smbu06GL002464	GCA_058072705.1	99.713	100.0	0.0	348	ok
smbu06GL002464	GCA_060306215.1	99.713	100.0	0.0	348	ok
smbu06GL002464	GCA_060307205.1	95.977	100.0	0.0	346	ok
smbu06GL002464	GCA_060307225.1	99.713	100.0	0.0	348	ok
smbu06GL002464	GCA_061568495.1	99.713	100.0	0.0	348	ok
smbu06GL002464	GCA_900636615.1	95.977	100.0	0.0	346	ok
smbu06GL002464	GCA_905186115.1	95.977	100.0	0.0	346	ok
smbu06GL002464	GCA_931972305.1	96.264	100.0	0.0	346	ok
smbu06GL002464	GCA_963280925.1	95.977	100.0	0.0	346	ok
smbu06GL002464	GCA_988227945.1	99.713	100.0	0.0	348	ok
smbu06GL002464	GCA_988227985.1	99.713	100.0	0.0	348	ok
smbu06GL002464	GCA_988228025.1	99.713	100.0	0.0	348	ok
smbu06GL002464	GCA_988235375.1	96.970	94.8	0.0	330	ok
smbu06GL002464	GCA_988236725.1	96.970	94.8	0.0	330	ok
smbu06GL002464	GCA_988237225.1	99.713	100.0	0.0	348	ok
smbu06GL002464	GCF_001298485.1	99.138	100.0	0.0	348	ok
smbu06GL002464	GCF_001412695.1	99.138	100.0	0.0	348	ok
smbu06GL002464	GCF_001598635.1	89.655	100.0	0.0	348	ok
smbu06GL002464	GCF_001689055.2	89.655	100.0	0.0	348	ok
smbu06GL002464	GCF_002208945.1	89.655	100.0	0.0	348	ok
smbu06GL002464	GCF_002216705.1	96.264	100.0	0.0	346	ok
smbu06GL002464	GCF_002278015.2	95.977	100.0	0.0	346	ok
smbu06GL002464	GCF_002289045.2	89.655	100.0	0.0	348	ok
smbu06GL002464	GCF_002290025.1	96.970	94.8	0.0	330	ok
smbu06GL002464	GCF_002355755.1	89.655	100.0	0.0	348	ok
smbu06GL002464	GCF_002761555.1	99.138	100.0	0.0	348	ok
smbu06GL002464	GCF_002831505.1	99.425	100.0	0.0	348	ok
smbu06GL002464	GCF_002850515.1	99.138	100.0	0.0	348	ok
smbu06GL002464	GCF_002983785.1	99.138	100.0	0.0	348	ok
smbu06GL002464	GCF_003269465.1	99.713	100.0	0.0	348	ok
smbu06GL002464	GCF_003667965.1	99.713	100.0	0.0	348	ok
smbu06GL002464	GCF_003711125.1	90.544	100.0	0.0	349	ok
smbu06GL002464	GCF_003711605.1	99.713	100.0	0.0	348	ok
smbu06GL002464	GCF_003812665.1	89.655	100.0	0.0	348	ok
smbu06GL002464	GCF_004332055.1	99.138	100.0	0.0	348	ok
smbu06GL002464	GCF_005484525.1	89.655	100.0	0.0	348	ok
smbu06GL002464	GCF_006337145.1	99.713	100.0	0.0	348	ok
smbu06GL002464	GCF_006351785.1	99.138	100.0	0.0	348	ok
smbu06GL002464	GCF_006351845.1	99.248	76.4	0.0	15	rejected
smbu06GL002464	GCF_006364815.1	89.655	100.0	0.0	348	ok
smbu06GL002464	GCF_006494835.1	89.655	100.0	0.0	348	ok
smbu06GL002464	GCF_006494855.1	89.655	100.0	0.0	348	ok
smbu06GL002464	GCF_006494875.1	89.655	100.0	0.0	348	ok
smbu06GL002464	GCF_006766145.1	89.655	100.0	0.0	348	ok
smbu06GL002464	GCF_007923665.2	99.138	100.0	0.0	348	ok
smbu06GL002464	GCF_007923785.2	99.138	100.0	0.0	348	ok
smbu06GL002464	GCF_007923865.2	99.138	100.0	0.0	348	ok
smbu06GL002464	GCF_007923885.2	99.138	100.0	0.0	348	ok
smbu06GL002464	GCF_007923905.2	99.138	100.0	0.0	348	ok
smbu06GL002464	GCF_007923925.2	99.138	100.0	0.0	348	ok
smbu06GL002464	GCF_007923945.2	99.138	100.0	0.0	348	ok
smbu06GL002464	GCF_007923965.2	99.138	100.0	0.0	348	ok
smbu06GL002464	GCF_008330605.1	99.713	100.0	0.0	348	ok
smbu06GL002464	GCF_009730155.1	89.368	100.0	0.0	348	ok
smbu06GL002464	GCF_009734005.1	99.138	100.0	0.0	348	ok
smbu06GL002464	GCF_009938075.1	99.138	100.0	0.0	348	ok
smbu06GL002464	GCF_010103655.1	89.655	100.0	0.0	348	ok
smbu06GL002464	GCF_010120755.1	99.138	100.0	0.0	348	ok
smbu06GL002464	GCF_011745645.1	99.713	100.0	0.0	348	ok
smbu06GL002464	GCF_012045365.1	99.713	100.0	0.0	348	ok
smbu06GL002464	GCF_012045505.1	99.713	100.0	0.0	348	ok
smbu06GL002464	GCF_012594215.1	89.655	100.0	0.0	348	ok
smbu06GL002464	GCF_013201055.1	99.713	100.0	0.0	348	ok
smbu06GL002464	GCF_013344625.1	89.655	100.0	0.0	348	ok
smbu06GL002464	GCF_013344645.1	89.655	100.0	0.0	348	ok
smbu06GL002464	GCF_013344665.1	89.655	100.0	0.0	348	ok
smbu06GL002464	GCF_013391145.1	95.977	100.0	0.0	346	ok
smbu06GL002464	GCF_013391165.1	95.977	100.0	0.0	346	ok
smbu06GL002464	GCF_013391185.1	95.977	100.0	0.0	346	ok
smbu06GL002464	GCF_013391205.1	95.977	100.0	0.0	346	ok
smbu06GL002464	GCF_013394325.1	92.638	93.7	0.0	326	ok
smbu06GL002464	GCF_015377765.1	99.713	100.0	0.0	348	ok
smbu06GL002464	GCF_015767695.1	99.138	100.0	0.0	348	ok
smbu06GL002464	GCF_015767715.1	99.425	100.0	0.0	348	ok
smbu06GL002464	GCF_016127235.1	95.977	100.0	0.0	346	ok
smbu06GL002464	GCF_017280035.1	89.655	100.0	0.0	348	ok
smbu06GL002464	GCF_017357805.1	89.655	100.0	0.0	348	ok
smbu06GL002464	GCF_018516845.1	99.425	100.0	0.0	348	ok
smbu06GL002464	GCF_019203145.1	99.713	100.0	0.0	348	ok
smbu06GL002464	GCF_019343125.1	99.713	100.0	0.0	348	ok
smbu06GL002464	GCF_019456555.1	99.138	100.0	0.0	348	ok
smbu06GL002464	GCF_019456575.1	99.138	100.0	0.0	348	ok
smbu06GL002464	GCF_019456595.1	99.138	100.0	0.0	348	ok
smbu06GL002464	GCF_019797905.1	89.398	100.0	0.0	349	ok
smbu06GL002464	GCF_019967715.1	99.713	100.0	0.0	348	ok
smbu06GL002464	GCF_020881975.1	89.655	100.0	0.0	348	ok
smbu06GL002464	GCF_020906605.1	89.655	100.0	0.0	348	ok
smbu06GL002464	GCF_022869705.1	89.655	100.0	0.0	348	ok
smbu06GL002464	GCF_023299785.1	89.655	100.0	0.0	348	ok
smbu06GL002464	GCF_023375505.1	89.655	100.0	0.0	348	ok
smbu06GL002464	GCF_023612035.1	89.655	100.0	0.0	348	ok
smbu06GL002464	GCF_023612275.1	99.713	100.0	0.0	348	ok
smbu06GL002464	GCF_024267595.1	89.655	100.0	0.0	348	ok
smbu06GL002464	GCF_025957845.1	89.655	100.0	0.0	348	ok
smbu06GL002464	GCF_025957925.1	89.655	100.0	0.0	348	ok
smbu06GL002464	GCF_025958025.1	89.655	100.0	0.0	348	ok
smbu06GL002464	GCF_025958065.1	89.655	100.0	0.0	348	ok
smbu06GL002464	GCF_025958085.1	89.655	100.0	0.0	348	ok
smbu06GL002464	GCF_025958625.1	89.655	100.0	0.0	348	ok
smbu06GL002464	GCF_025958845.1	89.655	100.0	0.0	348	ok
smbu06GL002464	GCF_025958885.1	89.655	100.0	0.0	348	ok
smbu06GL002464	GCF_026650885.1	89.655	100.0	0.0	348	ok
smbu06GL002464	GCF_027915235.1	99.713	100.0	0.0	348	ok
smbu06GL002464	GCF_030490365.1	99.713	100.0	0.0	348	ok
smbu06GL002464	GCF_030584585.1	99.138	100.0	0.0	348	ok
smbu06GL002464	GCF_030584605.1	99.138	100.0	0.0	348	ok
smbu06GL002464	GCF_030584685.1	99.138	100.0	0.0	348	ok
smbu06GL002464	GCF_030643745.1	99.713	100.0	0.0	348	ok
smbu06GL002464	GCF_033954875.1	99.713	100.0	0.0	348	ok
smbu06GL002464	GCF_033954895.1	99.713	100.0	0.0	348	ok
smbu06GL002464	GCF_033954915.1	99.713	100.0	0.0	348	ok
smbu06GL002464	GCF_036669985.1	99.713	100.0	0.0	348	ok
smbu06GL002464	GCF_040745045.1	99.713	100.0	0.0	348	ok
smbu06GL002464	GCF_043950735.1	95.977	100.0	0.0	346	ok
smbu06GL002464	GCF_049315065.1	99.713	100.0	0.0	348	ok
smbu06GL002464	GCF_049315075.1	96.552	100.0	0.0	346	ok
smbu06GL002464	GCF_049315085.1	96.552	100.0	0.0	346	ok
smbu06GL002464	GCF_049315095.1	96.552	100.0	0.0	346	ok
smbu06GL002464	GCF_049315105.1	96.552	100.0	0.0	346	ok
smbu06GL002464	GCF_049315115.1	99.713	100.0	0.0	348	ok
smbu06GL002464	GCF_049315125.1	99.713	100.0	0.0	348	ok
smbu06GL002464	GCF_049315135.1	96.552	100.0	0.0	346	ok
smbu06GL002464	GCF_049315145.1	99.713	100.0	0.0	348	ok
smbu06GL002464	GCF_049315155.1	96.552	100.0	0.0	346	ok
smbu06GL002464	GCF_049315165.1	99.713	100.0	0.0	348	ok
smbu06GL002464	GCF_049315175.1	99.713	100.0	0.0	348	ok
smbu06GL002464	GCF_052655065.1	99.713	100.0	0.0	348	ok
smbu06GL002464	GCF_052655335.1	99.713	100.0	0.0	348	ok
smbu06GL002464	GCF_052655665.1	99.713	100.0	0.0	348	ok
smbu06GL002464	GCF_052656575.1	99.713	100.0	0.0	348	ok
smbu06GL002464	GCF_052657825.1	99.713	100.0	0.0	348	ok
smbu06GL002464	GCF_052658005.1	99.713	100.0	0.0	348	ok
smbu06GL002464	GCF_053764515.1	96.552	100.0	0.0	346	ok
smbu06GL002464	GCF_056487465.1	96.552	100.0	0.0	346	ok
smbu06GL002464	GCF_056582645.1	99.713	100.0	0.0	348	ok
smbu06GL002464	GCF_931972305.1	96.264	100.0	0.0	346	ok
smbu06GL002464	GCF_988227945.1	99.713	100.0	0.0	348	ok
smbu06GL002464	GCF_988227985.1	99.713	100.0	0.0	348	ok
smbu06GL002464	GCF_988228025.1	99.713	100.0	0.0	348	ok
smbu06GL002464	L_lactis_14B4	66.471	96.6	1.93e-148	340	ok
smbu06GL002464	L_lactis_IL1403	66.176	96.6	3.19e-148	340	ok
smbu06GL002464	L_lactis_MG1363	67.477	93.4	1.35e-146	329	ok
smbu06GL002464	smbu06_project	99.713	100.0	0.0	348	ok
smbu06GL002464	smbu08_project	99.713	100.0	0.0	348	ok
smbu06GL002542	E_lactis_194	99.231	100.0	1.14e-80	130	ok
smbu06GL002542	GCA_000006865.1	86.154	100.0	2.23e-70	130	ok
smbu06GL002542	GCA_000157355.2	96.154	100.0	1.09e-78	130	ok
smbu06GL002542	GCA_000344575.1	86.154	100.0	2.23e-70	130	ok
smbu06GL002542	GCA_000761115.1	86.154	100.0	2.23e-70	130	ok
smbu06GL002542	GCA_000807375.1	86.154	100.0	2.23e-70	130	ok
smbu06GL002542	GCA_002216705.1	97.692	100.0	8.22e-80	130	ok
smbu06GL002542	GCA_002278015.2	99.231	100.0	1.14e-80	130	ok
smbu06GL002542	GCA_002290025.1	96.923	100.0	8.32e-79	130	ok
smbu06GL002542	GCA_002804185.1	86.154	100.0	2.23e-70	130	ok
smbu06GL002542	GCA_002804285.1	86.154	100.0	2.23e-70	130	ok
smbu06GL002542	GCA_002813755.1	97.692	100.0	8.22e-80	130	ok
smbu06GL002542	GCA_002895225.1	86.154	100.0	2.23e-70	130	ok
smbu06GL002542	GCA_003711125.1	91.538	100.0	1.95e-66	130	ok
smbu06GL002542	GCA_003722255.1	86.154	100.0	2.23e-70	130	ok
smbu06GL002542	GCA_005347505.1	91.538	100.0	1.95e-66	130	ok
smbu06GL002542	GCA_009730155.1	96.154	100.0	1.09e-78	130	ok
smbu06GL002542	GCA_013391145.1	99.231	100.0	1.14e-80	130	ok
smbu06GL002542	GCA_013391165.1	99.231	100.0	1.14e-80	130	ok
smbu06GL002542	GCA_013391185.1	99.231	100.0	1.14e-80	130	ok
smbu06GL002542	GCA_013391205.1	99.231	100.0	1.14e-80	130	ok
smbu06GL002542	GCA_013394325.1	90.000	100.0	5.52e-65	130	ok
smbu06GL002542	GCA_015767715.1	99.231	100.0	1.14e-80	130	ok
smbu06GL002542	GCA_016127235.1	99.231	100.0	1.14e-80	130	ok
smbu06GL002542	GCA_019203145.1	99.231	100.0	1.14e-80	130	ok
smbu06GL002542	GCA_019343125.1	99.231	100.0	1.14e-80	130	ok
smbu06GL002542	GCA_019797905.1	91.538	100.0	1.95e-66	130	ok
smbu06GL002542	GCA_019967715.1	99.231	100.0	1.14e-80	130	ok
smbu06GL002542	GCA_022870765.1	96.154	100.0	1.09e-78	130	ok
smbu06GL002542	GCA_023523715.1	96.154	100.0	1.09e-78	130	ok
smbu06GL002542	GCA_023612275.1	99.231	100.0	1.14e-80	130	ok
smbu06GL002542	GCA_025402795.1	91.538	100.0	1.95e-66	130	ok
smbu06GL002542	GCA_025402855.1	91.538	100.0	1.95e-66	130	ok
smbu06GL002542	GCA_029201225.1	96.154	100.0	1.09e-78	130	ok
smbu06GL002542	GCA_029215545.1	96.154	100.0	1.09e-78	130	ok
smbu06GL002542	GCA_030490365.1	99.231	100.0	1.14e-80	130	ok
smbu06GL002542	GCA_033954875.1	99.231	100.0	1.14e-80	130	ok
smbu06GL002542	GCA_033954895.1	99.231	100.0	1.14e-80	130	ok
smbu06GL002542	GCA_033954915.1	99.231	100.0	1.14e-80	130	ok
smbu06GL002542	GCA_036669985.1	99.231	100.0	1.14e-80	130	ok
smbu06GL002542	GCA_040745045.1	99.231	100.0	1.14e-80	130	ok
smbu06GL002542	GCA_041930275.1	96.154	100.0	1.09e-78	130	ok
smbu06GL002542	GCA_041952535.1	96.154	100.0	1.09e-78	130	ok
smbu06GL002542	GCA_043950735.1	99.231	100.0	1.14e-80	130	ok
smbu06GL002542	GCA_043950745.1	99.231	100.0	1.14e-80	130	ok
smbu06GL002542	GCA_045039055.1	96.154	100.0	1.09e-78	130	ok
smbu06GL002542	GCA_049315065.1	99.231	100.0	1.14e-80	130	ok
smbu06GL002542	GCA_049315075.1	98.462	100.0	2.8e-80	130	ok
smbu06GL002542	GCA_049315085.1	98.462	100.0	2.8e-80	130	ok
smbu06GL002542	GCA_049315095.1	98.462	100.0	2.8e-80	130	ok
smbu06GL002542	GCA_049315105.1	98.462	100.0	2.8e-80	130	ok
smbu06GL002542	GCA_049315115.1	99.231	100.0	1.14e-80	130	ok
smbu06GL002542	GCA_049315125.1	99.231	100.0	1.14e-80	130	ok
smbu06GL002542	GCA_049315135.1	98.462	100.0	2.8e-80	130	ok
smbu06GL002542	GCA_049315145.1	99.231	100.0	1.14e-80	130	ok
smbu06GL002542	GCA_049315155.1	98.462	100.0	2.8e-80	130	ok
smbu06GL002542	GCA_049315165.1	99.231	100.0	1.14e-80	130	ok
smbu06GL002542	GCA_049315175.1	99.231	100.0	1.14e-80	130	ok
smbu06GL002542	GCA_052655065.1	99.231	100.0	1.14e-80	130	ok
smbu06GL002542	GCA_052655335.1	99.231	100.0	1.14e-80	130	ok
smbu06GL002542	GCA_052655665.1	99.231	100.0	1.14e-80	130	ok
smbu06GL002542	GCA_052656575.1	99.231	100.0	1.14e-80	130	ok
smbu06GL002542	GCA_052657825.1	99.231	100.0	1.14e-80	130	ok
smbu06GL002542	GCA_052658005.1	99.231	100.0	1.14e-80	130	ok
smbu06GL002542	GCA_053764515.1	97.692	100.0	8.22e-80	130	ok
smbu06GL002542	GCA_055397705.1	99.231	100.0	1.14e-80	130	ok
smbu06GL002542	GCA_055397995.1	99.231	100.0	1.14e-80	130	ok
smbu06GL002542	GCA_056487485.1	97.692	100.0	8.22e-80	130	ok
smbu06GL002542	GCA_056582645.1	99.231	100.0	1.14e-80	130	ok
smbu06GL002542	GCA_058072705.1	99.231	100.0	1.14e-80	130	ok
smbu06GL002542	GCA_060306215.1	99.231	100.0	1.14e-80	130	ok
smbu06GL002542	GCA_060307205.1	99.231	100.0	1.14e-80	130	ok
smbu06GL002542	GCA_060307225.1	99.231	100.0	1.14e-80	130	ok
smbu06GL002542	GCA_061568495.1	99.231	100.0	1.14e-80	130	ok
smbu06GL002542	GCA_900636615.1	99.231	100.0	1.14e-80	130	ok
smbu06GL002542	GCA_905186115.1	99.231	100.0	1.14e-80	130	ok
smbu06GL002542	GCA_931972305.1	97.692	100.0	8.22e-80	130	ok
smbu06GL002542	GCA_963280925.1	99.231	100.0	1.14e-80	130	ok
smbu06GL002542	GCA_988227945.1	99.231	100.0	1.14e-80	130	ok
smbu06GL002542	GCA_988227985.1	99.231	100.0	1.14e-80	130	ok
smbu06GL002542	GCA_988228025.1	99.231	100.0	1.14e-80	130	ok
smbu06GL002542	GCA_988235375.1	96.923	100.0	8.32e-79	130	ok
smbu06GL002542	GCA_988236725.1	96.923	100.0	8.32e-79	130	ok
smbu06GL002542	GCA_988237225.1	99.231	100.0	1.14e-80	130	ok
smbu06GL002542	GCF_001298485.1	99.231	100.0	1.14e-80	130	ok
smbu06GL002542	GCF_001412695.1	99.231	100.0	1.14e-80	130	ok
smbu06GL002542	GCF_001598635.1	95.385	100.0	4.55e-77	130	ok
smbu06GL002542	GCF_001689055.2	95.385	100.0	4.55e-77	130	ok
smbu06GL002542	GCF_002208945.1	95.385	100.0	4.55e-77	130	ok
smbu06GL002542	GCF_002216705.1	97.692	100.0	8.22e-80	130	ok
smbu06GL002542	GCF_002278015.2	99.231	100.0	1.14e-80	130	ok
smbu06GL002542	GCF_002289045.2	95.385	100.0	4.55e-77	130	ok
smbu06GL002542	GCF_002290025.1	96.923	100.0	8.32e-79	130	ok
smbu06GL002542	GCF_002355755.1	95.385	100.0	4.55e-77	130	ok
smbu06GL002542	GCF_002761555.1	99.231	100.0	1.14e-80	130	ok
smbu06GL002542	GCF_002831505.1	99.231	100.0	1.14e-80	130	ok
smbu06GL002542	GCF_002850515.1	99.231	100.0	1.14e-80	130	ok
smbu06GL002542	GCF_002983785.1	99.231	100.0	1.14e-80	130	ok
smbu06GL002542	GCF_003269465.1	99.231	100.0	1.14e-80	130	ok
smbu06GL002542	GCF_003667965.1	99.231	100.0	1.14e-80	130	ok
smbu06GL002542	GCF_003711125.1	91.538	100.0	1.95e-66	130	ok
smbu06GL002542	GCF_003711605.1	99.231	100.0	1.14e-80	130	ok
smbu06GL002542	GCF_003812665.1	95.385	100.0	4.55e-77	130	ok
smbu06GL002542	GCF_004332055.1	99.231	100.0	1.14e-80	130	ok
smbu06GL002542	GCF_005484525.1	95.385	100.0	4.55e-77	130	ok
smbu06GL002542	GCF_006337145.1	99.231	100.0	1.14e-80	130	ok
smbu06GL002542	GCF_006351785.1	99.231	100.0	1.14e-80	130	ok
smbu06GL002542	GCF_006351845.1	99.231	100.0	1.14e-80	130	ok
smbu06GL002542	GCF_006364815.1	95.385	100.0	4.55e-77	130	ok
smbu06GL002542	GCF_006494835.1	95.385	100.0	4.55e-77	130	ok
smbu06GL002542	GCF_006494855.1	95.385	100.0	4.55e-77	130	ok
smbu06GL002542	GCF_006494875.1	95.385	100.0	4.55e-77	130	ok
smbu06GL002542	GCF_006766145.1	95.385	100.0	4.55e-77	130	ok
smbu06GL002542	GCF_007923665.2	99.231	100.0	1.14e-80	130	ok
smbu06GL002542	GCF_007923785.2	99.231	100.0	1.14e-80	130	ok
smbu06GL002542	GCF_007923865.2	99.231	100.0	1.14e-80	130	ok
smbu06GL002542	GCF_007923885.2	99.231	100.0	1.14e-80	130	ok
smbu06GL002542	GCF_007923905.2	99.231	100.0	1.14e-80	130	ok
smbu06GL002542	GCF_007923925.2	99.231	100.0	1.14e-80	130	ok
smbu06GL002542	GCF_007923945.2	99.231	100.0	1.14e-80	130	ok
smbu06GL002542	GCF_007923965.2	99.231	100.0	1.14e-80	130	ok
smbu06GL002542	GCF_008330605.1	99.231	100.0	1.14e-80	130	ok
smbu06GL002542	GCF_009730155.1	96.154	100.0	1.09e-78	130	ok
smbu06GL002542	GCF_009734005.1	99.231	100.0	1.14e-80	130	ok
smbu06GL002542	GCF_009938075.1	99.231	100.0	1.14e-80	130	ok
smbu06GL002542	GCF_010103655.1	95.385	100.0	4.55e-77	130	ok
smbu06GL002542	GCF_010120755.1	99.231	100.0	1.14e-80	130	ok
smbu06GL002542	GCF_011745645.1	99.231	100.0	1.14e-80	130	ok
smbu06GL002542	GCF_012045365.1	99.231	100.0	1.14e-80	130	ok
smbu06GL002542	GCF_012045505.1	99.231	100.0	1.14e-80	130	ok
smbu06GL002542	GCF_012594215.1	95.385	100.0	4.55e-77	130	ok
smbu06GL002542	GCF_013201055.1	99.231	100.0	1.14e-80	130	ok
smbu06GL002542	GCF_013344625.1	95.385	100.0	4.55e-77	130	ok
smbu06GL002542	GCF_013344645.1	95.385	100.0	4.55e-77	130	ok
smbu06GL002542	GCF_013344665.1	95.385	100.0	4.55e-77	130	ok
smbu06GL002542	GCF_013391145.1	99.231	100.0	1.14e-80	130	ok
smbu06GL002542	GCF_013391165.1	99.231	100.0	1.14e-80	130	ok
smbu06GL002542	GCF_013391185.1	99.231	100.0	1.14e-80	130	ok
smbu06GL002542	GCF_013391205.1	99.231	100.0	1.14e-80	130	ok
smbu06GL002542	GCF_013394325.1	90.000	100.0	5.52e-65	130	ok
smbu06GL002542	GCF_015377765.1	99.231	100.0	1.14e-80	130	ok
smbu06GL002542	GCF_015767695.1	99.231	100.0	1.14e-80	130	ok
smbu06GL002542	GCF_015767715.1	99.231	100.0	1.14e-80	130	ok
smbu06GL002542	GCF_016127235.1	99.231	100.0	1.14e-80	130	ok
smbu06GL002542	GCF_017280035.1	95.385	100.0	4.55e-77	130	ok
smbu06GL002542	GCF_017357805.1	95.385	100.0	4.55e-77	130	ok
smbu06GL002542	GCF_018516845.1	99.231	100.0	1.14e-80	130	ok
smbu06GL002542	GCF_019203145.1	99.231	100.0	1.14e-80	130	ok
smbu06GL002542	GCF_019343125.1	99.231	100.0	1.14e-80	130	ok
smbu06GL002542	GCF_019456555.1	99.231	100.0	1.14e-80	130	ok
smbu06GL002542	GCF_019456575.1	99.231	100.0	1.14e-80	130	ok
smbu06GL002542	GCF_019456595.1	99.231	100.0	1.14e-80	130	ok
smbu06GL002542	GCF_019797905.1	91.538	100.0	1.95e-66	130	ok
smbu06GL002542	GCF_019967715.1	99.231	100.0	1.14e-80	130	ok
smbu06GL002542	GCF_020881975.1	95.385	100.0	4.55e-77	130	ok
smbu06GL002542	GCF_020906605.1	95.385	100.0	4.55e-77	130	ok
smbu06GL002542	GCF_022869705.1	95.385	100.0	4.55e-77	130	ok
smbu06GL002542	GCF_023299785.1	95.385	100.0	4.55e-77	130	ok
smbu06GL002542	GCF_023375505.1	95.385	100.0	4.55e-77	130	ok
smbu06GL002542	GCF_023612035.1	95.385	100.0	4.55e-77	130	ok
smbu06GL002542	GCF_023612275.1	99.231	100.0	1.14e-80	130	ok
smbu06GL002542	GCF_024267595.1	95.385	100.0	4.55e-77	130	ok
smbu06GL002542	GCF_025957845.1	95.385	100.0	4.55e-77	130	ok
smbu06GL002542	GCF_025957925.1	95.385	100.0	4.55e-77	130	ok
smbu06GL002542	GCF_025958025.1	95.385	100.0	4.55e-77	130	ok
smbu06GL002542	GCF_025958065.1	95.385	100.0	4.55e-77	130	ok
smbu06GL002542	GCF_025958085.1	95.385	100.0	4.55e-77	130	ok
smbu06GL002542	GCF_025958625.1	95.385	100.0	4.55e-77	130	ok
smbu06GL002542	GCF_025958845.1	95.385	100.0	4.55e-77	130	ok
smbu06GL002542	GCF_025958885.1	95.385	100.0	4.55e-77	130	ok
smbu06GL002542	GCF_026650885.1	95.385	100.0	4.55e-77	130	ok
smbu06GL002542	GCF_027915235.1	99.231	100.0	1.14e-80	130	ok
smbu06GL002542	GCF_030490365.1	99.231	100.0	1.14e-80	130	ok
smbu06GL002542	GCF_030584585.1	99.231	100.0	1.14e-80	130	ok
smbu06GL002542	GCF_030584605.1	99.231	100.0	1.14e-80	130	ok
smbu06GL002542	GCF_030584685.1	99.231	100.0	1.14e-80	130	ok
smbu06GL002542	GCF_030643745.1	99.231	100.0	1.14e-80	130	ok
smbu06GL002542	GCF_033954875.1	99.231	100.0	1.14e-80	130	ok
smbu06GL002542	GCF_033954895.1	99.231	100.0	1.14e-80	130	ok
smbu06GL002542	GCF_033954915.1	99.231	100.0	1.14e-80	130	ok
smbu06GL002542	GCF_036669985.1	99.231	100.0	1.14e-80	130	ok
smbu06GL002542	GCF_040745045.1	99.231	100.0	1.14e-80	130	ok
smbu06GL002542	GCF_043950735.1	99.231	100.0	1.14e-80	130	ok
smbu06GL002542	GCF_049315065.1	99.231	100.0	1.14e-80	130	ok
smbu06GL002542	GCF_049315075.1	98.462	100.0	2.8e-80	130	ok
smbu06GL002542	GCF_049315085.1	98.462	100.0	2.8e-80	130	ok
smbu06GL002542	GCF_049315095.1	98.462	100.0	2.8e-80	130	ok
smbu06GL002542	GCF_049315105.1	98.462	100.0	2.8e-80	130	ok
smbu06GL002542	GCF_049315115.1	99.231	100.0	1.14e-80	130	ok
smbu06GL002542	GCF_049315125.1	99.231	100.0	1.14e-80	130	ok
smbu06GL002542	GCF_049315135.1	98.462	100.0	2.8e-80	130	ok
smbu06GL002542	GCF_049315145.1	99.231	100.0	1.14e-80	130	ok
smbu06GL002542	GCF_049315155.1	98.462	100.0	2.8e-80	130	ok
smbu06GL002542	GCF_049315165.1	99.231	100.0	1.14e-80	130	ok
smbu06GL002542	GCF_049315175.1	99.231	100.0	1.14e-80	130	ok
smbu06GL002542	GCF_052655065.1	99.231	100.0	1.14e-80	130	ok
smbu06GL002542	GCF_052655335.1	99.231	100.0	1.14e-80	130	ok
smbu06GL002542	GCF_052655665.1	99.231	100.0	1.14e-80	130	ok
smbu06GL002542	GCF_052656575.1	99.231	100.0	1.14e-80	130	ok
smbu06GL002542	GCF_052657825.1	99.231	100.0	1.14e-80	130	ok
smbu06GL002542	GCF_052658005.1	99.231	100.0	1.14e-80	130	ok
smbu06GL002542	GCF_053764515.1	97.692	100.0	8.22e-80	130	ok
smbu06GL002542	GCF_056487465.1	97.692	100.0	8.22e-80	130	ok
smbu06GL002542	GCF_056582645.1	99.231	100.0	1.14e-80	130	ok
smbu06GL002542	GCF_931972305.1	97.692	100.0	8.22e-80	130	ok
smbu06GL002542	GCF_988227945.1	99.231	100.0	1.14e-80	130	ok
smbu06GL002542	GCF_988227985.1	99.231	100.0	1.14e-80	130	ok
smbu06GL002542	GCF_988228025.1	99.231	100.0	1.14e-80	130	ok
smbu06GL002542	L_lactis_14B4	86.154	100.0	2.23e-70	130	ok
smbu06GL002542	L_lactis_IL1403	86.154	100.0	2.23e-70	130	ok
smbu06GL002542	L_lactis_MG1363	86.154	100.0	2.23e-70	130	ok
smbu06GL002542	smbu06_project	99.231	100.0	1.14e-80	130	ok
smbu06GL002542	smbu08_project	99.231	100.0	1.14e-80	130	ok
smbu06GL002543	E_lactis_194	100.000	100.0	3.38e-91	142	ok
smbu06GL002543	GCA_000006865.1	78.169	100.0	4.01e-69	142	ok
smbu06GL002543	GCA_000157355.2	90.141	100.0	4.86e-84	142	ok
smbu06GL002543	GCA_000344575.1	78.169	100.0	4.01e-69	142	ok
smbu06GL002543	GCA_000761115.1	78.169	100.0	4.01e-69	142	ok
smbu06GL002543	GCA_000807375.1	78.169	100.0	4.01e-69	142	ok
smbu06GL002543	GCA_002216705.1	99.296	100.0	7.47e-91	142	ok
smbu06GL002543	GCA_002278015.2	99.296	100.0	1.12e-90	142	ok
smbu06GL002543	GCA_002290025.1	97.183	100.0	1.26e-89	142	ok
smbu06GL002543	GCA_002804185.1	78.169	100.0	4.01e-69	142	ok
smbu06GL002543	GCA_002804285.1	78.169	100.0	4.01e-69	142	ok
smbu06GL002543	GCA_002813755.1	99.296	100.0	6.98e-91	142	ok
smbu06GL002543	GCA_002895225.1	78.169	100.0	4.01e-69	142	ok
smbu06GL002543	GCA_003711125.1	92.254	100.0	2.37e-85	142	ok
smbu06GL002543	GCA_003722255.1	78.169	100.0	4.01e-69	142	ok
smbu06GL002543	GCA_005347505.1	92.254	100.0	3.77e-85	142	ok
smbu06GL002543	GCA_009730155.1	89.437	100.0	2.5e-83	142	ok
smbu06GL002543	GCA_013391145.1	99.296	100.0	1.12e-90	142	ok
smbu06GL002543	GCA_013391165.1	99.296	100.0	1.12e-90	142	ok
smbu06GL002543	GCA_013391185.1	99.296	100.0	1.12e-90	142	ok
smbu06GL002543	GCA_013391205.1	99.296	100.0	1.12e-90	142	ok
smbu06GL002543	GCA_013394325.1	90.845	100.0	1.22e-83	142	ok
smbu06GL002543	GCA_015767715.1	100.000	100.0	3.38e-91	142	ok
smbu06GL002543	GCA_016127235.1	99.296	100.0	1.12e-90	142	ok
smbu06GL002543	GCA_019203145.1	100.000	100.0	3.38e-91	142	ok
smbu06GL002543	GCA_019343125.1	100.000	100.0	3.38e-91	142	ok
smbu06GL002543	GCA_019797905.1	92.958	100.0	7.78e-86	142	ok
smbu06GL002543	GCA_019967715.1	100.000	100.0	3.38e-91	142	ok
smbu06GL002543	GCA_022870765.1	90.141	100.0	4.86e-84	142	ok
smbu06GL002543	GCA_023523715.1	90.141	100.0	4.86e-84	142	ok
smbu06GL002543	GCA_023612275.1	100.000	100.0	3.38e-91	142	ok
smbu06GL002543	GCA_025402795.1	92.958	100.0	7.78e-86	142	ok
smbu06GL002543	GCA_025402855.1	92.958	100.0	7.78e-86	142	ok
smbu06GL002543	GCA_029201225.1	90.141	100.0	4.86e-84	142	ok
smbu06GL002543	GCA_029215545.1	90.141	100.0	4.86e-84	142	ok
smbu06GL002543	GCA_030490365.1	100.000	100.0	3.38e-91	142	ok
smbu06GL002543	GCA_033954875.1	100.000	100.0	3.38e-91	142	ok
smbu06GL002543	GCA_033954895.1	100.000	100.0	3.38e-91	142	ok
smbu06GL002543	GCA_033954915.1	100.000	100.0	3.38e-91	142	ok
smbu06GL002543	GCA_036669985.1	100.000	100.0	3.38e-91	142	ok
smbu06GL002543	GCA_040745045.1	100.000	100.0	3.38e-91	142	ok
smbu06GL002543	GCA_041930275.1	89.437	100.0	2.5e-83	142	ok
smbu06GL002543	GCA_041952535.1	89.437	100.0	2.5e-83	142	ok
smbu06GL002543	GCA_043950735.1	99.296	100.0	1.12e-90	142	ok
smbu06GL002543	GCA_043950745.1	99.296	100.0	1.12e-90	142	ok
smbu06GL002543	GCA_045039055.1	89.437	100.0	2.5e-83	142	ok
smbu06GL002543	GCA_049315065.1	100.000	100.0	3.38e-91	142	ok
smbu06GL002543	GCA_049315075.1	99.296	100.0	8.72e-91	142	ok
smbu06GL002543	GCA_049315085.1	99.296	100.0	8.72e-91	142	ok
smbu06GL002543	GCA_049315095.1	99.296	100.0	8.72e-91	142	ok
smbu06GL002543	GCA_049315105.1	99.296	100.0	8.72e-91	142	ok
smbu06GL002543	GCA_049315115.1	100.000	100.0	3.38e-91	142	ok
smbu06GL002543	GCA_049315125.1	100.000	100.0	3.38e-91	142	ok
smbu06GL002543	GCA_049315135.1	99.296	100.0	8.72e-91	142	ok
smbu06GL002543	GCA_049315145.1	100.000	100.0	3.38e-91	142	ok
smbu06GL002543	GCA_049315155.1	99.296	100.0	8.72e-91	142	ok
smbu06GL002543	GCA_049315165.1	100.000	100.0	3.38e-91	142	ok
smbu06GL002543	GCA_049315175.1	100.000	100.0	3.38e-91	142	ok
smbu06GL002543	GCA_052655065.1	100.000	100.0	3.38e-91	142	ok
smbu06GL002543	GCA_052655335.1	100.000	100.0	3.38e-91	142	ok
smbu06GL002543	GCA_052655665.1	100.000	100.0	3.38e-91	142	ok
smbu06GL002543	GCA_052656575.1	100.000	100.0	3.38e-91	142	ok
smbu06GL002543	GCA_052657825.1	100.000	100.0	3.38e-91	142	ok
smbu06GL002543	GCA_052658005.1	100.000	100.0	3.38e-91	142	ok
smbu06GL002543	GCA_053764515.1	99.296	100.0	7.47e-91	142	ok
smbu06GL002543	GCA_055397705.1	100.000	100.0	3.38e-91	142	ok
smbu06GL002543	GCA_055397995.1	97.887	100.0	3.09e-88	142	ok
smbu06GL002543	GCA_056487485.1	99.296	100.0	7.47e-91	142	ok
smbu06GL002543	GCA_056582645.1	100.000	100.0	3.38e-91	142	ok
smbu06GL002543	GCA_058072705.1	100.000	100.0	3.38e-91	142	ok
smbu06GL002543	GCA_060306215.1	100.000	100.0	3.38e-91	142	ok
smbu06GL002543	GCA_060307205.1	99.296	100.0	1.12e-90	142	ok
smbu06GL002543	GCA_060307225.1	100.000	100.0	3.38e-91	142	ok
smbu06GL002543	GCA_061568495.1	100.000	100.0	3.38e-91	142	ok
smbu06GL002543	GCA_900636615.1	99.296	100.0	1.12e-90	142	ok
smbu06GL002543	GCA_905186115.1	99.296	100.0	1.12e-90	142	ok
smbu06GL002543	GCA_931972305.1	99.296	100.0	6.98e-91	142	ok
smbu06GL002543	GCA_963280925.1	99.296	100.0	1.12e-90	142	ok
smbu06GL002543	GCA_988227945.1	100.000	100.0	3.38e-91	142	ok
smbu06GL002543	GCA_988227985.1	100.000	100.0	3.38e-91	142	ok
smbu06GL002543	GCA_988228025.1	100.000	100.0	3.38e-91	142	ok
smbu06GL002543	GCA_988235375.1	97.183	100.0	1.26e-89	142	ok
smbu06GL002543	GCA_988236725.1	97.183	100.0	1.26e-89	142	ok
smbu06GL002543	GCA_988237225.1	100.000	100.0	3.38e-91	142	ok
smbu06GL002543	GCF_001298485.1	100.000	100.0	3.38e-91	142	ok
smbu06GL002543	GCF_001412695.1	100.000	100.0	3.38e-91	142	ok
smbu06GL002543	GCF_001598635.1	95.775	100.0	1.51e-87	142	ok
smbu06GL002543	GCF_001689055.2	95.775	100.0	1.51e-87	142	ok
smbu06GL002543	GCF_002208945.1	95.775	100.0	1.51e-87	142	ok
smbu06GL002543	GCF_002216705.1	99.296	100.0	7.47e-91	142	ok
smbu06GL002543	GCF_002278015.2	99.296	100.0	1.12e-90	142	ok
smbu06GL002543	GCF_002289045.2	95.775	100.0	1.51e-87	142	ok
smbu06GL002543	GCF_002290025.1	97.183	100.0	1.26e-89	142	ok
smbu06GL002543	GCF_002355755.1	95.775	100.0	1.51e-87	142	ok
smbu06GL002543	GCF_002761555.1	100.000	100.0	3.38e-91	142	ok
smbu06GL002543	GCF_002831505.1	100.000	100.0	3.38e-91	142	ok
smbu06GL002543	GCF_002850515.1	100.000	100.0	3.38e-91	142	ok
smbu06GL002543	GCF_002983785.1	100.000	100.0	3.38e-91	142	ok
smbu06GL002543	GCF_003269465.1	100.000	100.0	3.38e-91	142	ok
smbu06GL002543	GCF_003667965.1	100.000	100.0	3.38e-91	142	ok
smbu06GL002543	GCF_003711125.1	92.254	100.0	2.37e-85	142	ok
smbu06GL002543	GCF_003711605.1	100.000	100.0	3.38e-91	142	ok
smbu06GL002543	GCF_003812665.1	95.775	100.0	1.51e-87	142	ok
smbu06GL002543	GCF_004332055.1	100.000	100.0	3.38e-91	142	ok
smbu06GL002543	GCF_005484525.1	95.775	100.0	1.51e-87	142	ok
smbu06GL002543	GCF_006337145.1	100.000	100.0	3.38e-91	142	ok
smbu06GL002543	GCF_006351785.1	100.000	100.0	3.38e-91	142	ok
smbu06GL002543	GCF_006351845.1	100.000	100.0	3.38e-91	142	ok
smbu06GL002543	GCF_006364815.1	95.775	100.0	1.51e-87	142	ok
smbu06GL002543	GCF_006494835.1	95.775	100.0	1.51e-87	142	ok
smbu06GL002543	GCF_006494855.1	95.775	100.0	1.51e-87	142	ok
smbu06GL002543	GCF_006494875.1	95.775	100.0	1.51e-87	142	ok
smbu06GL002543	GCF_006766145.1	95.775	100.0	1.51e-87	142	ok
smbu06GL002543	GCF_007923665.2	100.000	100.0	3.38e-91	142	ok
smbu06GL002543	GCF_007923785.2	100.000	100.0	3.38e-91	142	ok
smbu06GL002543	GCF_007923865.2	100.000	100.0	3.38e-91	142	ok
smbu06GL002543	GCF_007923885.2	100.000	100.0	3.38e-91	142	ok
smbu06GL002543	GCF_007923905.2	100.000	100.0	3.38e-91	142	ok
smbu06GL002543	GCF_007923925.2	100.000	100.0	3.38e-91	142	ok
smbu06GL002543	GCF_007923945.2	100.000	100.0	3.38e-91	142	ok
smbu06GL002543	GCF_007923965.2	100.000	100.0	3.38e-91	142	ok
smbu06GL002543	GCF_008330605.1	100.000	100.0	3.38e-91	142	ok
smbu06GL002543	GCF_009730155.1	89.437	100.0	2.5e-83	142	ok
smbu06GL002543	GCF_009734005.1	100.000	100.0	3.38e-91	142	ok
smbu06GL002543	GCF_009938075.1	100.000	100.0	3.38e-91	142	ok
smbu06GL002543	GCF_010103655.1	95.775	100.0	1.51e-87	142	ok
smbu06GL002543	GCF_010120755.1	100.000	100.0	3.38e-91	142	ok
smbu06GL002543	GCF_011745645.1	100.000	100.0	3.38e-91	142	ok
smbu06GL002543	GCF_012045365.1	100.000	100.0	3.38e-91	142	ok
smbu06GL002543	GCF_012045505.1	100.000	100.0	3.38e-91	142	ok
smbu06GL002543	GCF_012594215.1	95.775	100.0	1.51e-87	142	ok
smbu06GL002543	GCF_013201055.1	100.000	100.0	3.38e-91	142	ok
smbu06GL002543	GCF_013344625.1	95.070	100.0	9.7e-87	142	ok
smbu06GL002543	GCF_013344645.1	95.070	100.0	9.7e-87	142	ok
smbu06GL002543	GCF_013344665.1	95.775	100.0	1.51e-87	142	ok
smbu06GL002543	GCF_013391145.1	99.296	100.0	1.12e-90	142	ok
smbu06GL002543	GCF_013391165.1	99.296	100.0	1.12e-90	142	ok
smbu06GL002543	GCF_013391185.1	99.296	100.0	1.12e-90	142	ok
smbu06GL002543	GCF_013391205.1	99.296	100.0	1.12e-90	142	ok
smbu06GL002543	GCF_013394325.1	90.845	100.0	1.22e-83	142	ok
smbu06GL002543	GCF_015377765.1	100.000	100.0	3.38e-91	142	ok
smbu06GL002543	GCF_015767695.1	100.000	100.0	3.38e-91	142	ok
smbu06GL002543	GCF_015767715.1	100.000	100.0	3.38e-91	142	ok
smbu06GL002543	GCF_016127235.1	99.296	100.0	1.12e-90	142	ok
smbu06GL002543	GCF_017280035.1	95.775	100.0	1.51e-87	142	ok
smbu06GL002543	GCF_017357805.1	95.775	100.0	1.51e-87	142	ok
smbu06GL002543	GCF_018516845.1	100.000	100.0	3.38e-91	142	ok
smbu06GL002543	GCF_019203145.1	100.000	100.0	3.38e-91	142	ok
smbu06GL002543	GCF_019343125.1	100.000	100.0	3.38e-91	142	ok
smbu06GL002543	GCF_019456555.1	100.000	100.0	3.38e-91	142	ok
smbu06GL002543	GCF_019456575.1	100.000	100.0	3.38e-91	142	ok
smbu06GL002543	GCF_019456595.1	100.000	100.0	3.38e-91	142	ok
smbu06GL002543	GCF_019797905.1	92.958	100.0	7.78e-86	142	ok
smbu06GL002543	GCF_019967715.1	100.000	100.0	3.38e-91	142	ok
smbu06GL002543	GCF_020881975.1	95.775	100.0	1.51e-87	142	ok
smbu06GL002543	GCF_020906605.1	95.775	100.0	1.51e-87	142	ok
smbu06GL002543	GCF_022869705.1	95.775	100.0	1.51e-87	142	ok
smbu06GL002543	GCF_023299785.1	95.775	100.0	1.51e-87	142	ok
smbu06GL002543	GCF_023375505.1	95.775	100.0	1.51e-87	142	ok
smbu06GL002543	GCF_023612035.1	95.775	100.0	1.51e-87	142	ok
smbu06GL002543	GCF_023612275.1	100.000	100.0	3.38e-91	142	ok
smbu06GL002543	GCF_024267595.1	95.775	100.0	1.51e-87	142	ok
smbu06GL002543	GCF_025957845.1	95.775	100.0	1.51e-87	142	ok
smbu06GL002543	GCF_025957925.1	95.775	100.0	1.51e-87	142	ok
smbu06GL002543	GCF_025958025.1	95.775	100.0	1.51e-87	142	ok
smbu06GL002543	GCF_025958065.1	95.775	100.0	1.51e-87	142	ok
smbu06GL002543	GCF_025958085.1	95.775	100.0	1.51e-87	142	ok
smbu06GL002543	GCF_025958625.1	95.775	100.0	1.51e-87	142	ok
smbu06GL002543	GCF_025958845.1	95.775	100.0	1.51e-87	142	ok
smbu06GL002543	GCF_025958885.1	95.775	100.0	1.51e-87	142	ok
smbu06GL002543	GCF_026650885.1	95.775	100.0	1.51e-87	142	ok
smbu06GL002543	GCF_027915235.1	100.000	100.0	3.38e-91	142	ok
smbu06GL002543	GCF_030490365.1	100.000	100.0	3.38e-91	142	ok
smbu06GL002543	GCF_030584585.1	100.000	100.0	3.38e-91	142	ok
smbu06GL002543	GCF_030584605.1	100.000	100.0	3.38e-91	142	ok
smbu06GL002543	GCF_030584685.1	100.000	100.0	3.38e-91	142	ok
smbu06GL002543	GCF_030643745.1	100.000	100.0	3.38e-91	142	ok
smbu06GL002543	GCF_033954875.1	100.000	100.0	3.38e-91	142	ok
smbu06GL002543	GCF_033954895.1	100.000	100.0	3.38e-91	142	ok
smbu06GL002543	GCF_033954915.1	100.000	100.0	3.38e-91	142	ok
smbu06GL002543	GCF_036669985.1	100.000	100.0	3.38e-91	142	ok
smbu06GL002543	GCF_040745045.1	100.000	100.0	3.38e-91	142	ok
smbu06GL002543	GCF_043950735.1	99.296	100.0	1.12e-90	142	ok
smbu06GL002543	GCF_049315065.1	100.000	100.0	3.38e-91	142	ok
smbu06GL002543	GCF_049315075.1	99.296	100.0	8.72e-91	142	ok
smbu06GL002543	GCF_049315085.1	99.296	100.0	8.72e-91	142	ok
smbu06GL002543	GCF_049315095.1	99.296	100.0	8.72e-91	142	ok
smbu06GL002543	GCF_049315105.1	99.296	100.0	8.72e-91	142	ok
smbu06GL002543	GCF_049315115.1	100.000	100.0	3.38e-91	142	ok
smbu06GL002543	GCF_049315125.1	100.000	100.0	3.38e-91	142	ok
smbu06GL002543	GCF_049315135.1	99.296	100.0	8.72e-91	142	ok
smbu06GL002543	GCF_049315145.1	100.000	100.0	3.38e-91	142	ok
smbu06GL002543	GCF_049315155.1	99.296	100.0	8.72e-91	142	ok
smbu06GL002543	GCF_049315165.1	100.000	100.0	3.38e-91	142	ok
smbu06GL002543	GCF_049315175.1	100.000	100.0	3.38e-91	142	ok
smbu06GL002543	GCF_052655065.1	100.000	100.0	3.38e-91	142	ok
smbu06GL002543	GCF_052655335.1	100.000	100.0	3.38e-91	142	ok
smbu06GL002543	GCF_052655665.1	100.000	100.0	3.38e-91	142	ok
smbu06GL002543	GCF_052656575.1	100.000	100.0	3.38e-91	142	ok
smbu06GL002543	GCF_052657825.1	100.000	100.0	3.38e-91	142	ok
smbu06GL002543	GCF_052658005.1	100.000	100.0	3.38e-91	142	ok
smbu06GL002543	GCF_053764515.1	99.296	100.0	7.47e-91	142	ok
smbu06GL002543	GCF_056487465.1	99.296	100.0	7.47e-91	142	ok
smbu06GL002543	GCF_056582645.1	100.000	100.0	3.38e-91	142	ok
smbu06GL002543	GCF_931972305.1	99.296	100.0	6.98e-91	142	ok
smbu06GL002543	GCF_988227945.1	100.000	100.0	3.38e-91	142	ok
smbu06GL002543	GCF_988227985.1	100.000	100.0	3.38e-91	142	ok
smbu06GL002543	GCF_988228025.1	100.000	100.0	3.38e-91	142	ok
smbu06GL002543	L_lactis_14B4	78.169	100.0	4.01e-69	142	ok
smbu06GL002543	L_lactis_IL1403	78.169	100.0	4.01e-69	142	ok
smbu06GL002543	L_lactis_MG1363	78.169	100.0	3.47e-69	142	ok
smbu06GL002543	smbu06_project	100.000	100.0	3.38e-91	142	ok
smbu06GL002543	smbu08_project	100.000	100.0	3.38e-91	142	ok
smbu06GL002549	E_lactis_194	100.000	100.0	0.0	1224	ok
smbu06GL002549	GCA_000006865.1	76.852	96.9	0.0	3	rejected
smbu06GL002549	GCA_000157355.2	92.799	99.8	0.0	1222	ok
smbu06GL002549	GCA_000344575.1	76.936	96.9	0.0	3	rejected
smbu06GL002549	GCA_000761115.1	76.936	96.9	0.0	3	rejected
smbu06GL002549	GCA_000807375.1	76.936	96.9	0.0	3	rejected
smbu06GL002549	GCA_002216705.1	98.446	99.9	0.0	6	rejected
smbu06GL002549	GCA_002278015.2	98.937	99.9	0.0	6	rejected
smbu06GL002549	GCA_002290025.1	98.203	99.9	0.0	6	rejected
smbu06GL002549	GCA_002804185.1	76.936	96.9	0.0	3	rejected
smbu06GL002549	GCA_002804285.1	76.936	96.9	0.0	3	rejected
smbu06GL002549	GCA_002813755.1	98.365	99.9	0.0	6	rejected
smbu06GL002549	GCA_002895225.1	76.936	96.9	0.0	3	rejected
smbu06GL002549	GCA_003711125.1	91.810	99.8	0.0	1221	ok
smbu06GL002549	GCA_003722255.1	76.852	96.9	0.0	3	rejected
smbu06GL002549	GCA_005347505.1	91.810	99.8	0.0	1221	ok
smbu06GL002549	GCA_009730155.1	93.126	99.8	0.0	1222	ok
smbu06GL002549	GCA_013391145.1	98.937	99.9	0.0	6	rejected
smbu06GL002549	GCA_013391165.1	98.937	99.9	0.0	6	rejected
smbu06GL002549	GCA_013391185.1	98.937	99.9	0.0	6	rejected
smbu06GL002549	GCA_013391205.1	98.937	99.9	0.0	6	rejected
smbu06GL002549	GCA_013394325.1	91.400	99.8	0.0	1221	ok
smbu06GL002549	GCA_015767715.1	100.000	100.0	0.0	1224	ok
smbu06GL002549	GCA_016127235.1	98.937	99.9	0.0	6	rejected
smbu06GL002549	GCA_019203145.1	99.918	100.0	0.0	1224	ok
smbu06GL002549	GCA_019343125.1	99.918	100.0	0.0	1224	ok
smbu06GL002549	GCA_019797905.1	91.892	99.8	0.0	1221	ok
smbu06GL002549	GCA_019967715.1	99.918	100.0	0.0	1224	ok
smbu06GL002549	GCA_022870765.1	92.799	99.8	0.0	1222	ok
smbu06GL002549	GCA_023523715.1	92.799	99.8	0.0	1222	ok
smbu06GL002549	GCA_023612275.1	100.000	100.0	0.0	1224	ok
smbu06GL002549	GCA_025402795.1	91.892	99.8	0.0	1221	ok
smbu06GL002549	GCA_025402855.1	91.892	99.8	0.0	1221	ok
smbu06GL002549	GCA_029201225.1	92.799	99.8	0.0	1222	ok
smbu06GL002549	GCA_029215545.1	92.799	99.8	0.0	1222	ok
smbu06GL002549	GCA_030490365.1	99.918	100.0	0.0	1224	ok
smbu06GL002549	GCA_033954875.1	99.918	100.0	0.0	1224	ok
smbu06GL002549	GCA_033954895.1	100.000	100.0	0.0	1224	ok
smbu06GL002549	GCA_033954915.1	100.000	100.0	0.0	1224	ok
smbu06GL002549	GCA_036669985.1	100.000	100.0	0.0	1224	ok
smbu06GL002549	GCA_040745045.1	99.918	100.0	0.0	1224	ok
smbu06GL002549	GCA_041930275.1	93.126	99.8	0.0	1222	ok
smbu06GL002549	GCA_041952535.1	93.126	99.8	0.0	1222	ok
smbu06GL002549	GCA_043950735.1	98.937	99.9	0.0	6	rejected
smbu06GL002549	GCA_043950745.1	98.937	99.9	0.0	6	rejected
smbu06GL002549	GCA_045039055.1	93.126	99.8	0.0	1222	ok
smbu06GL002549	GCA_049315065.1	99.918	100.0	0.0	1224	ok
smbu06GL002549	GCA_049315075.1	98.853	99.8	0.0	6	rejected
smbu06GL002549	GCA_049315085.1	98.853	99.8	0.0	6	rejected
smbu06GL002549	GCA_049315095.1	98.853	99.8	0.0	6	rejected
smbu06GL002549	GCA_049315105.1	98.853	99.8	0.0	6	rejected
smbu06GL002549	GCA_049315115.1	99.918	100.0	0.0	1224	ok
smbu06GL002549	GCA_049315125.1	99.918	100.0	0.0	1224	ok
smbu06GL002549	GCA_049315135.1	98.853	99.8	0.0	6	rejected
smbu06GL002549	GCA_049315145.1	99.918	100.0	0.0	1224	ok
smbu06GL002549	GCA_049315155.1	98.853	99.8	0.0	6	rejected
smbu06GL002549	GCA_049315165.1	99.918	100.0	0.0	1224	ok
smbu06GL002549	GCA_049315175.1	99.918	100.0	0.0	1224	ok
smbu06GL002549	GCA_052655065.1	100.000	100.0	0.0	1224	ok
smbu06GL002549	GCA_052655335.1	100.000	100.0	0.0	1224	ok
smbu06GL002549	GCA_052655665.1	100.000	100.0	0.0	1224	ok
smbu06GL002549	GCA_052656575.1	100.000	100.0	0.0	1224	ok
smbu06GL002549	GCA_052657825.1	100.000	100.0	0.0	1224	ok
smbu06GL002549	GCA_052658005.1	100.000	100.0	0.0	1224	ok
smbu06GL002549	GCA_053764515.1	98.365	99.9	0.0	6	rejected
smbu06GL002549	GCA_055397705.1	95.018	66.9	0.0	68	rejected
smbu06GL002549	GCA_055397995.1	96.914	65.8	0.0	6	rejected
smbu06GL002549	GCA_056487485.1	98.119	99.9	0.0	6	rejected
smbu06GL002549	GCA_056582645.1	100.000	100.0	0.0	1224	ok
smbu06GL002549	GCA_058072705.1	100.000	100.0	0.0	1224	ok
smbu06GL002549	GCA_060306215.1	99.918	100.0	0.0	1224	ok
smbu06GL002549	GCA_060307205.1	98.937	99.9	0.0	6	rejected
smbu06GL002549	GCA_060307225.1	99.918	100.0	0.0	1224	ok
smbu06GL002549	GCA_061568495.1	99.918	100.0	0.0	1224	ok
smbu06GL002549	GCA_900636615.1	98.937	99.9	0.0	6	rejected
smbu06GL002549	GCA_905186115.1	98.856	99.9	0.0	6	rejected
smbu06GL002549	GCA_931972305.1	98.365	99.9	0.0	6	rejected
smbu06GL002549	GCA_963280925.1	98.937	99.9	0.0	6	rejected
smbu06GL002549	GCA_988227945.1	99.918	100.0	0.0	1224	ok
smbu06GL002549	GCA_988227985.1	99.918	100.0	0.0	1224	ok
smbu06GL002549	GCA_988228025.1	99.918	100.0	0.0	1224	ok
smbu06GL002549	GCA_988235375.1	98.203	99.9	0.0	6	rejected
smbu06GL002549	GCA_988236725.1	98.203	99.9	0.0	6	rejected
smbu06GL002549	GCA_988237225.1	99.918	100.0	0.0	1224	ok
smbu06GL002549	GCF_001298485.1	100.000	100.0	0.0	1224	ok
smbu06GL002549	GCF_001412695.1	100.000	100.0	0.0	1224	ok
smbu06GL002549	GCF_001598635.1	92.968	99.9	0.0	6	rejected
smbu06GL002549	GCF_001689055.2	92.886	99.9	0.0	6	rejected
smbu06GL002549	GCF_002208945.1	92.968	99.9	0.0	6	rejected
smbu06GL002549	GCF_002216705.1	98.446	99.9	0.0	6	rejected
smbu06GL002549	GCF_002278015.2	98.937	99.9	0.0	6	rejected
smbu06GL002549	GCF_002289045.2	92.968	99.9	0.0	6	rejected
smbu06GL002549	GCF_002290025.1	98.203	99.9	0.0	6	rejected
smbu06GL002549	GCF_002355755.1	92.968	99.9	0.0	6	rejected
smbu06GL002549	GCF_002761555.1	100.000	100.0	0.0	1224	ok
smbu06GL002549	GCF_002831505.1	99.918	100.0	0.0	1224	ok
smbu06GL002549	GCF_002850515.1	100.000	100.0	0.0	1224	ok
smbu06GL002549	GCF_002983785.1	100.000	100.0	0.0	1224	ok
smbu06GL002549	GCF_003269465.1	99.918	100.0	0.0	1221	ok
smbu06GL002549	GCF_003667965.1	100.000	100.0	0.0	1224	ok
smbu06GL002549	GCF_003711125.1	91.810	99.8	0.0	1221	ok
smbu06GL002549	GCF_003711605.1	99.918	100.0	0.0	1224	ok
smbu06GL002549	GCF_003812665.1	92.968	99.9	0.0	6	rejected
smbu06GL002549	GCF_004332055.1	100.000	100.0	0.0	1224	ok
smbu06GL002549	GCF_005484525.1	92.968	99.9	0.0	6	rejected
smbu06GL002549	GCF_006337145.1	99.918	100.0	0.0	1224	ok
smbu06GL002549	GCF_006351785.1	100.000	100.0	0.0	1224	ok
smbu06GL002549	GCF_006351845.1	100.000	100.0	0.0	1224	ok
smbu06GL002549	GCF_006364815.1	92.968	99.9	0.0	6	rejected
smbu06GL002549	GCF_006494835.1	92.968	99.9	0.0	6	rejected
smbu06GL002549	GCF_006494855.1	92.968	99.9	0.0	6	rejected
smbu06GL002549	GCF_006494875.1	92.968	99.9	0.0	6	rejected
smbu06GL002549	GCF_006766145.1	92.968	99.9	0.0	6	rejected
smbu06GL002549	GCF_007923665.2	100.000	100.0	0.0	1224	ok
smbu06GL002549	GCF_007923785.2	100.000	100.0	0.0	1224	ok
smbu06GL002549	GCF_007923865.2	100.000	100.0	0.0	1224	ok
smbu06GL002549	GCF_007923885.2	100.000	100.0	0.0	1224	ok
smbu06GL002549	GCF_007923905.2	100.000	100.0	0.0	1224	ok
smbu06GL002549	GCF_007923925.2	100.000	100.0	0.0	1224	ok
smbu06GL002549	GCF_007923945.2	100.000	100.0	0.0	1224	ok
smbu06GL002549	GCF_007923965.2	100.000	100.0	0.0	1224	ok
smbu06GL002549	GCF_008330605.1	99.918	100.0	0.0	1224	ok
smbu06GL002549	GCF_009730155.1	93.126	99.8	0.0	1222	ok
smbu06GL002549	GCF_009734005.1	100.000	100.0	0.0	1224	ok
smbu06GL002549	GCF_009938075.1	100.000	100.0	0.0	1224	ok
smbu06GL002549	GCF_010103655.1	92.968	99.9	0.0	6	rejected
smbu06GL002549	GCF_010120755.1	100.000	100.0	0.0	1224	ok
smbu06GL002549	GCF_011745645.1	99.918	100.0	0.0	1224	ok
smbu06GL002549	GCF_012045365.1	99.837	100.0	0.0	1221	ok
smbu06GL002549	GCF_012045505.1	99.837	100.0	0.0	1221	ok
smbu06GL002549	GCF_012594215.1	92.968	99.9	0.0	6	rejected
smbu06GL002549	GCF_013201055.1	99.918	100.0	0.0	1224	ok
smbu06GL002549	GCF_013344625.1	92.968	99.9	0.0	6	rejected
smbu06GL002549	GCF_013344645.1	92.968	99.9	0.0	6	rejected
smbu06GL002549	GCF_013344665.1	92.968	99.9	0.0	6	rejected
smbu06GL002549	GCF_013391145.1	98.937	99.9	0.0	6	rejected
smbu06GL002549	GCF_013391165.1	98.937	99.9	0.0	6	rejected
smbu06GL002549	GCF_013391185.1	98.937	99.9	0.0	6	rejected
smbu06GL002549	GCF_013391205.1	98.937	99.9	0.0	6	rejected
smbu06GL002549	GCF_013394325.1	91.400	99.8	0.0	1221	ok
smbu06GL002549	GCF_015377765.1	100.000	100.0	0.0	1224	ok
smbu06GL002549	GCF_015767695.1	100.000	100.0	0.0	1224	ok
smbu06GL002549	GCF_015767715.1	100.000	100.0	0.0	1224	ok
smbu06GL002549	GCF_016127235.1	98.937	99.9	0.0	6	rejected
smbu06GL002549	GCF_017280035.1	92.968	99.9	0.0	6	rejected
smbu06GL002549	GCF_017357805.1	93.050	99.9	0.0	6	rejected
smbu06GL002549	GCF_018516845.1	100.000	100.0	0.0	1224	ok
smbu06GL002549	GCF_019203145.1	99.918	100.0	0.0	1224	ok
smbu06GL002549	GCF_019343125.1	99.918	100.0	0.0	1224	ok
smbu06GL002549	GCF_019456555.1	100.000	100.0	0.0	1224	ok
smbu06GL002549	GCF_019456575.1	100.000	100.0	0.0	1224	ok
smbu06GL002549	GCF_019456595.1	100.000	100.0	0.0	1224	ok
smbu06GL002549	GCF_019797905.1	91.892	99.8	0.0	1221	ok
smbu06GL002549	GCF_019967715.1	99.918	100.0	0.0	1224	ok
smbu06GL002549	GCF_020881975.1	92.886	99.9	0.0	6	rejected
smbu06GL002549	GCF_020906605.1	92.968	99.9	0.0	6	rejected
smbu06GL002549	GCF_022869705.1	92.968	99.9	0.0	6	rejected
smbu06GL002549	GCF_023299785.1	92.968	99.9	0.0	6	rejected
smbu06GL002549	GCF_023375505.1	92.968	99.9	0.0	6	rejected
smbu06GL002549	GCF_023612035.1	92.968	99.9	0.0	6	rejected
smbu06GL002549	GCF_023612275.1	100.000	100.0	0.0	1224	ok
smbu06GL002549	GCF_024267595.1	92.968	99.9	0.0	6	rejected
smbu06GL002549	GCF_025957845.1	92.968	99.9	0.0	6	rejected
smbu06GL002549	GCF_025957925.1	92.968	99.9	0.0	6	rejected
smbu06GL002549	GCF_025958025.1	92.968	99.9	0.0	6	rejected
smbu06GL002549	GCF_025958065.1	92.968	99.9	0.0	6	rejected
smbu06GL002549	GCF_025958085.1	92.968	99.9	0.0	6	rejected
smbu06GL002549	GCF_025958625.1	92.968	99.9	0.0	6	rejected
smbu06GL002549	GCF_025958845.1	92.968	99.9	0.0	6	rejected
smbu06GL002549	GCF_025958885.1	92.968	99.9	0.0	6	rejected
smbu06GL002549	GCF_026650885.1	92.886	99.9	0.0	6	rejected
smbu06GL002549	GCF_027915235.1	99.918	100.0	0.0	1224	ok
smbu06GL002549	GCF_030490365.1	99.918	100.0	0.0	1224	ok
smbu06GL002549	GCF_030584585.1	100.000	100.0	0.0	1224	ok
smbu06GL002549	GCF_030584605.1	100.000	100.0	0.0	1224	ok
smbu06GL002549	GCF_030584685.1	100.000	100.0	0.0	1224	ok
smbu06GL002549	GCF_030643745.1	99.918	100.0	0.0	1224	ok
smbu06GL002549	GCF_033954875.1	99.918	100.0	0.0	1224	ok
smbu06GL002549	GCF_033954895.1	100.000	100.0	0.0	1224	ok
smbu06GL002549	GCF_033954915.1	100.000	100.0	0.0	1224	ok
smbu06GL002549	GCF_036669985.1	100.000	100.0	0.0	1224	ok
smbu06GL002549	GCF_040745045.1	99.918	100.0	0.0	1224	ok
smbu06GL002549	GCF_043950735.1	98.937	99.9	0.0	6	rejected
smbu06GL002549	GCF_049315065.1	99.918	100.0	0.0	1224	ok
smbu06GL002549	GCF_049315075.1	98.853	99.8	0.0	6	rejected
smbu06GL002549	GCF_049315085.1	98.853	99.8	0.0	6	rejected
smbu06GL002549	GCF_049315095.1	98.853	99.8	0.0	6	rejected
smbu06GL002549	GCF_049315105.1	98.853	99.8	0.0	6	rejected
smbu06GL002549	GCF_049315115.1	99.918	100.0	0.0	1224	ok
smbu06GL002549	GCF_049315125.1	99.918	100.0	0.0	1224	ok
smbu06GL002549	GCF_049315135.1	98.853	99.8	0.0	6	rejected
smbu06GL002549	GCF_049315145.1	99.918	100.0	0.0	1224	ok
smbu06GL002549	GCF_049315155.1	98.853	99.8	0.0	6	rejected
smbu06GL002549	GCF_049315165.1	99.918	100.0	0.0	1224	ok
smbu06GL002549	GCF_049315175.1	99.918	100.0	0.0	1224	ok
smbu06GL002549	GCF_052655065.1	100.000	100.0	0.0	1224	ok
smbu06GL002549	GCF_052655335.1	100.000	100.0	0.0	1224	ok
smbu06GL002549	GCF_052655665.1	100.000	100.0	0.0	1224	ok
smbu06GL002549	GCF_052656575.1	100.000	100.0	0.0	1224	ok
smbu06GL002549	GCF_052657825.1	100.000	100.0	0.0	1224	ok
smbu06GL002549	GCF_052658005.1	100.000	100.0	0.0	1224	ok
smbu06GL002549	GCF_053764515.1	98.365	99.9	0.0	6	rejected
smbu06GL002549	GCF_056487465.1	98.365	99.9	0.0	6	rejected
smbu06GL002549	GCF_056582645.1	100.000	100.0	0.0	1224	ok
smbu06GL002549	GCF_931972305.1	98.365	99.9	0.0	6	rejected
smbu06GL002549	GCF_988227945.1	99.918	100.0	0.0	1224	ok
smbu06GL002549	GCF_988227985.1	99.918	100.0	0.0	1224	ok
smbu06GL002549	GCF_988228025.1	99.918	100.0	0.0	1224	ok
smbu06GL002549	L_lactis_14B4	76.936	96.9	0.0	3	rejected
smbu06GL002549	L_lactis_IL1403	76.852	96.9	0.0	3	rejected
smbu06GL002549	L_lactis_MG1363	76.599	96.9	0.0	3	rejected
smbu06GL002549	smbu06_project	100.000	100.0	0.0	1224	ok
smbu06GL002549	smbu08_project	100.000	100.0	0.0	1224	ok
smbu06GL002550	E_lactis_194	99.917	100.0	0.0	1205	ok
smbu06GL002550	GCA_000006865.1	75.799	96.0	0.0	1157	ok
smbu06GL002550	GCA_000157355.2	94.684	99.9	0.0	1204	ok
smbu06GL002550	GCA_000344575.1	75.799	96.0	0.0	1157	ok
smbu06GL002550	GCA_000761115.1	75.886	96.0	0.0	1157	ok
smbu06GL002550	GCA_000807375.1	75.799	96.0	0.0	1157	ok
smbu06GL002550	GCA_002216705.1	98.008	100.0	0.0	1205	ok
smbu06GL002550	GCA_002278015.2	99.087	100.0	0.0	1205	ok
smbu06GL002550	GCA_002290025.1	97.842	100.0	0.0	1205	ok
smbu06GL002550	GCA_002804185.1	75.799	96.0	0.0	1157	ok
smbu06GL002550	GCA_002804285.1	75.799	96.0	0.0	1157	ok
smbu06GL002550	GCA_002813755.1	98.008	100.0	0.0	1205	ok
smbu06GL002550	GCA_002895225.1	75.886	96.0	0.0	1157	ok
smbu06GL002550	GCA_003711125.1	92.519	99.8	0.0	1203	ok
smbu06GL002550	GCA_003722255.1	75.799	96.0	0.0	1157	ok
smbu06GL002550	GCA_005347505.1	92.519	99.8	0.0	1203	ok
smbu06GL002550	GCA_009730155.1	94.518	99.9	0.0	1204	ok
smbu06GL002550	GCA_013391145.1	99.087	100.0	0.0	1205	ok
smbu06GL002550	GCA_013391165.1	99.087	100.0	0.0	1205	ok
smbu06GL002550	GCA_013391185.1	99.087	100.0	0.0	1205	ok
smbu06GL002550	GCA_013391205.1	99.087	100.0	0.0	1205	ok
smbu06GL002550	GCA_013394325.1	92.276	99.8	0.0	1204	ok
smbu06GL002550	GCA_015767715.1	99.834	100.0	0.0	1205	ok
smbu06GL002550	GCA_016127235.1	99.087	100.0	0.0	1205	ok
smbu06GL002550	GCA_019203145.1	99.917	100.0	0.0	1205	ok
smbu06GL002550	GCA_019343125.1	99.917	100.0	0.0	1205	ok
smbu06GL002550	GCA_019797905.1	92.685	99.8	0.0	1203	ok
smbu06GL002550	GCA_019967715.1	99.917	100.0	0.0	1205	ok
smbu06GL002550	GCA_022870765.1	94.684	99.9	0.0	1204	ok
smbu06GL002550	GCA_023523715.1	94.684	99.9	0.0	1204	ok
smbu06GL002550	GCA_023612275.1	99.834	100.0	0.0	1205	ok
smbu06GL002550	GCA_025402795.1	92.685	99.8	0.0	1203	ok
smbu06GL002550	GCA_025402855.1	92.685	99.8	0.0	1203	ok
smbu06GL002550	GCA_029201225.1	94.684	99.9	0.0	1204	ok
smbu06GL002550	GCA_029215545.1	94.684	99.9	0.0	1204	ok
smbu06GL002550	GCA_030490365.1	99.917	100.0	0.0	1205	ok
smbu06GL002550	GCA_033954875.1	99.917	100.0	0.0	1205	ok
smbu06GL002550	GCA_033954895.1	99.834	100.0	0.0	1205	ok
smbu06GL002550	GCA_033954915.1	99.834	100.0	0.0	1205	ok
smbu06GL002550	GCA_036669985.1	99.834	100.0	0.0	1205	ok
smbu06GL002550	GCA_040745045.1	99.917	100.0	0.0	1205	ok
smbu06GL002550	GCA_041930275.1	94.518	99.9	0.0	1204	ok
smbu06GL002550	GCA_041952535.1	94.518	99.9	0.0	1204	ok
smbu06GL002550	GCA_043950735.1	99.087	100.0	0.0	1205	ok
smbu06GL002550	GCA_043950745.1	99.087	100.0	0.0	1205	ok
smbu06GL002550	GCA_045039055.1	94.518	99.9	0.0	1204	ok
smbu06GL002550	GCA_049315065.1	99.917	100.0	0.0	1205	ok
smbu06GL002550	GCA_049315075.1	98.755	100.0	0.0	1205	ok
smbu06GL002550	GCA_049315085.1	98.755	100.0	0.0	1205	ok
smbu06GL002550	GCA_049315095.1	98.755	100.0	0.0	1205	ok
smbu06GL002550	GCA_049315105.1	98.755	100.0	0.0	1205	ok
smbu06GL002550	GCA_049315115.1	99.917	100.0	0.0	1205	ok
smbu06GL002550	GCA_049315125.1	99.917	100.0	0.0	1205	ok
smbu06GL002550	GCA_049315135.1	98.755	100.0	0.0	1205	ok
smbu06GL002550	GCA_049315145.1	99.917	100.0	0.0	1205	ok
smbu06GL002550	GCA_049315155.1	98.755	100.0	0.0	1205	ok
smbu06GL002550	GCA_049315165.1	99.917	100.0	0.0	1205	ok
smbu06GL002550	GCA_049315175.1	99.917	100.0	0.0	1205	ok
smbu06GL002550	GCA_052655065.1	99.917	100.0	0.0	1205	ok
smbu06GL002550	GCA_052655335.1	99.917	100.0	0.0	1205	ok
smbu06GL002550	GCA_052655665.1	99.834	100.0	0.0	1205	ok
smbu06GL002550	GCA_052656575.1	99.917	100.0	0.0	1205	ok
smbu06GL002550	GCA_052657825.1	99.917	100.0	0.0	1205	ok
smbu06GL002550	GCA_052658005.1	99.917	100.0	0.0	1205	ok
smbu06GL002550	GCA_053764515.1	98.008	100.0	0.0	1205	ok
smbu06GL002550	GCA_055397705.1	71.995	65.0	0.0	12	rejected
smbu06GL002550	GCA_055397995.1	98.941	70.5	0.0	9	rejected
smbu06GL002550	GCA_056487485.1	98.220	97.9	0.0	1180	ok
smbu06GL002550	GCA_056582645.1	99.917	100.0	0.0	1205	ok
smbu06GL002550	GCA_058072705.1	99.834	100.0	0.0	1205	ok
smbu06GL002550	GCA_060306215.1	99.917	100.0	0.0	1205	ok
smbu06GL002550	GCA_060307205.1	99.087	100.0	0.0	1205	ok
smbu06GL002550	GCA_060307225.1	99.917	100.0	0.0	1205	ok
smbu06GL002550	GCA_061568495.1	99.917	100.0	0.0	1205	ok
smbu06GL002550	GCA_900636615.1	99.087	100.0	0.0	1205	ok
smbu06GL002550	GCA_905186115.1	99.087	100.0	0.0	1205	ok
smbu06GL002550	GCA_931972305.1	98.008	100.0	0.0	1205	ok
smbu06GL002550	GCA_963280925.1	99.004	100.0	0.0	1205	ok
smbu06GL002550	GCA_988227945.1	99.917	100.0	0.0	1205	ok
smbu06GL002550	GCA_988227985.1	99.917	100.0	0.0	1205	ok
smbu06GL002550	GCA_988228025.1	99.917	100.0	0.0	1205	ok
smbu06GL002550	GCA_988235375.1	97.759	100.0	0.0	1205	ok
smbu06GL002550	GCA_988236725.1	97.759	100.0	0.0	1205	ok
smbu06GL002550	GCA_988237225.1	99.917	100.0	0.0	1205	ok
smbu06GL002550	GCF_001298485.1	99.751	100.0	0.0	1205	ok
smbu06GL002550	GCF_001412695.1	99.751	100.0	0.0	1205	ok
smbu06GL002550	GCF_001598635.1	94.842	99.8	0.0	1202	ok
smbu06GL002550	GCF_001689055.2	94.842	99.8	0.0	1202	ok
smbu06GL002550	GCF_002208945.1	94.842	99.8	0.0	1202	ok
smbu06GL002550	GCF_002216705.1	98.008	100.0	0.0	1205	ok
smbu06GL002550	GCF_002278015.2	99.087	100.0	0.0	1205	ok
smbu06GL002550	GCF_002289045.2	94.842	99.8	0.0	1202	ok
smbu06GL002550	GCF_002290025.1	97.842	100.0	0.0	1205	ok
smbu06GL002550	GCF_002355755.1	94.842	99.8	0.0	1202	ok
smbu06GL002550	GCF_002761555.1	99.834	100.0	0.0	1205	ok
smbu06GL002550	GCF_002831505.1	99.834	100.0	0.0	1205	ok
smbu06GL002550	GCF_002850515.1	99.834	100.0	0.0	1205	ok
smbu06GL002550	GCF_002983785.1	99.751	100.0	0.0	1205	ok
smbu06GL002550	GCF_003269465.1	99.834	100.0	0.0	1205	ok
smbu06GL002550	GCF_003667965.1	99.834	100.0	0.0	1205	ok
smbu06GL002550	GCF_003711125.1	92.519	99.8	0.0	1203	ok
smbu06GL002550	GCF_003711605.1	99.917	100.0	0.0	1205	ok
smbu06GL002550	GCF_003812665.1	94.842	99.8	0.0	1202	ok
smbu06GL002550	GCF_004332055.1	99.834	100.0	0.0	1205	ok
smbu06GL002550	GCF_005484525.1	94.842	99.8	0.0	1202	ok
smbu06GL002550	GCF_006337145.1	99.917	100.0	0.0	1205	ok
smbu06GL002550	GCF_006351785.1	99.834	100.0	0.0	1205	ok
smbu06GL002550	GCF_006351845.1	99.834	100.0	0.0	1205	ok
smbu06GL002550	GCF_006364815.1	94.842	99.8	0.0	1202	ok
smbu06GL002550	GCF_006494835.1	94.842	99.8	0.0	1202	ok
smbu06GL002550	GCF_006494855.1	94.842	99.8	0.0	1202	ok
smbu06GL002550	GCF_006494875.1	94.842	99.8	0.0	1202	ok
smbu06GL002550	GCF_006766145.1	94.842	99.8	0.0	1202	ok
smbu06GL002550	GCF_007923665.2	99.834	100.0	0.0	1205	ok
smbu06GL002550	GCF_007923785.2	99.834	100.0	0.0	1205	ok
smbu06GL002550	GCF_007923865.2	99.834	100.0	0.0	1205	ok
smbu06GL002550	GCF_007923885.2	99.751	100.0	0.0	1205	ok
smbu06GL002550	GCF_007923905.2	99.834	100.0	0.0	1205	ok
smbu06GL002550	GCF_007923925.2	99.834	100.0	0.0	1205	ok
smbu06GL002550	GCF_007923945.2	99.834	100.0	0.0	1205	ok
smbu06GL002550	GCF_007923965.2	99.834	100.0	0.0	1205	ok
smbu06GL002550	GCF_008330605.1	99.917	100.0	0.0	1205	ok
smbu06GL002550	GCF_009730155.1	94.518	99.9	0.0	1204	ok
smbu06GL002550	GCF_009734005.1	99.834	100.0	0.0	1205	ok
smbu06GL002550	GCF_009938075.1	99.834	100.0	0.0	1205	ok
smbu06GL002550	GCF_010103655.1	94.842	99.8	0.0	1202	ok
smbu06GL002550	GCF_010120755.1	99.834	100.0	0.0	1205	ok
smbu06GL002550	GCF_011745645.1	99.917	100.0	0.0	1205	ok
smbu06GL002550	GCF_012045365.1	99.917	100.0	0.0	1205	ok
smbu06GL002550	GCF_012045505.1	99.917	100.0	0.0	1205	ok
smbu06GL002550	GCF_012594215.1	94.842	99.8	0.0	1202	ok
smbu06GL002550	GCF_013201055.1	99.917	100.0	0.0	1205	ok
smbu06GL002550	GCF_013344625.1	94.842	99.8	0.0	1202	ok
smbu06GL002550	GCF_013344645.1	94.842	99.8	0.0	1202	ok
smbu06GL002550	GCF_013344665.1	94.842	99.8	0.0	1202	ok
smbu06GL002550	GCF_013391145.1	99.087	100.0	0.0	1205	ok
smbu06GL002550	GCF_013391165.1	99.087	100.0	0.0	1205	ok
smbu06GL002550	GCF_013391185.1	99.087	100.0	0.0	1205	ok
smbu06GL002550	GCF_013391205.1	99.087	100.0	0.0	1205	ok
smbu06GL002550	GCF_013394325.1	92.276	99.8	0.0	1204	ok
smbu06GL002550	GCF_015377765.1	99.834	100.0	0.0	1205	ok
smbu06GL002550	GCF_015767695.1	99.834	100.0	0.0	1205	ok
smbu06GL002550	GCF_015767715.1	99.834	100.0	0.0	1205	ok
smbu06GL002550	GCF_016127235.1	99.087	100.0	0.0	1205	ok
smbu06GL002550	GCF_017280035.1	94.842	99.8	0.0	1202	ok
smbu06GL002550	GCF_017357805.1	94.842	99.8	0.0	1202	ok
smbu06GL002550	GCF_018516845.1	99.834	100.0	0.0	1205	ok
smbu06GL002550	GCF_019203145.1	99.917	100.0	0.0	1205	ok
smbu06GL002550	GCF_019343125.1	99.917	100.0	0.0	1205	ok
smbu06GL002550	GCF_019456555.1	99.834	100.0	0.0	1205	ok
smbu06GL002550	GCF_019456575.1	99.834	100.0	0.0	1205	ok
smbu06GL002550	GCF_019456595.1	99.834	100.0	0.0	1205	ok
smbu06GL002550	GCF_019797905.1	92.685	99.8	0.0	1203	ok
smbu06GL002550	GCF_019967715.1	99.917	100.0	0.0	1205	ok
smbu06GL002550	GCF_020881975.1	94.842	99.8	0.0	1202	ok
smbu06GL002550	GCF_020906605.1	94.842	99.8	0.0	1202	ok
smbu06GL002550	GCF_022869705.1	94.842	99.8	0.0	1202	ok
smbu06GL002550	GCF_023299785.1	94.842	99.8	0.0	1202	ok
smbu06GL002550	GCF_023375505.1	94.842	99.8	0.0	1202	ok
smbu06GL002550	GCF_023612035.1	94.842	99.8	0.0	1202	ok
smbu06GL002550	GCF_023612275.1	99.834	100.0	0.0	1205	ok
smbu06GL002550	GCF_024267595.1	94.842	99.8	0.0	1202	ok
smbu06GL002550	GCF_025957845.1	94.842	99.8	0.0	1202	ok
smbu06GL002550	GCF_025957925.1	94.842	99.8	0.0	1202	ok
smbu06GL002550	GCF_025958025.1	94.842	99.8	0.0	1202	ok
smbu06GL002550	GCF_025958065.1	94.842	99.8	0.0	1202	ok
smbu06GL002550	GCF_025958085.1	94.842	99.8	0.0	1202	ok
smbu06GL002550	GCF_025958625.1	94.842	99.8	0.0	1202	ok
smbu06GL002550	GCF_025958845.1	94.842	99.8	0.0	1202	ok
smbu06GL002550	GCF_025958885.1	94.842	99.8	0.0	1202	ok
smbu06GL002550	GCF_026650885.1	94.759	99.8	0.0	1202	ok
smbu06GL002550	GCF_027915235.1	99.917	100.0	0.0	1205	ok
smbu06GL002550	GCF_030490365.1	99.917	100.0	0.0	1205	ok
smbu06GL002550	GCF_030584585.1	99.834	100.0	0.0	1205	ok
smbu06GL002550	GCF_030584605.1	99.834	100.0	0.0	1205	ok
smbu06GL002550	GCF_030584685.1	99.834	100.0	0.0	1205	ok
smbu06GL002550	GCF_030643745.1	99.917	100.0	0.0	1205	ok
smbu06GL002550	GCF_033954875.1	99.917	100.0	0.0	1205	ok
smbu06GL002550	GCF_033954895.1	99.834	100.0	0.0	1205	ok
smbu06GL002550	GCF_033954915.1	99.834	100.0	0.0	1205	ok
smbu06GL002550	GCF_036669985.1	99.834	100.0	0.0	1205	ok
smbu06GL002550	GCF_040745045.1	99.917	100.0	0.0	1205	ok
smbu06GL002550	GCF_043950735.1	99.087	100.0	0.0	1205	ok
smbu06GL002550	GCF_049315065.1	99.917	100.0	0.0	1205	ok
smbu06GL002550	GCF_049315075.1	98.755	100.0	0.0	1205	ok
smbu06GL002550	GCF_049315085.1	98.755	100.0	0.0	1205	ok
smbu06GL002550	GCF_049315095.1	98.755	100.0	0.0	1205	ok
smbu06GL002550	GCF_049315105.1	98.755	100.0	0.0	1205	ok
smbu06GL002550	GCF_049315115.1	99.917	100.0	0.0	1205	ok
smbu06GL002550	GCF_049315125.1	99.917	100.0	0.0	1205	ok
smbu06GL002550	GCF_049315135.1	98.755	100.0	0.0	1205	ok
smbu06GL002550	GCF_049315145.1	99.917	100.0	0.0	1205	ok
smbu06GL002550	GCF_049315155.1	98.755	100.0	0.0	1205	ok
smbu06GL002550	GCF_049315165.1	99.917	100.0	0.0	1205	ok
smbu06GL002550	GCF_049315175.1	99.917	100.0	0.0	1205	ok
smbu06GL002550	GCF_052655065.1	99.917	100.0	0.0	1205	ok
smbu06GL002550	GCF_052655335.1	99.917	100.0	0.0	1205	ok
smbu06GL002550	GCF_052655665.1	99.834	100.0	0.0	1205	ok
smbu06GL002550	GCF_052656575.1	99.917	100.0	0.0	1205	ok
smbu06GL002550	GCF_052657825.1	99.917	100.0	0.0	1205	ok
smbu06GL002550	GCF_052658005.1	99.917	100.0	0.0	1205	ok
smbu06GL002550	GCF_053764515.1	98.008	100.0	0.0	1205	ok
smbu06GL002550	GCF_056487465.1	97.925	100.0	0.0	1205	ok
smbu06GL002550	GCF_056582645.1	99.917	100.0	0.0	1205	ok
smbu06GL002550	GCF_931972305.1	98.008	100.0	0.0	1205	ok
smbu06GL002550	GCF_988227945.1	99.917	100.0	0.0	1205	ok
smbu06GL002550	GCF_988227985.1	99.917	100.0	0.0	1205	ok
smbu06GL002550	GCF_988228025.1	99.917	100.0	0.0	1205	ok
smbu06GL002550	L_lactis_14B4	75.886	96.0	0.0	1157	ok
smbu06GL002550	L_lactis_IL1403	75.799	96.0	0.0	1157	ok
smbu06GL002550	L_lactis_MG1363	75.627	96.0	0.0	1157	ok
smbu06GL002550	smbu06_project	99.917	100.0	0.0	1205	ok
smbu06GL002550	smbu08_project	99.917	100.0	0.0	1205	ok
smbu06GL002600	E_lactis_194	97.872	100.0	1.23e-22	47	ok
smbu06GL002600	GCA_000006865.1	72.093	91.5	2.34e-13	43	ok
smbu06GL002600	GCA_000157355.2	97.727	93.6	2.89e-20	44	ok
smbu06GL002600	GCA_000344575.1	72.093	91.5	2.34e-13	43	ok
smbu06GL002600	GCA_000761115.1	72.093	91.5	2.34e-13	43	ok
smbu06GL002600	GCA_000807375.1	72.093	91.5	2.34e-13	43	ok
smbu06GL002600	GCA_002216705.1	100.000	93.6	1.11e-20	44	ok
smbu06GL002600	GCA_002278015.2	97.872	100.0	1.59e-22	47	ok
smbu06GL002600	GCA_002290025.1	97.872	100.0	1.59e-22	47	ok
smbu06GL002600	GCA_002804185.1	72.093	91.5	2.34e-13	43	ok
smbu06GL002600	GCA_002804285.1	72.093	91.5	2.34e-13	43	ok
smbu06GL002600	GCA_002813755.1	100.000	93.6	1.11e-20	44	ok
smbu06GL002600	GCA_002895225.1	72.093	91.5	2.34e-13	43	ok
smbu06GL002600	GCA_003711125.1	97.727	93.6	3.54e-20	44	ok
smbu06GL002600	GCA_003722255.1	72.093	91.5	2.34e-13	43	ok
smbu06GL002600	GCA_005347505.1	97.727	93.6	3.54e-20	44	ok
smbu06GL002600	GCA_009730155.1	97.727	93.6	2.89e-20	44	ok
smbu06GL002600	GCA_013391145.1	97.872	100.0	1.59e-22	47	ok
smbu06GL002600	GCA_013391165.1	97.872	100.0	1.59e-22	47	ok
smbu06GL002600	GCA_013391185.1	97.872	100.0	1.59e-22	47	ok
smbu06GL002600	GCA_013391205.1	97.872	100.0	1.59e-22	47	ok
smbu06GL002600	GCA_013394325.1	95.455	93.6	6.94e-20	44	ok
smbu06GL002600	GCA_015767715.1	97.872	100.0	1.23e-22	47	ok
smbu06GL002600	GCA_016127235.1	97.872	100.0	1.59e-22	47	ok
smbu06GL002600	GCA_019203145.1	97.872	100.0	1.23e-22	47	ok
smbu06GL002600	GCA_019343125.1	97.872	100.0	1.23e-22	47	ok
smbu06GL002600	GCA_019797905.1	97.727	93.6	3.54e-20	44	ok
smbu06GL002600	GCA_019967715.1	97.872	100.0	1.23e-22	47	ok
smbu06GL002600	GCA_022870765.1	97.727	93.6	2.89e-20	44	ok
smbu06GL002600	GCA_023523715.1	97.727	93.6	2.89e-20	44	ok
smbu06GL002600	GCA_023612275.1	97.872	100.0	1.23e-22	47	ok
smbu06GL002600	GCA_025402795.1	97.727	93.6	3.54e-20	44	ok
smbu06GL002600	GCA_025402855.1	97.727	93.6	3.54e-20	44	ok
smbu06GL002600	GCA_029201225.1	97.727	93.6	2.89e-20	44	ok
smbu06GL002600	GCA_029215545.1	97.727	93.6	2.89e-20	44	ok
smbu06GL002600	GCA_030490365.1	97.872	100.0	1.23e-22	47	ok
smbu06GL002600	GCA_033954875.1	97.872	100.0	1.23e-22	47	ok
smbu06GL002600	GCA_033954895.1	97.872	100.0	1.23e-22	47	ok
smbu06GL002600	GCA_033954915.1	97.872	100.0	1.23e-22	47	ok
smbu06GL002600	GCA_036669985.1	97.872	100.0	1.23e-22	47	ok
smbu06GL002600	GCA_040745045.1	97.872	100.0	1.23e-22	47	ok
smbu06GL002600	GCA_041930275.1	97.727	93.6	2.89e-20	44	ok
smbu06GL002600	GCA_041952535.1	97.727	93.6	2.89e-20	44	ok
smbu06GL002600	GCA_043950735.1	97.872	100.0	1.59e-22	47	ok
smbu06GL002600	GCA_043950745.1	97.872	100.0	1.59e-22	47	ok
smbu06GL002600	GCA_045039055.1	97.727	93.6	2.89e-20	44	ok
smbu06GL002600	GCA_049315065.1	97.872	100.0	1.23e-22	47	ok
smbu06GL002600	GCA_049315075.1	97.872	100.0	1.59e-22	47	ok
smbu06GL002600	GCA_049315085.1	97.872	100.0	1.59e-22	47	ok
smbu06GL002600	GCA_049315095.1	97.872	100.0	1.59e-22	47	ok
smbu06GL002600	GCA_049315105.1	97.872	100.0	1.59e-22	47	ok
smbu06GL002600	GCA_049315115.1	97.872	100.0	1.23e-22	47	ok
smbu06GL002600	GCA_049315125.1	97.872	100.0	1.23e-22	47	ok
smbu06GL002600	GCA_049315135.1	97.872	100.0	1.59e-22	47	ok
smbu06GL002600	GCA_049315145.1	97.872	100.0	1.23e-22	47	ok
smbu06GL002600	GCA_049315155.1	97.872	100.0	1.59e-22	47	ok
smbu06GL002600	GCA_049315165.1	97.872	100.0	1.23e-22	47	ok
smbu06GL002600	GCA_049315175.1	97.872	100.0	1.23e-22	47	ok
smbu06GL002600	GCA_052655065.1	97.872	100.0	1.23e-22	47	ok
smbu06GL002600	GCA_052655335.1	97.872	100.0	1.23e-22	47	ok
smbu06GL002600	GCA_052655665.1	97.872	100.0	1.23e-22	47	ok
smbu06GL002600	GCA_052656575.1	97.872	100.0	1.23e-22	47	ok
smbu06GL002600	GCA_052657825.1	97.872	100.0	1.23e-22	47	ok
smbu06GL002600	GCA_052658005.1	97.872	100.0	1.23e-22	47	ok
smbu06GL002600	GCA_053764515.1	100.000	93.6	1.11e-20	44	ok
smbu06GL002600	GCA_055397705.1	97.872	100.0	1.23e-22	47	ok
smbu06GL002600	GCA_055397995.1	97.872	100.0	1.59e-22	47	ok
smbu06GL002600	GCA_056487485.1	100.000	93.6	1.11e-20	44	ok
smbu06GL002600	GCA_056582645.1	97.872	100.0	1.23e-22	47	ok
smbu06GL002600	GCA_058072705.1	97.872	100.0	1.23e-22	47	ok
smbu06GL002600	GCA_060306215.1	97.872	100.0	1.23e-22	47	ok
smbu06GL002600	GCA_060307205.1	97.872	100.0	1.59e-22	47	ok
smbu06GL002600	GCA_060307225.1	97.872	100.0	1.23e-22	47	ok
smbu06GL002600	GCA_061568495.1	97.872	100.0	1.23e-22	47	ok
smbu06GL002600	GCA_900636615.1	97.872	100.0	1.59e-22	47	ok
smbu06GL002600	GCA_905186115.1	97.872	100.0	1.59e-22	47	ok
smbu06GL002600	GCA_931972305.1	100.000	93.6	1.11e-20	44	ok
smbu06GL002600	GCA_963280925.1	97.872	100.0	1.59e-22	47	ok
smbu06GL002600	GCA_988227945.1	97.872	100.0	1.23e-22	47	ok
smbu06GL002600	GCA_988227985.1	97.872	100.0	1.23e-22	47	ok
smbu06GL002600	GCA_988228025.1	97.872	100.0	1.23e-22	47	ok
smbu06GL002600	GCA_988235375.1	97.872	100.0	1.59e-22	47	ok
smbu06GL002600	GCA_988236725.1	97.872	100.0	1.59e-22	47	ok
smbu06GL002600	GCA_988237225.1	97.872	100.0	1.23e-22	47	ok
smbu06GL002600	GCF_001298485.1	97.872	100.0	1.23e-22	47	ok
smbu06GL002600	GCF_001412695.1	97.872	100.0	1.23e-22	47	ok
smbu06GL002600	GCF_001598635.1	91.489	100.0	2.4e-20	47	ok
smbu06GL002600	GCF_001689055.2	91.489	100.0	2.4e-20	47	ok
smbu06GL002600	GCF_002208945.1	91.489	100.0	2.4e-20	47	ok
smbu06GL002600	GCF_002216705.1	100.000	93.6	1.11e-20	44	ok
smbu06GL002600	GCF_002278015.2	97.872	100.0	1.59e-22	47	ok
smbu06GL002600	GCF_002289045.2	91.489	100.0	2.4e-20	47	ok
smbu06GL002600	GCF_002290025.1	97.872	100.0	1.59e-22	47	ok
smbu06GL002600	GCF_002355755.1	91.489	100.0	2.4e-20	47	ok
smbu06GL002600	GCF_002761555.1	97.872	100.0	1.23e-22	47	ok
smbu06GL002600	GCF_002831505.1	97.872	100.0	1.23e-22	47	ok
smbu06GL002600	GCF_002850515.1	97.872	100.0	1.23e-22	47	ok
smbu06GL002600	GCF_002983785.1	97.872	100.0	1.23e-22	47	ok
smbu06GL002600	GCF_003269465.1	97.872	100.0	1.23e-22	47	ok
smbu06GL002600	GCF_003667965.1	97.872	100.0	1.23e-22	47	ok
smbu06GL002600	GCF_003711125.1	97.727	93.6	3.54e-20	44	ok
smbu06GL002600	GCF_003711605.1	97.872	100.0	1.23e-22	47	ok
smbu06GL002600	GCF_003812665.1	91.489	100.0	2.4e-20	47	ok
smbu06GL002600	GCF_004332055.1	97.872	100.0	1.23e-22	47	ok
smbu06GL002600	GCF_005484525.1	91.489	100.0	2.4e-20	47	ok
smbu06GL002600	GCF_006337145.1	97.872	100.0	1.23e-22	47	ok
smbu06GL002600	GCF_006351785.1	97.872	100.0	1.23e-22	47	ok
smbu06GL002600	GCF_006351845.1	97.872	100.0	1.23e-22	47	ok
smbu06GL002600	GCF_006364815.1	91.489	100.0	2.4e-20	47	ok
smbu06GL002600	GCF_006494835.1	91.489	100.0	2.4e-20	47	ok
smbu06GL002600	GCF_006494855.1	91.489	100.0	2.4e-20	47	ok
smbu06GL002600	GCF_006494875.1	91.489	100.0	2.4e-20	47	ok
smbu06GL002600	GCF_006766145.1	91.489	100.0	2.4e-20	47	ok
smbu06GL002600	GCF_007923665.2	97.872	100.0	1.23e-22	47	ok
smbu06GL002600	GCF_007923785.2	97.872	100.0	1.23e-22	47	ok
smbu06GL002600	GCF_007923865.2	97.872	100.0	1.23e-22	47	ok
smbu06GL002600	GCF_007923885.2	97.872	100.0	1.23e-22	47	ok
smbu06GL002600	GCF_007923905.2	97.872	100.0	1.23e-22	47	ok
smbu06GL002600	GCF_007923925.2	97.872	100.0	1.23e-22	47	ok
smbu06GL002600	GCF_007923945.2	97.872	100.0	1.23e-22	47	ok
smbu06GL002600	GCF_007923965.2	97.872	100.0	1.23e-22	47	ok
smbu06GL002600	GCF_008330605.1	97.872	100.0	1.23e-22	47	ok
smbu06GL002600	GCF_009730155.1	97.727	93.6	2.89e-20	44	ok
smbu06GL002600	GCF_009734005.1	97.872	100.0	1.23e-22	47	ok
smbu06GL002600	GCF_009938075.1	97.872	100.0	1.23e-22	47	ok
smbu06GL002600	GCF_010103655.1	91.489	100.0	2.4e-20	47	ok
smbu06GL002600	GCF_010120755.1	97.872	100.0	1.23e-22	47	ok
smbu06GL002600	GCF_011745645.1	97.872	100.0	1.23e-22	47	ok
smbu06GL002600	GCF_012045365.1	97.872	100.0	1.23e-22	47	ok
smbu06GL002600	GCF_012045505.1	97.872	100.0	1.23e-22	47	ok
smbu06GL002600	GCF_012594215.1	91.489	100.0	2.4e-20	47	ok
smbu06GL002600	GCF_013201055.1	97.872	100.0	1.23e-22	47	ok
smbu06GL002600	GCF_013344625.1	91.489	100.0	2.4e-20	47	ok
smbu06GL002600	GCF_013344645.1	91.489	100.0	2.4e-20	47	ok
smbu06GL002600	GCF_013344665.1	91.489	100.0	2.4e-20	47	ok
smbu06GL002600	GCF_013391145.1	97.872	100.0	1.59e-22	47	ok
smbu06GL002600	GCF_013391165.1	97.872	100.0	1.59e-22	47	ok
smbu06GL002600	GCF_013391185.1	97.872	100.0	1.59e-22	47	ok
smbu06GL002600	GCF_013391205.1	97.872	100.0	1.59e-22	47	ok
smbu06GL002600	GCF_013394325.1	95.455	93.6	6.94e-20	44	ok
smbu06GL002600	GCF_015377765.1	97.872	100.0	1.23e-22	47	ok
smbu06GL002600	GCF_015767695.1	97.872	100.0	1.23e-22	47	ok
smbu06GL002600	GCF_015767715.1	97.872	100.0	1.23e-22	47	ok
smbu06GL002600	GCF_016127235.1	97.872	100.0	1.59e-22	47	ok
smbu06GL002600	GCF_017280035.1	91.489	100.0	2.4e-20	47	ok
smbu06GL002600	GCF_017357805.1	91.489	100.0	2.4e-20	47	ok
smbu06GL002600	GCF_018516845.1	97.872	100.0	1.23e-22	47	ok
smbu06GL002600	GCF_019203145.1	97.872	100.0	1.23e-22	47	ok
smbu06GL002600	GCF_019343125.1	97.872	100.0	1.23e-22	47	ok
smbu06GL002600	GCF_019456555.1	97.872	100.0	1.23e-22	47	ok
smbu06GL002600	GCF_019456575.1	97.872	100.0	1.23e-22	47	ok
smbu06GL002600	GCF_019456595.1	97.872	100.0	1.23e-22	47	ok
smbu06GL002600	GCF_019797905.1	97.727	93.6	3.54e-20	44	ok
smbu06GL002600	GCF_019967715.1	97.872	100.0	1.23e-22	47	ok
smbu06GL002600	GCF_020881975.1	91.489	100.0	2.4e-20	47	ok
smbu06GL002600	GCF_020906605.1	91.489	100.0	2.4e-20	47	ok
smbu06GL002600	GCF_022869705.1	91.489	100.0	2.4e-20	47	ok
smbu06GL002600	GCF_023299785.1	91.489	100.0	2.4e-20	47	ok
smbu06GL002600	GCF_023375505.1	91.489	100.0	2.4e-20	47	ok
smbu06GL002600	GCF_023612035.1	91.489	100.0	2.4e-20	47	ok
smbu06GL002600	GCF_023612275.1	97.872	100.0	1.23e-22	47	ok
smbu06GL002600	GCF_024267595.1	91.489	100.0	2.4e-20	47	ok
smbu06GL002600	GCF_025957845.1	91.489	100.0	2.4e-20	47	ok
smbu06GL002600	GCF_025957925.1	91.489	100.0	2.4e-20	47	ok
smbu06GL002600	GCF_025958025.1	91.489	100.0	2.4e-20	47	ok
smbu06GL002600	GCF_025958065.1	91.489	100.0	2.4e-20	47	ok
smbu06GL002600	GCF_025958085.1	91.489	100.0	2.4e-20	47	ok
smbu06GL002600	GCF_025958625.1	91.489	100.0	2.4e-20	47	ok
smbu06GL002600	GCF_025958845.1	91.489	100.0	2.4e-20	47	ok
smbu06GL002600	GCF_025958885.1	91.489	100.0	2.4e-20	47	ok
smbu06GL002600	GCF_026650885.1	91.489	100.0	2.4e-20	47	ok
smbu06GL002600	GCF_027915235.1	97.872	100.0	1.23e-22	47	ok
smbu06GL002600	GCF_030490365.1	97.872	100.0	1.23e-22	47	ok
smbu06GL002600	GCF_030584585.1	97.872	100.0	1.23e-22	47	ok
smbu06GL002600	GCF_030584605.1	97.872	100.0	1.23e-22	47	ok
smbu06GL002600	GCF_030584685.1	97.872	100.0	1.23e-22	47	ok
smbu06GL002600	GCF_030643745.1	97.872	100.0	1.23e-22	47	ok
smbu06GL002600	GCF_033954875.1	97.872	100.0	1.23e-22	47	ok
smbu06GL002600	GCF_033954895.1	97.872	100.0	1.23e-22	47	ok
smbu06GL002600	GCF_033954915.1	97.872	100.0	1.23e-22	47	ok
smbu06GL002600	GCF_036669985.1	97.872	100.0	1.23e-22	47	ok
smbu06GL002600	GCF_040745045.1	97.872	100.0	1.23e-22	47	ok
smbu06GL002600	GCF_043950735.1	97.872	100.0	1.59e-22	47	ok
smbu06GL002600	GCF_049315065.1	97.872	100.0	1.23e-22	47	ok
smbu06GL002600	GCF_049315075.1	97.872	100.0	1.59e-22	47	ok
smbu06GL002600	GCF_049315085.1	97.872	100.0	1.59e-22	47	ok
smbu06GL002600	GCF_049315095.1	97.872	100.0	1.59e-22	47	ok
smbu06GL002600	GCF_049315105.1	97.872	100.0	1.59e-22	47	ok
smbu06GL002600	GCF_049315115.1	97.872	100.0	1.23e-22	47	ok
smbu06GL002600	GCF_049315125.1	97.872	100.0	1.23e-22	47	ok
smbu06GL002600	GCF_049315135.1	97.872	100.0	1.59e-22	47	ok
smbu06GL002600	GCF_049315145.1	97.872	100.0	1.23e-22	47	ok
smbu06GL002600	GCF_049315155.1	97.872	100.0	1.59e-22	47	ok
smbu06GL002600	GCF_049315165.1	97.872	100.0	1.23e-22	47	ok
smbu06GL002600	GCF_049315175.1	97.872	100.0	1.23e-22	47	ok
smbu06GL002600	GCF_052655065.1	97.872	100.0	1.23e-22	47	ok
smbu06GL002600	GCF_052655335.1	97.872	100.0	1.23e-22	47	ok
smbu06GL002600	GCF_052655665.1	97.872	100.0	1.23e-22	47	ok
smbu06GL002600	GCF_052656575.1	97.872	100.0	1.23e-22	47	ok
smbu06GL002600	GCF_052657825.1	97.872	100.0	1.23e-22	47	ok
smbu06GL002600	GCF_052658005.1	97.872	100.0	1.23e-22	47	ok
smbu06GL002600	GCF_053764515.1	100.000	93.6	1.11e-20	44	ok
smbu06GL002600	GCF_056487465.1	100.000	93.6	1.11e-20	44	ok
smbu06GL002600	GCF_056582645.1	97.872	100.0	1.23e-22	47	ok
smbu06GL002600	GCF_931972305.1	100.000	93.6	1.11e-20	44	ok
smbu06GL002600	GCF_988227945.1	97.872	100.0	1.23e-22	47	ok
smbu06GL002600	GCF_988227985.1	97.872	100.0	1.23e-22	47	ok
smbu06GL002600	GCF_988228025.1	97.872	100.0	1.23e-22	47	ok
smbu06GL002600	L_lactis_14B4	72.093	91.5	2.34e-13	43	ok
smbu06GL002600	L_lactis_IL1403	72.093	91.5	2.34e-13	43	ok
smbu06GL002600	L_lactis_MG1363	72.093	91.5	2.34e-13	43	ok
smbu06GL002600	smbu06_project	97.872	100.0	1.23e-22	47	ok
smbu06GL002600	smbu08_project	97.872	100.0	1.23e-22	47	ok
