qseqid	sseqid	pident	length	mismatch	gapopen	qstart	qend	sstart	send	evalue	bitscore	qcov_pct
smbu06GL000003	A0ABT7ECV1	31.933	357	233	4	8	364	18	364	6.06e-62	199	97.5
smbu06GL000005	A0ABT7EC90	41.547	349	199	2	1	349	1	344	4.90e-91	274	93.3
smbu06GL000009	A0ABT7ED65	38.710	124	71	4	5	125	1	122	1.18e-23	86.7	69.9
smbu06GL000018	A0A563VTD8	27.083	240	146	7	11	246	179	393	2.20e-16	76.6	44.2
smbu06GL000018	A0ABT7ECJ0	26.906	223	131	8	13	227	20	218	6.79e-16	73.6	40.3
smbu06GL000018	A0ABT7ECJ0	24.380	242	160	9	313	533	1	240	1.45e-06	45.4	41.4
smbu06GL000018	P0C0E2	25.234	214	129	5	5	218	11	193	2.02e-15	71.2	40.1
smbu06GL000018	P0C0E2	22.120	217	160	4	313	521	1	216	8.23e-08	48.9	39.1
smbu06GL000018	A0ABT7ED67	27.619	210	118	7	5	207	13	195	2.33e-14	70.1	38.0
smbu06GL000018	A0ABT7ED67	24.390	164	104	4	318	466	8	166	1.45e-04	39.3	27.9
smbu06GL000018	Q9WVZ4	24.786	234	132	6	5	227	17	217	2.39e-14	69.7	41.8
smbu06GL000018	Q9WVZ4	24.537	216	149	5	313	515	7	221	5.25e-10	56.2	38.0
smbu06GL000018	A5HZ37	24.893	233	129	6	5	224	13	212	4.71e-14	68.6	41.2
smbu06GL000018	A0A380JEF6	24.171	211	118	6	9	205	19	201	3.08e-13	65.5	36.9
smbu06GL000018	P71009	26.522	230	130	7	7	225	16	217	9.01e-13	63.5	41.0
smbu06GL000018	P71009	20.561	214	152	4	313	508	3	216	1.07e-04	39.3	36.7
smbu06GL000018	K2GK60	35.897	78	48	1	144	219	30	107	1.18e-11	57.8	14.2
smbu06GL000018	K2GK60	29.293	99	64	2	426	522	28	122	3.27e-09	50.8	18.2
smbu06GL000018	A0ABV2J8Y4	27.094	203	107	7	7	205	208	373	1.29e-11	61.6	37.3
smbu06GL000018	A0ABV2J8Y4	21.941	237	165	5	261	489	149	373	1.95e-07	48.5	42.9
smbu06GL000029	A0ABT7ED67	32.051	234	129	9	24	254	17	223	2.79e-26	103	63.8
smbu06GL000029	E6K478	32.479	234	143	8	6	238	1	220	1.26e-25	98.6	64.4
smbu06GL000029	A0ABT7E5G3	28.444	225	141	4	7	231	3	207	6.56e-24	94.7	62.2
smbu06GL000029	P0C0E2	28.016	257	135	10	6	248	1	221	1.52e-21	87.8	67.1
smbu06GL000029	A0ABT7ECJ0	28.326	233	132	8	25	246	17	225	4.36e-21	87.4	61.3
smbu06GL000029	Q8RKC1	31.481	216	136	8	23	238	18	221	4.99e-21	86.3	59.7
smbu06GL000029	A5HZ37	28.745	247	143	9	5	245	2	221	6.79e-21	87.4	66.6
smbu06GL000029	D7VI15	30.275	218	135	9	22	237	17	219	6.04e-20	83.2	59.7
smbu06GL000029	A0A380JEF6	27.376	263	168	9	6	265	2	244	6.92e-20	83.6	71.8
smbu06GL000029	O34113	26.667	255	152	6	1	249	1	226	7.48e-19	81.6	68.8
smbu06GL000030	Q8RKC1	34.286	210	128	6	20	227	20	221	5.95e-29	106	68.9
smbu06GL000030	A0A380JEF6	33.188	229	142	6	1	227	2	221	2.45e-27	102	75.2
smbu06GL000030	A0ABT7ED67	33.333	219	133	5	21	238	19	225	3.84e-26	101	72.2
smbu06GL000030	A0ABT7ECJ0	31.982	222	138	8	17	235	14	225	2.03e-24	95.5	72.5
smbu06GL000030	E6K478	32.367	207	130	8	1	205	1	199	3.17e-24	94.0	67.9
smbu06GL000030	A5HZ37	27.734	256	164	7	1	255	3	238	6.82e-23	92.0	84.4
smbu06GL000030	A0A563VTD8	28.326	233	148	7	9	237	167	384	8.10e-23	93.2	75.8
smbu06GL000030	O34113	27.016	248	164	5	1	248	6	236	1.90e-22	90.9	82.1
smbu06GL000030	P0C0E2	30.328	244	140	9	1	237	1	221	3.46e-22	88.6	78.5
smbu06GL000030	A0ABT7E5G3	25.316	237	143	5	2	227	3	216	8.74e-22	87.8	74.8
smbu06GL000035	K7ZQ83	37.255	51	32	0	7	57	6	56	4.43e-06	37.7	69.9
smbu06GL000037	A0ABT7E4Y1	35.493	355	216	4	1	344	6	358	1.02e-70	221	97.7
smbu06GL000037	A0ABT7EDQ9	30.952	126	69	5	21	134	25	144	5.72e-09	50.1	32.4
smbu06GL000039	A0ABT7E4Z4	51.263	396	186	3	1	390	4	398	2.92e-138	396	99.7
smbu06GL000040	A0ABT7E903	59.732	149	60	0	1	149	1	149	1.52e-65	192	97.4
smbu06GL000044	K7ZQ81	34.694	98	56	2	36	127	198	293	1.22e-11	57.4	52.9
smbu06GL000045	K7ZQ81	25.954	262	162	11	138	382	119	365	7.86e-13	64.7	60.5
smbu06GL000055	A0ABT7EC07	28.488	172	107	6	6	173	170	329	4.23e-09	53.5	32.6
smbu06GL000055	A0ABT7EFX6	25.871	201	134	6	200	395	4	194	1.02e-04	39.7	38.1
smbu06GL000057	A0ABT7ECY1	27.500	80	54	3	69	144	112	191	1.43e-05	40.0	36.2
smbu06GL000059	Q04939	30.915	317	186	9	3	310	2	294	4.38e-37	131	91.1
smbu06GL000061	A0ABT7E7W6	65.438	217	75	0	2	218	4	220	1.97e-97	279	98.6
smbu06GL000061	A0ABT7E599	47.196	214	111	2	7	220	10	221	1.11e-64	196	97.3
smbu06GL000062	A0ABT7E766	39.231	130	75	2	6	132	4	132	9.72e-29	98.2	96.2
smbu06GL000064	A5HZ37	32.127	221	137	4	7	220	3	217	1.54e-27	108	41.2
smbu06GL000064	A5HZ37	28.761	226	147	6	259	484	3	214	1.54e-15	73.2	43.5
smbu06GL000064	E6K478	31.683	202	128	3	7	201	1	199	1.22e-25	100	37.5
smbu06GL000064	E6K478	24.171	211	147	5	275	483	20	219	7.06e-10	54.7	40.2
smbu06GL000064	P0C0E2	30.417	240	139	4	7	235	1	223	1.95e-25	100	44.0
smbu06GL000064	P0C0E2	26.106	226	144	6	259	483	1	204	3.75e-12	61.6	43.3
smbu06GL000064	A0A380JEF6	31.982	222	133	6	7	219	5	217	9.53e-25	99.0	41.0
smbu06GL000064	A0A380JEF6	24.893	233	153	8	258	482	1	219	2.97e-13	65.5	43.3
smbu06GL000064	O34113	30.942	223	127	5	7	219	6	211	1.62e-21	90.9	41.0
smbu06GL000064	O34113	26.887	212	134	6	275	483	21	214	3.57e-13	65.9	40.2
smbu06GL000064	D7VI15	30.890	191	125	3	14	201	13	199	8.42e-21	87.0	36.2
smbu06GL000064	D7VI15	22.535	213	148	6	275	483	20	219	1.24e-09	54.3	40.2
smbu06GL000064	A0ABT7E5G3	30.317	221	136	6	8	221	3	212	1.04e-20	87.4	41.2
smbu06GL000064	A0ABT7E5G3	24.242	231	136	9	260	477	3	207	1.18e-09	54.7	41.9
smbu06GL000064	Q8RKC1	28.959	221	145	5	7	219	1	217	1.20e-20	86.7	41.0
smbu06GL000064	Q8RKC1	24.889	225	155	5	262	483	7	220	4.54e-13	64.3	42.7
smbu06GL000064	O31427	28.372	215	145	3	7	220	3	209	6.08e-20	84.7	41.2
smbu06GL000064	O31427	24.454	229	149	7	259	483	3	211	6.08e-15	70.1	43.3
smbu06GL000064	Q9WVZ4	28.452	239	150	8	6	239	6	228	1.18e-19	85.5	45.0
smbu06GL000064	Q9WVZ4	23.715	253	150	8	274	503	21	253	3.25e-11	60.1	44.2
smbu06GL000067	A0ABT7E8E1	56.883	385	162	4	2	383	1	384	1.44e-159	449	98.5
smbu06GL000067	A0ABT7E5A1	52.551	392	177	6	2	384	4	395	4.85e-141	403	98.7
smbu06GL000069	A0ABT7E5L0	50.435	230	113	1	4	232	8	237	1.84e-78	232	97.4
smbu06GL000072	A0ABT7EFV6	20.444	225	143	6	1	223	1	191	7.42e-06	40.8	97.8
smbu06GL000073	Q9WW47	29.050	179	114	8	5	176	4	176	2.99e-12	58.2	89.1
smbu06GL000073	Q8KMT8	23.841	151	104	3	1	142	1	149	7.63e-09	49.3	73.6
smbu06GL000076	A0ABT7ED97	74.453	137	35	0	8	144	1	137	3.33e-72	209	95.1
smbu06GL000079	C0HMC8	49.333	75	32	2	167	239	185	255	1.02e-13	67.8	17.3
smbu06GL000079	C0HMC8	79.310	29	6	0	37	65	156	184	1.07e-08	52.0	6.9
smbu06GL000079	C0HMC8	31.694	183	57	8	206	386	25	141	3.61e-08	50.4	42.8
smbu06GL000080	A0ABT7EFP4	75.758	99	24	0	4	102	5	103	1.42e-55	163	97.1
smbu06GL000087	A0ABT7EDA8	56.604	212	90	1	1	210	1	212	1.25e-89	261	96.3
smbu06GL000091	A0ABT7EDB5	81.967	122	22	0	1	122	1	122	1.10e-60	178	100.0
smbu06GL000098	A0ABT7EDC4	68.902	164	51	0	3	166	6	169	4.18e-79	228	98.8
smbu06GL000102	A0ABT7EDC2	50.490	204	100	1	1	204	6	208	3.48e-74	219	97.1
smbu06GL000103	A0ABT7EDE3	73.611	72	19	0	1	72	1	72	1.83e-36	113	100.0
smbu06GL000104	A0ABT7EDD6	59.836	122	48	1	1	121	1	122	2.34e-48	147	100.0
smbu06GL000106	A0ABT7EFQ2	63.344	311	112	1	1	309	1	311	5.43e-147	412	99.0
smbu06GL000108	A0ABT7ECJ0	36.508	252	154	4	4	252	1	249	6.60e-46	151	89.2
smbu06GL000108	A0A380JEF6	31.373	204	135	3	22	221	20	222	2.18e-28	105	71.7
smbu06GL000108	Q8RKC1	32.456	228	138	5	4	221	1	222	2.41e-28	104	78.1
smbu06GL000108	A0A563VTD8	31.646	237	131	5	5	227	162	381	7.58e-28	106	79.9
smbu06GL000108	A0ABT7ED67	31.081	222	148	4	18	238	14	231	2.19e-27	104	79.2
smbu06GL000108	D7VI15	32.456	228	137	6	4	221	1	221	2.97e-27	101	78.1
smbu06GL000108	E6K478	32.127	221	143	6	4	219	1	219	8.14e-27	100	77.4
smbu06GL000108	A5HZ37	28.448	232	159	5	4	234	3	228	2.31e-25	98.2	82.8
smbu06GL000108	A0ABT7E5G3	31.308	214	133	6	5	213	3	207	2.60e-24	94.4	74.9
smbu06GL000108	Q9WVZ4	27.753	227	155	4	4	229	7	225	1.25e-23	93.6	81.0
smbu06GL000109	A0ABT7ECJ0	38.983	236	138	4	15	248	8	239	1.57e-47	155	81.0
smbu06GL000109	A5HZ37	32.340	235	143	7	22	252	18	240	4.79e-34	121	79.9
smbu06GL000109	A0A380JEF6	33.171	205	132	4	21	224	19	219	1.42e-30	111	70.6
smbu06GL000109	A0ABT7ED67	32.127	221	134	4	20	236	16	224	1.14e-26	102	75.1
smbu06GL000109	Q8RKC1	33.846	195	123	4	12	204	10	200	4.59e-23	90.5	66.8
smbu06GL000109	A0ABT7E5G3	29.046	241	148	7	1	232	1	227	4.89e-23	90.9	80.3
smbu06GL000109	P0C0E2	30.973	226	131	9	19	236	13	221	7.66e-23	90.1	75.4
smbu06GL000109	A0A563VTD8	28.448	232	143	8	3	228	162	376	8.40e-23	92.8	78.2
smbu06GL000109	Q9WW33	29.167	216	122	7	22	232	18	207	4.54e-22	89.4	73.0
smbu06GL000109	Q9WVZ4	24.775	222	154	5	19	239	19	228	5.52e-20	83.6	76.5
smbu06GL000111	A0ABT7EDE5	40.081	247	144	3	1	247	1	243	4.91e-59	183	99.6
smbu06GL000111	A0ABT7EB18	38.306	248	149	3	1	247	1	245	3.87e-54	171	99.6
smbu06GL000118	A0ABT7E8W3	48.961	337	163	6	10	342	1	332	2.03e-94	280	97.4
smbu06GL000120	E6K478	34.914	232	139	8	6	237	1	220	3.61e-33	118	69.5
smbu06GL000120	A0ABT7ED67	32.174	230	129	7	26	253	19	223	8.61e-29	109	68.3
smbu06GL000120	D7VI15	32.468	231	144	8	6	236	1	219	2.12e-28	105	69.2
smbu06GL000120	Q8RKC1	30.233	215	140	5	6	220	1	205	5.28e-27	102	64.4
smbu06GL000120	A0ABT7ECJ0	28.333	240	157	8	6	245	1	225	1.34e-23	94.0	71.9
smbu06GL000120	A0ABT7E5G3	29.464	224	139	5	7	230	3	207	1.38e-23	93.6	67.1
smbu06GL000120	A5HZ37	29.098	244	149	8	5	246	2	223	5.16e-22	90.1	72.5
smbu06GL000120	A0A380JEF6	27.170	265	171	10	6	267	2	247	7.42e-21	85.9	78.4
smbu06GL000120	Q9WW33	29.339	242	136	9	6	246	3	210	8.74e-19	80.9	72.2
smbu06GL000120	A0A563VTD8	28.992	238	141	9	16	247	169	384	1.23e-17	78.6	69.5
smbu06GL000121	A0ABT7ED67	31.696	224	144	4	26	249	14	228	7.50e-30	112	71.3
smbu06GL000121	A5HZ37	29.730	222	129	6	30	242	18	221	4.49e-26	100	67.8
smbu06GL000121	A0ABT7ECJ0	29.680	219	139	6	30	243	17	225	1.39e-25	99.0	68.2
smbu06GL000121	O34113	30.493	223	134	4	29	246	20	226	1.72e-25	99.4	69.4
smbu06GL000121	Q8RKC1	29.245	212	142	6	26	235	16	221	2.18e-25	97.4	66.9
smbu06GL000121	P0C0E2	29.954	217	110	6	31	234	17	204	3.85e-23	91.3	65.0
smbu06GL000121	A0A380JEF6	28.182	220	139	7	30	241	20	228	1.64e-22	90.1	67.5
smbu06GL000121	E6K478	28.342	187	124	5	30	213	20	199	2.32e-21	86.3	58.6
smbu06GL000121	Q9WW33	26.556	241	138	9	4	241	3	207	1.69e-19	82.4	75.8
smbu06GL000121	A0ABT7E5G3	27.451	204	134	5	30	232	21	211	1.72e-19	81.6	64.6
smbu06GL000127	E6K478	39.196	199	106	4	1	184	1	199	2.85e-41	135	89.3
smbu06GL000127	A0A380JEF6	38.462	208	113	5	1	193	2	209	3.01e-41	136	93.7
smbu06GL000127	D7VI15	37.688	199	109	4	1	184	1	199	6.93e-39	129	89.3
smbu06GL000127	Q8RKC1	36.634	202	112	6	1	186	1	202	1.31e-31	110	90.3
smbu06GL000127	A5HZ37	27.083	192	130	4	1	184	3	192	5.70e-23	89.7	89.3
smbu06GL000127	P0C0E2	25.758	198	141	3	1	197	1	193	2.05e-21	84.0	95.6
smbu06GL000127	A0ABT7ECJ0	26.636	214	141	8	1	200	1	212	9.60e-21	83.2	97.1
smbu06GL000127	A0ABT7E5G3	31.373	204	122	7	13	205	18	214	2.67e-19	79.0	93.7
smbu06GL000127	O31427	28.421	190	128	3	1	184	3	190	2.84e-19	78.6	89.3
smbu06GL000127	Q9WVZ4	26.829	205	145	3	1	200	7	211	9.46e-19	78.2	97.1
smbu06GL000129	A0ABT7E8E7	44.206	233	118	4	3	228	2	229	2.94e-61	187	97.8
smbu06GL000130	A0ABT7EC90	29.630	81	46	3	1	74	1	77	8.79e-04	38.5	6.2
smbu06GL000137	A0A380JEF6	28.514	249	152	9	1	237	2	236	3.42e-25	95.9	94.4
smbu06GL000137	A5HZ37	28.947	228	154	4	1	226	3	224	7.72e-23	90.9	90.0
smbu06GL000137	O31427	26.512	215	152	3	1	215	3	211	6.07e-22	87.0	85.7
smbu06GL000137	P0C0E2	28.692	237	155	5	1	237	1	223	6.66e-22	86.7	94.4
smbu06GL000137	D7VI15	30.180	222	143	7	1	214	1	218	5.67e-21	84.0	85.3
smbu06GL000137	E6K478	30.045	223	139	6	1	215	1	214	1.91e-20	82.4	85.7
smbu06GL000137	Q8RKC1	27.928	222	149	4	1	214	1	219	1.24e-19	80.5	85.3
smbu06GL000137	Q9WVZ4	25.664	226	158	4	1	224	7	224	4.82e-19	80.1	89.2
smbu06GL000137	A0ABT7ED67	27.184	206	146	2	9	214	11	212	7.89e-18	77.0	82.1
smbu06GL000137	A0ABT7ECJ0	28.216	241	155	6	1	231	1	233	1.31e-16	72.8	92.0
smbu06GL000141	Q9X563	34.783	115	72	2	1	115	1	112	3.39e-20	75.5	97.5
smbu06GL000149	A0ABT7E6R1	30.345	290	179	8	1	279	1	278	1.84e-29	110	90.6
smbu06GL000149	A0ABT7E969	19.697	264	195	7	30	286	32	285	1.09e-04	38.5	83.4
smbu06GL000149	A0ABT7E5I2	23.387	124	89	2	179	297	179	301	1.67e-04	38.1	38.6
smbu06GL000161	A0ABT7E8C4	30.859	256	159	6	7	253	3	249	6.06e-37	126	97.6
smbu06GL000161	A0A6C0VTH5	31.395	258	158	7	9	249	7	262	2.44e-30	110	95.3
smbu06GL000161	A0A0E3LZT0	24.498	249	173	7	11	249	10	253	2.16e-11	57.8	94.5
smbu06GL000165	A0ABT7EE31	43.541	209	108	4	1	201	1	207	1.20e-52	164	99.0
smbu06GL000175	A0ABT7E7G1	41.791	134	73	3	1	131	1	132	1.14e-24	89.4	100.0
smbu06GL000176	A0ABT7E7G1	50.000	46	23	0	1	46	138	183	5.96e-12	52.8	93.9
smbu06GL000177	Q9K534	46.316	95	51	0	511	605	2	96	2.65e-23	90.5	14.4
smbu06GL000179	A0ABT7E5X5	58.209	134	56	0	13	146	173	306	2.08e-53	167	90.5
smbu06GL000180	A0ABT7ECQ5	37.000	200	123	2	1	200	1	197	1.94e-34	117	100.0
smbu06GL000181	A0ABT7ECN9	63.030	330	121	1	3	331	6	335	4.36e-152	426	98.8
smbu06GL000183	A0A0P0YKB7	30.682	88	53	2	1	88	1	80	2.53e-07	43.1	55.0
smbu06GL000187	Q7B5K7	45.588	68	37	0	378	445	1	68	1.80e-14	64.3	15.1
smbu06GL000190	E6K478	39.013	223	126	5	5	220	1	220	6.20e-39	130	87.8
smbu06GL000190	A0ABT7ED67	36.515	241	137	5	6	240	4	234	2.52e-35	124	95.5
smbu06GL000190	A0A380JEF6	37.799	209	119	6	19	221	19	222	6.95e-35	121	82.5
smbu06GL000190	D7VI15	38.938	226	123	7	5	220	1	221	1.40e-34	119	87.8
smbu06GL000190	Q8RKC1	33.624	229	133	7	5	221	1	222	6.68e-32	112	88.2
smbu06GL000190	A5HZ37	32.287	223	147	2	5	227	3	221	3.03e-31	113	90.7
smbu06GL000190	A0ABT7ECJ0	32.394	213	138	5	21	230	18	227	1.28e-30	110	85.4
smbu06GL000190	A0ABT7E5G3	33.061	245	139	8	6	239	3	233	2.37e-27	101	95.1
smbu06GL000190	P0C0E2	30.415	217	140	4	5	221	1	206	5.24e-27	100	88.2
smbu06GL000190	A0A563VTD8	29.279	222	145	7	6	222	162	376	9.52e-27	102	88.2
smbu06GL000194	A0ABT7EBB0	33.813	139	74	6	62	198	121	243	1.37e-09	52.8	48.9
smbu06GL000194	A0ABT7E987	36.000	50	32	0	134	183	120	169	3.06e-04	36.2	17.9
smbu06GL000197	A0ABT7E861	29.825	171	94	5	2	172	1	145	3.40e-14	62.4	91.4
smbu06GL000198	A0ABT7E8Q9	67.073	82	27	0	11	92	4	85	7.76e-36	112	89.1
smbu06GL000207	A0ABT7E505	27.197	239	159	8	1	233	1	230	5.82e-18	75.9	97.9
smbu06GL000209	A0ABT7E8D6	63.285	207	75	1	2	207	3	209	7.42e-90	258	98.6
smbu06GL000215	A0ABT7EBZ4	43.539	356	183	6	1	345	4	352	2.77e-98	291	96.4
smbu06GL000219	A0ABT7ED13	34.677	372	231	5	9	374	7	372	7.28e-70	220	97.9
smbu06GL000219	A0ABT7EBQ0	29.538	325	207	9	8	321	5	318	2.13e-43	150	84.0
smbu06GL000220	A0ABT7ED01	64.912	114	40	0	2	115	21	134	3.63e-53	159	95.0
smbu06GL000220	Q7X3Y1	28.916	83	54	2	1	83	1	78	8.25e-07	40.4	69.2
smbu06GL000222	Q9WVY7	24.229	227	148	9	31	235	53	277	1.89e-05	41.2	65.1
smbu06GL000238	Q88ZB8	27.083	48	35	0	33	80	20	67	4.57e-04	31.6	54.5
smbu06GL000243	A0ABT7EA64	28.058	139	83	3	35	160	63	197	6.49e-05	38.5	56.5
smbu06GL000245	A0ABT7EA64	32.593	135	66	5	27	142	67	195	8.76e-10	52.8	54.5
smbu06GL000246	A0ABT7ED67	33.942	274	167	6	2	265	4	273	3.62e-47	160	67.5
smbu06GL000246	A0ABT7E5G3	34.008	247	141	7	2	235	3	240	1.53e-39	137	59.8
smbu06GL000246	A5HZ37	33.486	218	135	5	1	215	3	213	3.03e-35	127	55.0
smbu06GL000246	A0A380JEF6	34.222	225	134	6	1	216	2	221	8.03e-35	125	55.2
smbu06GL000246	E6K478	31.839	223	142	6	1	216	1	220	7.93e-34	121	55.2
smbu06GL000246	D7VI15	33.333	222	138	6	1	215	1	219	1.45e-33	120	55.0
smbu06GL000246	O34113	29.302	215	146	3	1	215	6	214	1.37e-29	112	55.0
smbu06GL000246	Q8RKC1	31.390	223	144	6	1	216	1	221	4.58e-29	108	55.2
smbu06GL000246	A0A563VTD8	33.981	206	127	4	14	216	175	374	1.01e-27	108	51.9
smbu06GL000246	P0C0E2	28.634	227	146	7	1	223	1	215	4.33e-26	100	57.0
smbu06GL000250	A0ABT7ECL9	67.480	369	120	0	5	373	3	371	0.0	548	96.9
smbu06GL000270	A0ABT7E8C4	36.965	257	149	3	7	260	1	247	4.57e-48	155	95.1
smbu06GL000270	A0A6C0VTH5	31.518	257	168	4	14	262	10	266	2.33e-31	113	93.3
smbu06GL000270	A0A0E3LZT0	28.185	259	168	6	9	259	6	254	1.14e-22	89.7	94.0
smbu06GL000282	A0ABT7ECD2	52.542	118	56	0	1	118	1	118	1.24e-38	122	99.2
smbu06GL000284	A3QMY0	37.255	51	31	1	1	50	314	364	3.75e-05	34.7	83.3
smbu06GL000284	P35878	34.545	55	35	1	1	54	196	250	1.03e-04	33.5	90.0
smbu06GL000285	P35878	24.294	177	120	5	4	178	2	166	2.59e-07	44.7	96.2
smbu06GL000285	A3QMY0	25.333	150	98	5	30	178	148	284	9.33e-06	40.4	81.9
smbu06GL000299	A0ABT7E946	28.866	97	64	3	9	100	9	105	3.41e-12	53.9	86.8
smbu06GL000299	A0ABT7E721	28.713	101	69	3	5	104	7	105	5.92e-09	45.4	94.3
smbu06GL000303	A0ABT7EC54	61.006	159	62	0	45	203	1	159	9.58e-71	208	78.3
smbu06GL000313	A3QMY0	30.038	263	174	6	1	254	104	365	2.51e-33	120	91.4
smbu06GL000313	P35878	28.099	242	168	3	17	252	4	245	3.10e-28	104	84.9
smbu06GL000322	Q04939	51.084	323	149	5	6	327	2	316	1.48e-109	318	97.6
smbu06GL000325	Q9K534	45.098	102	50	1	29	130	1	96	6.94e-23	83.6	55.7
smbu06GL000340	A0ABT7EB18	48.571	245	126	0	1	245	1	245	5.93e-80	236	99.2
smbu06GL000340	A0ABT7EDE5	42.857	245	138	2	1	245	1	243	7.96e-69	208	99.2
smbu06GL000341	A0ABT7E5X5	49.091	165	84	0	98	262	5	169	1.35e-54	174	61.8
smbu06GL000341	A0A0U1P2T3	35.821	67	43	0	4	70	11	77	1.37e-09	50.1	25.1
smbu06GL000341	A0A172Q5Z7	36.620	71	40	1	4	69	6	76	8.94e-08	45.1	24.7
smbu06GL000341	A0ABT9UVE9	34.667	75	44	1	1	70	8	82	4.53e-07	43.1	26.2
smbu06GL000341	A0A1I2VQ10	32.432	74	45	1	2	70	11	84	1.15e-06	42.0	25.8
smbu06GL000341	A0A1H8KMZ4	37.500	56	34	1	4	58	8	63	1.10e-05	39.3	20.6
smbu06GL000341	A0A0A7FWC7	33.333	72	43	1	4	70	11	82	4.61e-05	37.4	25.1
smbu06GL000341	G5KB56	35.714	56	36	0	13	68	34	89	4.84e-05	37.7	21.0
smbu06GL000341	A0ABN0CHH9	38.462	52	31	1	7	57	12	63	6.91e-05	37.0	19.1
smbu06GL000341	A0A1Y4UGK4	28.571	63	45	0	7	69	13	75	1.96e-04	35.8	23.6
smbu06GL000365	K7SVU1	25.000	256	150	7	1	230	1	240	8.39e-12	60.1	80.7
smbu06GL000366	A0ABT7ECF5	25.796	314	210	9	5	301	6	313	6.26e-22	89.4	98.0
smbu06GL000366	Q9KHK3	21.192	302	190	9	7	281	19	299	2.61e-06	43.5	90.8
smbu06GL000366	A0A6C0VV97	20.861	302	191	9	7	281	19	299	1.36e-05	41.6	90.8
smbu06GL000369	A0ABT7E4U1	25.362	138	92	5	47	181	119	248	4.42e-09	53.5	24.2
smbu06GL000375	Q7X3Y1	31.707	82	56	0	10	91	3	84	1.75e-14	60.5	72.6
smbu06GL000375	A0ABT7ED01	29.245	106	69	3	10	110	22	126	2.16e-07	42.4	89.4
smbu06GL000382	A0ABT7ECG4	37.370	289	161	9	1	277	1	281	1.26e-46	154	95.8
smbu06GL000385	P40676	23.485	132	100	1	7	137	8	139	3.47e-06	40.0	87.3
smbu06GL000392	Q9HL29	27.160	81	55	2	37	114	28	107	8.27e-04	33.5	51.3
smbu06GL000401	A0ABT7E8R9	41.429	70	38	1	13	79	2	71	1.25e-15	67.0	36.4
smbu06GL000404	A0ABT7EAX1	30.556	108	44	5	13	93	205	308	1.50e-05	37.7	75.7
smbu06GL000404	A0ABT7EAX1	38.095	42	23	1	21	59	68	109	2.57e-04	34.3	36.4
smbu06GL000424	A5HZ37	28.947	304	194	5	4	289	3	302	5.37e-36	127	97.6
smbu06GL000424	O34113	32.016	253	163	6	1	248	3	251	4.58e-34	122	84.6
smbu06GL000424	P0C0E2	31.776	214	140	3	4	215	1	210	2.10e-30	110	72.4
smbu06GL000424	Q9WVZ4	31.250	240	146	6	4	232	7	238	1.40e-29	110	78.2
smbu06GL000424	O31427	29.439	214	144	3	3	211	2	213	8.44e-29	106	71.3
smbu06GL000424	K7ZLT3	30.612	196	111	3	30	217	6	184	1.61e-23	92.8	64.2
smbu06GL000424	L0N6P3	29.954	217	122	4	30	240	6	198	1.21e-21	87.4	72.0
smbu06GL000424	A0A563VTD8	29.469	207	133	5	20	217	179	381	4.68e-21	87.8	67.6
smbu06GL000424	P71009	29.744	195	123	4	20	203	20	211	6.51e-20	82.4	62.8
smbu06GL000424	Q9WW33	26.941	219	136	8	4	214	3	205	8.60e-20	82.8	72.0
smbu06GL000434	Q04939	29.450	309	187	8	3	301	2	289	1.66e-23	94.7	87.7
smbu06GL000436	A0ABT7E6I7	51.456	206	99	1	1	206	1	205	1.32e-68	206	93.2
smbu06GL000438	Q9K534	53.191	94	43	1	573	665	1	94	1.09e-25	97.4	12.9
smbu06GL000442	A0ABT7EBU8	34.483	116	64	7	41	144	34	149	2.94e-09	48.5	70.7
smbu06GL000446	A0A6C0VTF8	23.549	293	201	8	156	435	13	295	5.34e-13	65.5	57.1
smbu06GL000450	A0ABT7EEU7	49.451	182	91	1	10	191	2	182	5.89e-63	189	93.8
smbu06GL000453	D7VI15	40.807	223	130	2	1	222	1	222	2.40e-57	191	28.5
smbu06GL000453	Q8RKC1	44.843	223	120	2	1	221	1	222	4.94e-57	190	28.4
smbu06GL000453	E6K478	40.455	220	129	2	1	219	1	219	4.12e-52	176	28.1
smbu06GL000453	A0A380JEF6	40.000	220	128	3	1	218	2	219	8.47e-48	165	28.0
smbu06GL000453	A0ABT7E5G3	35.745	235	136	4	2	231	3	227	3.60e-31	118	29.6
smbu06GL000453	A0ABT7ED67	34.615	208	128	3	19	224	17	218	2.06e-30	118	26.5
smbu06GL000453	A5HZ37	30.909	220	142	4	1	219	3	213	1.15e-24	100	28.1
smbu06GL000453	Q9WW33	32.338	201	117	3	20	219	18	200	7.02e-23	95.5	25.7
smbu06GL000453	O31427	28.384	229	151	4	1	227	3	220	1.33e-22	93.2	29.2
smbu06GL000453	P0C0E2	29.018	224	142	5	1	223	1	208	3.97e-21	88.6	28.7
smbu06GL000454	A0ABT7EAN8	36.866	217	130	4	4	218	5	216	1.17e-40	134	96.8
smbu06GL000454	A0ABT7EFJ6	33.036	224	142	5	1	219	1	221	2.20e-40	134	98.6
smbu06GL000454	A0ABT7EAS7	32.766	235	140	3	1	219	1	233	4.41e-36	123	98.6
smbu06GL000454	A0ABT7EB85	32.751	229	144	3	1	220	1	228	4.68e-35	120	99.1
smbu06GL000454	A0ABT7E6A1	31.839	223	143	3	4	219	5	225	4.38e-34	117	97.3
smbu06GL000454	A0ABT7E962	32.727	220	141	4	3	218	2	218	5.49e-34	117	97.3
smbu06GL000454	Q9ZEG3	31.193	218	148	2	1	218	1	216	7.14e-34	117	98.2
smbu06GL000454	A0A286N5V9	31.050	219	149	2	1	219	1	217	2.92e-33	115	98.6
smbu06GL000454	A0ABT7E6F0	33.761	234	136	8	1	219	1	230	3.44e-32	113	98.6
smbu06GL000454	A0A286N5V3	29.730	222	146	4	3	219	2	218	1.52e-30	108	97.7
smbu06GL000455	A0ABT7E9W8	24.878	205	149	3	133	335	87	288	1.39e-16	74.7	58.5
smbu06GL000455	A0ABT7E9R1	26.506	249	158	10	108	346	93	326	8.96e-05	39.3	68.9
smbu06GL000456	K7SVU1	26.568	271	182	5	2	264	1	262	2.90e-19	81.6	89.5
smbu06GL000464	A0A380JEF6	47.773	247	121	4	4	246	2	244	4.36e-75	224	97.2
smbu06GL000464	E6K478	42.727	220	124	2	4	223	1	218	2.86e-61	188	88.0
smbu06GL000464	Q8RKC1	39.545	220	132	1	4	223	1	219	1.36e-59	184	88.0
smbu06GL000464	D7VI15	38.222	225	137	2	4	228	1	223	3.89e-57	177	90.0
smbu06GL000464	A5HZ37	34.091	220	135	4	4	223	3	212	4.09e-33	118	88.0
smbu06GL000464	A0ABT7E5G3	30.435	207	134	2	5	211	3	199	8.99e-32	113	82.8
smbu06GL000464	A0ABT7ED67	32.843	204	130	2	23	225	17	214	4.71e-27	102	81.2
smbu06GL000464	A0ABT7ECJ0	33.654	208	131	5	19	223	12	215	7.99e-24	92.8	82.0
smbu06GL000464	O31427	26.693	251	163	8	3	248	2	236	8.44e-22	86.7	98.4
smbu06GL000464	Q9WVZ4	27.941	204	137	3	1	204	1	194	6.92e-21	85.5	81.6
smbu06GL000470	A0ABT7EC21	50.382	131	65	0	1	131	1	131	2.55e-42	132	100.0
smbu06GL000470	A0ABT7E5I3	48.092	131	68	0	1	131	1	131	4.30e-42	131	100.0
smbu06GL000471	A0ABT7E969	39.858	281	166	3	1	281	21	298	5.96e-63	196	97.9
smbu06GL000471	A0ABT7E5I2	38.545	275	166	3	1	275	21	292	4.05e-61	192	95.8
smbu06GL000471	A0ABT7E6R1	25.000	248	164	9	3	237	21	259	1.62e-05	40.8	81.9
smbu06GL000472	Q04939	29.393	313	198	8	6	311	2	298	2.20e-31	116	90.8
smbu06GL000474	D7VI15	43.128	211	114	3	26	231	9	218	2.69e-55	173	83.1
smbu06GL000474	E6K478	39.908	218	125	3	19	231	2	218	2.37e-54	170	85.9
smbu06GL000474	Q8RKC1	38.991	218	128	2	19	231	2	219	2.53e-50	160	85.9
smbu06GL000474	A0A380JEF6	40.359	223	117	4	19	231	3	219	2.72e-49	158	85.9
smbu06GL000474	A0ABT7E5G3	35.514	214	119	4	19	224	3	205	1.28e-34	120	83.1
smbu06GL000474	A0ABT7ED67	31.019	216	133	4	39	244	20	229	1.02e-28	107	83.1
smbu06GL000474	Q9WVZ4	35.176	199	115	4	39	231	24	214	1.33e-27	103	77.8
smbu06GL000474	O31427	31.982	222	133	6	16	231	1	210	7.26e-27	100	87.1
smbu06GL000474	A5HZ37	32.178	202	116	6	19	212	4	192	1.46e-25	98.2	78.2
smbu06GL000474	O34113	32.474	194	125	3	40	231	24	213	4.69e-23	91.3	77.4
smbu06GL000479	Q38Y65	27.600	250	165	3	1	242	1	242	1.07e-33	117	100.0
smbu06GL000479	Q48871	27.600	250	165	3	1	242	1	242	1.61e-33	117	100.0
smbu06GL000479	A0A0R1K7C3	27.459	244	173	3	1	242	1	242	4.22e-31	111	100.0
smbu06GL000479	F2Y392	27.823	248	163	3	1	240	1	240	3.95e-30	108	99.2
smbu06GL000479	Q7B5J6	27.823	248	163	3	1	240	1	240	4.12e-30	108	99.2
smbu06GL000479	Q1WFD4	27.823	248	163	3	1	240	1	240	5.14e-30	108	99.2
smbu06GL000479	Q48830	27.823	248	163	3	1	240	1	240	5.42e-30	108	99.2
smbu06GL000479	Q8DS93	30.453	243	162	7	1	240	1	239	8.46e-27	99.8	99.2
smbu06GL000479	Q9REY4	31.169	231	137	6	3	222	4	223	3.80e-25	95.5	90.9
smbu06GL000479	A9Q0N5	31.696	224	149	3	4	227	3	222	3.84e-25	95.5	92.6
smbu06GL000482	A0A0P0YKI0	24.841	157	113	3	6	159	2	156	1.87e-06	42.4	77.0
smbu06GL000488	P71009	44.444	54	23	2	54	102	115	166	1.14e-04	35.4	41.5
smbu06GL000492	A0ABT7E994	39.414	307	174	8	1	304	1	298	1.16e-71	219	99.7
smbu06GL000493	A0ABT7E8F2	42.935	184	105	0	1	184	1	184	3.57e-51	159	98.4
smbu06GL000495	A0ABT7E779	44.898	49	26	1	207	254	10	58	8.96e-08	47.8	18.8
smbu06GL000498	A0ABT7EBA2	38.914	221	126	5	3	214	4	224	3.73e-46	152	79.7
smbu06GL000499	A0ABT7E9Q4	48.264	288	148	1	10	297	2	288	4.64e-94	276	95.4
smbu06GL000499	A0ABT7EBA0	44.561	285	157	1	8	292	1	284	3.57e-92	271	94.4
smbu06GL000500	A0ABT7EC65	39.749	239	128	4	9	233	11	247	2.48e-61	189	94.5
smbu06GL000500	A0ABT7EBA1	37.751	249	139	5	1	233	2	250	1.11e-49	159	97.9
smbu06GL000501	A0ABT7EBB0	57.778	225	94	1	6	229	19	243	1.68e-85	249	97.0
smbu06GL000501	A0ABT7E987	30.275	109	74	1	107	213	62	170	1.06e-09	51.6	46.3
smbu06GL000502	A0ABT7EB99	55.280	322	142	2	1	320	9	330	4.73e-126	360	98.5
smbu06GL000502	A0ABT7EDT7	48.750	320	162	2	1	318	9	328	1.28e-109	318	97.8
smbu06GL000502	A0ABT7EAX9	23.837	172	104	4	100	266	133	282	2.48e-04	37.7	51.4
smbu06GL000505	A0ABT7ECP4	21.561	269	181	11	108	365	121	370	1.19e-04	39.3	66.3
smbu06GL000506	A0ABT7E723	22.951	244	144	9	59	286	68	283	2.06e-07	48.1	49.7
smbu06GL000509	A0ABT7EFM9	28.349	321	190	11	9	317	52	344	2.19e-27	107	77.8
smbu06GL000509	O85789	30.303	99	64	1	16	109	1	99	9.05e-15	65.9	23.7
smbu06GL000509	A7BIW6	30.303	99	64	1	16	109	1	99	1.20e-14	65.5	23.7
smbu06GL000518	A5HZ37	31.278	227	139	5	6	224	4	221	1.87e-27	103	88.3
smbu06GL000518	A0ABT7ECJ0	30.263	228	151	5	8	229	4	229	4.51e-27	101	89.5
smbu06GL000518	P0C0E2	28.571	231	147	3	6	228	2	222	1.34e-26	99.0	89.9
smbu06GL000518	O31427	31.651	218	121	4	6	211	4	205	7.03e-26	97.4	83.1
smbu06GL000518	A0A380JEF6	27.004	237	158	7	6	234	3	232	1.67e-21	85.9	92.3
smbu06GL000518	Q9WW33	25.455	220	146	6	6	223	4	207	7.98e-20	82.0	87.9
smbu06GL000518	E6K478	26.906	223	146	4	6	216	2	219	4.11e-19	79.0	85.1
smbu06GL000518	A0ABT7ED67	30.660	212	137	5	4	211	2	207	4.15e-18	77.8	83.9
smbu06GL000518	P71009	25.726	241	171	5	4	240	2	238	1.81e-17	74.7	95.6
smbu06GL000518	D7VI15	28.986	207	128	5	6	199	2	202	1.24e-16	72.0	78.2
smbu06GL000549	A0A2N9DWZ8	66.518	224	75	0	21	244	1	224	1.95e-114	323	91.8
smbu06GL000549	K9AS40	46.154	221	118	1	23	243	2	221	4.48e-73	218	90.6
smbu06GL000549	A0ABT7EBC4	44.318	176	95	3	68	241	48	222	9.68e-45	145	71.3
smbu06GL000549	A0ABT7E929	35.455	220	137	4	24	241	6	222	2.19e-38	129	89.3
smbu06GL000549	A0ABT7EAS7	29.487	234	150	2	21	241	1	232	6.43e-37	126	90.6
smbu06GL000549	A0ABT7EAN8	32.273	220	143	2	22	241	3	216	6.22e-35	120	90.2
smbu06GL000549	A0ABT7EB85	32.456	228	149	2	21	243	1	228	1.66e-34	119	91.4
smbu06GL000549	A0A286N5V9	36.161	224	132	7	21	241	1	216	1.67e-34	119	90.6
smbu06GL000549	A0ABT7E6A1	32.743	226	145	3	21	241	1	224	3.52e-34	118	90.6
smbu06GL000549	A0A286N5V3	31.364	220	146	4	23	241	2	217	8.30e-33	115	89.8
smbu06GL000550	A0ABT7E7P7	33.762	311	189	5	40	338	5	310	8.18e-55	177	87.7
smbu06GL000550	A0ABT7E9R1	26.562	320	226	6	16	331	10	324	8.50e-34	122	92.7
smbu06GL000550	A0ABT7E9W8	23.828	256	161	10	77	318	50	285	2.41e-05	40.8	71.0
smbu06GL000557	A0ABT7E5L0	27.841	176	107	5	30	198	48	210	7.25e-06	41.2	73.5
smbu06GL000563	A0ABT7ECV5	46.624	311	160	3	10	316	8	316	3.78e-96	283	94.8
smbu06GL000564	A0ABT7E8K1	43.733	375	206	5	11	383	2	373	7.45e-103	305	95.9
smbu06GL000564	A0ABT7E996	26.700	397	249	11	15	388	3	380	1.25e-28	110	96.1
smbu06GL000574	A0ABT7E8L3	42.582	364	194	5	6	361	2	358	3.43e-97	289	95.4
smbu06GL000577	A0ABT7E996	22.581	124	91	2	71	192	55	175	1.17e-04	39.3	32.8
smbu06GL000577	A0ABT7E8K1	27.000	200	119	7	65	256	50	230	1.18e-04	39.3	51.6
smbu06GL000584	A0ABT7E6Q5	46.552	116	58	2	34	149	47	158	7.82e-31	105	75.3
smbu06GL000587	K7SVU1	26.250	240	160	5	2	224	3	242	2.40e-12	61.6	79.6
smbu06GL000588	A0ABT7E801	28.934	394	238	11	1	382	6	369	3.15e-40	142	96.7
smbu06GL000590	A0ABT7EFU9	29.630	108	74	2	6	112	7	113	3.96e-13	57.0	95.5
smbu06GL000591	Q8RKC1	36.564	227	142	2	3	228	1	226	1.81e-51	166	65.7
smbu06GL000591	A0A380JEF6	36.323	223	139	3	3	224	2	222	1.89e-47	157	64.5
smbu06GL000591	E6K478	38.500	200	121	2	3	201	1	199	4.54e-45	149	57.8
smbu06GL000591	D7VI15	36.771	223	138	3	3	224	1	221	1.44e-43	145	64.5
smbu06GL000591	A5HZ37	32.444	225	143	4	1	225	1	216	2.76e-39	137	65.4
smbu06GL000591	A0ABT7ED67	36.752	234	139	2	1	234	1	225	5.77e-39	137	68.0
smbu06GL000591	A0ABT7ECJ0	36.449	214	127	7	22	231	17	225	3.20e-34	122	61.0
smbu06GL000591	O34113	32.353	238	154	2	11	248	10	240	8.01e-34	122	69.2
smbu06GL000591	A0ABT7E5G3	32.287	223	141	3	4	224	3	217	5.01e-30	111	64.2
smbu06GL000591	A0A563VTD8	34.884	215	113	7	23	226	179	377	1.60e-28	110	59.3
smbu06GL000592	A0ABT7EA64	25.000	156	100	3	24	173	60	204	8.75e-07	44.3	65.8
smbu06GL000594	A0A563VTD8	28.378	222	129	11	19	231	179	379	7.31e-15	68.9	82.9
smbu06GL000594	A5HZ37	24.786	234	158	6	1	231	1	219	5.92e-14	65.9	89.9
smbu06GL000594	A0ABT7ED67	28.319	226	146	6	1	224	1	212	6.98e-13	63.2	87.2
smbu06GL000594	P0C0E2	24.681	235	158	6	3	237	1	216	8.04e-12	58.9	91.4
smbu06GL000594	O31427	24.675	231	148	8	1	225	1	211	1.21e-11	58.5	87.5
smbu06GL000594	Q9WW33	27.004	237	132	11	1	229	1	204	4.33e-11	57.4	89.1
smbu06GL000594	Q8RKC1	26.471	204	133	6	14	211	16	208	1.34e-10	55.5	77.0
smbu06GL000594	O34113	27.778	234	139	9	3	228	6	217	1.91e-09	52.8	87.9
smbu06GL000594	Q9RAV2	22.870	223	145	5	3	225	2	197	1.91e-09	52.0	86.8
smbu06GL000594	A0ABT7ECJ0	25.316	237	148	9	3	228	1	219	3.74e-09	51.6	87.9
smbu06GL000596	A0ABT7E996	31.152	382	250	7	24	400	3	376	1.73e-60	197	91.7
smbu06GL000596	A0ABT7E8K1	27.684	354	223	8	24	370	6	333	9.27e-35	128	84.4
smbu06GL000599	K7ZQ81	27.457	346	207	11	39	362	33	356	4.91e-20	86.3	85.3
smbu06GL000613	D7VI15	34.973	183	119	0	25	207	31	213	1.50e-37	126	88.4
smbu06GL000613	E6K478	32.447	188	127	0	20	207	26	213	7.13e-36	121	90.8
smbu06GL000613	A0A380JEF6	29.381	194	134	2	17	207	21	214	1.99e-28	103	92.3
smbu06GL000613	Q8RKC1	32.086	187	120	4	25	207	31	214	9.57e-28	100	88.4
smbu06GL000613	A0ABT7ECJ0	29.213	178	109	7	25	194	28	196	4.25e-16	70.5	82.1
smbu06GL000613	A0ABT7ED67	31.351	185	120	3	11	194	15	193	1.86e-15	69.3	88.9
smbu06GL000613	A0ABT7E5G3	30.994	171	108	4	25	194	32	193	5.07e-15	67.4	82.1
smbu06GL000613	A5HZ37	26.531	196	131	5	2	193	6	192	4.70e-12	59.3	92.8
smbu06GL000613	Q9WVZ4	24.242	198	125	6	5	193	13	194	1.66e-09	52.0	91.3
smbu06GL000613	K2GK60	36.508	63	39	1	135	197	35	96	3.01e-09	48.9	30.4
smbu06GL000622	Q48867	28.659	164	107	5	52	209	58	217	1.48e-14	66.6	64.2
smbu06GL000622	Q38Y65	26.842	190	128	5	52	235	55	239	3.33e-13	62.8	74.8
smbu06GL000622	Q48871	26.842	190	128	5	52	235	55	239	4.47e-13	62.4	74.8
smbu06GL000622	O32833	22.511	231	168	5	5	227	8	235	7.94e-12	58.9	90.7
smbu06GL000622	Q9REY4	26.446	121	73	2	24	129	16	135	4.84e-10	53.9	43.1
smbu06GL000622	Q8DS93	25.431	232	161	8	5	227	5	233	5.07e-10	53.9	90.7
smbu06GL000622	Q93QD0	28.571	112	75	2	52	158	58	169	1.02e-09	52.8	43.5
smbu06GL000622	A7BIV8	30.769	78	54	0	52	129	58	135	1.70e-09	52.4	31.7
smbu06GL000622	Q9X474	30.769	78	54	0	52	129	58	135	1.74e-09	52.4	31.7
smbu06GL000622	A0A0R1K7C3	20.000	245	180	7	1	235	1	239	5.97e-07	44.7	95.5
smbu06GL000627	Q9X566	35.036	274	177	1	1	274	1	273	1.22e-52	169	96.8
smbu06GL000628	Q9K534	61.053	95	37	0	495	589	2	96	3.73e-35	124	14.8
smbu06GL000629	Q9K532	76.667	30	7	0	356	385	1	30	2.48e-11	53.9	6.2
smbu06GL000640	Q04939	31.667	120	81	1	1	119	1	120	2.36e-10	56.2	36.8
smbu06GL000649	A0ABT7E6I7	25.121	207	141	7	5	201	6	208	8.62e-12	58.2	88.3
smbu06GL000651	Q8RKC1	39.035	228	137	2	3	229	1	227	1.80e-53	172	63.2
smbu06GL000651	E6K478	37.838	222	135	3	3	223	1	220	1.07e-46	154	61.6
smbu06GL000651	D7VI15	36.199	221	138	3	3	222	1	219	5.70e-46	152	61.3
smbu06GL000651	A5HZ37	34.222	225	139	3	1	225	1	216	2.50e-41	143	62.7
smbu06GL000651	A0A380JEF6	32.524	206	137	2	20	224	18	222	1.56e-39	136	57.1
smbu06GL000651	A0ABT7ED67	34.978	223	140	2	21	243	17	234	2.52e-36	130	62.1
smbu06GL000651	A0ABT7ECJ0	35.000	220	136	6	15	231	10	225	3.13e-34	123	60.4
smbu06GL000651	A0A563VTD8	30.568	229	142	7	11	233	167	384	2.86e-26	103	62.1
smbu06GL000651	O34113	28.685	251	171	3	22	271	21	264	3.46e-26	102	69.6
smbu06GL000651	Q9WVZ4	25.564	266	182	4	2	262	6	260	3.36e-25	99.8	72.7
smbu06GL000662	O31427	28.824	170	105	3	313	466	2	171	8.08e-12	60.8	30.8
smbu06GL000662	O31427	26.360	239	136	10	1	210	1	228	1.09e-08	51.6	42.0
smbu06GL000662	A0ABV2J8Y4	31.492	181	107	7	4	172	198	373	1.24e-11	61.6	33.8
smbu06GL000662	A0ABV2J8Y4	25.150	167	109	6	328	483	212	373	3.57e-07	47.8	31.2
smbu06GL000662	Q9WW33	23.276	232	163	8	1	221	1	228	1.54e-11	60.5	44.2
smbu06GL000662	Q9WW33	26.627	169	102	8	343	497	34	194	1.70e-07	48.1	31.0
smbu06GL000662	A0ABT7ECJ0	24.771	218	134	7	5	194	3	218	2.20e-11	60.1	38.0
smbu06GL000662	A0ABT7ECJ0	22.936	218	130	8	314	499	1	212	1.61e-07	48.1	37.2
smbu06GL000662	P71009	28.824	170	97	6	314	460	3	171	3.48e-10	55.8	29.4
smbu06GL000662	P71009	24.797	246	149	11	1	217	1	239	5.73e-06	43.1	43.4
smbu06GL000662	Q8RKC1	24.865	185	99	7	332	483	24	201	9.34e-09	51.6	30.4
smbu06GL000662	P0C0E2	26.163	172	108	5	314	470	1	168	1.50e-08	50.8	31.4
smbu06GL000662	P0C0E2	20.853	211	139	6	4	193	2	205	3.01e-04	37.7	38.0
smbu06GL000662	A0A0P0YKH1	30.201	149	89	5	36	172	31	176	1.84e-08	50.1	27.4
smbu06GL000662	Q9RAV2	25.789	190	130	5	12	191	8	196	6.93e-08	48.5	36.0
smbu06GL000662	A0A563VTD8	24.859	177	112	5	327	482	177	353	1.68e-07	48.9	31.2
smbu06GL000662	A0A563VTD8	23.874	222	139	8	3	198	161	378	1.56e-06	45.8	39.2
smbu06GL000663	A0ABT7EFV6	28.333	180	109	4	15	181	4	176	3.42e-20	79.7	88.8
smbu06GL000665	A0ABT7E619	55.369	298	133	0	1	298	1	298	6.10e-111	319	100.0
smbu06GL000666	Q9K534	39.286	84	51	0	520	603	11	94	1.09e-16	71.6	12.7
smbu06GL000671	O34113	36.149	296	181	5	2	291	5	298	3.26e-58	185	96.3
smbu06GL000671	P0C0E2	39.806	206	119	2	4	207	2	204	4.37e-49	159	67.8
smbu06GL000671	Q9WVZ4	33.333	216	140	2	4	215	8	223	3.94e-34	122	70.4
smbu06GL000671	A5HZ37	25.000	304	214	5	1	291	1	303	6.26e-30	111	96.7
smbu06GL000671	Q9WW33	28.906	256	155	6	1	245	1	240	2.18e-28	106	81.4
smbu06GL000671	O31427	29.956	227	149	3	1	220	1	224	9.65e-27	100	73.1
smbu06GL000671	L0N6P3	30.952	210	118	3	28	232	5	192	1.47e-24	95.9	68.1
smbu06GL000671	K7ZLT3	28.497	193	120	2	28	215	5	184	2.86e-22	89.4	62.5
smbu06GL000671	A0ABT7ECJ0	30.542	203	123	4	18	206	17	215	1.50e-21	87.8	62.8
smbu06GL000671	Q9RAV2	26.761	213	145	4	3	214	2	204	3.50e-21	85.5	70.4
smbu06GL000675	D7VI15	37.624	202	122	1	3	200	1	202	5.94e-45	145	86.8
smbu06GL000675	E6K478	33.180	217	132	4	3	209	1	214	4.99e-39	130	90.8
smbu06GL000675	A0A380JEF6	34.061	229	136	5	3	220	2	226	8.24e-39	130	95.6
smbu06GL000675	Q8RKC1	34.389	221	126	6	3	211	1	214	4.52e-34	117	91.7
smbu06GL000675	A5HZ37	29.703	202	127	4	1	197	1	192	3.45e-23	90.9	86.4
smbu06GL000675	A0ABT7E5G3	31.683	202	120	5	4	198	3	193	2.59e-18	76.6	85.5
smbu06GL000675	Q9WVZ4	31.683	202	117	8	3	197	7	194	7.02e-17	73.6	85.5
smbu06GL000675	A0ABT7ED67	27.723	202	133	4	1	198	1	193	2.72e-16	72.4	86.8
smbu06GL000675	A0ABT7ECJ0	29.474	190	123	7	14	198	13	196	2.04e-14	66.2	81.1
smbu06GL000675	O31427	27.189	217	140	5	1	211	1	205	5.23e-14	64.7	92.5
smbu06GL000677	A0A1T4LAN3	43.519	108	59	2	16	121	53	160	3.16e-24	87.4	80.9
smbu06GL000677	A0ABU0L1D9	38.889	72	40	3	50	119	50	119	3.42e-08	45.1	53.4
smbu06GL000677	A0ABD7ZAR9	33.043	115	67	4	13	119	25	137	4.69e-07	42.0	81.7
smbu06GL000677	A0ABS5UPF1	31.000	100	62	3	33	130	35	129	1.37e-06	40.4	74.8
smbu06GL000677	A0A543AUP5	38.235	68	38	2	62	129	55	118	1.64e-06	40.0	51.9
smbu06GL000677	A0ABV2V9G6	27.957	93	58	2	38	130	48	131	5.57e-05	36.2	71.0
smbu06GL000677	A0A975AWB9	35.294	68	40	1	62	129	55	118	6.63e-05	35.8	51.9
smbu06GL000677	A0A543AUK5	28.319	113	61	3	17	129	28	120	1.09e-04	35.0	86.3
smbu06GL000677	A0A0X3V817	26.882	93	59	2	38	130	4	87	1.32e-04	34.3	71.0
smbu06GL000677	A0A7D3XZH8	35.526	76	41	3	49	119	28	100	3.54e-04	33.5	54.2
smbu06GL000684	A0ABT7EBU8	35.385	65	42	0	119	183	67	131	4.58e-09	48.9	33.0
smbu06GL000690	A0ABT7EBU8	28.814	59	41	1	93	151	73	130	8.20e-04	33.9	33.9
smbu06GL000694	A0ABT7EC96	47.195	303	155	2	1	298	1	303	1.58e-96	283	95.8
smbu06GL000704	A0ABT7E863	50.556	180	87	1	2	181	5	182	4.15e-62	193	98.4
smbu06GL000705	A0ABT7E863	28.000	250	125	11	3	241	190	395	2.21e-13	64.3	97.6
smbu06GL000707	A0ABQ0BKX1	30.769	65	45	0	1	65	1	65	3.75e-05	36.2	36.1
smbu06GL000708	A0ABT7ED67	44.043	277	149	2	10	285	8	279	1.04e-74	231	76.5
smbu06GL000708	A0ABT7E5G3	45.226	199	104	3	20	216	21	216	3.55e-47	156	54.6
smbu06GL000708	E6K478	33.333	222	136	4	5	216	1	220	3.61e-35	124	58.7
smbu06GL000708	A0A380JEF6	34.483	203	126	4	20	216	20	221	4.63e-35	124	54.6
smbu06GL000708	Q9WVZ4	31.776	214	144	1	5	218	7	218	1.70e-32	119	59.3
smbu06GL000708	A0A563VTD8	33.906	233	136	7	6	230	162	384	3.75e-32	120	62.3
smbu06GL000708	A5HZ37	27.907	215	153	2	5	218	3	216	9.70e-32	117	59.3
smbu06GL000708	Q8RKC1	31.532	222	141	4	5	216	1	221	2.53e-31	114	58.7
smbu06GL000708	P0C0E2	31.308	214	134	5	5	215	1	204	6.80e-31	113	58.4
smbu06GL000708	D7VI15	31.220	205	130	3	5	199	1	204	5.62e-30	110	54.0
smbu06GL000710	A0ABT7EA64	27.374	179	111	7	42	210	43	212	7.07e-06	42.0	61.5
smbu06GL000715	O31427	29.952	207	141	2	1	204	3	208	1.04e-31	112	80.0
smbu06GL000715	Q9WVZ4	33.058	242	151	6	18	254	23	258	1.70e-31	114	92.9
smbu06GL000715	K7ZLT3	35.602	191	108	3	28	215	6	184	1.41e-30	110	73.7
smbu06GL000715	A5HZ37	27.632	228	151	5	1	219	3	225	1.70e-29	108	85.9
smbu06GL000715	P71009	29.187	209	140	2	1	201	3	211	4.84e-29	105	78.8
smbu06GL000715	O34113	34.010	197	119	5	15	204	19	211	1.57e-28	106	74.5
smbu06GL000715	L0N6P3	34.234	222	123	5	28	240	6	213	6.89e-28	103	83.5
smbu06GL000715	P0C0E2	31.731	208	137	5	1	207	1	204	4.33e-27	100	81.2
smbu06GL000715	A0ABT7ECJ0	30.364	247	153	4	1	234	1	241	5.50e-23	90.5	91.8
smbu06GL000715	Q9WW33	30.653	199	120	7	17	210	18	203	6.53e-20	82.4	76.1
smbu06GL000717	A0A1B3IR29	33.628	113	65	4	112	218	49	157	1.09e-11	57.4	45.9
smbu06GL000717	C7G1H0	34.615	104	58	4	112	209	49	148	9.48e-11	54.3	42.1
smbu06GL000717	P68569	27.692	130	86	3	97	225	7	129	3.62e-08	46.6	55.4
smbu06GL000717	I6VW48	25.000	80	55	2	136	211	36	114	6.37e-07	43.5	32.6
smbu06GL000717	Q7WZ02	27.711	83	52	1	143	217	75	157	3.28e-06	41.6	32.2
smbu06GL000717	P37249	27.711	83	52	1	143	217	75	157	3.41e-06	41.6	32.2
smbu06GL000717	Q7WZ01	27.711	83	52	1	143	217	75	157	3.86e-06	41.6	32.2
smbu06GL000717	Q9EZB1	27.711	83	52	1	143	217	75	157	4.71e-06	41.2	32.2
smbu06GL000717	A0A0G4DCL1	21.505	93	70	2	121	210	24	116	8.29e-06	40.4	38.6
smbu06GL000717	A0A1B3IR30	29.474	95	61	4	121	213	29	119	1.94e-05	38.9	39.9
smbu06GL000721	Q9WW33	27.692	260	135	9	19	272	1	213	8.68e-17	77.0	38.4
smbu06GL000721	Q9WW33	27.604	192	130	7	365	550	22	210	2.15e-05	42.4	28.1
smbu06GL000721	O34113	26.877	253	141	9	21	266	6	221	4.26e-14	68.9	37.2
smbu06GL000721	O34113	25.822	213	135	8	365	561	25	230	7.30e-04	37.4	29.8
smbu06GL000721	Q8RKC1	24.390	246	113	8	21	238	1	201	6.32e-13	64.3	32.9
smbu06GL000721	Q8RKC1	29.508	183	96	7	365	519	24	201	1.30e-11	60.5	23.4
smbu06GL000721	P0C0E2	25.792	221	122	7	21	237	1	183	9.05e-13	63.9	32.8
smbu06GL000721	P0C0E2	28.049	164	97	5	346	495	1	157	2.06e-08	50.8	22.7
smbu06GL000721	O31427	24.686	239	135	7	19	249	1	202	1.07e-12	63.9	34.9
smbu06GL000721	O31427	24.638	207	129	5	346	531	3	203	8.63e-08	49.3	28.1
smbu06GL000721	K2GK60	37.975	79	47	1	181	257	34	112	1.22e-12	60.8	11.6
smbu06GL000721	K2GK60	37.975	79	41	2	464	537	36	111	3.20e-10	53.9	11.2
smbu06GL000721	P71009	26.699	206	121	7	35	237	18	196	3.46e-12	62.4	30.7
smbu06GL000721	P71009	27.179	195	119	6	346	518	3	196	6.85e-09	52.4	26.1
smbu06GL000721	A0A563VTD8	25.847	236	141	8	37	269	179	383	5.79e-12	63.5	35.2
smbu06GL000721	A0A563VTD8	25.116	215	125	7	363	551	180	384	1.64e-07	49.3	28.5
smbu06GL000721	A0ABT7ED67	27.523	218	123	6	26	239	8	194	2.94e-11	60.8	32.3
smbu06GL000721	A0ABT7ED67	26.316	190	107	4	356	520	13	194	3.29e-08	51.2	24.9
smbu06GL000721	A0ABV2J8Y4	26.108	203	109	7	36	238	212	373	3.46e-11	60.8	30.7
smbu06GL000721	A0ABV2J8Y4	27.778	180	121	4	346	519	197	373	1.63e-07	49.3	26.3
smbu06GL000723	A0ABT7E721	24.000	75	55	1	13	85	11	85	1.45e-05	37.0	61.3
smbu06GL000723	A0ABT7E946	23.469	98	72	2	3	97	1	98	1.81e-05	36.6	79.8
smbu06GL000723	P68569	21.212	99	74	2	8	102	35	133	1.97e-05	37.0	79.8
smbu06GL000723	A0A660DWE4	26.250	80	40	2	23	85	78	155	2.56e-04	34.3	52.9
smbu06GL000726	A7BIV8	27.439	164	112	4	59	220	58	216	1.19e-11	58.5	62.8
smbu06GL000726	A0A0R1K7C3	20.000	195	153	2	59	252	55	247	1.30e-11	58.5	75.2
smbu06GL000726	Q9X474	27.439	164	112	4	59	220	58	216	1.36e-11	58.5	62.8
smbu06GL000726	Q48871	24.000	200	137	7	59	249	55	248	1.85e-11	58.2	74.0
smbu06GL000726	Q38Y65	23.500	200	138	7	59	249	55	248	3.16e-11	57.4	74.0
smbu06GL000726	Q9REY4	28.415	183	125	4	59	239	58	236	3.29e-11	57.4	70.2
smbu06GL000726	Q48867	22.642	212	158	5	37	247	37	243	3.45e-10	54.3	81.8
smbu06GL000726	Q8DS93	23.232	198	145	5	59	254	56	248	6.59e-10	53.5	76.0
smbu06GL000726	Q93QD0	34.722	72	47	0	59	130	58	129	7.37e-09	50.4	27.9
smbu06GL000726	O32833	23.108	251	171	6	5	247	7	243	1.38e-08	49.7	94.2
smbu06GL000731	Q836B3	82.955	88	15	0	1	88	1	88	6.05e-53	155	100.0
smbu06GL000747	A0A380JEF6	40.201	199	116	1	21	216	19	217	7.12e-49	156	88.3
smbu06GL000747	D7VI15	38.571	210	124	3	11	216	8	216	8.49e-45	145	92.8
smbu06GL000747	Q8RKC1	34.091	220	142	1	4	220	2	221	4.96e-44	143	97.7
smbu06GL000747	E6K478	36.449	214	129	3	4	211	2	214	3.32e-43	140	93.7
smbu06GL000747	A0ABT7ED67	35.784	204	121	3	21	220	17	214	4.27e-28	104	90.1
smbu06GL000747	A0A563VTD8	34.434	212	123	8	12	216	168	370	1.20e-27	104	92.3
smbu06GL000747	A0ABT7E5G3	30.374	214	136	3	4	213	3	207	1.17e-26	99.0	94.6
smbu06GL000747	A0ABT7ECJ0	33.971	209	112	9	22	216	17	213	2.77e-24	93.2	87.8
smbu06GL000747	A5HZ37	24.775	222	153	5	1	218	1	212	4.76e-22	87.8	98.2
smbu06GL000747	O31427	25.893	224	150	5	1	220	1	212	2.50e-21	84.7	99.1
smbu06GL000751	A0ABT7E8I6	25.397	189	110	7	93	276	69	231	6.82e-07	45.1	58.8
smbu06GL000752	A0ABT7EEU4	28.571	70	43	2	20	89	13	75	3.38e-04	34.7	47.3
smbu06GL000755	A0ABT7E946	41.509	106	59	2	1	104	1	105	1.23e-29	98.2	100.0
smbu06GL000755	A0ABT7E721	31.429	105	67	4	4	104	2	105	1.71e-14	59.7	97.1
smbu06GL000755	P68569	22.989	87	60	2	20	102	50	133	6.71e-06	38.1	79.8
smbu06GL000757	A5HZ37	29.924	264	176	3	1	256	3	265	6.85e-42	142	85.6
smbu06GL000757	P0C0E2	32.536	209	137	1	1	209	1	205	7.76e-37	127	69.9
smbu06GL000757	Q9WVZ4	33.486	218	142	3	1	216	7	223	1.44e-32	118	72.2
smbu06GL000757	O31427	28.767	219	155	1	1	218	3	221	4.01e-32	115	72.9
smbu06GL000757	O34113	29.699	266	172	6	1	259	6	263	5.76e-29	108	86.6
smbu06GL000757	K7ZLT3	31.579	190	119	2	27	216	6	184	1.17e-26	101	63.5
smbu06GL000757	A0ABT7ECJ0	26.991	226	153	3	1	216	1	224	6.46e-23	91.3	72.2
smbu06GL000757	Q9WW33	30.088	226	126	7	1	215	3	207	1.09e-22	91.3	71.9
smbu06GL000757	L0N6P3	31.053	190	120	2	27	216	6	184	3.64e-22	89.0	63.5
smbu06GL000757	A0ABT7ED67	25.366	205	150	2	6	207	8	212	5.56e-20	84.3	67.6
smbu06GL000774	A0ABT7EA20	33.884	121	74	2	2	121	4	119	8.30e-17	67.0	97.6
smbu06GL000786	A0ABT7EAX9	47.788	339	164	6	1	331	1	334	5.22e-107	312	99.4
smbu06GL000787	A0ABT7E9Q8	56.359	401	165	4	1	396	4	399	1.15e-155	440	100.0
smbu06GL000788	Q93GB7	65.992	247	84	0	2	248	3	249	2.40e-123	347	98.4
smbu06GL000788	A0ABT7E9Q6	51.613	248	118	2	1	248	1	246	2.74e-91	265	98.8
smbu06GL000803	A0ABT7ED10	46.429	56	30	0	15	70	22	77	2.29e-11	50.1	78.9
smbu06GL000804	A0ABT7ECY6	28.378	148	105	1	24	171	20	166	7.31e-20	77.4	85.1
smbu06GL000808	C0HMC8	60.526	38	13	1	250	285	59	96	2.33e-06	45.1	7.9
smbu06GL000813	A0ABT7EBU8	32.184	87	51	4	41	124	54	135	0.001	33.5	53.8
smbu06GL000823	A0ABT7E671	41.379	174	86	7	13	181	12	174	1.09e-33	114	92.3
smbu06GL000825	A0ABT7EBU2	56.748	326	139	2	1	325	41	365	3.55e-133	379	99.4
smbu06GL000825	A0ABT7EFZ7	39.514	329	188	6	1	322	19	343	5.76e-70	218	98.5
smbu06GL000826	Q8RKC1	40.179	224	128	4	1	219	1	223	4.33e-52	164	96.1
smbu06GL000826	D7VI15	39.545	220	128	3	1	216	1	219	1.13e-49	157	94.7
smbu06GL000826	E6K478	35.909	220	136	3	1	216	1	219	6.92e-48	153	94.7
smbu06GL000826	A0A380JEF6	36.275	204	127	3	17	218	20	222	1.91e-46	150	88.6
smbu06GL000826	A5HZ37	32.407	216	141	2	1	216	3	213	2.03e-38	131	94.7
smbu06GL000826	A0ABT7ED67	32.558	215	138	3	2	215	4	212	3.33e-31	113	93.9
smbu06GL000826	A0ABT7E5G3	30.493	223	141	4	2	218	3	217	6.71e-28	102	95.2
smbu06GL000826	A0A563VTD8	32.599	227	128	7	2	217	162	374	8.68e-28	104	94.7
smbu06GL000826	O31427	30.137	219	144	4	1	218	3	213	5.01e-27	99.8	95.6
smbu06GL000826	A0ABT7ECJ0	27.679	224	144	5	1	215	1	215	3.54e-25	95.5	94.3
smbu06GL000827	Q8RKC0	28.906	128	80	4	138	265	268	384	5.08e-05	39.7	46.9
smbu06GL000830	A0ABT7ECE1	35.870	276	164	7	2	269	4	274	2.30e-45	150	94.0
smbu06GL000830	A0ABT7ED05	35.636	275	165	7	2	269	4	273	1.13e-41	140	94.0
smbu06GL000831	A0ABT7EA64	40.171	234	120	6	26	258	14	228	5.09e-40	137	76.1
smbu06GL000832	A0ABT7EA64	39.827	231	125	2	22	252	21	237	6.50e-48	157	78.6
smbu06GL000833	A0ABT7ECJ0	34.247	219	131	5	36	251	17	225	3.39e-34	120	80.6
smbu06GL000833	A0ABT7ED67	31.646	237	141	7	31	262	13	233	7.05e-27	102	86.6
smbu06GL000833	P0C0E2	28.879	232	138	9	22	247	2	212	2.35e-22	88.2	84.3
smbu06GL000833	D7VI15	31.313	198	116	7	36	226	20	204	1.04e-21	86.3	71.3
smbu06GL000833	E6K478	31.481	216	125	9	36	243	20	220	4.09e-21	84.7	77.6
smbu06GL000833	A0ABT7E5G3	28.814	236	138	9	35	262	20	233	7.31e-21	84.7	85.1
smbu06GL000833	Q8RKC1	32.075	212	115	9	25	222	5	201	1.24e-20	83.6	73.9
smbu06GL000833	A0A563VTD8	31.980	197	118	8	31	223	171	355	1.92e-20	85.5	72.0
smbu06GL000833	A0A380JEF6	29.167	192	123	7	35	222	19	201	1.23e-18	78.6	70.1
smbu06GL000833	Q9WVZ4	27.027	222	141	6	35	252	21	225	2.16e-16	73.2	81.3
smbu06GL000834	A0ABT7ECJ0	35.319	235	138	7	10	240	6	230	4.10e-37	127	91.7
smbu06GL000834	A0ABT7ED67	34.440	241	137	7	15	250	13	237	5.55e-35	124	93.7
smbu06GL000834	D7VI15	34.579	214	119	7	20	226	20	219	3.94e-29	105	82.1
smbu06GL000834	E6K478	35.185	216	117	10	20	227	20	220	7.97e-27	99.4	82.5
smbu06GL000834	A0A380JEF6	33.333	231	132	8	13	232	11	230	2.85e-26	99.0	87.3
smbu06GL000834	Q8RKC1	34.450	209	104	8	14	206	10	201	1.08e-23	91.3	76.6
smbu06GL000834	A0ABT7E5G3	29.437	231	143	5	19	246	20	233	1.14e-22	89.4	90.5
smbu06GL000834	A0A563VTD8	30.417	240	136	10	6	234	162	381	7.99e-22	89.0	90.9
smbu06GL000834	O34113	29.388	245	142	9	3	238	4	226	2.16e-19	81.3	93.7
smbu06GL000834	P0C0E2	26.407	231	145	8	9	234	5	215	5.35e-19	79.0	89.7
smbu06GL000841	A0ABT7E9E2	43.709	302	169	1	5	306	7	307	6.93e-97	284	96.8
smbu06GL000842	A0ABT7E7Y9	40.602	266	141	5	5	268	1	251	1.15e-64	199	95.7
smbu06GL000843	A0ABT7E824	50.000	332	163	1	4	335	3	331	3.65e-117	338	97.4
smbu06GL000844	A0ABT7E7M8	54.770	283	126	2	3	284	1	282	6.69e-114	327	89.8
smbu06GL000844	A0ABT7EAT1	28.696	230	129	8	7	233	2	199	5.55e-20	84.0	72.3
smbu06GL000844	A0ABT7EG12	27.536	207	129	7	8	210	7	196	8.80e-11	57.8	64.6
smbu06GL000847	A0ABT7EDC1	23.645	203	145	3	139	332	3	204	2.60e-12	61.6	52.9
smbu06GL000848	Q04939	29.552	335	205	11	6	327	2	318	2.51e-29	110	96.7
smbu06GL000858	A0ABT7ECI2	44.444	243	134	1	10	252	17	258	8.92e-70	213	83.2
smbu06GL000863	A0A563VTD8	32.636	239	158	2	334	572	160	395	1.09e-36	137	41.0
smbu06GL000863	A0A1T4JMP4	25.735	272	176	6	247	508	6	261	1.30e-21	90.5	44.9
smbu06GL000863	Q8RKC1	30.303	231	135	7	335	551	3	221	3.35e-20	85.5	37.2
smbu06GL000863	A5HZ37	27.350	234	143	8	338	559	4	222	4.92e-19	83.6	38.1
smbu06GL000863	Q9WW33	29.032	217	124	5	352	561	18	211	1.73e-17	79.0	36.0
smbu06GL000863	A0ABT7E5G3	27.064	218	139	8	342	551	11	216	3.80e-17	77.0	36.0
smbu06GL000863	E6K478	26.577	222	140	6	342	551	10	220	3.88e-17	76.3	36.0
smbu06GL000863	Q9WVZ4	27.948	229	148	7	338	560	8	225	1.02e-15	73.9	38.3
smbu06GL000863	A0ABV2J8Y4	22.500	280	181	9	261	533	125	375	1.16e-14	71.6	46.8
smbu06GL000863	A0ABT7ED67	31.579	209	116	8	353	549	19	212	1.48e-14	70.9	33.8
smbu06GL000864	A0A563VTD8	32.000	375	219	11	228	590	45	395	3.53e-45	160	61.1
smbu06GL000864	A0ABT7ECJ0	28.070	228	141	7	356	571	3	219	3.39e-17	77.8	36.4
smbu06GL000864	D7VI15	27.488	211	121	7	371	560	21	220	6.70e-16	72.8	32.0
smbu06GL000864	A5HZ37	23.237	241	160	8	355	586	4	228	6.69e-15	71.2	39.1
smbu06GL000864	E6K478	27.941	204	127	6	371	559	21	219	1.59e-14	68.6	31.8
smbu06GL000864	O31427	25.446	224	143	7	355	569	4	212	9.41e-13	63.9	36.2
smbu06GL000864	Q8RKC1	25.217	230	136	6	355	559	2	220	1.33e-12	63.2	34.5
smbu06GL000864	A0A380JEF6	24.686	239	137	8	348	572	9	218	1.47e-12	63.5	37.9
smbu06GL000864	Q9WVZ4	28.111	217	137	11	370	579	22	226	2.15e-11	60.8	35.4
smbu06GL000864	A0ABT7ED67	24.583	240	155	8	354	585	3	224	3.22e-11	60.5	39.1
smbu06GL000865	Q9X566	33.213	277	182	2	24	300	1	274	4.93e-47	155	90.5
smbu06GL000866	Q9K534	51.613	93	45	0	479	571	2	94	5.20e-28	103	14.8
smbu06GL000869	Q9K532	70.000	30	9	0	349	378	1	30	6.96e-11	52.8	6.3
smbu06GL000870	A0ABT7E723	42.395	309	170	3	1	302	4	311	3.44e-81	244	98.1
smbu06GL000873	A0ABT7E9K3	49.621	264	132	1	7	269	2	265	3.97e-97	283	92.0
smbu06GL000877	Q7B5K7	31.343	67	46	0	380	446	3	69	4.17e-07	43.5	14.6
smbu06GL000880	A0ABT7E765	38.095	147	82	2	12	158	14	151	1.80e-27	96.3	93.0
smbu06GL000882	A0ABT7E767	53.608	291	134	1	5	294	3	293	7.51e-108	311	97.0
smbu06GL000889	A0ABT7E5R0	41.935	217	123	3	15	229	13	228	1.93e-58	181	92.7
smbu06GL000889	A0ABT7EA55	26.446	121	84	2	49	166	3	121	4.10e-06	42.0	50.9
smbu06GL000894	E9NQ41	61.538	182	70	0	2	183	21	202	9.00e-75	223	98.4
smbu06GL000894	S4TAE2	27.419	186	118	6	1	179	18	193	3.25e-07	44.7	96.8
smbu06GL000895	E9NQ41	55.319	47	21	0	1	47	272	318	7.78e-12	52.8	97.9
smbu06GL000896	A0ABT7EBB0	30.000	140	81	4	96	235	106	228	8.18e-12	58.9	59.1
smbu06GL000901	E9NQ41	61.745	298	114	0	2	299	21	318	1.75e-132	375	99.3
smbu06GL000901	S4TAE2	28.956	297	191	9	1	290	18	301	1.86e-22	90.9	96.7
smbu06GL000902	A3QMY0	34.783	92	42	2	9	94	4	83	3.95e-08	44.7	89.6
smbu06GL000903	A3QMY0	29.658	263	175	6	1	254	104	365	8.13e-33	119	91.4
smbu06GL000903	P35878	27.686	242	169	3	17	252	4	245	8.52e-28	103	84.9
smbu06GL000914	A0ABT7E8L6	26.750	400	245	13	7	399	3	361	7.11e-32	120	90.3
smbu06GL000914	A0ABT7E9B2	22.857	385	253	13	10	384	8	358	4.80e-18	80.9	86.2
smbu06GL000923	Q9X563	24.194	124	94	0	1	124	1	124	3.02e-15	63.2	96.9
smbu06GL000942	A0ABT7ED05	35.764	288	160	8	2	282	4	273	6.48e-44	147	94.9
smbu06GL000942	A0ABT7ECE1	32.281	285	168	8	4	282	9	274	6.35e-39	134	94.3
smbu06GL000945	A0ABT7E9W8	26.977	215	146	7	353	562	77	285	1.19e-12	64.3	36.3
smbu06GL000945	A0ABT7E7P7	22.973	222	149	7	369	579	97	307	1.31e-09	55.1	36.4
smbu06GL000946	A0ABT7EAS7	36.555	238	138	3	1	229	1	234	2.76e-57	178	97.9
smbu06GL000946	A0ABT7EB85	37.662	231	143	1	1	231	1	230	3.71e-57	177	98.7
smbu06GL000946	A0ABT7E6F0	39.394	231	136	3	3	231	5	233	1.56e-54	171	97.9
smbu06GL000946	A0ABT7E6A1	39.565	230	135	2	2	231	3	228	5.49e-52	164	98.3
smbu06GL000946	A0ABT7EAN8	38.158	228	129	3	4	231	5	220	1.59e-51	162	97.4
smbu06GL000946	A0ABT7EFJ6	37.391	230	135	4	1	229	1	222	6.32e-45	145	97.9
smbu06GL000946	A0ABT7EBC4	34.199	231	145	3	1	230	1	225	3.85e-43	141	98.3
smbu06GL000946	A0ABT7E962	35.808	229	139	4	3	231	2	222	9.03e-43	140	97.9
smbu06GL000946	Q07597	33.772	228	148	2	3	230	4	228	1.22e-36	124	97.4
smbu06GL000946	A0A286N5V3	32.456	228	145	4	3	230	2	220	1.45e-35	121	97.4
smbu06GL000953	K7ZQ83	37.662	77	45	1	6	82	2	75	2.12e-10	55.8	20.8
smbu06GL000955	O34113	39.286	224	128	4	3	222	6	225	2.78e-48	159	73.3
smbu06GL000955	A5HZ37	30.033	303	206	4	1	297	1	303	4.12e-46	154	99.0
smbu06GL000955	P0C0E2	38.249	217	125	4	3	217	1	210	3.67e-45	149	71.7
smbu06GL000955	Q9WVZ4	38.667	225	122	6	3	219	7	223	7.63e-39	134	72.3
smbu06GL000955	Q9WW33	35.780	218	125	5	1	216	1	205	1.30e-36	128	72.0
smbu06GL000955	O31427	29.778	225	154	3	1	223	1	223	1.40e-30	111	74.3
smbu06GL000955	A0ABT7ECJ0	27.586	232	155	6	19	239	18	247	2.27e-25	98.2	73.7
smbu06GL000955	A0ABT7ED67	33.471	242	152	6	1	237	1	238	4.16e-24	95.9	79.0
smbu06GL000955	A0A380JEF6	27.982	218	148	4	1	210	3	219	6.74e-24	93.6	70.0
smbu06GL000955	P71009	31.963	219	137	7	1	210	1	216	3.92e-23	91.3	70.0
smbu06GL000960	A0ABT7E8H5	27.879	165	116	1	3	167	9	170	1.34e-16	68.9	97.1
smbu06GL000961	A0ABT7E8I9	52.582	213	100	1	1	212	12	224	2.18e-77	229	87.6
smbu06GL000962	A0ABT7E8G8	65.789	114	39	0	16	129	1	114	5.75e-52	156	87.7
smbu06GL000964	Q1WFC7	31.868	91	54	3	9	92	88	177	6.81e-04	32.3	91.3
smbu06GL000964	Q27XG6	30.769	91	55	3	9	92	88	177	7.89e-04	32.3	91.3
smbu06GL000979	Q9KHL4	40.000	60	27	1	1	51	7	66	3.11e-09	48.1	40.8
smbu06GL000979	A0A6C0VVJ7	56.000	25	11	0	20	44	20	44	3.35e-04	33.9	20.0
smbu06GL000980	K7SVU1	33.333	150	99	1	1	150	1	149	8.07e-21	84.7	64.1
smbu06GL000988	Q8DS93	24.696	247	167	9	1	237	2	239	4.27e-13	62.8	95.2
smbu06GL000988	O32833	23.396	265	165	10	1	246	5	250	2.10e-08	48.9	98.8
smbu06GL000988	Q93QD0	23.478	230	148	7	21	237	27	241	3.19e-07	45.4	87.1
smbu06GL000988	Q9REY4	22.477	218	149	7	13	221	19	225	2.15e-06	43.1	83.9
smbu06GL000988	A9Q0N5	22.433	263	168	10	1	246	1	244	2.83e-06	42.7	98.8
smbu06GL000988	Q9KHL2	26.087	92	65	1	104	192	67	158	1.89e-04	36.6	35.7
smbu06GL000988	A0A6C0VY63	26.087	92	65	1	104	192	70	161	1.95e-04	36.6	35.7
smbu06GL000988	Q48871	19.797	197	146	4	56	244	55	247	7.45e-04	35.4	75.9
smbu06GL000988	Q38Y65	19.797	197	146	4	56	244	55	247	8.16e-04	35.4	75.9
smbu06GL000993	Q9K532	55.172	29	13	0	330	358	1	29	4.10e-06	39.3	6.4
smbu06GL000998	A0A380JEF6	36.364	231	135	5	1	228	1	222	1.53e-41	138	91.2
smbu06GL000998	Q8RKC1	33.333	234	133	5	2	226	1	220	1.91e-37	127	90.0
smbu06GL000998	D7VI15	36.449	214	121	7	18	228	20	221	2.70e-35	121	84.4
smbu06GL000998	O31427	30.667	225	140	4	2	226	3	211	4.48e-33	116	90.0
smbu06GL000998	E6K478	35.071	211	124	5	18	226	20	219	1.32e-31	112	83.6
smbu06GL000998	Q9WVZ4	31.304	230	135	5	17	242	21	231	2.27e-29	108	90.4
smbu06GL000998	A5HZ37	31.356	236	148	5	2	237	3	224	1.09e-28	106	94.4
smbu06GL000998	A0ABT7ED67	33.772	228	137	3	7	234	8	221	4.16e-28	105	91.2
smbu06GL000998	A0ABT7E5G3	32.468	231	135	5	1	226	1	215	1.10e-27	102	90.4
smbu06GL000998	P0C0E2	28.226	248	155	6	2	249	1	225	2.59e-26	98.2	99.2
smbu06GL000999	A0ABT7EA64	24.294	177	122	5	51	221	42	212	1.82e-05	40.4	64.5
smbu06GL001008	A0ABT7EFJ6	36.406	217	133	3	3	214	4	220	6.21e-47	150	97.2
smbu06GL001008	A0ABT7E962	37.838	222	132	4	1	217	1	221	3.79e-45	145	99.5
smbu06GL001008	A0A286N5V3	35.747	221	137	4	1	217	1	220	2.25e-43	141	99.5
smbu06GL001008	A0ABT7EB85	34.513	226	137	3	3	217	4	229	5.75e-43	140	98.6
smbu06GL001008	A0ABT7E6A1	35.426	223	136	3	3	217	5	227	7.60e-43	140	98.6
smbu06GL001008	A0ABT7EAS7	34.468	235	137	3	1	218	2	236	1.12e-41	137	100.0
smbu06GL001008	A0ABT7EAN8	34.259	216	140	2	3	217	5	219	1.48e-41	136	98.6
smbu06GL001008	A0A286N5V9	38.605	215	127	5	3	214	4	216	1.99e-41	136	97.2
smbu06GL001008	Q9ZEG3	36.697	218	133	4	3	217	4	219	1.49e-40	134	98.6
smbu06GL001008	A0ABT7E6F0	34.649	228	135	5	3	217	6	232	6.21e-39	130	98.6
smbu06GL001009	A0ABT7E9W8	24.828	290	195	9	167	440	3	285	1.95e-12	63.2	59.3
smbu06GL001009	A0ABT7E7P7	23.922	255	166	9	216	453	60	303	6.51e-08	49.7	51.5
smbu06GL001009	A0ABT7E9R1	22.397	317	211	11	158	453	22	324	5.21e-06	43.5	64.1
smbu06GL001009	Q9ZEG2	30.909	55	38	0	214	268	203	257	3.52e-04	37.7	11.9
smbu06GL001028	A0ABT7EAN8	41.558	231	119	7	3	233	5	219	1.21e-52	166	97.1
smbu06GL001028	A0ABT7EB85	35.043	234	143	5	2	233	3	229	2.43e-48	155	97.5
smbu06GL001028	A0ABT7EAS7	35.294	238	143	6	1	232	2	234	2.94e-46	150	97.5
smbu06GL001028	A0ABT7EFJ6	34.914	232	138	5	2	232	3	222	8.96e-46	148	97.1
smbu06GL001028	A0ABT7E6A1	35.193	233	143	5	3	235	5	229	3.89e-42	139	97.9
smbu06GL001028	A0ABT7E6F0	34.043	235	145	7	2	233	5	232	7.38e-42	138	97.5
smbu06GL001028	A0ABT7E929	39.316	234	123	8	3	232	6	224	2.29e-39	132	96.6
smbu06GL001028	K9AS40	32.328	232	144	6	1	231	1	220	2.32e-35	121	97.1
smbu06GL001028	A0A2N9DWZ8	35.776	232	131	8	3	230	4	221	2.70e-35	121	95.8
smbu06GL001028	A0A286N5V9	33.476	233	138	6	2	233	3	219	3.52e-35	120	97.5
smbu06GL001029	A0ABT7E9W8	26.384	307	205	10	184	479	6	302	2.76e-21	89.7	61.4
smbu06GL001029	A0ABT7E7P7	21.514	251	167	8	235	475	74	304	3.37e-06	44.3	50.0
smbu06GL001029	Q9ZEG2	25.510	98	73	0	184	281	160	257	6.94e-06	43.1	20.3
smbu06GL001029	A0ABT7E9R1	25.532	235	152	8	247	472	102	322	7.41e-06	43.1	46.9
smbu06GL001036	A0ABT7E723	41.463	41	24	0	1	41	1	41	1.38e-04	38.9	9.8
smbu06GL001039	K7ZQ81	23.823	361	243	14	35	389	28	362	2.13e-12	63.5	87.0
smbu06GL001042	K7ZQ83	38.983	118	63	4	5	114	1	117	1.07e-19	77.0	86.6
smbu06GL001042	L0N4X3	33.929	112	65	4	5	111	1	108	7.44e-11	51.2	84.3
smbu06GL001042	Q48863	36.735	49	31	0	10	58	31	79	4.82e-07	40.8	38.6
smbu06GL001043	K7ZQ83	37.037	54	34	0	1	54	1	54	6.78e-05	34.7	72.0
smbu06GL001043	A0ABQ0BKX1	36.364	44	28	0	10	53	11	54	6.95e-04	30.4	58.7
smbu06GL001069	A0ABT7ECJ0	31.224	237	144	7	7	234	2	228	2.72e-24	94.4	84.1
smbu06GL001069	P0C0E2	29.864	221	136	4	7	224	2	206	3.13e-24	93.2	80.4
smbu06GL001069	A0ABT7ED67	29.694	229	155	2	4	232	1	223	3.81e-24	95.5	84.5
smbu06GL001069	D7VI15	29.048	210	133	6	22	224	21	221	9.00e-24	92.0	74.9
smbu06GL001069	Q9WW33	27.068	266	164	6	4	261	1	244	3.90e-23	91.7	95.2
smbu06GL001069	A0A380JEF6	29.439	214	132	5	20	224	19	222	7.98e-22	87.4	75.6
smbu06GL001069	A5HZ37	26.222	225	146	6	16	233	13	224	2.87e-20	84.0	80.4
smbu06GL001069	O34113	27.193	228	152	3	22	248	22	236	1.05e-19	82.4	83.8
smbu06GL001069	O31427	28.509	228	141	7	4	224	1	213	3.58e-19	79.7	81.5
smbu06GL001069	Q8RKC1	28.638	213	137	5	17	222	16	220	1.27e-18	78.2	76.0
smbu06GL001082	Q04939	23.171	328	193	13	1	301	1	296	6.40e-04	36.2	92.3
smbu06GL001084	A0ABT7EBU8	34.694	147	93	2	27	173	2	145	1.46e-28	99.8	81.7
smbu06GL001085	A0ABT7EBU8	34.815	135	85	2	17	150	19	151	8.80e-19	73.9	87.0
smbu06GL001087	A0ABT7E5R0	39.130	230	137	3	9	236	3	231	1.17e-54	171	96.2
smbu06GL001087	A0ABT7EA55	27.869	122	82	3	51	169	3	121	4.92e-07	45.1	50.2
smbu06GL001090	A0ABT7EBQ7	29.373	303	183	11	5	290	2	290	1.99e-23	94.4	84.4
smbu06GL001094	A0ABT7E8K1	38.776	49	30	0	157	205	157	205	4.74e-05	40.4	13.0
smbu06GL001098	A0ABT7E972	67.647	238	73	3	11	248	1	234	1.39e-105	301	95.2
smbu06GL001100	A0ABT7E998	55.319	235	101	1	26	260	11	241	2.67e-92	268	87.0
smbu06GL001101	A0ABT7E988	41.221	131	64	2	138	261	127	251	3.14e-28	104	46.6
smbu06GL001106	A0ABT7E8S5	58.721	344	139	2	1	342	1	343	6.11e-142	404	87.5
smbu06GL001110	A0ABT7E8Q0	36.752	117	69	3	1	115	1	114	7.31e-22	79.7	100.0
smbu06GL001115	A0ABT7E8R5	33.447	293	187	6	21	310	17	304	3.66e-55	177	92.7
smbu06GL001116	A0ABT7E8C4	41.935	248	141	2	5	252	4	248	4.02e-59	184	95.0
smbu06GL001116	A0A0E3LZT0	34.783	253	155	4	6	252	8	256	1.91e-43	144	94.6
smbu06GL001116	A0A6C0VTH5	29.845	258	167	6	9	253	10	266	3.31e-27	102	93.9
smbu06GL001133	C4P7I7	43.103	58	21	2	214	260	238	294	3.01e-05	40.0	17.9
smbu06GL001135	K7ZQ81	33.803	71	43	1	247	317	198	264	9.96e-06	43.1	15.1
smbu06GL001136	A0ABT7E785	34.706	340	220	2	4	342	37	375	1.97e-74	230	98.3
smbu06GL001139	A0ABT7EBV6	29.439	214	118	9	5	211	6	193	1.61e-13	67.8	34.0
smbu06GL001140	A0ABT7E779	48.806	377	180	3	1	370	1	371	3.64e-122	354	95.4
smbu06GL001141	W7BYH9	30.233	172	115	1	6	172	1	172	1.37e-25	92.8	94.4
smbu06GL001141	A0A1S7FWX5	30.890	191	105	5	1	172	1	183	2.60e-24	89.7	97.2
smbu06GL001141	W7B979	44.565	92	51	0	81	172	94	185	9.69e-23	85.9	52.0
smbu06GL001141	A0A4R6ZHU3	30.488	164	100	4	22	172	15	177	2.00e-22	84.7	85.3
smbu06GL001141	W7DAN1	42.391	92	53	0	81	172	94	185	3.18e-22	84.3	52.0
smbu06GL001141	Q9RAV3	33.684	95	63	0	78	172	32	126	1.11e-14	63.2	53.7
smbu06GL001142	Q9RAV2	39.894	188	107	4	8	190	10	196	2.76e-32	112	88.0
smbu06GL001142	P0C0E2	27.064	218	143	5	1	202	2	219	1.24e-18	76.6	97.1
smbu06GL001142	Q9WW33	28.571	210	138	8	1	202	4	209	1.40e-16	72.0	97.1
smbu06GL001142	O34113	28.022	182	115	3	6	171	12	193	4.58e-15	67.8	79.8
smbu06GL001142	Q9WVZ4	30.348	201	123	6	7	190	14	214	2.45e-12	60.1	88.5
smbu06GL001142	A0ABV2J8Y4	31.737	167	104	5	12	171	209	372	5.94e-11	56.6	76.9
smbu06GL001142	O31427	24.038	208	139	5	1	190	4	210	3.00e-10	53.5	91.3
smbu06GL001142	A0A0P0YKH1	31.053	190	86	11	6	171	7	175	2.62e-09	50.4	79.8
smbu06GL001142	A0ABT7ECJ0	27.273	187	94	7	18	172	20	196	6.76e-09	50.1	74.5
smbu06GL001142	E6K478	20.792	202	137	3	12	190	17	218	9.94e-09	49.3	86.1
smbu06GL001143	Q9RAU9	29.181	281	151	10	4	259	8	265	1.93e-08	50.1	82.1
smbu06GL001144	A0A380JEF6	38.537	205	121	4	19	220	20	222	4.40e-42	139	82.4
smbu06GL001144	A0ABT7ED67	38.843	242	132	5	4	239	3	234	9.64e-41	139	96.3
smbu06GL001144	Q8RKC1	37.561	205	123	4	19	220	20	222	3.85e-40	134	82.4
smbu06GL001144	E6K478	35.294	221	135	4	5	219	2	220	4.54e-40	133	87.8
smbu06GL001144	D7VI15	35.514	214	129	4	9	215	5	216	5.63e-40	133	84.5
smbu06GL001144	A5HZ37	32.432	222	146	2	7	228	6	223	4.61e-38	130	90.6
smbu06GL001144	A0ABT7E5G3	34.529	223	133	5	19	238	21	233	1.41e-34	120	89.8
smbu06GL001144	O34113	32.389	247	154	6	3	245	4	241	2.10e-34	121	99.2
smbu06GL001144	O31427	30.126	239	155	4	7	245	6	232	2.72e-34	119	97.6
smbu06GL001144	P0C0E2	29.717	212	138	2	7	218	4	204	7.20e-30	107	86.5
smbu06GL001145	A0ABT7EA64	25.926	189	117	8	289	463	55	234	4.77e-05	40.4	35.9
smbu06GL001147	L0N6P3	37.037	81	42	3	851	928	119	193	1.33e-05	43.1	8.3
smbu06GL001147	O31427	39.241	79	44	2	822	899	128	203	2.19e-05	42.4	8.3
smbu06GL001147	O31427	30.769	143	82	6	414	545	54	190	6.46e-05	40.8	14.1
smbu06GL001147	D7VI15	27.273	121	78	4	787	901	97	213	2.63e-05	42.0	12.3
smbu06GL001147	A5HZ37	29.341	167	90	8	469	628	119	264	2.83e-05	42.4	17.1
smbu06GL001147	E6K478	28.099	121	77	5	774	888	84	200	5.42e-05	41.2	12.3
smbu06GL001147	E6K478	62.069	29	11	0	621	649	21	49	4.94e-04	38.1	3.1
smbu06GL001147	P0C0E2	30.337	89	55	3	813	901	113	194	6.22e-05	40.8	9.5
smbu06GL001147	A0A380JEF6	31.132	106	66	5	459	560	115	217	8.06e-05	40.8	10.9
smbu06GL001147	A0ABV2J8Y4	34.848	66	37	2	825	890	316	375	1.08e-04	40.8	7.0
smbu06GL001147	K7ZLT3	33.766	77	44	2	851	926	119	189	2.33e-04	39.3	8.1
smbu06GL001147	A0ABT7ECJ0	26.471	102	66	3	486	586	138	231	3.39e-04	38.9	10.8
smbu06GL001147	A0ABT7ECJ0	27.500	80	54	2	820	898	131	207	4.88e-04	38.5	8.4
smbu06GL001151	A0ABT7E9G2	35.077	325	195	6	1	317	48	364	4.51e-61	195	99.7
smbu06GL001152	A0ABT7E9G7	40.127	314	179	6	1	307	1	312	1.21e-77	235	98.7
smbu06GL001153	A0ABT7ECJ0	31.868	91	62	0	613	703	110	200	1.04e-08	52.4	12.2
smbu06GL001153	A0ABT7ECJ0	27.083	96	67	2	310	404	114	207	2.04e-07	48.5	12.8
smbu06GL001153	Q8RKC1	25.651	269	140	10	447	712	3	214	1.15e-08	52.0	35.8
smbu06GL001153	O31427	36.620	71	44	1	641	710	133	203	7.56e-07	46.6	9.4
smbu06GL001153	O31427	32.432	74	47	2	333	405	132	203	8.52e-05	40.0	9.8
smbu06GL001153	P0C0E2	27.103	107	70	4	320	426	113	211	2.12e-06	45.1	14.4
smbu06GL001153	P0C0E2	34.483	87	55	2	624	709	110	195	6.61e-06	43.5	11.6
smbu06GL001153	D7VI15	28.421	95	67	1	618	712	120	213	2.25e-05	42.0	12.8
smbu06GL001153	A0A380JEF6	30.097	103	67	4	615	713	116	217	2.55e-05	42.0	13.3
smbu06GL001153	A0A380JEF6	26.531	98	67	4	307	402	115	209	2.66e-05	42.0	12.9
smbu06GL001153	A0A563VTD8	40.000	70	37	2	641	709	299	364	3.07e-05	42.4	9.3
smbu06GL001153	A0A563VTD8	27.928	111	69	3	332	442	297	396	3.85e-05	42.0	14.9
smbu06GL001153	Q9WW33	34.091	88	50	3	641	727	123	203	3.10e-05	42.0	11.7
smbu06GL001153	A0ABV2J8Y4	33.333	63	39	1	639	701	316	375	5.48e-05	41.6	8.5
smbu06GL001153	A0ABV2J8Y4	29.412	68	43	2	327	394	311	373	2.10e-04	39.7	9.2
smbu06GL001153	L0N6P3	25.641	117	81	2	602	712	54	170	5.59e-05	40.8	14.9
smbu06GL001155	A0ABT7E7F0	31.646	79	46	3	690	760	241	319	1.62e-05	43.9	5.8
smbu06GL001156	A0ABT7EES7	45.802	262	131	4	30	287	22	276	1.64e-77	233	87.5
smbu06GL001156	A0ABT7ED77	24.390	123	85	3	133	253	25	141	4.59e-04	36.6	41.0
smbu06GL001164	Q9X480	57.849	344	140	3	1	340	1	343	2.56e-143	405	99.7
smbu06GL001164	A7BIW4	55.233	344	149	3	1	340	1	343	2.17e-135	385	99.7
smbu06GL001165	Q9X481	55.484	155	69	0	60	214	2	156	1.45e-57	176	70.8
smbu06GL001165	A7BIW5	56.376	149	65	0	60	208	2	150	5.21e-56	171	68.0
smbu06GL001168	A0ABT7ECN9	25.984	127	67	5	69	195	29	128	4.33e-04	37.4	30.5
smbu06GL001174	A0ABT7E6R1	47.148	263	137	2	3	263	30	292	2.76e-77	233	94.2
smbu06GL001174	A0ABT7E969	21.318	258	186	10	4	252	32	281	6.73e-07	45.1	89.9
smbu06GL001174	A0ABT7E5I2	21.505	279	151	9	6	250	35	279	2.58e-05	40.4	88.4
smbu06GL001183	A0ABT7ECY1	29.592	98	65	3	293	388	96	191	8.25e-04	36.6	21.0
smbu06GL001185	A0A563VTD8	34.167	240	154	3	353	591	160	396	7.81e-42	151	40.2
smbu06GL001185	D7VI15	26.818	220	135	8	364	568	11	219	1.90e-17	77.4	34.5
smbu06GL001185	Q8RKC1	27.027	222	135	7	370	578	20	227	6.62e-17	75.9	35.2
smbu06GL001185	Q9WVZ4	29.646	226	138	10	366	582	18	231	2.14e-16	75.9	36.5
smbu06GL001185	E6K478	28.372	215	131	7	367	569	17	220	1.56e-15	71.6	34.2
smbu06GL001185	O31427	25.359	209	131	7	371	569	19	212	3.62e-14	68.2	33.5
smbu06GL001185	A5HZ37	25.352	213	146	8	371	578	19	223	5.31e-14	68.6	35.0
smbu06GL001185	A0ABT7ECJ0	25.571	219	152	5	359	571	6	219	8.85e-14	67.4	35.9
smbu06GL001185	A0A380JEF6	22.414	232	145	7	352	570	13	222	1.48e-13	66.6	36.9
smbu06GL001185	A0A1T4JMP4	23.984	246	169	8	285	526	30	261	3.11e-13	65.9	40.7
smbu06GL001186	A0A563VTD8	34.211	228	147	2	332	559	159	383	1.09e-35	134	39.8
smbu06GL001186	A0A1T4JMP4	26.071	280	169	8	239	504	3	258	4.42e-24	97.8	46.4
smbu06GL001186	A0ABV2J8Y4	26.749	243	144	9	302	532	155	375	7.51e-22	93.2	40.3
smbu06GL001186	Q9WVZ4	27.189	217	141	9	351	561	22	227	2.71e-16	75.5	36.8
smbu06GL001186	A0A380JEF6	26.699	206	135	6	352	548	21	219	2.38e-14	68.9	34.4
smbu06GL001186	O31427	24.155	207	134	5	352	549	19	211	2.85e-12	62.4	34.6
smbu06GL001186	Q8RKC1	29.439	214	133	8	346	549	15	220	3.72e-12	62.0	35.6
smbu06GL001186	O34113	27.670	206	130	7	354	552	24	217	9.18e-12	61.6	34.7
smbu06GL001186	P0C0E2	28.378	222	131	8	351	560	16	221	1.46e-11	60.1	36.6
smbu06GL001186	Q9WW33	26.842	190	120	4	365	553	33	204	7.34e-11	58.9	33.0
smbu06GL001187	Q9KHL4	28.409	88	61	1	7	94	9	94	5.69e-05	38.1	34.8
smbu06GL001195	A0ABT7E7V3	33.433	335	186	7	38	343	41	367	4.36e-53	176	85.7
smbu06GL001196	A0ABT7E7V4	51.554	386	180	3	1	386	2	380	1.68e-129	373	99.5
smbu06GL001199	A0ABT7E8E8	30.723	166	111	3	4	166	3	167	3.69e-18	73.2	96.4
smbu06GL001201	O32198	22.150	307	194	10	280	558	62	351	4.12e-07	47.8	49.9
smbu06GL001202	A0ABT7E962	28.814	118	75	4	3	120	1	109	3.30e-09	52.8	23.5
smbu06GL001202	Q07597	25.150	167	105	5	1	156	1	158	1.39e-08	50.8	31.1
smbu06GL001202	A0ABT7EFJ6	27.184	103	71	2	5	107	4	102	2.50e-08	50.1	20.5
smbu06GL001202	A0ABM9XE61	25.962	104	73	2	4	107	6	105	3.45e-08	48.1	20.7
smbu06GL001202	O32197	25.962	104	76	1	3	106	2	104	5.19e-08	48.9	20.7
smbu06GL001202	A0ABT7EB85	23.301	103	75	3	5	107	4	102	8.01e-07	45.8	20.5
smbu06GL001202	A0ABT7E8B9	24.299	107	78	3	3	107	10	115	1.23e-05	42.4	20.9
smbu06GL001202	A3CKF9	25.000	104	73	2	4	107	8	106	4.09e-05	40.4	20.7
smbu06GL001202	A0A286N5V3	28.972	107	67	5	3	107	1	100	4.62e-05	40.4	20.9
smbu06GL001202	F3YBQ6	24.528	106	73	3	3	107	2	101	1.63e-04	37.7	20.9
smbu06GL001213	A0ABT7EFV6	24.868	189	109	7	19	204	3	161	4.78e-10	53.1	77.8
smbu06GL001218	A0ABT7EAX1	27.451	153	82	6	65	198	165	307	1.71e-05	41.2	42.8
smbu06GL001227	A9Q0M9	52.000	275	129	2	1	274	1	273	1.14e-92	271	98.6
smbu06GL001228	A9Q0N0	38.095	189	117	0	15	203	3	191	3.99e-45	144	90.4
smbu06GL001228	A0ABT7E7I8	35.519	183	116	2	14	195	2	183	2.43e-35	119	87.1
smbu06GL001245	K7ZQ81	26.486	370	246	11	5	364	8	361	1.81e-20	87.4	95.2
smbu06GL001248	K7ZQ83	34.862	109	61	4	5	108	4	107	6.90e-08	45.1	80.0
smbu06GL001248	A0ABQ0BKX1	35.593	59	37	1	1	59	1	58	1.33e-04	33.9	45.4
smbu06GL001311	A0ABT7E8C4	31.970	269	149	6	4	262	1	245	2.91e-37	128	97.4
smbu06GL001311	A0A0E3LZT0	26.199	271	157	8	9	262	9	253	2.12e-19	80.9	95.5
smbu06GL001311	A0A6C0VTH5	26.316	266	169	7	11	262	10	262	2.10e-18	78.2	94.7
smbu06GL001318	A0ABT7E712	29.245	212	147	3	6	217	1	209	1.22e-27	101	89.8
smbu06GL001318	A0ABT7E7Q9	27.982	218	142	3	6	217	1	209	2.48e-25	95.1	89.8
smbu06GL001322	P71475	41.818	55	28	1	1	55	162	212	9.70e-06	38.1	53.9
smbu06GL001322	Q1WFC6	44.000	50	24	1	6	55	167	212	1.31e-05	37.7	49.0
smbu06GL001334	K7ZQ83	43.077	65	37	0	12	76	2	66	1.98e-12	55.8	80.2
smbu06GL001334	Q48863	26.786	56	41	0	16	71	31	86	5.26e-05	34.3	69.1
smbu06GL001343	A0A0E3LZT0	31.061	264	161	7	46	297	4	258	1.13e-27	103	84.8
smbu06GL001343	A0ABT7E8C4	29.317	249	166	6	48	292	3	245	3.12e-26	99.8	82.5
smbu06GL001343	A0A6C0VTH5	28.627	255	161	7	55	292	12	262	2.47e-16	72.8	80.1
smbu06GL001354	Q9REY4	40.187	107	63	1	4	109	5	111	5.25e-22	82.8	96.4
smbu06GL001354	Q48867	41.121	107	62	1	4	109	5	111	1.88e-21	81.3	96.4
smbu06GL001354	Q9X474	37.383	107	66	1	4	109	5	111	2.61e-19	75.5	96.4
smbu06GL001354	A7BIV8	37.383	107	66	1	4	109	5	111	2.87e-19	75.5	96.4
smbu06GL001354	Q93QD0	36.111	108	68	1	4	110	5	112	1.13e-18	73.9	97.3
smbu06GL001354	O32833	34.545	110	71	1	1	109	4	113	3.92e-18	72.4	99.1
smbu06GL001354	Q7B5J6	28.829	111	77	2	1	110	1	110	2.50e-16	67.8	100.0
smbu06GL001354	Q48830	28.829	111	77	2	1	110	1	110	3.48e-16	67.4	100.0
smbu06GL001354	F2Y392	28.829	111	77	2	1	110	1	110	3.56e-16	67.4	100.0
smbu06GL001354	Q1WFD4	28.829	111	77	2	1	110	1	110	8.30e-16	66.2	100.0
smbu06GL001355	A9Q0N5	37.500	80	50	0	48	127	154	233	1.81e-15	66.2	58.4
smbu06GL001355	Q8DS93	35.802	81	52	0	49	129	159	239	1.52e-14	63.9	59.1
smbu06GL001355	O32833	37.805	82	51	0	49	130	161	242	5.09e-14	62.4	59.9
smbu06GL001355	C7G1H2	31.765	85	58	0	45	129	189	273	2.47e-11	55.1	62.0
smbu06GL001355	A0A1B3IR32	31.765	85	58	0	45	129	166	250	2.64e-11	55.1	62.0
smbu06GL001355	A0A0R1K7C3	31.250	96	65	1	35	130	147	241	1.12e-10	53.1	70.1
smbu06GL001355	Q48830	27.344	128	89	2	7	130	117	244	1.49e-10	52.8	90.5
smbu06GL001355	Q7B5J6	27.344	128	89	2	7	130	117	244	1.66e-10	52.8	90.5
smbu06GL001355	F2Y392	27.344	128	89	2	7	130	117	244	1.93e-10	52.4	90.5
smbu06GL001355	Q1WFD4	27.344	128	89	2	7	130	117	244	1.97e-10	52.4	90.5
smbu06GL001366	A0ABT7ECG8	46.689	302	160	1	6	307	5	305	1.73e-98	288	98.1
smbu06GL001373	A0ABT7E801	32.713	376	233	7	10	381	15	374	4.87e-51	171	94.7
smbu06GL001376	Q1WFE4	50.000	384	191	1	1	383	5	388	6.76e-127	367	100.0
smbu06GL001376	Q7B5K6	48.958	384	195	1	1	383	5	388	2.06e-125	363	100.0
smbu06GL001376	Q7B5K5	49.550	111	56	0	264	374	11	121	6.40e-31	112	29.0
smbu06GL001379	A0ABT7E723	32.573	307	197	5	208	506	5	309	7.81e-50	169	58.7
smbu06GL001387	Q9HL29	28.169	71	49	1	26	94	68	138	4.45e-04	33.1	65.7
smbu06GL001389	A0ABR5W6N2	24.324	74	47	2	50	120	98	165	0.001	33.1	49.3
smbu06GL001398	A0ABT7EBQ8	28.710	310	208	8	9	317	3	300	2.84e-27	104	96.3
smbu06GL001405	A0ABT7E854	27.815	151	104	3	8	153	10	160	4.28e-15	66.2	78.1
smbu06GL001424	A0ABT7E991	31.950	241	161	3	10	250	9	246	2.93e-39	134	87.6
smbu06GL001432	A0ABT7E9W8	29.907	214	137	8	219	426	78	284	8.13e-14	67.4	46.6
smbu06GL001432	A0ABT7E7P7	20.000	245	156	9	215	441	82	304	4.37e-04	37.4	50.9
smbu06GL001433	A0ABT7E962	50.000	220	110	0	2	221	1	220	5.34e-70	209	98.2
smbu06GL001433	A0ABT7EAN8	32.727	220	142	3	4	222	5	219	2.37e-36	123	97.8
smbu06GL001433	A0ABT7EAS7	35.270	241	133	6	1	223	1	236	3.36e-36	123	99.6
smbu06GL001433	A0ABT7EFJ6	33.484	221	144	3	1	219	1	220	1.19e-35	121	97.8
smbu06GL001433	A0ABT7E6A1	32.618	233	140	6	1	222	1	227	1.20e-35	122	99.1
smbu06GL001433	A0ABT7EB85	32.159	227	145	4	1	219	1	226	5.43e-32	112	97.8
smbu06GL001433	A0A286N5V9	32.127	221	143	5	1	219	1	216	1.39e-31	111	97.8
smbu06GL001433	A0A286N5V3	31.839	223	139	6	3	219	2	217	6.50e-31	109	96.9
smbu06GL001433	Q9ZEG3	30.357	224	149	4	1	222	1	219	6.76e-31	109	99.1
smbu06GL001433	D0BKE0	32.895	228	129	6	3	219	4	218	7.15e-29	103	96.9
smbu06GL001435	D7VI15	40.553	217	126	2	4	218	1	216	4.44e-51	161	94.3
smbu06GL001435	E6K478	39.819	221	130	2	4	222	1	220	2.63e-50	159	96.1
smbu06GL001435	A0A380JEF6	40.359	223	128	3	4	223	2	222	8.22e-47	151	96.5
smbu06GL001435	Q8RKC1	35.268	224	143	1	4	225	1	224	9.67e-44	142	97.4
smbu06GL001435	A0ABT7E5G3	36.449	214	124	4	5	215	3	207	3.38e-33	116	92.5
smbu06GL001435	A0ABT7ED67	34.848	198	120	3	24	218	19	210	1.74e-29	108	85.5
smbu06GL001435	A0A563VTD8	29.358	218	135	5	13	222	168	374	5.46e-25	97.1	92.1
smbu06GL001435	A5HZ37	29.187	209	130	6	4	207	3	198	1.23e-21	86.7	89.5
smbu06GL001435	O31427	26.786	224	149	5	3	223	2	213	3.39e-21	84.3	96.9
smbu06GL001435	O34113	28.000	200	133	4	1	200	3	191	5.49e-20	82.0	87.7
smbu06GL001457	A0ABT7EBA7	49.363	314	156	2	1	313	1	312	8.96e-114	327	99.7
smbu06GL001464	A0ABT7E8E4	36.059	269	156	4	40	304	5	261	1.66e-55	177	83.3
smbu06GL001465	A0A380JEF6	29.386	228	146	5	25	248	21	237	1.40e-25	97.1	87.5
smbu06GL001465	A0ABT7E5G3	29.339	242	133	6	5	234	3	218	1.29e-24	94.4	89.8
smbu06GL001465	Q8RKC1	30.631	222	135	7	19	233	13	222	7.87e-23	89.4	84.0
smbu06GL001465	D7VI15	29.864	221	131	7	21	233	17	221	8.66e-23	89.0	83.2
smbu06GL001465	A0ABT7ECJ0	29.864	221	136	6	16	230	8	215	6.31e-21	85.1	84.0
smbu06GL001465	A0ABT7ED67	29.577	213	138	4	20	232	14	214	3.50e-20	84.0	83.2
smbu06GL001465	A5HZ37	27.350	234	143	8	3	231	2	213	3.51e-18	77.8	89.5
smbu06GL001465	O31427	25.532	235	148	7	4	234	3	214	1.68e-17	75.1	90.2
smbu06GL001465	Q9WVZ4	25.229	218	148	4	14	231	13	215	8.53e-17	73.9	85.2
smbu06GL001465	E6K478	27.876	226	127	7	21	232	17	220	9.92e-17	72.4	82.8
smbu06GL001470	K7SVU1	43.077	65	37	0	1	65	1	65	1.23e-08	50.8	21.7
smbu06GL001474	A0ABT7E6I7	28.571	203	122	7	4	190	4	199	9.54e-15	66.2	88.6
smbu06GL001477	Q38YH5	30.526	285	150	6	1	247	7	281	1.75e-37	130	91.5
smbu06GL001477	Q8YAM0	31.579	266	139	5	16	243	17	277	4.67e-37	129	84.4
smbu06GL001477	A0A1E8EBU8	31.579	266	139	5	16	243	17	277	6.89e-37	128	84.4
smbu06GL001478	Q38YH6	32.174	230	151	3	2	227	36	264	1.08e-27	102	99.6
smbu06GL001478	S5LAD9	28.879	232	158	3	2	227	34	264	1.50e-26	99.4	99.6
smbu06GL001481	A0ABT7EEV8	37.662	231	142	2	6	236	6	234	2.10e-45	154	51.3
smbu06GL001481	A0ABT7EBS1	23.256	129	91	3	266	392	21	143	3.28e-06	43.1	28.2
smbu06GL001482	A0ABT7EBQ8	43.434	297	162	3	6	300	4	296	1.13e-86	258	95.2
smbu06GL001485	A0ABT7EC07	49.432	352	174	2	1	352	1	348	3.05e-123	355	98.3
smbu06GL001486	A0ABT7ED38	32.632	95	49	5	1	88	1	87	2.09e-05	41.6	20.7
smbu06GL001487	A0ABT7EBQ7	34.328	268	150	9	52	304	48	304	2.48e-36	128	82.1
smbu06GL001489	A0ABT7E880	56.647	173	75	0	2	174	3	175	9.71e-69	202	96.6
smbu06GL001489	A0ABT7EBZ9	24.409	127	86	5	24	148	25	143	8.07e-07	42.7	69.8
smbu06GL001489	A0ABT7E9N4	31.746	63	41	2	87	148	85	146	2.87e-04	35.4	34.6
smbu06GL001490	A0ABT7ECA8	52.069	290	137	2	11	298	14	303	3.89e-101	295	95.0
smbu06GL001490	A0ABT7E7P8	41.007	278	153	4	23	298	32	300	2.16e-63	198	91.1
smbu06GL001490	A0ABT7EBY6	30.093	216	147	2	78	290	2	216	1.15e-32	116	70.3
smbu06GL001491	A0ABT7E853	38.028	142	86	1	1	142	11	150	3.88e-20	77.0	100.0
smbu06GL001510	A0ABT7ECP4	70.305	394	117	0	3	396	6	399	0.0	581	99.5
smbu06GL001525	A0ABT7E994	50.658	304	143	4	4	306	2	299	2.90e-100	292	98.4
smbu06GL001529	A0ABT7E7M0	47.368	209	103	4	1	203	1	208	6.20e-63	190	98.1
smbu06GL001530	A0ABT7ECK8	57.647	170	72	0	1	170	1	170	1.10e-70	207	100.0
smbu06GL001530	A0ABT7EBS1	31.858	113	59	4	34	145	46	141	6.40e-08	45.8	65.9
smbu06GL001530	A0ABT7EB46	25.806	124	81	3	34	149	36	156	7.10e-07	42.7	68.2
smbu06GL001533	A0ABT7E8C4	33.333	195	124	5	1	192	2	193	4.52e-24	93.2	73.3
smbu06GL001533	A0A6C0VTH5	29.744	195	121	5	6	190	9	197	7.78e-14	65.1	70.6
smbu06GL001533	A0A0E3LZT0	27.586	232	146	7	4	220	8	232	6.26e-12	59.7	82.8
smbu06GL001538	A0ABT7EAX9	41.765	340	186	8	1	334	1	334	2.33e-85	257	99.4
smbu06GL001542	A0ABT7EBW6	41.135	141	83	0	4	144	1	141	3.04e-40	128	96.6
smbu06GL001543	A0ABT7E8C4	24.291	247	159	11	18	250	16	248	2.91e-06	42.7	92.8
smbu06GL001543	A0A6C0VTH5	21.951	246	163	8	25	248	25	263	1.72e-05	40.4	89.2
smbu06GL001551	A0ABT7EA64	26.974	152	103	4	19	165	63	211	1.87e-04	37.0	68.4
smbu06GL001553	D7VI15	38.667	225	130	5	3	221	1	223	2.49e-44	144	89.4
smbu06GL001553	A0ABT7ED67	36.626	243	139	6	1	238	1	233	7.53e-39	134	97.1
smbu06GL001553	E6K478	36.946	203	124	4	18	218	20	220	2.18e-38	129	82.0
smbu06GL001553	Q8RKC1	35.021	237	129	8	3	224	1	227	3.90e-38	129	90.6
smbu06GL001553	A0A380JEF6	37.611	226	120	9	12	225	12	228	1.91e-35	122	87.3
smbu06GL001553	A0ABT7E5G3	33.628	226	129	6	4	219	3	217	1.65e-33	117	88.2
smbu06GL001553	A0ABT7ECJ0	32.609	230	140	4	11	233	10	231	2.06e-33	117	91.0
smbu06GL001553	O31427	29.864	221	145	3	1	219	1	213	1.14e-29	107	89.4
smbu06GL001553	P0C0E2	27.586	232	152	4	3	229	1	221	3.44e-29	105	92.7
smbu06GL001553	A5HZ37	28.829	222	152	3	1	221	1	217	2.33e-28	105	90.2
smbu06GL001554	A0ABT7E847	31.471	340	209	11	5	335	4	328	1.41e-43	149	97.6
smbu06GL001556	A0ABT7EFV5	53.509	342	156	1	3	344	1	339	1.70e-139	395	98.6
smbu06GL001583	A0ABT7ECN3	58.759	274	109	2	5	277	5	275	1.91e-107	308	98.6
smbu06GL001583	A0ABT7EBM3	56.410	273	114	2	3	275	5	272	1.71e-100	291	98.6
smbu06GL001588	A0ABT7E789	39.286	84	48	2	1	82	1	83	5.95e-13	54.7	97.6
smbu06GL001589	A0ABT7E795	26.176	340	241	4	10	342	7	343	4.58e-39	137	96.0
smbu06GL001594	A0ABT7EAP8	47.205	161	82	2	1	161	5	162	8.33e-48	148	98.8
smbu06GL001600	A0ABT7E801	29.820	389	250	6	1	381	1	374	1.83e-48	164	98.4
smbu06GL001606	A0ABT7E723	23.148	324	185	13	11	316	6	283	4.36e-04	37.7	65.4
smbu06GL001613	P0C0E2	35.065	231	134	5	5	235	1	215	1.54e-25	100	45.5
smbu06GL001613	P0C0E2	26.818	220	123	6	274	484	13	203	5.62e-11	58.2	41.5
smbu06GL001613	O31427	28.992	238	160	4	5	242	3	231	1.22e-24	98.2	46.9
smbu06GL001613	O31427	24.272	206	141	3	279	484	20	210	8.62e-09	51.6	40.6
smbu06GL001613	A5HZ37	33.766	231	134	8	5	226	3	223	3.32e-23	95.9	43.7
smbu06GL001613	A5HZ37	22.791	215	151	5	279	492	20	220	2.95e-08	50.8	42.1
smbu06GL001613	E6K478	31.925	213	124	6	20	223	20	220	6.14e-23	92.8	40.2
smbu06GL001613	E6K478	21.538	195	135	8	274	463	17	198	2.17e-06	44.3	37.4
smbu06GL001613	D7VI15	31.925	213	122	7	20	222	20	219	2.80e-22	90.9	40.0
smbu06GL001613	D7VI15	21.466	191	130	8	279	463	22	198	2.11e-06	44.3	36.4
smbu06GL001613	Q8RKC1	32.864	213	133	7	18	226	18	224	3.55e-22	90.9	41.1
smbu06GL001613	Q8RKC1	25.481	208	139	7	281	484	24	219	7.47e-12	60.8	40.2
smbu06GL001613	A0ABT7ED67	26.619	278	166	7	6	264	4	262	3.98e-21	90.1	51.0
smbu06GL001613	A0ABT7ED67	25.541	231	144	8	261	484	3	212	1.15e-07	49.3	44.1
smbu06GL001613	O34113	33.636	220	133	6	5	222	6	214	7.71e-20	85.9	42.9
smbu06GL001613	O34113	24.537	216	144	5	280	492	24	223	2.48e-06	44.7	41.9
smbu06GL001613	A0A380JEF6	28.800	250	127	10	4	227	1	225	8.64e-18	78.6	44.1
smbu06GL001613	A0A380JEF6	23.256	215	147	7	279	488	22	223	9.66e-11	57.8	41.3
smbu06GL001613	Q9WW33	30.493	223	125	7	5	222	3	200	7.48e-17	76.6	42.9
smbu06GL001613	Q9WW33	26.506	83	60	1	402	484	118	199	3.54e-06	44.3	16.3
smbu06GL001619	O32197	33.607	122	76	2	1	121	1	118	1.35e-14	63.5	85.8
smbu06GL001619	A0ABM9XE61	26.471	136	81	5	1	132	4	124	4.13e-08	45.1	93.6
smbu06GL001619	A0ABT7EAW5	32.110	109	68	3	3	111	8	110	3.48e-07	43.5	77.3
smbu06GL001619	A0ABT7EAN8	25.714	105	72	3	4	108	5	103	7.18e-07	42.4	74.5
smbu06GL001619	A0ABT7E8B9	26.168	107	73	2	30	130	35	141	1.18e-06	42.0	71.6
smbu06GL001619	A0ABT7E962	27.679	112	75	2	3	114	2	107	2.65e-06	40.8	79.4
smbu06GL001619	A0ABT7E6F0	35.000	60	38	1	55	114	52	110	4.04e-06	40.4	42.6
smbu06GL001619	Q38Y65	22.951	122	90	2	1	118	1	122	1.25e-05	38.9	83.7
smbu06GL001619	Q48871	22.951	122	90	2	1	118	1	122	1.46e-05	38.9	83.7
smbu06GL001619	K9AS40	30.357	112	60	5	3	108	2	101	1.67e-05	38.5	75.2
smbu06GL001624	A0ABT7EBQ3	38.144	194	102	4	1	187	2	184	2.99e-40	131	97.4
smbu06GL001624	A0ABT7EAY4	30.645	124	85	1	65	188	64	186	1.31e-12	60.5	64.6
smbu06GL001630	Q07296	60.086	233	91	2	25	256	3	234	9.37e-98	282	88.2
smbu06GL001630	A0ABT7EE41	53.275	229	106	1	27	254	2	230	4.56e-84	247	86.7
smbu06GL001634	A0ABT7EBQ1	44.937	158	84	2	14	171	2	156	2.45e-43	137	91.9
smbu06GL001637	A0ABT7EB46	45.789	190	102	1	18	206	1	190	1.36e-59	181	90.0
smbu06GL001637	A0ABT7ECK8	24.000	125	89	2	59	182	40	159	5.78e-05	37.7	59.0
smbu06GL001641	A0ABT7EA64	33.898	59	38	1	183	241	154	211	2.19e-04	37.4	20.0
smbu06GL001643	A0ABT7E873	30.851	94	56	2	108	201	110	194	4.28e-04	35.8	41.0
smbu06GL001654	A0ABT7E929	34.579	107	63	4	4	108	6	107	4.54e-13	62.0	44.3
smbu06GL001654	A0ABT7E6A1	33.333	105	65	4	4	107	5	105	6.16e-12	58.9	43.9
smbu06GL001654	A0ABT7EFJ6	26.923	130	90	3	1	130	1	125	3.19e-11	57.0	54.9
smbu06GL001654	O32197	28.058	139	90	1	1	139	1	129	1.41e-10	54.7	58.6
smbu06GL001654	A0ABT7E962	29.630	108	73	2	4	111	3	107	4.39e-09	50.8	45.6
smbu06GL001654	A0ABM9XE61	29.885	87	60	1	49	135	50	135	5.23e-09	49.3	36.7
smbu06GL001654	F3YBQ6	27.500	120	81	3	1	119	1	115	6.14e-09	49.3	50.2
smbu06GL001654	A0ABT7EAS7	32.407	108	68	5	1	107	1	104	7.06e-09	50.1	45.1
smbu06GL001654	A0ABT7EAN8	30.252	119	77	3	2	120	3	115	1.30e-08	49.3	50.2
smbu06GL001654	A0ABT7EAW5	29.464	112	74	3	4	113	9	117	2.43e-08	49.3	46.4
smbu06GL001658	A0ABT7ED38	38.873	355	209	5	24	376	22	370	4.86e-84	256	92.4
smbu06GL001660	A0ABT7E996	25.954	131	87	6	75	203	48	170	1.48e-04	38.9	31.8
smbu06GL001666	A0ABT7E5G3	32.143	252	157	5	1	240	1	250	4.51e-43	142	99.6
smbu06GL001666	A0ABT7ED67	36.598	194	118	2	13	201	14	207	2.69e-34	121	78.4
smbu06GL001666	Q8RKC1	31.443	194	120	3	13	194	16	208	4.20e-25	94.7	75.5
smbu06GL001666	A0A380JEF6	30.000	210	131	5	15	212	18	223	1.79e-23	90.9	82.2
smbu06GL001666	D7VI15	28.641	206	128	6	20	213	25	223	5.01e-19	78.6	80.5
smbu06GL001666	P0C0E2	28.718	195	128	4	12	198	4	195	1.22e-18	77.4	77.6
smbu06GL001666	O31427	24.444	225	163	4	3	223	4	225	3.86e-18	76.3	91.7
smbu06GL001666	A5HZ37	25.366	205	146	3	3	201	4	207	3.94e-17	74.7	82.6
smbu06GL001666	E6K478	27.807	187	119	4	18	191	21	204	1.06e-16	72.0	72.2
smbu06GL001666	Q9WVZ4	23.558	208	146	2	3	202	8	210	2.48e-15	69.7	83.0
smbu06GL001670	A0ABT7ED67	40.506	237	137	2	5	241	4	236	5.88e-54	176	73.8
smbu06GL001670	A5HZ37	34.375	224	143	4	4	227	3	222	1.82e-41	142	69.8
smbu06GL001670	Q8RKC1	33.929	224	137	6	4	219	1	221	9.97e-36	125	67.3
smbu06GL001670	O34113	29.167	216	147	2	3	218	5	214	1.95e-34	123	67.3
smbu06GL001670	P0C0E2	30.396	227	142	6	4	226	1	215	1.22e-33	119	69.5
smbu06GL001670	D7VI15	33.333	204	128	4	19	218	20	219	4.54e-33	117	62.3
smbu06GL001670	A0A380JEF6	33.040	227	134	6	4	219	2	221	2.38e-32	116	67.3
smbu06GL001670	A0ABT7E5G3	35.385	195	117	4	19	212	21	207	2.40e-32	116	60.4
smbu06GL001670	E6K478	32.039	206	130	6	19	219	20	220	1.05e-30	111	62.6
smbu06GL001670	O31427	28.077	260	165	5	3	262	2	239	7.05e-28	104	81.0
smbu06GL001671	A0ABT7EA64	28.667	150	93	5	26	162	63	211	7.34e-04	37.0	26.8
smbu06GL001676	Q04939	28.013	307	199	7	1	293	1	299	4.85e-19	81.6	93.0
smbu06GL001683	A0ABT7EF84	47.899	238	117	3	7	243	4	235	1.81e-80	238	93.7
smbu06GL001688	A0ABT7E826	37.563	197	108	6	10	201	11	197	1.08e-30	107	90.6
smbu06GL001690	A0ABT7E8H9	46.947	262	128	4	2	260	3	256	5.91e-76	227	98.5
smbu06GL001693	K7ZQ81	23.256	172	99	5	153	301	198	359	3.09e-06	43.5	47.5
smbu06GL001697	A0ABT7E8I6	50.800	250	117	3	2	247	3	250	4.17e-79	235	96.5
smbu06GL001698	A0ABT7E767	48.276	58	27	1	132	186	9	66	7.51e-09	51.2	18.8
smbu06GL001701	A0ABT7EAB7	31.481	162	83	6	35	183	32	178	7.32e-15	65.1	81.4
smbu06GL001703	A0ABT7E5X5	52.096	167	78	1	4	168	5	171	1.73e-61	188	95.9
smbu06GL001710	P0C0E2	24.887	221	131	5	4	223	2	188	2.14e-15	71.6	35.1
smbu06GL001710	P0C0E2	26.768	198	123	3	321	506	1	188	7.76e-10	55.1	29.7
smbu06GL001710	A0ABV2J8Y4	28.571	203	131	5	306	499	176	373	1.19e-14	71.6	30.9
smbu06GL001710	A0ABV2J8Y4	24.312	218	118	9	4	216	198	373	3.76e-07	48.1	34.0
smbu06GL001710	O31427	25.573	262	120	7	1	237	1	212	2.28e-14	68.6	37.8
smbu06GL001710	O31427	29.126	206	133	6	328	522	12	215	1.16e-13	66.6	31.1
smbu06GL001710	A0A380JEF6	30.131	229	114	10	4	216	3	201	6.49e-14	67.8	34.0
smbu06GL001710	A0A380JEF6	23.144	229	114	7	337	525	21	227	2.25e-06	45.1	30.1
smbu06GL001710	A0ABT7ECJ0	26.230	244	144	7	4	238	2	218	2.00e-13	66.6	37.5
smbu06GL001710	A0ABT7ECJ0	22.222	225	130	8	321	514	1	211	4.09e-06	44.3	30.9
smbu06GL001710	D7VI15	27.642	246	115	10	4	223	2	210	3.42e-13	65.1	35.1
smbu06GL001710	D7VI15	27.429	175	87	7	329	475	11	173	4.72e-06	43.5	23.4
smbu06GL001710	E6K478	25.287	261	126	9	4	237	2	220	3.80e-13	64.7	37.3
smbu06GL001710	Q9WVZ4	28.177	181	108	6	350	514	36	210	7.26e-13	65.5	26.3
smbu06GL001710	Q9WVZ4	24.180	244	142	7	4	238	8	217	1.30e-11	61.6	37.5
smbu06GL001710	K2GK60	36.145	83	51	1	151	231	26	108	2.56e-12	59.7	12.9
smbu06GL001710	K2GK60	33.750	80	51	1	443	520	35	114	1.57e-08	48.9	12.4
smbu06GL001710	Q9WW33	24.723	271	157	10	1	266	1	229	4.86e-12	62.8	42.4
smbu06GL001710	Q9WW33	26.484	219	142	8	320	530	2	209	9.37e-09	52.8	33.7
smbu06GL001722	A0ABT7E767	30.814	172	106	4	6	165	7	177	5.91e-13	64.7	36.7
smbu06GL001722	A0ABT7E767	29.651	172	102	5	178	344	8	165	3.11e-10	56.6	38.3
smbu06GL001734	A0ABT7E505	31.064	235	154	4	3	234	2	231	2.02e-33	116	97.5
smbu06GL001738	K7ZQ81	25.000	236	145	8	70	279	127	356	6.05e-09	52.0	71.2
smbu06GL001743	A0ABT7ECR4	31.984	247	157	5	112	356	13	250	6.69e-24	95.1	66.4
smbu06GL001743	A0ABT7E818	42.857	70	40	0	127	196	53	122	4.29e-11	58.2	19.0
smbu06GL001743	A0ABT7E818	36.111	72	40	2	298	368	174	240	9.21e-07	45.1	19.2
smbu06GL001743	P15935	31.325	83	48	2	279	356	104	182	1.24e-06	43.9	21.1
smbu06GL001750	C0HMC8	51.351	74	32	2	139	211	185	255	8.39e-13	64.7	18.5
smbu06GL001750	C0HMC8	79.310	29	6	0	9	37	156	184	1.33e-08	51.6	7.3
smbu06GL001750	C0HMC8	55.556	36	14	1	325	358	106	141	3.84e-06	43.9	8.6
smbu06GL001759	Q9KHK9	24.227	388	270	11	15	388	20	397	9.07e-17	79.0	45.8
smbu06GL001760	A0ABT7EAR4	27.826	115	78	3	28	140	32	143	7.54e-05	39.7	29.4
smbu06GL001764	A0ABT7E991	36.330	267	161	2	14	278	1	260	6.16e-54	172	93.3
smbu06GL001764	A0ABT7E969	27.731	119	69	2	140	254	169	274	4.49e-06	42.7	40.5
smbu06GL001764	A0ABT7E5I2	26.016	123	66	4	140	254	169	274	1.99e-04	37.7	40.5
smbu06GL001781	A0ABT7E6R1	27.119	295	198	10	1	291	1	282	7.32e-25	97.8	91.8
smbu06GL001781	A0ABT7E969	22.464	276	183	10	36	301	38	292	1.80e-06	44.3	83.9
smbu06GL001781	A0ABT7E5I2	23.162	272	179	11	26	287	27	278	9.69e-06	42.0	82.6
smbu06GL001783	Q9KHL4	27.273	66	47	1	4	68	9	74	2.35e-04	35.0	45.1
smbu06GL001785	A0A0P0YKB7	71.429	133	38	0	1	133	1	133	4.60e-74	213	95.0
smbu06GL001787	A0ABT7ECJ0	31.873	251	166	4	295	541	1	250	1.46e-36	133	44.0
smbu06GL001787	A0ABT7ECJ0	33.083	266	165	6	1	262	1	257	3.56e-28	109	46.6
smbu06GL001787	Q8RKC1	33.654	208	127	7	310	510	20	223	6.19e-30	113	35.8
smbu06GL001787	Q8RKC1	34.649	228	139	6	1	224	1	222	5.26e-23	93.6	39.9
smbu06GL001787	D7VI15	31.034	203	134	3	311	509	21	221	3.40e-26	102	35.4
smbu06GL001787	D7VI15	33.641	217	137	6	9	224	11	221	4.69e-23	93.6	38.4
smbu06GL001787	A5HZ37	29.333	225	135	6	295	508	3	214	6.57e-23	95.1	38.1
smbu06GL001787	A5HZ37	28.270	237	157	7	1	235	3	228	1.55e-18	82.0	41.8
smbu06GL001787	A0A380JEF6	30.808	198	130	4	314	506	24	219	8.47e-23	93.6	34.3
smbu06GL001787	A0A380JEF6	32.618	233	136	7	19	241	21	242	1.62e-22	92.8	39.7
smbu06GL001787	A0ABT7ED67	28.916	249	163	5	305	546	13	254	3.06e-21	90.9	43.1
smbu06GL001787	A0ABT7ED67	31.532	222	137	6	2	221	4	212	4.00e-18	81.6	39.1
smbu06GL001787	A0ABT7E5G3	30.531	226	143	5	2	225	5	218	3.38e-21	89.0	39.9
smbu06GL001787	A0ABT7E5G3	28.079	203	137	5	310	509	21	217	1.59e-15	72.0	35.6
smbu06GL001787	E6K478	32.212	208	121	7	311	507	21	219	5.16e-21	87.4	35.1
smbu06GL001787	E6K478	29.680	219	141	6	8	222	10	219	1.54e-17	77.4	38.3
smbu06GL001787	O31427	27.189	217	150	3	295	509	3	213	1.38e-19	84.0	38.3
smbu06GL001787	O31427	28.708	209	134	6	19	225	19	214	1.72e-17	77.8	36.8
smbu06GL001787	A0A563VTD8	28.632	234	132	6	2	222	162	373	2.05e-19	85.9	39.3
smbu06GL001787	A0A563VTD8	25.957	235	147	9	286	507	153	373	4.57e-17	79.0	39.5
smbu06GL001790	A3QMY0	30.038	263	174	6	1	254	104	365	4.80e-34	122	91.4
smbu06GL001790	P35878	28.099	242	168	3	17	252	4	245	5.67e-29	106	84.9
smbu06GL001791	A3QMY0	34.783	92	42	2	9	94	4	83	3.62e-08	45.1	89.6
smbu06GL001802	Q9K532	63.333	30	11	0	351	380	1	30	2.31e-07	42.7	6.3
smbu06GL001811	A0ABT7E766	40.777	103	54	4	29	125	23	124	6.33e-14	60.1	73.5
smbu06GL001814	A0ABT7E9W8	29.316	307	192	12	165	460	3	295	4.43e-19	83.2	63.0
smbu06GL001814	A0ABT7E7P7	23.790	248	156	8	232	463	74	304	1.27e-10	57.8	49.4
smbu06GL001814	A0ABT7E9R1	22.289	332	215	12	145	456	10	318	4.40e-06	43.9	66.4
smbu06GL001815	A0ABT7E6A1	38.667	225	135	2	4	227	5	227	1.37e-51	163	98.2
smbu06GL001815	A0ABT7EBC4	37.607	234	132	6	1	228	1	226	3.74e-48	154	100.0
smbu06GL001815	A0ABT7EAS7	34.043	235	141	3	1	224	1	232	9.80e-47	150	98.2
smbu06GL001815	A0ABT7EFJ6	35.714	224	140	1	1	224	1	220	1.73e-44	144	98.2
smbu06GL001815	A0ABT7EAN8	33.333	225	141	2	2	226	3	218	5.71e-44	143	98.7
smbu06GL001815	A0ABT7EB85	34.956	226	145	2	1	224	1	226	1.93e-42	139	98.2
smbu06GL001815	A0ABT7E962	33.036	224	143	3	4	226	3	220	1.35e-40	134	97.8
smbu06GL001815	Q9ZEG3	34.667	225	139	3	1	225	1	217	2.39e-39	131	98.7
smbu06GL001815	A0ABT7E6F0	33.624	229	141	4	3	224	5	229	1.02e-37	127	97.4
smbu06GL001815	A0A2N9DWZ8	33.628	226	147	1	1	226	1	223	1.54e-37	126	99.1
smbu06GL001817	A0ABT7E890	50.877	57	27	1	1	56	1	57	5.16e-11	47.8	94.9
smbu06GL001819	K7SVU1	25.403	248	169	5	4	243	1	240	3.66e-15	70.1	78.9
smbu06GL001821	J7TI11	63.393	336	106	3	1	319	17	352	4.31e-147	414	99.7
smbu06GL001821	A0ABT7E9G4	53.438	320	148	1	1	320	1	319	9.86e-120	343	100.0
smbu06GL001839	A0ABT7E7C8	44.444	81	45	0	2	82	33	113	1.02e-22	80.5	94.2
smbu06GL001845	A0ABT7E4U4	54.475	257	117	0	4	260	54	310	2.06e-95	279	98.5
smbu06GL001846	A0ABT7E4U1	51.648	273	128	2	9	280	21	290	2.30e-96	281	94.1
smbu06GL001847	A0ABT7EBZ4	26.875	160	101	5	140	291	167	318	4.57e-05	40.8	33.1
smbu06GL001848	A0ABT7EBW6	53.676	136	63	0	1	136	2	137	3.37e-52	158	97.8
smbu06GL001851	A0ABT7E8C4	54.167	240	106	2	9	244	10	249	4.09e-85	249	96.3
smbu06GL001851	A0A6C0VTH5	31.496	254	151	6	9	241	12	263	1.11e-29	107	95.1
smbu06GL001851	A0A0E3LZT0	30.159	252	157	8	4	241	8	254	6.97e-29	105	97.1
smbu06GL001852	A0ABT7ECF5	42.857	308	167	6	6	306	3	308	1.35e-78	238	97.4
smbu06GL001852	Q9KHK3	25.430	291	195	8	6	286	14	292	1.01e-15	72.0	90.9
smbu06GL001852	A0A6C0VV97	25.773	291	194	8	6	286	14	292	1.12e-15	72.0	90.9
smbu06GL001854	A0ABT7EAR4	44.037	327	173	6	1	319	1	325	2.93e-90	268	99.7
smbu06GL001855	Q9HL29	28.571	105	66	3	27	122	22	126	2.22e-07	43.5	65.8
smbu06GL001855	P40676	24.000	100	73	1	31	127	23	122	1.47e-04	35.4	66.4
smbu06GL001886	A0ABT7E938	52.041	196	92	2	5	199	34	228	2.53e-73	217	96.5
smbu06GL001893	Q4FD00	30.000	110	59	6	398	496	128	230	8.52e-04	37.4	14.2
smbu06GL001895	O32197	62.857	210	77	1	1	209	1	210	3.31e-91	262	99.5
smbu06GL001895	A0ABT7E7Q5	33.121	157	96	3	47	202	49	197	9.53e-20	79.3	74.3
smbu06GL001895	A0ABT7EAW5	36.449	107	65	1	2	108	7	110	2.26e-16	72.0	51.0
smbu06GL001895	A0ABT7E8B9	33.645	107	65	3	2	104	10	114	1.69e-10	54.7	49.0
smbu06GL001895	Q9ZEG3	23.418	158	105	4	49	192	46	201	3.06e-05	38.9	68.6
smbu06GL001895	A0ABT7EB85	26.667	120	85	3	1	120	1	117	1.54e-04	37.0	57.1
smbu06GL001895	A0ABT7E962	24.757	206	134	8	2	191	1	201	4.77e-04	35.4	90.5
smbu06GL001896	O32198	38.617	347	190	6	13	353	18	347	1.83e-73	228	96.3
smbu06GL001896	Q93K15	75.000	80	19	1	144	223	26	104	1.24e-34	119	22.6
smbu06GL001897	O32199	23.256	129	99	0	120	248	110	238	3.24e-12	60.1	51.4
smbu06GL001914	A5HZ37	28.910	211	139	2	42	241	18	228	2.58e-24	97.8	49.3
smbu06GL001914	O34113	30.952	210	114	7	41	230	20	218	3.41e-22	91.7	46.8
smbu06GL001914	P0C0E2	31.884	207	120	8	32	226	7	204	2.55e-21	87.8	48.0
smbu06GL001914	A0ABT7ECJ0	32.227	211	128	5	42	237	17	227	3.86e-21	88.2	48.3
smbu06GL001914	A0A380JEF6	30.233	215	124	8	40	231	18	229	4.43e-18	79.0	47.3
smbu06GL001914	K7ZLT3	25.498	251	168	4	48	287	1	243	1.05e-16	75.1	59.1
smbu06GL001914	Q8RKC1	25.463	216	143	4	29	227	7	221	2.04e-14	67.8	49.0
smbu06GL001914	D7VI15	27.861	201	128	4	42	226	20	219	1.05e-13	65.9	45.6
smbu06GL001914	L0N6P3	27.136	199	129	4	48	240	1	189	1.05e-13	66.2	47.5
smbu06GL001914	E6K478	28.713	202	127	5	42	227	20	220	1.63e-13	65.1	45.8
smbu06GL001921	A0ABT7EAT1	65.625	288	99	0	1	288	1	288	8.56e-142	396	100.0
smbu06GL001921	A0ABT7E7M8	28.136	295	172	9	2	265	5	290	2.09e-21	87.4	91.7
smbu06GL001921	A0ABT7EG12	27.778	270	162	12	1	246	5	265	7.07e-11	57.8	85.4
smbu06GL001925	A0ABT7E7Z4	30.769	208	117	8	3	193	41	238	3.05e-18	79.7	55.2
smbu06GL001927	A0ABT7EDC1	44.534	247	137	0	1	247	1	247	4.30e-76	227	97.2
smbu06GL001952	A0ABT7EAV6	34.118	85	55	1	111	194	58	142	1.87e-14	63.5	42.2
smbu06GL001954	A0ABT7E836	57.061	347	140	2	13	350	12	358	2.51e-112	330	81.8
smbu06GL001959	A0ABT7E7Z4	43.003	293	159	4	22	310	24	312	3.56e-72	222	90.3
smbu06GL001971	A0ABT7E8D9	32.143	56	38	0	3	58	2	57	8.47e-07	38.1	75.7
smbu06GL001973	A0ABT7ECB1	41.877	277	160	1	3	278	9	285	2.26e-75	228	97.2
smbu06GL001976	A0ABT7EDC1	24.752	202	142	4	128	320	4	204	1.34e-15	71.2	54.5
smbu06GL001979	A0A1E8EBU8	84.718	301	46	0	10	310	3	303	0.0	514	97.1
smbu06GL001979	Q8YAM0	84.718	301	46	0	10	310	3	303	0.0	513	97.1
smbu06GL001979	Q38YH5	78.738	301	64	0	10	310	3	303	0.0	509	97.1
smbu06GL001980	S5LAD9	88.433	268	30	1	1	267	1	268	9.25e-151	417	100.0
smbu06GL001980	Q38YH6	74.532	267	67	1	1	267	3	268	9.98e-115	326	100.0
smbu06GL001981	T2B3D6	83.582	67	11	0	70	136	1	67	7.40e-38	125	20.4
smbu06GL001991	A0ABT7E8C8	36.866	217	136	1	10	226	4	219	3.56e-44	143	95.6
smbu06GL001999	A0ABT7EA06	38.571	70	43	0	1	70	1	70	7.14e-14	56.2	90.9
smbu06GL002000	A0ABT7EA09	39.793	387	220	6	8	393	6	380	3.96e-80	247	96.5
smbu06GL002001	T2B3T1	70.588	68	20	0	256	323	1	68	2.04e-26	97.8	13.5
smbu06GL002005	A0A380JEF6	45.306	245	133	1	16	260	2	245	1.71e-78	234	91.8
smbu06GL002005	E6K478	44.749	219	120	1	16	234	1	218	7.27e-65	198	82.0
smbu06GL002005	D7VI15	40.541	222	131	1	16	237	1	221	1.35e-56	177	83.1
smbu06GL002005	Q8RKC1	36.036	222	142	0	16	237	1	222	2.57e-54	171	83.1
smbu06GL002005	A0ABT7E5G3	32.243	214	135	3	17	229	3	207	1.38e-31	113	79.8
smbu06GL002005	A5HZ37	28.689	244	159	7	16	258	3	232	3.11e-30	110	91.0
smbu06GL002005	A0ABT7ED67	31.507	219	139	3	17	234	4	212	3.94e-30	111	81.6
smbu06GL002005	O31427	29.204	226	145	5	15	238	2	214	8.50e-27	100	83.9
smbu06GL002005	P0C0E2	30.045	223	138	7	16	237	1	206	6.93e-24	92.4	83.1
smbu06GL002005	O34113	29.268	205	131	4	12	215	2	193	4.36e-23	91.7	76.4
smbu06GL002007	A0ABT7EF84	22.751	189	120	9	19	194	6	181	1.70e-06	42.7	88.0
smbu06GL002008	A0ABT7EFM9	48.844	346	172	3	11	355	2	343	1.04e-108	319	92.5
smbu06GL002009	A0ABT7EDI9	46.014	276	148	1	14	289	3	277	3.45e-80	239	95.2
smbu06GL002015	A0ABT7EG51	57.653	196	83	0	3	198	4	199	7.62e-85	245	99.0
smbu06GL002032	I6VW48	30.000	90	58	3	7	93	38	125	1.34e-09	48.1	79.8
smbu06GL002032	P68569	29.474	95	63	1	7	101	44	134	7.11e-09	46.2	87.2
smbu06GL002032	A0A0G4DCL1	21.951	82	62	1	7	86	40	121	1.34e-06	40.0	73.4
smbu06GL002032	A0A1B3IR29	23.000	100	69	3	10	102	76	174	7.28e-06	38.5	85.3
smbu06GL002032	C7G1H0	25.000	72	52	1	10	79	76	147	7.97e-06	38.1	64.2
smbu06GL002032	A0A660DWE4	19.780	91	66	1	4	87	69	159	7.62e-04	32.7	77.1
smbu06GL002038	A0ABT7ECG4	62.369	287	107	1	3	289	2	287	1.68e-130	368	99.3
smbu06GL002042	Q9KHL4	42.857	49	27	1	15	62	9	57	2.31e-05	37.4	36.9
smbu06GL002044	A0ABT7E976	41.042	307	171	5	4	302	6	310	2.79e-77	234	98.0
smbu06GL002047	A0ABT7EBZ1	70.526	190	56	0	1	190	1	190	2.87e-101	286	96.4
smbu06GL002048	A0ABT7E987	32.990	97	48	3	47	128	75	169	7.09e-05	37.0	50.9
smbu06GL002050	A0A563VTD8	36.078	255	159	3	328	581	145	396	2.68e-46	163	43.3
smbu06GL002050	Q9WVZ4	30.180	222	130	11	357	568	19	225	1.66e-19	85.1	36.2
smbu06GL002050	O31427	28.509	228	137	7	361	585	19	223	4.50e-18	79.3	38.4
smbu06GL002050	A0A1T4JMP4	25.532	282	172	11	248	515	3	260	1.74e-17	78.6	45.7
smbu06GL002050	P0C0E2	28.452	239	129	11	357	581	13	223	1.91e-17	77.4	38.4
smbu06GL002050	A5HZ37	29.167	216	136	8	361	569	19	224	3.01e-16	75.5	35.7
smbu06GL002050	E6K478	29.665	209	128	7	361	559	21	220	1.00e-15	72.0	34.0
smbu06GL002050	A0A380JEF6	26.047	215	131	8	361	560	21	222	5.55e-15	70.5	34.1
smbu06GL002050	Q8RKC1	28.846	208	123	8	360	549	20	220	7.84e-14	66.6	32.4
smbu06GL002050	D7VI15	26.341	205	138	7	361	558	21	219	1.35e-13	65.9	33.8
smbu06GL002051	A0A563VTD8	32.319	263	170	4	304	562	138	396	6.66e-36	134	45.6
smbu06GL002051	A0A1T4JMP4	28.409	264	169	7	234	494	12	258	7.28e-22	91.3	46.0
smbu06GL002051	Q9WVZ4	30.455	220	138	6	337	551	18	227	4.30e-19	84.0	37.9
smbu06GL002051	A5HZ37	25.957	235	152	9	324	550	4	224	6.91e-17	77.4	40.0
smbu06GL002051	A0ABT7ED67	28.293	205	136	5	338	538	15	212	1.30e-16	77.0	35.4
smbu06GL002051	A0A380JEF6	28.000	225	144	8	324	538	3	219	1.71e-16	75.1	37.9
smbu06GL002051	O31427	25.652	230	135	7	324	539	4	211	3.29e-16	73.9	38.0
smbu06GL002051	Q8RKC1	28.502	207	134	6	341	539	20	220	4.03e-16	73.6	35.0
smbu06GL002051	D7VI15	29.665	209	126	8	342	539	21	219	1.05e-15	72.0	34.9
smbu06GL002051	A0ABV2J8Y4	24.324	185	122	5	338	522	209	375	1.44e-14	71.2	32.6
smbu06GL002056	A0ABT7E6I7	28.054	221	142	5	5	217	4	215	1.68e-14	65.5	98.2
smbu06GL002060	A0ABT7ECS1	37.760	384	237	2	1	382	6	389	2.75e-99	296	96.2
smbu06GL002061	A0ABT7E8K1	37.127	369	224	5	2	366	6	370	3.79e-79	244	96.1
smbu06GL002061	A0ABT7E996	26.854	391	233	17	2	363	3	369	1.68e-27	107	95.3
smbu06GL002070	Q9X556	97.333	225	6	0	1	225	1	225	2.70e-164	457	50.9
smbu06GL002071	Q9X558	96.491	57	2	0	1	57	35	91	1.18e-35	110	100.0
smbu06GL002074	Q9X561	78.571	56	12	0	1	56	154	209	6.74e-27	92.0	100.0
smbu06GL002075	Q9X563	96.774	124	4	0	1	124	1	124	1.29e-85	241	100.0
smbu06GL002076	Q9K532	53.333	30	14	0	350	379	1	30	5.50e-05	35.8	6.3
smbu06GL002077	Q9K534	59.091	88	36	0	476	563	9	96	3.57e-32	115	14.2
smbu06GL002078	Q9X566	98.221	281	5	0	1	281	1	281	0.0	562	100.0
smbu06GL002083	A0ABT7EBQ7	27.760	317	208	11	1	311	3	304	9.38e-21	87.0	90.4
smbu06GL002090	A0ABT7E723	23.867	331	210	13	3	313	4	312	8.28e-16	72.4	93.7
smbu06GL002096	A0ABT7EDQ9	45.333	150	82	0	9	158	1	150	3.24e-42	134	90.9
smbu06GL002096	A0ABT7E4Y1	35.043	117	59	4	11	119	2	109	2.99e-12	58.9	66.1
smbu06GL002110	A0A380JEF6	35.897	195	121	3	21	212	23	216	1.40e-40	135	87.3
smbu06GL002110	Q8RKC1	33.790	219	135	4	1	212	1	216	4.31e-36	122	96.4
smbu06GL002110	D7VI15	33.480	227	128	8	1	214	1	217	1.87e-30	108	97.3
smbu06GL002110	E6K478	33.010	206	121	7	1	196	1	199	2.74e-30	107	89.1
smbu06GL002110	A0ABT7ED67	33.152	184	119	2	18	201	18	197	3.66e-25	96.7	83.6
smbu06GL002110	A0ABT7E5G3	30.108	186	119	3	18	201	21	197	8.01e-25	94.0	83.6
smbu06GL002110	A0ABT7ECJ0	27.397	219	149	8	1	214	1	214	8.91e-22	86.3	97.3
smbu06GL002110	P0C0E2	27.551	196	129	6	1	196	1	183	1.93e-19	79.3	89.1
smbu06GL002110	A0A563VTD8	27.103	214	133	6	5	208	165	365	6.81e-19	79.7	92.7
smbu06GL002110	A5HZ37	26.596	188	133	4	21	207	21	204	9.23e-17	73.2	85.0
smbu06GL002112	A0ABT7ED38	34.211	76	48	2	307	381	302	376	2.73e-05	41.2	19.0
smbu06GL002116	A0ABT7E7M8	54.770	283	126	2	1	282	1	282	3.51e-111	320	96.2
smbu06GL002116	A0ABT7EAT1	25.952	289	172	10	5	292	2	249	2.66e-17	75.9	98.3
smbu06GL002116	A0ABT7EG12	25.926	270	150	12	6	255	7	246	1.31e-11	60.1	85.3
smbu06GL002117	A0ABT7E824	50.150	333	163	1	15	347	2	331	4.91e-112	325	94.9
smbu06GL002123	Q38YH5	35.593	295	154	4	6	265	2	295	5.37e-61	191	95.2
smbu06GL002123	A0A1E8EBU8	35.117	299	158	3	10	273	6	303	1.68e-57	182	96.7
smbu06GL002123	Q8YAM0	35.117	299	158	3	10	273	6	303	3.43e-57	181	96.7
smbu06GL002124	S5LAD9	24.583	240	177	2	2	238	3	241	1.14e-22	89.7	91.5
smbu06GL002124	Q38YH6	26.337	243	159	5	3	234	6	239	8.26e-20	82.0	89.6
smbu06GL002131	A0A563VTD8	32.685	257	167	3	316	568	141	395	1.45e-39	144	44.3
smbu06GL002131	A0A1T4JMP4	27.798	277	170	7	235	502	3	258	2.01e-24	99.0	46.9
smbu06GL002131	Q9WVZ4	30.093	216	131	10	350	557	23	226	6.84e-19	83.2	36.4
smbu06GL002131	A5HZ37	27.354	223	148	7	349	565	18	232	5.72e-18	80.5	38.0
smbu06GL002131	A0ABV2J8Y4	24.599	187	124	3	342	528	205	374	3.46e-14	70.1	32.7
smbu06GL002131	Q8RKC1	26.699	206	134	5	350	545	21	219	7.16e-14	67.0	34.3
smbu06GL002131	O31427	25.701	214	127	8	346	545	15	210	5.75e-13	64.3	35.0
smbu06GL002131	P0C0E2	26.291	213	128	7	350	552	17	210	7.38e-13	63.9	35.6
smbu06GL002131	O34113	27.778	216	138	5	349	557	21	225	9.39e-13	64.7	36.6
smbu06GL002131	A0ABT7E5G3	26.829	205	129	7	350	545	22	214	2.33e-12	62.8	34.3
smbu06GL002132	A0A563VTD8	34.686	271	163	6	318	584	136	396	1.51e-44	159	45.5
smbu06GL002132	A5HZ37	28.972	214	139	7	364	572	19	224	1.19e-16	76.6	35.6
smbu06GL002132	Q9WVZ4	28.767	219	135	10	360	570	19	224	3.78e-16	75.1	35.9
smbu06GL002132	Q8RKC1	27.570	214	131	6	362	562	19	221	1.77e-15	71.6	34.2
smbu06GL002132	A0A380JEF6	26.667	225	138	7	345	560	13	219	1.50e-14	69.3	36.8
smbu06GL002132	A0A1T4JMP4	24.900	249	175	8	280	528	34	270	3.78e-14	68.6	42.4
smbu06GL002132	A0ABT7ECJ0	25.957	235	150	8	352	573	6	229	5.04e-14	68.2	37.8
smbu06GL002132	D7VI15	26.000	200	125	7	374	561	31	219	9.04e-14	66.6	32.0
smbu06GL002132	O31427	25.000	208	133	8	364	562	19	212	1.40e-12	63.2	33.9
smbu06GL002132	E6K478	24.390	205	144	5	364	562	21	220	9.37e-12	60.5	33.9
smbu06GL002135	A0ABT7ED67	41.473	258	147	2	1	258	1	254	2.26e-61	196	69.9
smbu06GL002135	A0ABT7E5G3	38.462	208	123	2	4	209	3	207	2.73e-40	139	55.8
smbu06GL002135	A0A380JEF6	33.636	220	138	4	4	216	3	221	2.10e-34	123	57.7
smbu06GL002135	A5HZ37	34.298	242	151	5	6	243	6	243	6.97e-34	123	64.5
smbu06GL002135	E6K478	32.057	209	134	3	12	214	12	218	2.93e-31	114	55.0
smbu06GL002135	D7VI15	32.864	213	134	4	6	212	7	216	3.40e-30	111	56.1
smbu06GL002135	Q8RKC1	30.909	220	145	3	1	214	1	219	2.95e-28	106	58.0
smbu06GL002135	O31427	30.093	216	147	3	1	216	1	212	9.51e-27	102	58.5
smbu06GL002135	O34113	26.339	224	157	3	7	228	10	227	9.27e-23	92.8	60.2
smbu06GL002135	A0A563VTD8	30.126	239	137	8	4	229	162	383	5.02e-22	92.0	61.2
smbu06GL002137	A0ABT7ECU3	49.827	289	131	3	7	290	4	283	3.91e-96	281	96.6
smbu06GL002147	A0ABT7ED67	34.975	203	121	4	26	228	19	210	2.55e-31	115	64.0
smbu06GL002147	Q8RKC1	32.314	229	146	7	5	232	1	221	9.79e-30	108	71.9
smbu06GL002147	E6K478	31.401	207	133	6	5	210	1	199	5.43e-27	101	65.0
smbu06GL002147	A5HZ37	29.845	258	157	10	5	260	3	238	2.96e-25	99.0	80.8
smbu06GL002147	A0ABT7ECJ0	27.602	221	143	6	25	240	17	225	2.17e-24	95.9	68.1
smbu06GL002147	A0A380JEF6	29.528	254	165	7	5	257	2	242	6.18e-24	94.0	79.8
smbu06GL002147	A0A563VTD8	31.982	222	130	7	26	242	179	384	9.73e-22	90.1	68.5
smbu06GL002147	D7VI15	27.670	206	142	5	5	210	1	199	1.58e-21	87.0	65.0
smbu06GL002147	O34113	28.099	242	145	8	4	238	5	224	2.84e-21	87.8	74.1
smbu06GL002147	A0ABT7E5G3	27.679	224	139	7	6	225	3	207	1.08e-20	85.1	69.4
smbu06GL002148	Q8RKC1	33.023	215	133	5	21	235	18	221	3.23e-29	108	60.4
smbu06GL002148	A0ABT7ED67	30.973	226	140	6	22	247	17	226	2.93e-28	108	63.5
smbu06GL002148	E6K478	31.897	232	146	7	4	235	1	220	9.31e-27	101	65.2
smbu06GL002148	A0ABT7ECJ0	30.131	229	148	6	17	245	11	227	1.03e-25	100	64.3
smbu06GL002148	A0A380JEF6	28.517	263	162	9	4	261	2	243	2.20e-25	98.6	72.5
smbu06GL002148	D7VI15	31.132	212	134	6	23	234	20	219	8.38e-23	90.9	59.6
smbu06GL002148	A0ABT7E5G3	29.464	224	139	6	5	228	3	207	2.51e-21	87.4	62.9
smbu06GL002148	A5HZ37	28.512	242	147	9	4	242	3	221	3.44e-20	85.5	67.1
smbu06GL002148	P0C0E2	29.487	234	132	10	4	234	1	204	4.27e-20	83.6	64.9
smbu06GL002148	A0A563VTD8	30.357	224	124	8	27	242	182	381	4.31e-19	83.2	60.7
smbu06GL002155	A0ABT7E9U2	23.980	392	257	9	1	364	1	379	2.63e-30	115	99.2
smbu06GL002156	J7T4Z2	76.204	353	84	0	3	355	25	377	0.0	581	99.4
smbu06GL002156	A0ABT7ECC3	42.939	347	188	5	3	348	5	342	5.99e-95	282	97.5
smbu06GL002156	A0ABT7EF84	25.893	112	74	4	125	236	134	236	8.12e-04	35.8	31.5
smbu06GL002160	E6K478	38.500	200	114	3	1	192	1	199	7.10e-42	137	91.0
smbu06GL002160	A0ABT7ED67	39.796	196	112	4	1	193	1	193	2.82e-39	134	91.5
smbu06GL002160	Q8RKC1	38.119	202	115	4	1	193	1	201	7.57e-39	129	91.5
smbu06GL002160	D7VI15	34.597	211	126	4	1	200	1	210	8.03e-38	127	94.8
smbu06GL002160	Q9WVZ4	34.783	207	127	4	1	205	7	207	2.07e-32	115	97.2
smbu06GL002160	A0ABT7E5G3	33.023	215	127	5	2	208	3	208	9.31e-31	109	98.1
smbu06GL002160	A0A380JEF6	36.000	200	112	5	4	193	8	201	6.75e-30	107	90.0
smbu06GL002160	A5HZ37	29.167	192	134	2	1	192	3	192	7.04e-30	108	91.0
smbu06GL002160	P0C0E2	30.693	202	131	3	1	202	1	193	8.61e-30	106	95.7
smbu06GL002160	A0A563VTD8	31.754	211	119	5	2	199	162	360	8.25e-24	93.2	93.8
smbu06GL002166	A0A1I2VQ10	38.614	101	57	1	1	96	7	107	9.19e-19	70.5	97.0
smbu06GL002166	E0PG56	37.113	97	55	2	8	98	7	103	4.28e-17	66.2	91.9
smbu06GL002166	S0NX67	43.529	85	47	1	8	92	7	90	1.13e-16	65.1	85.9
smbu06GL002166	A0A0A7FWC7	38.298	94	53	1	3	91	7	100	1.13e-16	65.1	89.9
smbu06GL002166	A0A1I7IWD5	36.082	97	56	2	8	98	7	103	3.29e-16	63.9	91.9
smbu06GL002166	A0A0U1P2T3	42.105	76	44	0	14	89	18	93	3.36e-16	63.5	76.8
smbu06GL002166	A0A091CBB4	35.106	94	56	1	8	96	7	100	1.12e-15	62.4	89.9
smbu06GL002166	G5KB56	36.264	91	53	1	9	94	27	117	6.78e-15	60.8	86.9
smbu06GL002166	A0ACG7REZ6	38.776	98	52	2	3	95	4	98	1.55e-14	59.7	93.9
smbu06GL002166	A0A172Q5Z7	31.683	101	63	2	1	96	1	100	6.13e-13	55.5	97.0
smbu06GL002168	A0ABT7ECY0	67.943	209	67	0	1	209	1	209	5.33e-109	307	100.0
smbu06GL002173	A0ABT7ECY1	31.095	283	179	7	4	275	1	278	2.44e-40	137	97.5
smbu06GL002174	A0ABT7EFZ7	57.627	354	150	0	1	354	1	354	4.16e-152	428	99.2
smbu06GL002174	A0ABT7EBU2	33.432	338	214	6	17	350	39	369	7.75e-52	172	93.6
smbu06GL002178	A0ABT7EAB7	30.270	185	88	6	13	186	20	174	1.27e-16	69.7	92.1
smbu06GL002189	P0C0E2	27.727	220	151	4	3	216	2	219	4.74e-24	91.7	95.1
smbu06GL002189	Q9WVZ4	27.103	214	144	4	1	206	6	215	5.81e-24	93.2	91.6
smbu06GL002189	P71009	29.358	218	144	4	17	225	19	235	1.80e-23	90.5	92.9
smbu06GL002189	O34113	27.442	215	150	4	6	214	10	224	8.54e-19	79.0	92.9
smbu06GL002189	A5HZ37	26.432	227	154	6	5	222	6	228	1.28e-17	75.5	96.9
smbu06GL002189	O31427	22.959	196	145	3	18	208	19	213	1.27e-14	66.2	84.9
smbu06GL002189	Q9WW33	32.864	213	123	11	1	206	1	200	1.79e-14	66.6	91.6
smbu06GL002189	A0ABT7ECJ0	24.424	217	143	4	5	205	4	215	2.75e-14	65.9	89.3
smbu06GL002189	E6K478	27.551	196	124	6	25	206	28	219	2.32e-12	59.7	80.9
smbu06GL002189	K7ZLT3	27.179	195	121	5	28	216	6	185	1.11e-11	58.5	84.0
smbu06GL002195	A0ABT7E8F8	49.838	309	154	1	1	308	4	312	1.45e-117	337	98.7
smbu06GL002198	A0A563VTD8	35.570	298	183	5	331	624	104	396	4.63e-50	174	46.7
smbu06GL002198	A0A1T4JMP4	23.828	256	171	6	308	556	20	258	9.30e-18	79.3	39.5
smbu06GL002198	Q8RKC1	28.169	213	129	6	403	602	20	221	2.50e-16	74.3	31.7
smbu06GL002198	Q9WVZ4	29.327	208	130	10	403	604	22	218	5.82e-16	74.7	32.1
smbu06GL002198	A0ABT7ED67	30.435	207	123	8	403	600	18	212	1.15e-15	74.3	31.4
smbu06GL002198	D7VI15	26.728	217	130	8	400	601	17	219	2.39e-15	71.2	32.1
smbu06GL002198	A0ABT7ECJ0	23.950	238	157	7	389	613	3	229	1.99e-14	69.7	35.7
smbu06GL002198	O31427	24.242	231	135	8	407	627	22	222	2.69e-14	68.6	35.1
smbu06GL002198	A0A380JEF6	25.481	208	139	5	404	602	21	221	3.01e-14	68.6	31.6
smbu06GL002198	A5HZ37	24.481	241	157	9	388	619	4	228	3.91e-14	69.3	36.8
smbu06GL002199	A0A563VTD8	30.196	255	174	3	316	569	145	396	3.75e-33	126	44.2
smbu06GL002199	A0A1T4JMP4	29.050	179	98	5	331	501	101	258	3.71e-19	83.6	29.7
smbu06GL002199	D7VI15	28.959	221	125	7	339	538	11	220	1.48e-18	80.5	34.8
smbu06GL002199	O31427	27.751	209	126	7	348	546	18	211	3.76e-18	79.7	34.6
smbu06GL002199	A0A380JEF6	25.664	226	141	5	348	566	20	225	1.01e-15	72.8	38.1
smbu06GL002199	Q8RKC1	27.193	228	144	9	332	546	2	220	3.28e-15	70.9	37.4
smbu06GL002199	E6K478	27.604	192	129	4	338	524	10	196	4.21e-13	64.3	32.5
smbu06GL002199	A0ABV2J8Y4	25.676	148	94	2	366	513	230	361	1.25e-12	65.1	25.7
smbu06GL002199	Q9WVZ4	26.244	221	142	6	344	556	18	225	2.81e-12	63.5	37.0
smbu06GL002199	P0C0E2	21.795	234	165	4	338	569	6	223	3.19e-12	62.0	40.3
smbu06GL002202	A0ABT7EEA9	26.341	205	132	5	5	199	7	202	1.23e-20	81.6	94.7
smbu06GL002216	Q04939	22.780	259	176	8	81	334	60	299	4.53e-11	58.5	70.8
smbu06GL002225	A0ABT7EFX6	32.906	234	133	7	41	264	25	244	2.90e-30	110	81.8
smbu06GL002234	Q9KHL4	34.848	66	43	0	31	96	9	74	4.08e-09	50.4	23.9
smbu06GL002234	A0A6C0VVJ7	36.735	49	31	0	48	96	20	68	1.62e-07	45.4	17.8
smbu06GL002235	Q04939	28.962	183	128	1	1	183	1	181	2.84e-19	82.0	59.6
smbu06GL002239	A0ABT7EEL5	54.839	93	41	1	2	94	3	94	6.70e-23	80.5	98.9
smbu06GL002240	P71475	29.310	116	71	5	71	178	107	219	6.84e-06	40.4	58.4
smbu06GL002240	Q1WFC6	26.957	115	75	3	71	178	107	219	1.84e-05	39.3	58.4
smbu06GL002240	P71474	28.571	112	62	6	73	170	23	130	0.001	33.5	53.0
smbu06GL002246	A0ABT7E9W8	26.267	217	149	5	373	587	78	285	7.63e-16	74.3	35.2
smbu06GL002246	A0ABT7E9R1	26.201	229	151	8	367	591	103	317	1.45e-10	58.5	36.8
smbu06GL002246	A0ABT7E7P7	23.305	236	158	6	374	601	84	304	6.74e-09	53.1	37.3
smbu06GL002247	A0ABT7EB85	43.363	226	128	0	1	226	1	226	9.20e-61	186	96.6
smbu06GL002247	A0ABT7EAN8	39.556	225	125	3	4	228	5	218	1.65e-52	165	96.2
smbu06GL002247	A0ABT7E6F0	40.000	225	132	2	4	226	6	229	1.10e-49	158	95.3
smbu06GL002247	A0ABT7EAS7	37.447	235	135	3	1	226	1	232	1.35e-49	158	96.6
smbu06GL002247	A0ABT7E6A1	39.301	229	134	2	2	229	3	227	2.18e-49	157	97.4
smbu06GL002247	A0ABT7E929	35.470	234	143	2	2	234	4	230	1.11e-43	143	99.6
smbu06GL002247	A0ABT7EBC4	34.361	227	143	2	1	226	1	222	2.29e-43	142	96.6
smbu06GL002247	Q9ZEG3	35.841	226	135	4	1	226	1	216	1.16e-41	137	96.6
smbu06GL002247	A0ABT7EFJ6	35.683	227	138	4	1	226	1	220	2.59e-39	131	96.6
smbu06GL002247	Q07597	34.956	226	141	3	3	226	4	225	1.42e-37	127	95.7
smbu06GL002250	A0ABT7EA64	29.078	141	83	4	102	229	64	200	2.65e-06	44.7	22.3
smbu06GL002251	A0ABT7ED67	37.872	235	140	1	45	279	21	249	9.99e-46	156	59.2
smbu06GL002251	D7VI15	35.294	221	141	2	23	243	1	219	1.56e-37	131	55.7
smbu06GL002251	E6K478	36.585	205	128	2	40	244	18	220	2.49e-37	130	51.6
smbu06GL002251	A0A380JEF6	37.500	200	124	1	45	244	23	221	9.87e-36	127	50.4
smbu06GL002251	A0ABT7E5G3	36.788	193	113	1	45	237	24	207	3.32e-35	126	48.6
smbu06GL002251	Q8RKC1	35.500	200	128	1	45	244	23	221	1.77e-34	123	50.4
smbu06GL002251	A5HZ37	30.734	218	145	2	35	252	11	222	3.13e-30	114	54.9
smbu06GL002251	A0ABT7ECJ0	30.909	220	140	6	40	254	15	227	3.95e-24	96.3	54.2
smbu06GL002251	P0C0E2	30.093	216	135	6	30	243	3	204	1.06e-21	88.6	53.9
smbu06GL002251	O34113	28.302	212	144	2	35	246	14	217	1.49e-21	89.7	53.4
smbu06GL002261	Q38YH5	31.071	280	145	10	5	241	6	280	2.51e-31	114	89.1
smbu06GL002261	Q8YAM0	29.710	276	148	10	5	238	6	277	3.60e-30	110	88.0
smbu06GL002261	A0A1E8EBU8	28.986	276	150	10	5	238	6	277	2.62e-29	108	88.0
smbu06GL002262	S5LAD9	30.380	237	161	2	3	235	1	237	7.04e-27	101	87.9
smbu06GL002262	Q38YH6	28.455	246	172	2	1	242	1	246	1.08e-22	89.7	91.3
smbu06GL002264	A0ABT7E873	36.788	193	119	3	16	208	25	214	4.73e-40	132	88.1
smbu06GL002278	A0ABT7ED11	49.793	241	113	4	40	272	1	241	1.76e-75	226	85.7
smbu06GL002279	Q9WVZ4	30.476	210	104	5	3	205	7	181	3.67e-15	72.0	39.8
smbu06GL002279	Q9WVZ4	24.324	185	107	6	333	493	20	195	3.80e-05	41.2	31.6
smbu06GL002279	Q9WW33	28.163	245	134	7	1	242	1	206	6.96e-15	70.9	47.5
smbu06GL002279	A0A563VTD8	22.358	246	166	8	4	247	162	384	6.50e-13	65.9	47.8
smbu06GL002279	A0A563VTD8	25.000	184	104	5	336	493	179	354	1.23e-07	49.3	31.0
smbu06GL002279	O31427	24.380	242	147	6	1	236	1	212	9.10e-13	63.5	46.3
smbu06GL002279	O31427	25.405	185	123	4	339	508	22	206	1.36e-06	45.1	33.3
smbu06GL002279	A0ABV2J8Y4	26.754	228	155	6	272	492	150	372	1.13e-12	65.1	43.3
smbu06GL002279	A0ABV2J8Y4	25.116	215	123	5	2	215	196	373	5.26e-09	53.5	42.0
smbu06GL002279	P0C0E2	26.432	227	132	6	3	228	1	193	1.54e-12	62.8	44.3
smbu06GL002279	P0C0E2	30.890	191	111	7	333	506	14	200	1.12e-10	57.4	34.1
smbu06GL002279	A5HZ37	27.347	245	134	7	1	234	1	212	2.18e-12	63.5	45.9
smbu06GL002279	A5HZ37	27.273	187	111	7	339	504	22	204	2.33e-06	45.1	32.5
smbu06GL002279	A0ABT7ED67	24.701	251	139	6	1	237	1	215	3.71e-12	63.2	46.5
smbu06GL002279	A0ABT7ED67	28.061	196	115	5	322	495	4	195	1.49e-10	58.2	34.1
smbu06GL002279	O34113	24.498	249	147	6	3	243	6	221	9.05e-12	61.6	47.3
smbu06GL002279	A0A380JEF6	24.091	220	140	7	3	215	2	201	2.19e-11	59.7	41.8
smbu06GL002279	A0A380JEF6	24.868	189	103	7	336	493	21	201	2.14e-06	44.7	31.0
smbu06GL002285	A0ABT7EDA0	78.571	140	30	0	1	140	1	140	2.54e-79	226	100.0
smbu06GL002286	A0ABT7E7B9	40.639	219	124	4	11	225	6	222	7.43e-55	171	95.6
smbu06GL002297	A0ABT7EFV6	21.635	208	153	5	2	209	3	200	1.87e-13	62.4	95.0
smbu06GL002298	A0ABT7ECF9	52.597	154	70	2	9	161	4	155	3.98e-54	164	88.4
smbu06GL002302	A0ABT7E7P8	36.652	221	137	2	78	298	83	300	5.23e-45	150	73.9
smbu06GL002302	A0ABT7ECA8	34.646	254	157	6	50	298	54	303	2.07e-39	136	83.3
smbu06GL002302	A0ABT7EBY6	32.719	217	124	6	78	282	2	208	8.37e-28	103	68.6
smbu06GL002303	A0ABT7E7K7	29.104	268	176	7	3	262	5	266	1.25e-30	110	98.1
smbu06GL002315	A0ABT7EG33	32.828	396	241	4	1	371	1	396	4.40e-73	229	99.5
smbu06GL002318	A0ABT7ECY1	23.529	153	101	5	43	184	113	260	3.83e-04	36.2	58.2
smbu06GL002326	A0ABT7ECM9	56.552	145	63	0	1	145	1	145	4.47e-59	176	98.0
smbu06GL002328	A0ABT7E775	31.048	248	162	3	1	245	1	242	1.21e-26	99.8	96.5
smbu06GL002329	A0ABT7ECY1	32.432	74	46	2	179	248	116	189	7.98e-06	42.0	22.2
smbu06GL002332	A0ABT7ECN9	30.625	160	84	7	40	176	26	181	2.07e-12	63.5	29.8
smbu06GL002335	A0ABT7E892	51.918	391	183	3	3	388	2	392	8.60e-144	410	98.0
smbu06GL002345	A0ABT7E4T9	45.498	211	113	2	1	210	1	210	3.98e-65	196	95.5
smbu06GL002348	A5HZ37	32.727	220	148	0	5	224	6	225	5.56e-40	135	89.8
smbu06GL002348	Q9WVZ4	35.981	214	133	3	3	215	8	218	1.20e-36	127	86.9
smbu06GL002348	O34113	32.243	214	139	3	12	223	16	225	3.38e-32	115	86.5
smbu06GL002348	O31427	33.505	194	127	1	21	214	22	213	8.28e-32	112	79.2
smbu06GL002348	P0C0E2	33.333	210	131	4	3	211	2	203	3.09e-30	108	85.3
smbu06GL002348	P71009	27.778	216	146	3	17	224	19	232	7.68e-29	105	84.9
smbu06GL002348	D7VI15	30.000	200	132	4	18	211	21	218	3.71e-27	100	79.2
smbu06GL002348	E6K478	30.846	201	131	4	17	211	20	218	2.10e-25	95.5	79.6
smbu06GL002348	Q9WW33	29.767	215	136	4	5	218	6	206	5.84e-23	90.5	87.3
smbu06GL002348	A0ABT7ECJ0	29.245	212	132	7	18	218	18	222	8.15e-23	89.7	82.0
smbu06GL002356	A3QMY0	34.783	92	42	2	9	94	4	83	3.62e-08	45.1	89.6
smbu06GL002357	A3QMY0	29.658	263	175	6	1	254	104	365	1.45e-33	121	91.4
smbu06GL002357	P35878	27.686	242	169	3	17	252	4	245	1.48e-28	105	84.9
smbu06GL002372	Q04939	27.010	311	204	10	1	305	1	294	3.07e-19	82.4	92.4
smbu06GL002378	A0A563VTD8	43.825	251	132	3	334	581	147	391	5.67e-61	203	42.5
smbu06GL002378	A5HZ37	31.628	215	132	7	366	574	19	224	2.32e-29	114	35.8
smbu06GL002378	A0ABT7ED67	33.014	209	119	6	363	562	16	212	8.34e-24	98.6	34.2
smbu06GL002378	E6K478	31.356	236	132	7	341	564	3	220	1.54e-23	94.7	38.4
smbu06GL002378	D7VI15	31.982	222	125	9	356	563	10	219	3.25e-23	94.0	35.6
smbu06GL002378	Q8RKC1	33.649	211	120	9	365	564	20	221	3.34e-23	94.0	34.2
smbu06GL002378	O31427	28.708	209	124	7	366	564	19	212	3.67e-22	91.3	34.1
smbu06GL002378	A0A380JEF6	29.545	220	126	5	366	572	21	224	2.37e-21	89.4	35.4
smbu06GL002378	A0ABT7E5G3	28.261	230	137	9	348	564	2	216	5.07e-21	88.6	37.2
smbu06GL002378	A0ABV2J8Y4	27.215	316	197	9	235	541	78	369	1.41e-19	86.7	52.6
smbu06GL002381	A0ABT7E7P8	34.296	277	170	6	5	275	12	282	4.55e-38	132	95.1
smbu06GL002381	A0ABT7ECA8	36.893	206	118	4	81	275	81	285	4.33e-32	116	68.4
smbu06GL002381	A0ABT7EBY6	32.367	207	126	8	81	275	2	206	1.59e-26	99.8	68.4
smbu06GL002385	Q04939	25.926	216	138	6	132	339	112	313	5.12e-12	61.6	59.8
smbu06GL002387	A0ABT7E6F0	34.524	84	52	3	28	110	30	111	4.16e-10	55.5	17.4
smbu06GL002387	A0ABT7EAS7	29.524	105	73	1	28	132	28	131	1.11e-08	51.2	22.0
smbu06GL002387	A0ABT7E962	30.000	110	73	2	28	136	26	132	3.50e-08	49.7	22.8
smbu06GL002387	A0ABT7E6A1	27.132	129	90	2	3	131	7	131	3.89e-08	49.7	27.0
smbu06GL002387	E8K9N9	26.866	134	87	6	1	134	5	127	6.52e-08	48.9	28.0
smbu06GL002387	O32197	20.438	137	103	2	1	137	4	134	3.38e-07	46.6	28.7
smbu06GL002387	A0ABT7EB85	25.439	114	81	2	1	114	4	113	7.10e-07	45.8	23.8
smbu06GL002387	Q07597	24.265	136	96	3	1	136	5	133	1.04e-06	45.4	28.5
smbu06GL002387	A0A286N5V3	22.293	157	108	4	1	157	3	145	1.55e-06	44.7	32.8
smbu06GL002387	A0ABM9XE61	22.464	138	96	4	1	136	7	135	2.62e-06	42.7	28.5
smbu06GL002394	A0ABT7E505	32.500	240	148	6	17	252	1	230	3.56e-36	124	92.5
smbu06GL002394	A0ABT7E7P8	23.116	199	107	9	84	250	99	283	1.07e-04	38.1	65.5
smbu06GL002402	Q9X566	25.000	200	135	5	208	397	82	276	3.01e-07	47.8	28.8
smbu06GL002410	A0A563VTD8	36.576	257	156	5	334	586	143	396	5.91e-42	151	43.0
smbu06GL002410	P0C0E2	28.629	248	146	11	350	589	2	226	7.92e-21	87.4	40.7
smbu06GL002410	Q8RKC1	28.037	214	130	7	365	565	20	222	6.49e-20	84.7	34.1
smbu06GL002410	D7VI15	29.439	214	132	8	362	565	17	221	8.61e-20	84.3	34.6
smbu06GL002410	A0A380JEF6	28.571	210	132	7	366	565	21	222	6.55e-19	82.4	34.0
smbu06GL002410	O31427	26.570	207	127	7	369	565	22	213	3.01e-18	80.1	33.4
smbu06GL002410	A0A1T4JMP4	25.000	280	185	9	258	526	1	266	1.02e-17	79.3	45.7
smbu06GL002410	A0ABT7ED67	27.670	206	134	6	363	562	16	212	3.25e-17	79.0	34.0
smbu06GL002410	Q9WVZ4	29.583	240	147	8	350	581	8	233	6.18e-17	77.4	39.4
smbu06GL002410	E6K478	27.230	213	136	7	362	564	17	220	8.27e-16	72.4	34.5
smbu06GL002411	A0A563VTD8	34.981	263	168	2	303	565	136	395	1.88e-44	158	46.1
smbu06GL002411	A0A1T4JMP4	30.000	210	140	3	301	509	66	269	1.61e-23	96.3	36.7
smbu06GL002411	A0A380JEF6	28.509	228	134	7	346	559	21	233	2.74e-20	86.3	37.5
smbu06GL002411	Q9WVZ4	30.986	213	132	7	346	553	23	225	4.13e-18	80.9	36.5
smbu06GL002411	O34113	30.396	227	136	6	345	565	21	231	8.47e-18	80.1	38.8
smbu06GL002411	A5HZ37	26.364	220	133	5	346	552	19	222	2.25e-17	78.6	36.3
smbu06GL002411	Q8RKC1	29.545	220	123	9	341	543	16	220	3.41e-17	76.6	35.6
smbu06GL002411	E6K478	28.070	228	127	5	335	543	10	219	3.13e-16	73.6	36.7
smbu06GL002411	D7VI15	25.238	210	146	4	342	545	17	221	1.91e-14	68.6	35.8
smbu06GL002411	O31427	24.537	216	130	7	342	543	15	211	3.62e-14	68.2	35.4
smbu06GL002414	A0A6C0VTF8	24.638	276	188	7	138	403	8	273	6.46e-13	65.1	54.3
smbu06GL002415	A0ABT7EBT7	72.051	390	107	2	4	392	3	391	0.0	577	98.0
smbu06GL002420	A0ABT7ECN9	31.193	109	58	3	187	294	31	123	2.80e-04	38.9	15.4
smbu06GL002421	A0ABT7EBZ9	54.762	168	76	0	6	173	4	171	3.43e-64	191	92.8
smbu06GL002421	A0ABT7E9N4	43.787	169	95	0	2	170	3	171	2.87e-50	156	93.4
smbu06GL002421	A0ABT7E880	33.333	66	42	2	85	149	89	153	4.75e-05	37.7	35.9
smbu06GL002421	A0ABT7ECY0	30.612	49	34	0	86	134	118	166	1.44e-04	36.6	27.1
smbu06GL002425	A0ABT7E505	38.000	50	30	1	1	50	1	49	4.98e-05	35.4	56.2
smbu06GL002428	A0ABT7ECV9	39.785	186	111	1	12	197	1	185	8.69e-48	150	94.4
smbu06GL002429	A0ABT7EBA7	48.197	305	154	4	11	312	4	307	1.10e-106	310	93.2
smbu06GL002436	A0ABT7EBI8	25.850	294	180	11	7	279	12	288	1.13e-14	68.2	96.1
smbu06GL002438	A0ABT7E873	51.402	214	102	2	1	213	2	214	9.72e-76	223	98.6
smbu06GL002438	A0ABT7EBA0	28.000	125	66	6	72	186	70	180	8.36e-04	35.0	53.2
smbu06GL002443	A0ABT7EAY4	40.203	296	175	2	1	295	6	300	1.84e-75	229	96.4
smbu06GL002443	A0ABT7EBQ3	24.581	179	94	5	21	172	31	195	2.19e-08	48.9	49.7
smbu06GL002444	A0ABT7E861	48.485	132	67	1	13	144	14	144	1.08e-38	125	81.0
smbu06GL002447	A0ABT7E854	50.739	203	99	1	1	203	2	203	5.52e-67	200	99.5
smbu06GL002454	A0ABT7ECV5	66.346	312	101	2	17	326	7	316	7.22e-146	410	93.7
smbu06GL002455	A0ABT7E987	41.818	55	32	0	358	412	113	167	3.65e-08	48.5	12.9
smbu06GL002455	A0ABT7EG12	22.053	263	188	9	46	298	101	356	9.48e-08	49.3	59.5
smbu06GL002455	A0ABT7EBB0	29.870	154	99	6	279	424	87	239	1.53e-07	47.8	34.4
smbu06GL002456	A0ABT7EB46	26.994	163	108	3	92	243	3	165	3.59e-16	70.5	55.9
smbu06GL002456	A0ABT7ECK8	26.606	109	71	2	129	234	47	149	9.77e-08	46.6	39.0
smbu06GL002458	O31427	32.407	216	133	5	1	213	1	206	4.52e-25	94.7	94.2
smbu06GL002458	A0A380JEF6	27.638	199	125	4	19	207	21	210	1.40e-23	90.9	83.6
smbu06GL002458	D7VI15	33.784	222	116	9	11	215	10	217	1.61e-22	87.4	90.7
smbu06GL002458	A5HZ37	29.717	212	131	6	1	205	1	201	3.46e-22	88.2	90.7
smbu06GL002458	Q9WW33	27.103	214	133	8	1	211	1	194	2.79e-20	82.8	93.4
smbu06GL002458	O34113	26.941	219	141	5	2	214	5	210	9.51e-20	81.6	94.2
smbu06GL002458	P71009	28.241	216	135	6	1	206	1	206	3.72e-19	79.0	91.2
smbu06GL002458	A0ABT7ED67	26.457	223	152	4	1	219	1	215	1.14e-18	79.0	96.9
smbu06GL002458	Q9WVZ4	26.866	201	135	5	18	215	22	213	2.64e-18	77.4	87.6
smbu06GL002458	A0ABT7E5G3	26.786	224	131	4	4	213	5	209	3.44e-16	70.9	92.9
smbu06GL002460	A0ABT7ECL8	40.288	278	164	2	6	281	7	284	1.35e-71	218	97.5
smbu06GL002464	A0ABT7E8R8	66.055	327	111	0	4	330	6	332	3.44e-167	466	94.0
smbu06GL002466	A0ABT7E8R9	42.282	149	86	0	24	172	31	179	8.77e-36	119	86.1
smbu06GL002470	P71007	24.405	168	121	2	240	407	215	376	2.24e-10	57.4	39.8
smbu06GL002470	Q8RKH3	23.810	168	122	2	240	407	215	376	7.50e-10	55.8	39.8
smbu06GL002474	A0ABT7E818	25.000	96	67	1	13	108	55	145	1.77e-04	36.6	50.0
smbu06GL002474	A0ABT7ECR4	24.762	105	79	0	4	108	21	125	1.88e-04	36.6	54.7
smbu06GL002476	A0ABT7ECF9	23.649	148	105	4	140	282	5	149	0.001	34.7	50.0
smbu06GL002477	A0ABT7ED81	47.200	125	62	3	7	130	9	130	2.19e-30	102	94.7
smbu06GL002479	A0ABT7E987	56.471	170	74	0	6	175	7	176	3.01e-72	211	95.5
smbu06GL002479	A0ABT7EBB0	32.743	113	74	1	61	173	121	231	6.46e-11	55.1	63.5
smbu06GL002492	P0C0E2	27.895	190	120	4	301	474	5	193	1.80e-13	65.5	35.4
smbu06GL002492	P0C0E2	24.299	214	119	7	8	183	4	212	3.72e-04	37.4	35.8
smbu06GL002492	A0ABT7ED67	25.874	286	171	9	6	251	4	288	4.99e-11	59.7	50.0
smbu06GL002492	A5HZ37	24.645	211	118	6	6	177	4	212	8.79e-10	55.5	35.0
smbu06GL002492	A5HZ37	25.000	212	130	8	301	486	7	215	2.10e-04	38.5	37.8
smbu06GL002492	O34113	25.446	224	131	8	11	199	12	234	4.30e-09	53.1	38.4
smbu06GL002492	O34113	27.568	185	100	6	323	480	32	209	1.53e-06	45.4	32.1
smbu06GL002492	A0ABT7ECJ0	25.000	208	129	5	296	477	2	208	4.81e-09	52.8	37.0
smbu06GL002492	A0ABT7ECJ0	23.158	95	70	1	104	195	139	233	2.07e-04	38.5	18.7
smbu06GL002492	K2GK60	35.106	94	50	3	96	179	22	114	1.00e-08	49.3	17.1
smbu06GL002492	K2GK60	30.137	73	49	1	409	479	35	107	7.93e-08	46.6	14.4
smbu06GL002492	P71009	27.442	215	124	10	302	488	10	220	1.28e-08	51.2	38.0
smbu06GL002492	A0ABV2J8Y4	31.973	147	71	6	38	158	230	373	1.97e-08	51.6	24.6
smbu06GL002492	A0ABV2J8Y4	23.611	144	102	2	330	465	230	373	3.32e-04	38.1	27.6
smbu06GL002492	A0A380JEF6	28.972	214	106	10	314	491	24	227	2.40e-08	50.4	36.2
smbu06GL002492	A0A380JEF6	26.396	197	99	8	25	177	25	219	3.76e-05	40.8	31.1
smbu06GL002492	Q9WW33	22.222	225	144	9	8	205	6	226	1.24e-06	45.4	40.2
smbu06GL002492	Q9WW33	28.049	164	98	6	327	476	34	191	1.48e-04	39.3	30.5
smbu06GL002495	P40676	34.884	86	54	2	49	133	49	133	3.39e-06	40.0	55.2
smbu06GL002495	Q9HL29	28.713	101	71	1	37	137	43	142	1.61e-05	38.5	65.6
smbu06GL002498	Q9X566	28.000	275	194	3	1	273	1	273	6.59e-39	134	94.1
smbu06GL002499	Q9K534	41.935	93	54	0	494	586	2	94	7.11e-22	86.3	14.4
smbu06GL002524	A5HZ39	23.037	191	134	3	72	256	195	378	4.89e-04	36.2	72.3
smbu06GL002525	A5HZ37	37.171	304	184	3	3	300	2	304	1.07e-58	186	95.8
smbu06GL002525	O34113	32.588	313	178	11	5	302	7	301	3.39e-40	138	95.8
smbu06GL002525	D7VI15	36.283	226	127	6	5	218	2	222	5.48e-33	117	68.8
smbu06GL002525	P0C0E2	37.264	212	123	6	5	215	2	204	3.90e-31	112	67.8
smbu06GL002525	O31427	31.628	215	140	3	5	217	4	213	4.76e-30	110	68.5
smbu06GL002525	Q9WVZ4	33.173	208	135	3	19	225	21	225	1.49e-29	110	66.6
smbu06GL002525	A0A380JEF6	32.836	201	121	6	5	194	3	200	1.32e-27	103	61.1
smbu06GL002525	E6K478	31.034	203	132	3	20	216	20	220	3.23e-27	102	63.3
smbu06GL002525	Q8RKC1	31.111	225	145	5	5	220	2	225	1.77e-26	100	69.5
smbu06GL002525	A0ABT7ED67	32.524	206	137	2	21	225	19	223	6.17e-24	95.9	65.9
smbu06GL002532	Q9X566	25.373	201	122	6	218	401	87	276	5.44e-06	43.9	28.7
smbu06GL002533	A0ABT7E9W8	31.541	279	189	2	6	283	20	297	7.65e-48	157	97.2
smbu06GL002533	A0ABT7E9R1	24.365	197	138	5	78	271	123	311	2.49e-08	49.7	67.8
smbu06GL002533	A0ABT7E7P7	20.283	212	145	5	63	264	86	283	5.85e-05	39.3	70.6
smbu06GL002534	A0ABT7E6F0	34.061	229	142	5	6	226	5	232	6.71e-42	138	97.8
smbu06GL002534	A0ABT7EB85	34.934	229	143	4	4	226	1	229	3.35e-41	136	98.7
smbu06GL002534	A0A286N5V9	33.632	223	144	1	4	226	1	219	5.15e-41	135	98.7
smbu06GL002534	A0ABT7EAN8	35.616	219	134	4	6	223	4	216	9.36e-41	135	96.5
smbu06GL002534	A0ABT7EFJ6	33.032	221	144	3	7	225	4	222	2.50e-38	128	96.9
smbu06GL002534	A0ABT7EAS7	29.060	234	150	6	6	225	3	234	2.75e-35	121	97.3
smbu06GL002534	A0ABT7E962	34.956	226	134	7	7	226	3	221	2.78e-35	120	97.3
smbu06GL002534	Q07597	31.004	229	142	4	7	225	5	227	1.21e-32	114	96.9
smbu06GL002534	D0BKE0	29.224	219	152	2	7	225	5	220	5.27e-32	112	96.9
smbu06GL002534	E8K9N9	31.818	220	145	4	7	225	5	220	9.60e-32	111	96.9
smbu06GL002536	O34113	38.742	302	173	5	6	300	4	300	1.46e-63	199	96.7
smbu06GL002536	P0C0E2	44.928	207	113	1	8	214	1	206	5.86e-56	177	67.9
smbu06GL002536	A5HZ37	29.545	308	203	7	7	302	2	307	4.68e-36	127	97.0
smbu06GL002536	Q9WW33	37.441	211	113	6	8	212	3	200	4.83e-33	119	67.2
smbu06GL002536	Q9WVZ4	28.713	303	204	6	8	300	7	307	7.72e-33	119	96.1
smbu06GL002536	A0ABT7ED67	29.032	248	158	5	9	250	4	239	3.99e-25	99.0	79.3
smbu06GL002536	O31427	26.293	232	160	5	8	230	3	232	3.54e-24	94.4	73.1
smbu06GL002536	P71009	27.803	223	138	5	24	230	20	235	4.88e-22	88.6	67.9
smbu06GL002536	A0ABT7ECJ0	28.571	203	127	6	23	211	17	215	3.57e-21	86.7	62.0
smbu06GL002536	Q9RAV2	28.922	204	136	5	16	219	10	204	6.07e-21	84.7	66.9
smbu06GL002540	A0A1T4LAN3	25.146	171	110	4	6	175	16	169	4.14e-09	48.9	96.0
smbu06GL002544	U5N3T5	72.078	154	43	0	1	154	1	154	1.11e-81	233	99.4
smbu06GL002546	A0ABT7ECW7	40.244	82	49	0	5	86	10	91	3.69e-13	62.4	38.1
smbu06GL002546	Q56740	25.989	177	115	5	31	193	66	240	5.38e-07	44.7	75.8
smbu06GL002547	A0ABT7E5X5	59.770	174	70	0	1	174	1	174	1.57e-75	224	99.4
smbu06GL002553	A0ABT7E5G3	30.043	233	145	6	5	235	3	219	1.66e-27	102	86.2
smbu06GL002553	Q8RKC1	33.333	219	123	9	23	233	19	222	2.96e-26	98.6	78.7
smbu06GL002553	A0ABT7ECJ0	27.757	263	159	10	4	252	1	246	1.60e-23	92.4	92.9
smbu06GL002553	O31427	28.571	245	146	8	4	247	3	219	8.79e-23	89.7	91.0
smbu06GL002553	A0A380JEF6	30.417	240	140	7	4	234	2	223	1.02e-20	84.3	86.2
smbu06GL002553	A0ABT7ED67	31.884	207	129	5	24	230	18	212	1.26e-20	85.5	77.2
smbu06GL002553	D7VI15	30.698	215	133	6	25	235	21	223	1.59e-20	83.2	78.7
smbu06GL002553	A5HZ37	27.004	237	154	7	3	238	2	220	3.13e-19	81.3	88.1
smbu06GL002553	Q9WVZ4	29.680	219	132	7	18	232	16	216	1.91e-18	79.0	80.2
smbu06GL002553	E6K478	31.034	232	143	7	4	231	1	219	2.38e-18	77.0	85.1
smbu06GL002554	A0ABT7EBX8	31.611	329	205	12	11	327	2	322	1.63e-43	148	96.4
smbu06GL002570	A0ABT7EA12	43.413	334	172	3	3	336	18	334	9.16e-107	312	95.2
smbu06GL002584	A0ABT7EB85	45.415	229	120	3	2	227	3	229	2.33e-66	201	98.7
smbu06GL002584	A0ABT7E6F0	42.672	232	125	4	3	229	6	234	3.63e-60	185	99.1
smbu06GL002584	A0ABT7EFJ6	40.889	225	126	5	3	226	4	222	2.99e-50	159	97.8
smbu06GL002584	A0ABT7E6A1	34.802	227	140	4	3	226	5	226	2.22e-45	147	97.8
smbu06GL002584	A0ABT7EAS7	35.021	237	139	4	1	226	2	234	3.59e-45	147	98.7
smbu06GL002584	A0A286N5V9	35.217	230	136	5	2	229	3	221	2.73e-44	144	99.6
smbu06GL002584	A0A286N5V3	39.648	227	126	5	1	225	1	218	8.10e-40	132	98.3
smbu06GL002584	D0BKE0	34.071	226	137	6	2	225	4	219	1.92e-37	126	97.8
smbu06GL002584	E8K9N9	34.821	224	138	5	2	225	4	219	2.94e-35	120	97.8
smbu06GL002584	A0ABT7EBC4	34.513	226	141	5	2	225	3	223	3.84e-35	120	97.8
smbu06GL002585	A0ABT7E9W8	30.472	233	145	7	151	379	74	293	3.40e-24	97.4	57.0
smbu06GL002585	Q9ZEG2	26.718	131	87	3	74	196	135	264	1.81e-05	41.6	30.6
smbu06GL002592	Q8KMT5	27.165	254	160	6	19	255	2	247	2.08e-22	88.6	92.9
smbu06GL002592	A0ABT7EA55	23.420	269	162	9	1	253	1	241	1.70e-14	67.0	99.2
smbu06GL002592	A0ABT7E5R0	29.104	134	73	4	3	128	46	165	1.45e-06	43.5	49.4
smbu06GL002595	A0ABT7E767	31.496	127	80	4	251	374	8	130	1.90e-09	54.3	25.6
smbu06GL002599	A0ABT7EC81	37.143	105	64	2	7	110	9	112	1.57e-19	73.6	88.1
smbu06GL002601	Q9K534	47.619	84	44	0	588	671	11	94	6.27e-22	86.7	11.6
smbu06GL002603	A0ABT7E6I7	52.294	218	104	0	1	218	1	218	3.09e-74	220	98.6
smbu06GL002605	Q04939	36.800	125	73	1	3	127	2	120	2.15e-17	73.6	74.4
smbu06GL002608	Q8KMU6	50.980	153	69	4	1	148	75	226	3.10e-44	141	97.4
smbu06GL002613	K7S434	30.337	89	59	2	85	170	234	322	6.25e-05	39.3	33.3
smbu06GL002619	A0ABT7EFV6	21.905	210	121	8	3	210	4	172	2.76e-07	45.1	93.7
smbu06GL002620	A3QMY0	43.902	82	46	0	1	82	1	82	1.33e-19	76.3	100.0
smbu06GL002621	A3QMY0	52.290	262	124	1	1	262	103	363	1.09e-95	281	95.6
smbu06GL002621	P35878	38.211	246	151	1	21	266	5	249	3.54e-56	177	89.8
smbu06GL002624	Q8KMT5	29.084	251	156	6	33	277	14	248	9.75e-28	103	86.0
smbu06GL002624	A0ABT7EA55	29.384	211	118	9	7	214	6	188	4.51e-13	63.5	73.0
smbu06GL002628	E9NQ38	97.826	46	1	0	1	46	1	46	2.72e-28	97.4	100.0
smbu06GL002629	E9NQ38	98.016	252	5	0	1	252	51	302	0.0	507	100.0
smbu06GL002633	E9NQ38	98.344	302	5	0	1	302	1	302	0.0	611	100.0
smbu06GL002635	Q8KMU6	50.000	176	81	5	2	172	53	226	3.47e-50	157	97.2
smbu06GL002636	A3QMY0	34.783	92	42	2	9	94	4	83	3.62e-08	45.1	89.6
smbu06GL002637	A3QMY0	29.658	263	175	6	1	254	104	365	1.45e-33	121	91.4
smbu06GL002637	P35878	27.686	242	169	3	17	252	4	245	1.48e-28	105	84.9
smbu06GL002640	E9NQ38	98.344	302	5	0	1	302	1	302	0.0	610	100.0
smbu06GL002641	A0ABP2UYD9	100.000	54	0	0	1	54	1	54	2.30e-36	111	100.0
smbu06GL002641	A0AAJ1SMR3	98.148	54	1	0	1	54	1	54	8.32e-36	110	100.0
smbu06GL002641	O30434	94.444	54	3	0	1	54	18	71	1.17e-34	107	100.0
smbu06GL002641	Q8L0Y0	100.000	40	0	0	15	54	1	40	2.24e-25	83.6	74.1
smbu06GL002641	Q644A0	81.818	44	8	0	11	54	1	44	3.65e-23	78.2	81.5
smbu06GL002641	A7BIX2	63.462	52	18	1	1	52	9	59	1.91e-18	66.6	96.3
smbu06GL002641	P85876	87.179	39	4	1	11	49	1	38	7.00e-18	64.7	72.2
smbu06GL002641	P38579	59.184	49	20	0	6	54	13	61	1.96e-17	63.9	90.7
smbu06GL002641	Q0Z8B6	55.814	43	18	1	5	47	25	66	1.35e-12	52.0	79.6
smbu06GL002641	A0ABU3B2P5	55.814	43	18	1	5	47	12	53	1.61e-12	51.6	79.6
smbu06GL002642	O30435	94.318	88	5	0	1	88	1	88	5.91e-58	168	100.0
smbu06GL002642	K8E7L2	48.148	81	42	0	7	87	7	87	4.05e-26	88.2	92.0
smbu06GL002642	P38581	48.148	81	42	0	7	87	7	87	4.09e-26	88.2	92.0
smbu06GL002642	Q48864	47.561	82	43	0	7	88	8	89	1.94e-25	86.7	93.2
smbu06GL002642	A0A1H7IJD4	28.750	80	57	0	9	88	9	88	5.13e-08	42.4	90.9
smbu06GL002642	Q8L0X9	90.476	21	2	0	1	21	1	21	1.59e-07	39.7	23.9
smbu06GL002642	A0A1H6S6K8	34.667	75	43	2	9	80	8	79	6.71e-07	39.3	81.8
smbu06GL002642	U5MMH1	32.927	82	51	2	3	81	2	82	1.19e-05	36.2	89.8
smbu06GL002642	A0A1H6U2W0	28.205	78	50	2	1	75	1	75	1.43e-04	33.5	85.2
smbu06GL002642	A0A1H0XID3	29.114	79	54	1	1	79	1	77	2.10e-04	33.1	89.8
smbu06GL002643	A0A563VTD8	28.696	115	67	4	334	446	295	396	3.85e-07	48.5	15.0
smbu06GL002643	A0A563VTD8	27.950	161	92	7	437	587	158	304	2.18e-04	39.7	20.0
smbu06GL002643	A0ABT7ECJ0	32.353	102	59	4	338	437	138	231	4.39e-07	47.8	13.2
smbu06GL002643	A0ABT7ECJ0	34.211	76	48	1	634	709	127	200	1.26e-06	46.2	10.1
smbu06GL002643	A0A380JEF6	32.075	106	65	5	311	412	115	217	1.15e-06	46.2	13.5
smbu06GL002643	P0C0E2	31.461	89	57	2	629	717	109	193	3.37e-06	44.3	11.8
smbu06GL002643	A5HZ37	40.000	60	34	1	338	397	135	192	1.59e-05	43.1	7.9
smbu06GL002643	A5HZ37	31.034	58	40	0	647	704	135	192	3.47e-04	38.9	7.7
smbu06GL002643	O31427	33.333	69	46	0	641	709	127	195	3.59e-05	41.6	9.1
smbu06GL002643	O31427	32.877	73	46	2	338	409	133	203	5.32e-04	37.7	9.5
smbu06GL002643	D7VI15	27.184	103	65	2	618	717	120	215	4.11e-05	41.2	13.2
smbu06GL002643	D7VI15	32.432	74	48	1	338	411	142	213	1.32e-04	39.7	9.8
smbu06GL002643	A0ABV2J8Y4	39.062	64	34	3	335	398	315	373	5.74e-05	41.6	8.5
smbu06GL002643	A0ABV2J8Y4	32.895	76	47	2	640	715	311	382	3.06e-04	39.3	10.1
smbu06GL002643	Q8RKC1	31.507	73	49	1	647	718	142	214	8.43e-05	40.0	9.5
smbu06GL002643	Q8RKC1	37.879	66	38	2	338	402	142	205	9.23e-05	40.0	8.6
smbu06GL002643	Q8RKC1	56.667	30	13	0	466	495	19	48	3.71e-04	38.1	4.0
smbu06GL002643	Q9WVZ4	31.250	144	81	8	338	475	136	267	2.64e-04	39.3	18.3
smbu06GL002644	E9NQ38	98.344	302	5	0	1	302	1	302	0.0	609	100.0
smbu06GL002646	S4TAE2	36.842	152	94	2	2	153	148	297	3.65e-26	96.7	93.3
smbu06GL002646	E9NQ41	30.921	152	97	5	9	156	161	308	1.12e-15	68.6	90.8
smbu06GL002653	Q8KMU6	49.558	226	107	5	4	224	3	226	4.42e-70	210	96.9
smbu06GL002655	A3QMY0	34.783	92	42	2	9	94	4	83	3.62e-08	45.1	89.6
smbu06GL002656	A3QMY0	30.038	263	174	6	1	254	104	365	4.80e-34	122	91.4
smbu06GL002656	P35878	28.099	242	168	3	17	252	4	245	5.67e-29	106	84.9
smbu06GL002658	Q8KMT8	39.610	154	91	2	1	152	46	199	7.10e-32	109	98.7
smbu06GL002658	Q9WW47	30.208	96	60	2	4	99	48	136	9.81e-08	45.1	62.3
smbu06GL002659	Q8KMU6	49.558	226	107	5	4	224	3	226	5.04e-70	210	96.9
smbu06GL002663	Q8KMT3	38.019	313	168	9	1	309	1	291	5.49e-52	171	89.3
smbu06GL002670	A0ABT7ED65	33.784	74	35	1	3	76	53	112	8.35e-08	42.4	84.1
smbu06GL002679	R9R6P4	100.000	67	0	0	1	67	10	76	2.82e-45	135	100.0
smbu06GL002679	A0AAJ1SM47	98.333	60	1	0	8	67	1	60	6.57e-40	121	89.6
smbu06GL002679	A0ABP2UWK0	96.667	60	2	0	8	67	1	60	3.12e-39	119	89.6
smbu06GL002679	E9NQ39	86.667	45	6	0	1	45	10	54	2.81e-25	84.7	67.2
smbu06GL002679	A0ABU3B2P5	59.259	54	21	1	2	55	1	53	2.05e-17	64.7	80.6
smbu06GL002679	Q0Z8B6	59.259	54	21	1	2	55	14	66	2.35e-17	64.7	80.6
smbu06GL002679	Q47778	60.000	45	18	0	1	45	6	50	3.61e-17	63.9	67.2
smbu06GL002679	B1NRV2	56.250	48	21	0	1	48	10	57	1.67e-16	62.4	71.6
smbu06GL002679	A0ABN0KKQ5	65.789	38	13	0	8	45	17	54	7.25e-16	60.8	56.7
smbu06GL002679	O30434	44.828	58	31	1	2	58	10	67	5.25e-13	53.5	85.1
smbu06GL002680	A3QMY0	34.783	92	42	2	9	94	4	83	3.62e-08	45.1	89.6
smbu06GL002681	A3QMY0	30.038	263	174	6	1	254	104	365	4.80e-34	122	91.4
smbu06GL002681	P35878	28.099	242	168	3	17	252	4	245	5.67e-29	106	84.9
smbu06GL002682	E9NQ38	98.013	302	6	0	1	302	1	302	0.0	606	100.0
smbu06GL002685	Q8KMT5	33.333	90	45	5	9	98	170	244	3.11e-04	33.9	90.0
smbu06GL002686	E9NQ41	60.764	288	113	0	1	288	31	318	1.14e-128	364	99.7
smbu06GL002686	S4TAE2	29.386	228	150	7	56	280	83	302	2.72e-20	84.3	77.9
smbu06GL002689	Q8KMT8	45.128	195	106	1	2	196	3	196	7.57e-57	175	94.2
smbu06GL002689	Q9WW47	34.320	169	94	5	1	166	1	155	3.04e-18	74.7	80.2
smbu06GL002690	Q8KMT8	39.623	53	32	0	9	61	105	157	4.16e-08	45.1	47.3
smbu06GL002692	A3QMY0	37.209	86	48	2	9	94	4	83	9.61e-08	43.5	89.6
smbu06GL002693	A3QMY0	30.038	263	174	6	1	254	104	365	2.66e-34	123	91.4
smbu06GL002693	P35878	28.099	242	168	3	17	252	4	245	3.47e-29	107	84.9
smbu06GL002698	A0ABT7E6R1	32.450	302	187	9	1	297	1	290	1.66e-32	118	95.8
smbu06GL002698	A0ABT7E5I2	19.853	272	202	6	36	299	38	301	5.49e-04	36.6	85.2
smbu06GL002704	A3QMY0	33.133	166	107	3	29	190	200	365	2.34e-24	94.7	75.7
smbu06GL002704	P35878	31.288	163	109	2	29	188	83	245	2.39e-23	90.1	74.8
smbu06GL002705	A3QMY0	30.357	56	34	2	1	51	104	159	8.38e-04	30.4	100.0
smbu06GL002706	A3QMY0	34.783	92	42	2	9	94	4	83	3.62e-08	45.1	89.6
smbu06GL002709	A0ABT7E7M0	34.862	109	67	4	43	149	87	193	6.68e-13	59.7	64.1
smbu06GL002722	A0A563VTD8	32.407	216	135	5	8	216	164	375	4.81e-33	118	96.3
smbu06GL002722	E6K478	34.975	203	121	7	21	215	21	220	7.15e-33	114	89.9
smbu06GL002722	Q8RKC1	35.885	209	120	7	19	217	19	223	1.12e-31	111	91.7
smbu06GL002722	D7VI15	33.831	201	122	7	21	213	21	218	3.03e-26	97.1	88.9
smbu06GL002722	A0A380JEF6	32.701	211	129	5	10	213	15	219	4.72e-26	97.1	94.0
smbu06GL002722	Q9WVZ4	31.980	197	118	5	5	194	7	194	1.27e-24	94.7	87.6
smbu06GL002722	A0ABT7ED67	35.519	183	112	4	19	198	17	196	2.96e-23	91.3	82.9
smbu06GL002722	A5HZ37	30.256	195	128	6	18	208	16	206	2.19e-22	88.6	88.0
smbu06GL002722	A0ABT7E5G3	34.021	194	118	6	19	208	20	207	5.66e-22	86.3	87.6
smbu06GL002722	A0A1T4JMP4	30.337	178	114	2	8	180	99	271	1.64e-20	82.8	79.7
smbu06GL002724	Q8KMT8	53.571	28	13	0	2	29	47	74	1.32e-04	32.0	75.7
smbu06GL002729	Q7X3Y3	31.163	215	132	6	2	204	54	264	1.49e-26	98.6	99.0
smbu06GL002731	A3QMY0	98.084	261	5	0	1	261	103	363	0.0	533	95.6
smbu06GL002731	P35878	37.344	241	141	4	31	266	15	250	3.58e-48	156	86.4
smbu06GL002732	A3QMY0	96.386	83	3	0	1	83	1	83	3.24e-53	165	98.8
smbu06GL002733	E9NQ41	62.882	229	85	0	2	230	90	318	1.58e-103	298	99.1
smbu06GL002733	S4TAE2	30.769	208	137	6	18	222	99	302	4.17e-20	82.4	88.7
smbu06GL002735	Q8KMT8	39.623	53	32	0	9	61	105	157	4.16e-08	45.1	47.3
smbu06GL002737	P35878	28.244	262	169	6	7	261	1	250	8.21e-25	95.5	95.5
smbu06GL002737	A3QMY0	29.130	230	148	6	30	257	148	364	2.47e-19	82.0	85.4
smbu06GL002738	Q04939	51.258	318	147	2	4	317	3	316	4.12e-110	318	98.1
smbu06GL002740	Q9K534	47.059	102	48	1	516	617	1	96	2.61e-24	93.2	15.3
smbu06GL002741	Q09124	68.000	25	8	0	2	26	1	25	1.16e-05	37.4	8.6
smbu06GL002742	E9NQ41	61.279	297	115	0	2	298	14	310	2.28e-133	377	97.4
smbu06GL002742	S4TAE2	30.131	229	141	9	76	297	85	301	2.36e-21	87.8	72.8
