strain	chrom	locus_tag	start	end	strand	length_nt	length_aa	product	db_xref
smbu06	Chromosome1	smbu06GL000001	1	1335	+	1335	444	Chromosomal replication initiator protein DnaA	UniProtKB/Swiss-Prot:Q839Z5
smbu06	Chromosome1	smbu06GL000002	1327	1455	-	129	42	hypothetical protein	
smbu06	Chromosome1	smbu06GL000003	1563	2663	+	1101	366	Beta sliding clamp	UniProtKB/Swiss-Prot:O06672
smbu06	Chromosome1	smbu06GL000004	2939	3133	+	195	64	putative ribosome maturation protein RlbA	UniProtKB/Swiss-Prot:P05650
smbu06	Chromosome1	smbu06GL000005	3120	4244	+	1125	374	DNA replication and repair protein RecF	UniProtKB/Swiss-Prot:Q839Z2
smbu06	Chromosome1	smbu06GL000006	4241	6187	+	1947	648	DNA gyrase subunit B	UniProtKB/Swiss-Prot:Q839Z1
smbu06	Chromosome1	smbu06GL000007	6207	8678	+	2472	823	DNA gyrase subunit A	UniProtKB/Swiss-Prot:Q5XC58
smbu06	Chromosome1	smbu06GL000008	9292	9591	+	300	99	Small ribosomal subunit protein bS6	UniProtKB/Swiss-Prot:Q839Z0
smbu06	Chromosome1	smbu06GL000009	9633	10154	+	522	173	Single-stranded DNA-binding protein	UniProtKB/Swiss-Prot:Q839Y9
smbu06	Chromosome1	smbu06GL000010	10180	10416	+	237	78	Small ribosomal subunit protein bS18	UniProtKB/Swiss-Prot:Q839Y8
smbu06	Chromosome1	smbu06GL000011	10682	12532	+	1851	616	Cyclic-di-AMP phosphodiesterase PdeA	UniProtKB/Swiss-Prot:A0A0H3GCG4
smbu06	Chromosome1	smbu06GL000012	12538	12990	+	453	150	Large ribosomal subunit protein bL9	UniProtKB/Swiss-Prot:Q839Y6
smbu06	Chromosome1	smbu06GL000013	12972	13148	-	177	58	hypothetical protein	
smbu06	Chromosome1	smbu06GL000014	13176	13295	-	120	39	hypothetical protein	
smbu06	Chromosome1	smbu06GL000015	13265	14632	+	1368	455	Replicative DNA helicase	UniProtKB/Swiss-Prot:P37469
smbu06	Chromosome1	smbu06GL000016	15299	16591	+	1293	430	Adenylosuccinate synthetase	UniProtKB/Swiss-Prot:Q839Y4
smbu06	Chromosome1	smbu06GL000017	17246	18118	+	873	290	DegV domain-containing protein CPE0026	UniProtKB/Swiss-Prot:Q8XPD7
smbu06	Chromosome1	smbu06GL000018	18247	19851	-	1605	534	putative ABC transporter ATP-binding proteinYkpA	UniProtKB/Swiss-Prot:O31716
smbu06	Chromosome1	smbu06GL000019	20101	20640	+	540	179	hypothetical protein	
smbu06	Chromosome1	smbu06GL000020	21071	22801	-	1731	576	Pyruvate oxidase	UniProtKB/Swiss-Prot:P37063
smbu06	Chromosome1	smbu06GL000021	22966	23784	+	819	272	Zinc transporter ZIP11	UniProtKB/Swiss-Prot:Q6P6S2
smbu06	Chromosome1	smbu06GL000022	23886	24083	-	198	65	hypothetical protein	
smbu06	Chromosome1	smbu06GL000023	24252	24830	+	579	192	Potassium channel HX13_20290	UniProtKB/Swiss-Prot:A0A086F3E3
smbu06	Chromosome1	smbu06GL000024	24919	25062	+	144	47	hypothetical protein	
smbu06	Chromosome1	smbu06GL000025	25981	26499	-	519	172	Protein VanZ	UniProtKB/Swiss-Prot:Q06242
smbu06	Chromosome1	smbu06GL000026	27108	29093	+	1986	661	Oligopeptide-binding protein AliB	UniProtKB/Swiss-Prot:P0A4G0
smbu06	Chromosome1	smbu06GL000027	29250	30656	+	1407	468	Oligopeptide transport system permease proteinAmiC	UniProtKB/Swiss-Prot:P0A4M7
smbu06	Chromosome1	smbu06GL000028	30667	31593	+	927	308	Oligopeptide transport system permease proteinAmiD	UniProtKB/Swiss-Prot:P0A4M9
smbu06	Chromosome1	smbu06GL000029	31604	32692	+	1089	362	Oligopeptide transport ATP-binding protein AmiE	UniProtKB/Swiss-Prot:P0A2U8
smbu06	Chromosome1	smbu06GL000030	32703	33611	+	909	302	Oligopeptide transport ATP-binding protein AmiF	UniProtKB/Swiss-Prot:P18766
smbu06	Chromosome1	smbu06GL000031	33765	34169	+	405	134	hypothetical protein	
smbu06	Chromosome1	smbu06GL000032	34340	35470	+	1131	376	hypothetical protein	
smbu06	Chromosome1	smbu06GL000033	35573	36061	-	489	162	hypothetical protein	
smbu06	Chromosome1	smbu06GL000034	36148	37224	-	1077	358	hypothetical protein	
smbu06	Chromosome1	smbu06GL000035	37797	38018	+	222	73	hypothetical protein	
smbu06	Chromosome1	smbu06GL000036	38255	38371	+	117	38	hypothetical protein	
smbu06	Chromosome1	smbu06GL000037	38959	40017	+	1059	352	Riboflavin biosynthesis protein RibD	UniProtKB/Swiss-Prot:P70814
smbu06	Chromosome1	smbu06GL000038	40002	40622	+	621	206	hypothetical protein	
smbu06	Chromosome1	smbu06GL000039	40619	41794	+	1176	391	Riboflavin biosynthesis protein RibBA	UniProtKB/Swiss-Prot:C5D3N0
smbu06	Chromosome1	smbu06GL000040	41813	42274	+	462	153	6,7-dimethyl-8-ribityllumazine synthase	UniProtKB/Swiss-Prot:Q8ELL1
smbu06	Chromosome1	smbu06GL000041	42790	43389	+	600	199	hypothetical protein	
smbu06	Chromosome1	smbu06GL000042	43378	43794	-	417	138	hypothetical protein	
smbu06	Chromosome1	smbu06GL000043	43762	43890	+	129	42	hypothetical protein	
smbu06	Chromosome1	smbu06GL000044	43887	44411	+	525	174	hypothetical protein	
smbu06	Chromosome1	smbu06GL000045	44758	45975	-	1218	405	hypothetical protein	
smbu06	Chromosome1	smbu06GL000046	45979	46092	-	114	37	hypothetical protein	
smbu06	Chromosome1	smbu06GL000047	46178	46798	-	621	206	hypothetical protein	
smbu06	Chromosome1	smbu06GL000048	46849	46965	+	117	38	hypothetical protein	
smbu06	Chromosome1	smbu06GL000049	46932	47516	-	585	194	hypothetical protein	
smbu06	Chromosome1	smbu06GL000050	47518	48597	-	1080	359	hypothetical protein	
smbu06	Chromosome1	smbu06GL000051	48594	48908	-	315	104	hypothetical protein	
smbu06	Chromosome1	smbu06GL000052	49118	49882	-	765	254	hypothetical protein	
smbu06	Chromosome1	smbu06GL000053	49875	52712	-	2838	945	hypothetical protein	
smbu06	Chromosome1	smbu06GL000054	52666	54783	-	2118	705	putative type III restriction-modificationenzyme HindVI Mod subunit	UniProtKB/Swiss-Prot:P71366
smbu06	Chromosome1	smbu06GL000055	54998	56545	-	1548	515	GMP synthase [glutamine-hydrolyzing]	UniProtKB/Swiss-Prot:Q839J8
smbu06	Chromosome1	smbu06GL000056	56622	57545	-	924	307	Pantothenate kinase	UniProtKB/Swiss-Prot:Q839J7
smbu06	Chromosome1	smbu06GL000057	57714	58346	+	633	210	Uncharacterized protein YbxB	UniProtKB/Swiss-Prot:P37872
smbu06	Chromosome1	smbu06GL000058	58389	58508	+	120	39	hypothetical protein	
smbu06	Chromosome1	smbu06GL000059	58655	59671	+	1017	338	hypothetical protein	
smbu06	Chromosome1	smbu06GL000060	59818	61113	+	1296	431	Pyrimidine-nucleoside phosphorylase	UniProtKB/Swiss-Prot:Q4L818
smbu06	Chromosome1	smbu06GL000061	61160	61822	+	663	220	Deoxyribose-phosphate aldolase	UniProtKB/Swiss-Prot:Q839J1
smbu06	Chromosome1	smbu06GL000062	61841	62239	+	399	132	Cytidine deaminase	UniProtKB/Swiss-Prot:P19079
smbu06	Chromosome1	smbu06GL000063	62266	63387	+	1122	373	CD4+ T-cell-stimulating antigen	UniProtKB/Swiss-Prot:Q92BW7
smbu06	Chromosome1	smbu06GL000064	63599	65161	+	1563	520	Nucleoside import ATP-binding protein NupA	UniProtKB/Swiss-Prot:A2RKA7
smbu06	Chromosome1	smbu06GL000065	65190	66287	+	1098	365	Nucleoside ABC transporter permease proteinNupB	UniProtKB/Swiss-Prot:A2RKA6
smbu06	Chromosome1	smbu06GL000066	66287	67243	+	957	318	Nucleoside ABC transporter permease proteinNupC	UniProtKB/Swiss-Prot:A2RKA5
smbu06	Chromosome1	smbu06GL000067	67342	68508	+	1167	388	Phosphopentomutase	UniProtKB/Swiss-Prot:Q839I2
smbu06	Chromosome1	smbu06GL000068	68551	69351	+	801	266	Purine nucleoside phosphorylase 1	UniProtKB/Swiss-Prot:P77834
smbu06	Chromosome1	smbu06GL000069	69368	70075	+	708	235	Purine nucleoside phosphorylase DeoD-type	UniProtKB/Swiss-Prot:Q63DR9
smbu06	Chromosome1	smbu06GL000070	70470	71336	-	867	288	hypothetical protein	
smbu06	Chromosome1	smbu06GL000071	71600	71731	-	132	43	hypothetical protein	
smbu06	Chromosome1	smbu06GL000072	71891	72577	-	687	228	2,3-bisphosphoglycerate-dependentphosphoglycerate mutase	UniProtKB/Swiss-Prot:Q839H4
smbu06	Chromosome1	smbu06GL000073	72748	73329	-	582	193	Serine recombinase gin	UniProtKB/Swiss-Prot:Q38199
smbu06	Chromosome1	smbu06GL000074	73395	73511	-	117	38	hypothetical protein	
smbu06	Chromosome1	smbu06GL000075	73462	74157	-	696	231	Ribose-5-phosphate isomerase A	UniProtKB/Swiss-Prot:Q839H2
smbu06	Chromosome1	smbu06GL000076	74443	74877	+	435	144	Small ribosomal subunit protein uS12	UniProtKB/Swiss-Prot:Q839H1
smbu06	Chromosome1	smbu06GL000077	74961	75431	+	471	156	Small ribosomal subunit protein uS7	UniProtKB/Swiss-Prot:Q839H0
smbu06	Chromosome1	smbu06GL000078	75525	77612	+	2088	695	Elongation factor G	UniProtKB/Swiss-Prot:Q839G9
smbu06	Chromosome1	smbu06GL000079	77700	78971	+	1272	423	Elongation factor Tu	UniProtKB/Swiss-Prot:Q839G8
smbu06	Chromosome1	smbu06GL000080	79375	79683	+	309	102	Small ribosomal subunit protein uS10	UniProtKB/Swiss-Prot:Q839G5
smbu06	Chromosome1	smbu06GL000081	79714	80343	+	630	209	Large ribosomal subunit protein uL3	UniProtKB/Swiss-Prot:Q839G4
smbu06	Chromosome1	smbu06GL000082	80371	80994	+	624	207	Large ribosomal subunit protein uL4	UniProtKB/Swiss-Prot:Q839G3
smbu06	Chromosome1	smbu06GL000083	80994	81284	+	291	96	Large ribosomal subunit protein uL23	UniProtKB/Swiss-Prot:Q839G2
smbu06	Chromosome1	smbu06GL000084	81368	82156	+	789	262	Large ribosomal subunit protein uL2	UniProtKB/Swiss-Prot:B9DSV3
smbu06	Chromosome1	smbu06GL000085	82199	82477	+	279	92	Small ribosomal subunit protein uS19	UniProtKB/Swiss-Prot:B4U504
smbu06	Chromosome1	smbu06GL000086	82500	82847	+	348	115	Large ribosomal subunit protein uL22	UniProtKB/Swiss-Prot:Q839F9
smbu06	Chromosome1	smbu06GL000087	82861	83517	+	657	218	Small ribosomal subunit protein uS3	UniProtKB/Swiss-Prot:Q839F8
smbu06	Chromosome1	smbu06GL000088	83520	83954	+	435	144	Large ribosomal subunit protein uL16	UniProtKB/Swiss-Prot:Q839F7
smbu06	Chromosome1	smbu06GL000089	83935	84132	+	198	65	Large ribosomal subunit protein uL29	UniProtKB/Swiss-Prot:Q839F6
smbu06	Chromosome1	smbu06GL000090	84157	84423	+	267	88	Small ribosomal subunit protein uS17	UniProtKB/Swiss-Prot:Q839F5
smbu06	Chromosome1	smbu06GL000091	84481	84849	+	369	122	Large ribosomal subunit protein uL14	UniProtKB/Swiss-Prot:Q839F4
smbu06	Chromosome1	smbu06GL000092	84886	85194	+	309	102	Large ribosomal subunit protein uL24	UniProtKB/Swiss-Prot:Q839F3
smbu06	Chromosome1	smbu06GL000093	85222	85761	+	540	179	Large ribosomal subunit protein uL5	UniProtKB/Swiss-Prot:Q839F2
smbu06	Chromosome1	smbu06GL000094	85780	85965	+	186	61	Small ribosomal subunit protein uS14C	UniProtKB/Swiss-Prot:Q839F1
smbu06	Chromosome1	smbu06GL000095	86001	86399	+	399	132	Small ribosomal subunit protein uS8	UniProtKB/Swiss-Prot:Q839F0
smbu06	Chromosome1	smbu06GL000096	86431	86967	+	537	178	Large ribosomal subunit protein uL6	UniProtKB/Swiss-Prot:Q839E9
smbu06	Chromosome1	smbu06GL000097	87128	87484	+	357	118	Large ribosomal subunit protein uL18	UniProtKB/Swiss-Prot:Q839E8
smbu06	Chromosome1	smbu06GL000098	87505	88005	+	501	166	Small ribosomal subunit protein uS5	UniProtKB/Swiss-Prot:Q839E7
smbu06	Chromosome1	smbu06GL000099	88020	88199	+	180	59	Large ribosomal subunit protein uL30	UniProtKB/Swiss-Prot:Q839E6
smbu06	Chromosome1	smbu06GL000100	88243	88683	+	441	146	Large ribosomal subunit protein uL15	UniProtKB/Swiss-Prot:Q839E5
smbu06	Chromosome1	smbu06GL000101	88683	89978	+	1296	431	Protein translocase subunit SecY	UniProtKB/Swiss-Prot:P58118
smbu06	Chromosome1	smbu06GL000102	90055	90687	+	633	210	Adenylate kinase	UniProtKB/Swiss-Prot:Q839E3
smbu06	Chromosome1	smbu06GL000103	90878	91096	+	219	72	Translation initiation factor IF-1	UniProtKB/Swiss-Prot:Q839E2
smbu06	Chromosome1	smbu06GL000104	91263	91628	+	366	121	Small ribosomal subunit protein uS13	UniProtKB/Swiss-Prot:P59754
smbu06	Chromosome1	smbu06GL000105	91656	92045	+	390	129	Small ribosomal subunit protein uS11	UniProtKB/Swiss-Prot:Q839E0
smbu06	Chromosome1	smbu06GL000106	92125	93063	+	939	312	DNA-directed RNA polymerase subunit alpha	UniProtKB/Swiss-Prot:Q035A9
smbu06	Chromosome1	smbu06GL000107	93136	93471	+	336	111	Large ribosomal subunit protein bL17	UniProtKB/Swiss-Prot:Q839D8
smbu06	Chromosome1	smbu06GL000108	93743	94582	+	840	279	Energy-coupling factor transporter ATP-bindingprotein EcfA	UniProtKB/Swiss-Prot:Q8VNL9
smbu06	Chromosome1	smbu06GL000109	94558	95427	+	870	289	Energy-coupling factor transporter ATP-bindingprotein EcfA2	UniProtKB/Swiss-Prot:Q839D4
smbu06	Chromosome1	smbu06GL000110	95447	96214	+	768	255	Energy-coupling factor transporter transmembraneprotein EcfT	UniProtKB/Swiss-Prot:Q035B4
smbu06	Chromosome1	smbu06GL000111	96418	97164	+	747	248	tRNA pseudouridine synthase A	UniProtKB/Swiss-Prot:A3CQB8
smbu06	Chromosome1	smbu06GL000112	97471	97611	-	141	46	hypothetical protein	
smbu06	Chromosome1	smbu06GL000113	97619	100288	-	2670	889	hypothetical protein	
smbu06	Chromosome1	smbu06GL000114	100527	100652	-	126	41	Large ribosomal subunit protein bL28	UniProtKB/Swiss-Prot:Q82ZE4
smbu06	Chromosome1	smbu06GL000115	100985	101347	+	363	120	Uncharacterized protein Spy1614	UniProtKB/Swiss-Prot:Q5XA14
smbu06	Chromosome1	smbu06GL000116	101399	103081	+	1683	560	Protein YloV	UniProtKB/Swiss-Prot:O34751
smbu06	Chromosome1	smbu06GL000117	103199	105235	+	2037	678	ATP-dependent DNA helicase RecG	UniProtKB/Swiss-Prot:Q54900
smbu06	Chromosome1	smbu06GL000118	105257	106285	+	1029	342	Phosphate acyltransferase	UniProtKB/Swiss-Prot:Q82ZE8
smbu06	Chromosome1	smbu06GL000119	106397	106648	+	252	83	Acyl carrier protein	UniProtKB/Swiss-Prot:Q74IP1
smbu06	Chromosome1	smbu06GL000120	106916	107920	+	1005	334	Oligopeptide transport ATP-binding protein OppD	UniProtKB/Swiss-Prot:P50980
smbu06	Chromosome1	smbu06GL000121	107921	108865	+	945	314	Oligopeptide transport ATP-binding protein OppF	UniProtKB/Swiss-Prot:P0A2V4
smbu06	Chromosome1	smbu06GL000122	108865	109827	+	963	320	Oligopeptide transport system permease proteinOppB	UniProtKB/Swiss-Prot:P0A4N8
smbu06	Chromosome1	smbu06GL000123	109854	110768	+	915	304	Oligopeptide transport system permease proteinOppC	UniProtKB/Swiss-Prot:P0A4P0
smbu06	Chromosome1	smbu06GL000124	110795	112576	+	1782	593	hypothetical protein	
smbu06	Chromosome1	smbu06GL000125	112968	113084	+	117	38	hypothetical protein	
smbu06	Chromosome1	smbu06GL000126	113088	115070	+	1983	660	hypothetical protein	
smbu06	Chromosome1	smbu06GL000127	115063	115683	+	621	206	hypothetical protein	
smbu06	Chromosome1	smbu06GL000128	115817	115933	+	117	38	hypothetical protein	
smbu06	Chromosome1	smbu06GL000129	116217	116912	+	696	231	Ribonuclease 3	UniProtKB/Swiss-Prot:Q82ZG1
smbu06	Chromosome1	smbu06GL000130	116932	120513	+	3582	1193	Chromosome partition protein Smc	UniProtKB/Swiss-Prot:P51834
smbu06	Chromosome1	smbu06GL000131	120522	121331	+	810	269	Sugar phosphatase YidA	UniProtKB/Swiss-Prot:P0A8Y7
smbu06	Chromosome1	smbu06GL000132	121343	122341	+	999	332	Signal recognition particle receptor FtsY	UniProtKB/Swiss-Prot:P51835
smbu06	Chromosome1	smbu06GL000133	122528	124795	+	2268	755	Glutathione biosynthesis bifunctional proteinGshAB	UniProtKB/Swiss-Prot:Q82ZG8
smbu06	Chromosome1	smbu06GL000134	124883	125335	-	453	150	hypothetical protein	
smbu06	Chromosome1	smbu06GL000135	125476	126435	+	960	319	Petrobactin import system permease protein YclN	UniProtKB/Swiss-Prot:P94418
smbu06	Chromosome1	smbu06GL000136	126428	127384	+	957	318	Petrobactin import system permease protein YclO	UniProtKB/Swiss-Prot:P94419
smbu06	Chromosome1	smbu06GL000137	127381	128136	+	756	251	Petrobactin import ATP-binding protein YclP	UniProtKB/Swiss-Prot:P94420
smbu06	Chromosome1	smbu06GL000138	128159	129109	+	951	316	Petrobactin-binding protein YclQ	UniProtKB/Swiss-Prot:P94421
smbu06	Chromosome1	smbu06GL000139	129249	129545	-	297	98	hypothetical protein	
smbu06	Chromosome1	smbu06GL000140	129775	130356	+	582	193	hypothetical protein	
smbu06	Chromosome1	smbu06GL000141	130420	130776	+	357	118	hypothetical protein	
smbu06	Chromosome1	smbu06GL000142	130786	131685	+	900	299	hypothetical protein	
smbu06	Chromosome1	smbu06GL000143	131838	132623	-	786	261	hypothetical protein	
smbu06	Chromosome1	smbu06GL000144	132727	133107	+	381	126	PTS system lactose-specific EIIA component	UniProtKB/Swiss-Prot:Q5HM39
smbu06	Chromosome1	smbu06GL000145	133123	134784	+	1662	553	PTS system lactose-specific EIICB component	UniProtKB/Swiss-Prot:Q5HE15
smbu06	Chromosome1	smbu06GL000146	134796	136199	+	1404	467	6-phospho-beta-galactosidase	UniProtKB/Swiss-Prot:Q97EZ2
smbu06	Chromosome1	smbu06GL000147	136250	136645	+	396	131	Galactose-6-phosphate isomerase subunit LacA	UniProtKB/Swiss-Prot:Q8XNK7
smbu06	Chromosome1	smbu06GL000148	136659	137189	+	531	176	Galactose-6-phosphate isomerase subunit LacB	UniProtKB/Swiss-Prot:P65647
smbu06	Chromosome1	smbu06GL000149	137186	138112	+	927	308	Tagatose-6-phosphate kinase	UniProtKB/Swiss-Prot:B9DU93
smbu06	Chromosome1	smbu06GL000150	138125	139102	+	978	325	Tagatose 1,6-diphosphate aldolase 2	UniProtKB/Swiss-Prot:Q833W8
smbu06	Chromosome1	smbu06GL000151	139589	140368	+	780	259	hypothetical protein	
smbu06	Chromosome1	smbu06GL000152	140515	142542	+	2028	675	hypothetical protein	
smbu06	Chromosome1	smbu06GL000153	142663	143760	+	1098	365	hypothetical protein	
smbu06	Chromosome1	smbu06GL000154	144148	145446	+	1299	432	hypothetical protein	
smbu06	Chromosome1	smbu06GL000155	145538	146257	-	720	239	Glycerol uptake facilitator protein-like 5	UniProtKB/Swiss-Prot:F9UUB3
smbu06	Chromosome1	smbu06GL000156	146288	146401	-	114	37	hypothetical protein	
smbu06	Chromosome1	smbu06GL000157	146600	147010	+	411	136	hypothetical protein	
smbu06	Chromosome1	smbu06GL000158	147018	147704	+	687	228	hypothetical protein	
smbu06	Chromosome1	smbu06GL000159	147770	149290	+	1521	506	hypothetical protein	
smbu06	Chromosome1	smbu06GL000160	149310	149531	+	222	73	hypothetical protein	
smbu06	Chromosome1	smbu06GL000161	149528	150289	+	762	253	hypothetical protein	
smbu06	Chromosome1	smbu06GL000162	150302	150439	-	138	45	hypothetical protein	
smbu06	Chromosome1	smbu06GL000163	150622	151131	+	510	169	hypothetical protein	
smbu06	Chromosome1	smbu06GL000164	151206	151745	-	540	179	Biotin transporter BioY2	UniProtKB/Swiss-Prot:A2RI45
smbu06	Chromosome1	smbu06GL000165	151884	152495	-	612	203	Small ribosomal subunit protein uS4	UniProtKB/Swiss-Prot:Q82ZI6
smbu06	Chromosome1	smbu06GL000166	152769	153608	+	840	279	hypothetical protein	
smbu06	Chromosome1	smbu06GL000167	153637	154272	+	636	211	hypothetical protein	
smbu06	Chromosome1	smbu06GL000168	154292	155065	+	774	257	hypothetical protein	
smbu06	Chromosome1	smbu06GL000169	155062	155220	-	159	52	hypothetical protein	
smbu06	Chromosome1	smbu06GL000170	155260	155379	+	120	39	hypothetical protein	
smbu06	Chromosome1	smbu06GL000171	155476	156273	+	798	265	2',3'-cyclic-nucleotide 2'-phosphodiesterase	UniProtKB/Swiss-Prot:O31775
smbu06	Chromosome1	smbu06GL000172	156248	156664	+	417	138	hypothetical protein	
smbu06	Chromosome1	smbu06GL000173	156675	159293	+	2619	872	DNA mismatch repair protein MutS	UniProtKB/Swiss-Prot:Q82ZA2
smbu06	Chromosome1	smbu06GL000174	159311	161419	+	2109	702	DNA mismatch repair protein MutL	UniProtKB/Swiss-Prot:Q3JYM6
smbu06	Chromosome1	smbu06GL000175	161440	161835	+	396	131	dTTP/UTP pyrophosphatase	UniProtKB/Swiss-Prot:Q82ZA4
smbu06	Chromosome1	smbu06GL000176	161848	161997	+	150	49	hypothetical protein	
smbu06	Chromosome1	smbu06GL000177	162081	164069	-	1989	662	PTS system trehalose-specific EIIBC component	UniProtKB/Swiss-Prot:P36672
smbu06	Chromosome1	smbu06GL000178	164292	165005	+	714	237	HTH-type transcriptional regulator TreR	UniProtKB/Swiss-Prot:P39796
smbu06	Chromosome1	smbu06GL000179	165082	165528	+	447	148	Peptide methionine sulfoxide reductase MsrB	UniProtKB/Swiss-Prot:P0DM32
smbu06	Chromosome1	smbu06GL000180	165697	166299	+	603	200	Holliday junction branch migration complexsubunit RuvA	UniProtKB/Swiss-Prot:Q839T6
smbu06	Chromosome1	smbu06GL000181	166312	167313	+	1002	333	Holliday junction branch migration complexsubunit RuvB	UniProtKB/Swiss-Prot:Q839T5
smbu06	Chromosome1	smbu06GL000182	167342	167920	+	579	192	hypothetical protein	
smbu06	Chromosome1	smbu06GL000183	167973	168455	+	483	160	Low molecular weightprotein-tyrosine-phosphatase YfkJ	UniProtKB/Swiss-Prot:O35016
smbu06	Chromosome1	smbu06GL000184	168572	168946	+	375	124	hypothetical protein	
smbu06	Chromosome1	smbu06GL000185	169644	170243	+	600	199	hypothetical protein	
smbu06	Chromosome1	smbu06GL000186	170335	171021	+	687	228	hypothetical protein	
smbu06	Chromosome1	smbu06GL000187	171894	173246	-	1353	450	Branched-chain amino acid permease BrnQ	UniProtKB/Swiss-Prot:A2RJ04
smbu06	Chromosome1	smbu06GL000188	173393	173983	+	591	196	hypothetical protein	
smbu06	Chromosome1	smbu06GL000189	174391	175740	-	1350	449	putative transporter YdgF	UniProtKB/Swiss-Prot:P96704
smbu06	Chromosome1	smbu06GL000190	175908	176648	-	741	246	Arginine transport ATP-binding protein ArtM	UniProtKB/Swiss-Prot:P54537
smbu06	Chromosome1	smbu06GL000191	176661	178253	-	1593	530	hypothetical protein	
smbu06	Chromosome1	smbu06GL000192	178821	179117	-	297	98	hypothetical protein	
smbu06	Chromosome1	smbu06GL000193	179293	180018	+	726	241	NAD-dependent protein deacetylase	UniProtKB/Swiss-Prot:Q839C6
smbu06	Chromosome1	smbu06GL000194	180011	180853	+	843	280	Putative acetyltransferase DDB_G0275913	UniProtKB/Swiss-Prot:Q552S7
smbu06	Chromosome1	smbu06GL000195	180856	181377	+	522	173	Transcription repressor NadR	UniProtKB/Swiss-Prot:P39667
smbu06	Chromosome1	smbu06GL000196	181509	183041	+	1533	510	hypothetical protein	
smbu06	Chromosome1	smbu06GL000197	183160	183723	-	564	187	Peptide deformylase	UniProtKB/Swiss-Prot:Q82ZJ0
smbu06	Chromosome1	smbu06GL000198	183964	184242	+	279	92	Small ribosomal subunit protein uS15	UniProtKB/Swiss-Prot:Q82ZJ1
smbu06	Chromosome1	smbu06GL000199	184346	186556	+	2211	736	Polyribonucleotide nucleotidyltransferase	UniProtKB/Swiss-Prot:Q82ZJ2
smbu06	Chromosome1	smbu06GL000200	186880	187146	+	267	88	hypothetical protein	
smbu06	Chromosome1	smbu06GL000201	187323	189281	+	1959	652	putative potassium transport system protein Kup	UniProtKB/Swiss-Prot:Q837G9
smbu06	Chromosome1	smbu06GL000202	189238	189408	-	171	56	hypothetical protein	
smbu06	Chromosome1	smbu06GL000203	189498	190799	+	1302	433	UPF0053 protein YqhB	UniProtKB/Swiss-Prot:P54505
smbu06	Chromosome1	smbu06GL000204	190928	192298	-	1371	456	hypothetical protein	
smbu06	Chromosome1	smbu06GL000205	192479	192802	-	324	107	hypothetical protein	
smbu06	Chromosome1	smbu06GL000206	193128	193736	-	609	202	Large ribosomal subunit protein bL25	UniProtKB/Swiss-Prot:Q837L6
smbu06	Chromosome1	smbu06GL000207	194065	194781	+	717	238	putative RNA pseudouridine synthase YtzG	UniProtKB/Swiss-Prot:O32068
smbu06	Chromosome1	smbu06GL000208	194794	195489	+	696	231	Putative HAD-hydrolase YfnB	UniProtKB/Swiss-Prot:O06480
smbu06	Chromosome1	smbu06GL000209	195573	196202	+	630	209	Uridine kinase	UniProtKB/Swiss-Prot:O32033
smbu06	Chromosome1	smbu06GL000210	196666	197268	+	603	200	hypothetical protein	
smbu06	Chromosome1	smbu06GL000211	197290	197778	+	489	162	hypothetical protein	
smbu06	Chromosome1	smbu06GL000212	198101	199474	+	1374	457	hypothetical protein	
smbu06	Chromosome1	smbu06GL000213	199536	199925	+	390	129	UPF0178 protein EF_0842	UniProtKB/Swiss-Prot:Q837J5
smbu06	Chromosome1	smbu06GL000214	200109	201860	-	1752	583	hypothetical protein	
smbu06	Chromosome1	smbu06GL000215	202050	203126	+	1077	358	D-alanine--D-alanine ligase	UniProtKB/Swiss-Prot:Q47827
smbu06	Chromosome1	smbu06GL000216	203219	204631	+	1413	470	UDP-N-acetylmuramoyl-tripeptide--D-alanyl-D-alanine ligase	UniProtKB/Swiss-Prot:P96613
smbu06	Chromosome1	smbu06GL000217	204953	206464	+	1512	503	ATP-dependent RNA helicase CshA	UniProtKB/Swiss-Prot:Q9Z6C9
smbu06	Chromosome1	smbu06GL000218	206576	206944	+	369	122	Holo-[acyl-carrier-protein] synthase	UniProtKB/Swiss-Prot:Q820V0
smbu06	Chromosome1	smbu06GL000219	206957	208081	+	1125	374	Alanine racemase	UniProtKB/Swiss-Prot:O08445
smbu06	Chromosome1	smbu06GL000220	208092	208454	+	363	120	Endoribonuclease EndoA	UniProtKB/Swiss-Prot:P96622
smbu06	Chromosome1	smbu06GL000221	208626	208895	-	270	89	Small ribosomal subunit protein uS14B	UniProtKB/Swiss-Prot:Q82Z70
smbu06	Chromosome1	smbu06GL000222	209083	210030	+	948	315	hypothetical protein	
smbu06	Chromosome1	smbu06GL000223	210337	213042	+	2706	901	Phage infection protein	UniProtKB/Swiss-Prot:P49022
smbu06	Chromosome1	smbu06GL000224	213477	215282	+	1806	601	Potassium transporter KimA	UniProtKB/Swiss-Prot:P96589
smbu06	Chromosome1	smbu06GL000225	215424	216314	-	891	296	hypothetical protein	
smbu06	Chromosome1	smbu06GL000226	216628	217878	+	1251	416	hypothetical protein	
smbu06	Chromosome1	smbu06GL000227	217923	218813	+	891	296	hypothetical protein	
smbu06	Chromosome1	smbu06GL000228	218825	219676	+	852	283	hypothetical protein	
smbu06	Chromosome1	smbu06GL000229	219676	220101	+	426	141	hypothetical protein	
smbu06	Chromosome1	smbu06GL000230	220117	221073	+	957	318	Extracellularexo-alpha-(1->5)-L-arabinofuranosidase	UniProtKB/Swiss-Prot:Q82P90
smbu06	Chromosome1	smbu06GL000231	221122	222183	+	1062	353	hypothetical protein	
smbu06	Chromosome1	smbu06GL000232	222180	222713	+	534	177	hypothetical protein	
smbu06	Chromosome1	smbu06GL000233	222724	224169	+	1446	481	Intracellular exo-alpha-L-arabinofuranosidase 2	UniProtKB/Swiss-Prot:P94552
smbu06	Chromosome1	smbu06GL000234	224195	224440	+	246	81	hypothetical protein	
smbu06	Chromosome1	smbu06GL000235	224493	225683	+	1191	396	hypothetical protein	
smbu06	Chromosome1	smbu06GL000236	225849	225974	+	126	41	hypothetical protein	
smbu06	Chromosome1	smbu06GL000237	226318	226581	+	264	87	hypothetical protein	
smbu06	Chromosome1	smbu06GL000238	226581	226847	+	267	88	hypothetical protein	
smbu06	Chromosome1	smbu06GL000239	227043	227237	+	195	64	hypothetical protein	
smbu06	Chromosome1	smbu06GL000240	227192	227323	-	132	43	hypothetical protein	
smbu06	Chromosome1	smbu06GL000241	227354	227614	+	261	86	hypothetical protein	
smbu06	Chromosome1	smbu06GL000242	227595	227798	+	204	67	hypothetical protein	
smbu06	Chromosome1	smbu06GL000243	228117	228788	-	672	223	Glycine betaine/carnitine/choline transportsystem permease protein OpuCD	UniProtKB/Swiss-Prot:O34742
smbu06	Chromosome1	smbu06GL000244	228785	229702	-	918	305	Carnitine transport binding protein OpuCC	UniProtKB/Swiss-Prot:G2JZ42
smbu06	Chromosome1	smbu06GL000245	229699	230340	-	642	213	Carnitine transport permease protein OpuCB	UniProtKB/Swiss-Prot:Q9KHT8
smbu06	Chromosome1	smbu06GL000246	230344	231519	-	1176	391	Carnitine transport ATP-binding protein OpuCA	UniProtKB/Swiss-Prot:Q9KHT9
smbu06	Chromosome1	smbu06GL000247	231712	232743	+	1032	343	S-adenosylmethionine:tRNAribosyltransferase-isomerase	UniProtKB/Swiss-Prot:Q8E611
smbu06	Chromosome1	smbu06GL000248	233609	236248	+	2640	879	Calcium-transporting ATPase 1	UniProtKB/Swiss-Prot:Q73E41
smbu06	Chromosome1	smbu06GL000249	236417	237115	-	699	232	hypothetical protein	
smbu06	Chromosome1	smbu06GL000250	237331	238476	+	1146	381	Queuine tRNA-ribosyltransferase	UniProtKB/Swiss-Prot:Q38YP9
smbu06	Chromosome1	smbu06GL000251	238564	238953	+	390	129	hypothetical protein	
smbu06	Chromosome1	smbu06GL000252	239255	241855	+	2601	866	Aldehyde-alcohol dehydrogenase	UniProtKB/Swiss-Prot:A0A0H2URT2
smbu06	Chromosome1	smbu06GL000253	242085	243191	+	1107	368	hypothetical protein	
smbu06	Chromosome1	smbu06GL000254	243208	244236	+	1029	342	Uncharacterized protein YiiZ	UniProtKB/Swiss-Prot:P43020
smbu06	Chromosome1	smbu06GL000255	244242	244721	+	480	159	hypothetical protein	
smbu06	Chromosome1	smbu06GL000256	244737	245072	+	336	111	hypothetical protein	
smbu06	Chromosome1	smbu06GL000257	245038	246027	+	990	329	Uncharacterized protein YgiK	UniProtKB/Swiss-Prot:P40800
smbu06	Chromosome1	smbu06GL000258	246038	246862	+	825	274	hypothetical protein	
smbu06	Chromosome1	smbu06GL000259	247017	247925	+	909	302	hypothetical protein	
smbu06	Chromosome1	smbu06GL000260	248042	248911	-	870	289	hypothetical protein	
smbu06	Chromosome1	smbu06GL000261	249064	250524	+	1461	486	Rhamnulokinase	UniProtKB/Swiss-Prot:Q838L3
smbu06	Chromosome1	smbu06GL000262	250521	251777	+	1257	418	L-rhamnose isomerase	UniProtKB/Swiss-Prot:Q926R1
smbu06	Chromosome1	smbu06GL000263	251782	252636	+	855	284	Rhamnulose-1-phosphate aldolase	UniProtKB/Swiss-Prot:Q838L1
smbu06	Chromosome1	smbu06GL000264	252638	252949	+	312	103	L-rhamnose mutarotase	UniProtKB/Swiss-Prot:Q838L0
smbu06	Chromosome1	smbu06GL000265	253031	254182	+	1152	383	Lactaldehyde reductase	UniProtKB/Swiss-Prot:P0A9S2
smbu06	Chromosome1	smbu06GL000266	254309	255067	+	759	252	hypothetical protein	
smbu06	Chromosome1	smbu06GL000267	255158	255811	+	654	217	hypothetical protein	
smbu06	Chromosome1	smbu06GL000268	255818	256825	+	1008	335	hypothetical protein	
smbu06	Chromosome1	smbu06GL000269	256841	257683	+	843	280	4-deoxy-L-threo-5-hexosulose-uronateketol-isomerase 1	UniProtKB/Swiss-Prot:Q838L9
smbu06	Chromosome1	smbu06GL000270	257703	258506	+	804	267	2-dehydro-3-deoxy-D-gluconate 5-dehydrogenase	UniProtKB/Swiss-Prot:T2KLZ8
smbu06	Chromosome1	smbu06GL000271	258624	259679	-	1056	351	Isopentenyl-diphosphate delta-isomerase	UniProtKB/Swiss-Prot:Q837E2
smbu06	Chromosome1	smbu06GL000272	259676	260761	-	1086	361	hypothetical protein	
smbu06	Chromosome1	smbu06GL000273	260774	261751	-	978	325	hypothetical protein	
smbu06	Chromosome1	smbu06GL000274	261744	262688	-	945	314	hypothetical protein	
smbu06	Chromosome1	smbu06GL000275	262806	262928	-	123	40	hypothetical protein	
smbu06	Chromosome1	smbu06GL000276	263004	263663	+	660	219	Deoxyguanosine kinase	UniProtKB/Swiss-Prot:Q74HC2
smbu06	Chromosome1	smbu06GL000277	263747	264652	+	906	301	hypothetical protein	
smbu06	Chromosome1	smbu06GL000278	264654	265286	-	633	210	hypothetical protein	
smbu06	Chromosome1	smbu06GL000279	265308	265454	-	147	48	hypothetical protein	
smbu06	Chromosome1	smbu06GL000280	265624	266130	+	507	168	Translation initiation factor IF-3	UniProtKB/Swiss-Prot:Q837C9
smbu06	Chromosome1	smbu06GL000281	266202	266402	+	201	66	Large ribosomal subunit protein bL35	UniProtKB/Swiss-Prot:Q837C8
smbu06	Chromosome1	smbu06GL000282	266455	266814	+	360	119	Large ribosomal subunit protein bL20	UniProtKB/Swiss-Prot:Q837C7
smbu06	Chromosome1	smbu06GL000283	267053	268873	+	1821	606	hypothetical protein	
smbu06	Chromosome1	smbu06GL000284	269023	269205	-	183	60	hypothetical protein	
smbu06	Chromosome1	smbu06GL000285	269264	269812	-	549	182	hypothetical protein	
smbu06	Chromosome1	smbu06GL000286	270029	270436	-	408	135	hypothetical protein	
smbu06	Chromosome1	smbu06GL000287	270705	271094	+	390	129	hypothetical protein	
smbu06	Chromosome1	smbu06GL000288	271095	272042	+	948	315	hypothetical protein	
smbu06	Chromosome1	smbu06GL000289	272075	274219	+	2145	714	hypothetical protein	
smbu06	Chromosome1	smbu06GL000290	274293	274883	+	591	196	hypothetical protein	
smbu06	Chromosome1	smbu06GL000291	275153	275839	-	687	228	hypothetical protein	
smbu06	Chromosome1	smbu06GL000292	275974	276123	-	150	49	hypothetical protein	
smbu06	Chromosome1	smbu06GL000293	276218	276658	-	441	146	hypothetical protein	
smbu06	Chromosome1	smbu06GL000294	276662	277507	-	846	281	ADP-dependent (S)-NAD(P)H-hydrate dehydratase	UniProtKB/Swiss-Prot:Q833Y3
smbu06	Chromosome1	smbu06GL000295	277656	279074	+	1419	472	Beta-Ala-Xaa dipeptidase	UniProtKB/Swiss-Prot:P45494
smbu06	Chromosome1	smbu06GL000296	279130	280077	-	948	315	Uncharacterized protein SF2094/S2216	UniProtKB/Swiss-Prot:P37787
smbu06	Chromosome1	smbu06GL000297	280300	280650	-	351	116	hypothetical protein	
smbu06	Chromosome1	smbu06GL000298	280850	281929	+	1080	359	Glutamyl aminopeptidase	UniProtKB/Swiss-Prot:Q48677
smbu06	Chromosome1	smbu06GL000299	282072	282392	+	321	106	Thioredoxin-like protein YtpP	UniProtKB/Swiss-Prot:O34357
smbu06	Chromosome1	smbu06GL000300	282414	282878	+	465	154	Putative universal stress protein SH1215	UniProtKB/Swiss-Prot:Q4L751
smbu06	Chromosome1	smbu06GL000301	283083	283688	+	606	201	Putative tRNA-binding protein YtpR	UniProtKB/Swiss-Prot:O34943
smbu06	Chromosome1	smbu06GL000302	283794	285083	-	1290	429	Serine protease Do-like HtrA	UniProtKB/Swiss-Prot:A2RNT9
smbu06	Chromosome1	smbu06GL000303	285379	285990	+	612	203	Ribosomal RNA large subunit methyltransferase H	UniProtKB/Swiss-Prot:P59732
smbu06	Chromosome1	smbu06GL000304	286040	286888	+	849	282	hypothetical protein	
smbu06	Chromosome1	smbu06GL000305	287159	288493	-	1335	444	hypothetical protein	
smbu06	Chromosome1	smbu06GL000306	288626	288955	+	330	109	hypothetical protein	
smbu06	Chromosome1	smbu06GL000307	288982	289281	+	300	99	hypothetical protein	
smbu06	Chromosome1	smbu06GL000308	289309	289443	+	135	44	hypothetical protein	
smbu06	Chromosome1	smbu06GL000309	289455	290006	+	552	183	hypothetical protein	
smbu06	Chromosome1	smbu06GL000310	290194	290445	+	252	83	hypothetical protein	
smbu06	Chromosome1	smbu06GL000311	290805	291719	+	915	304	hypothetical protein	
smbu06	Chromosome1	smbu06GL000312	292300	292923	+	624	207	putative protein adenylyltransferase HI_0977	UniProtKB/Swiss-Prot:P44088
smbu06	Chromosome1	smbu06GL000313	293736	294572	-	837	278	hypothetical protein	
smbu06	Chromosome1	smbu06GL000314	295105	295392	+	288	95	hypothetical protein	
smbu06	Chromosome1	smbu06GL000315	295792	296781	+	990	329	2-dehydropantoate 2-reductase	UniProtKB/Swiss-Prot:Q9CFY8
smbu06	Chromosome1	smbu06GL000316	296794	297846	+	1053	350	hypothetical protein	
smbu06	Chromosome1	smbu06GL000317	298112	298747	+	636	211	hypothetical protein	
smbu06	Chromosome1	smbu06GL000318	298906	299319	+	414	137	Organic hydroperoxide resistance protein OhrB	UniProtKB/Swiss-Prot:P80242
smbu06	Chromosome1	smbu06GL000319	299452	300495	+	1044	347	hypothetical protein	
smbu06	Chromosome1	smbu06GL000320	300510	301073	+	564	187	hypothetical protein	
smbu06	Chromosome1	smbu06GL000321	301825	302706	-	882	293	Fructokinase	UniProtKB/Swiss-Prot:Q07211
smbu06	Chromosome1	smbu06GL000322	302728	303720	-	993	330	Sucrose operon repressor	UniProtKB/Swiss-Prot:P43472
smbu06	Chromosome1	smbu06GL000323	303724	305202	-	1479	492	Sucrose-6-phosphate hydrolase	UniProtKB/Swiss-Prot:P43471
smbu06	Chromosome1	smbu06GL000324	305281	306858	+	1578	525	PTS system sucrose-specific EIIBCA component	UniProtKB/Swiss-Prot:P43470
smbu06	Chromosome1	smbu06GL000325	306836	307387	+	552	183	PTS system glucose-specific EIIA component	UniProtKB/Swiss-Prot:Q8CZD5
smbu06	Chromosome1	smbu06GL000326	307377	308972	+	1596	531	Glucan 1,6-alpha-glucosidase	UniProtKB/Swiss-Prot:Q54796
smbu06	Chromosome1	smbu06GL000327	309167	309502	-	336	111	hypothetical protein	
smbu06	Chromosome1	smbu06GL000328	309764	311668	+	1905	634	hypothetical protein	
smbu06	Chromosome1	smbu06GL000329	311744	311974	+	231	76	hypothetical protein	
smbu06	Chromosome1	smbu06GL000330	311988	312521	+	534	177	hypothetical protein	
smbu06	Chromosome1	smbu06GL000331	312526	312639	-	114	37	hypothetical protein	
smbu06	Chromosome1	smbu06GL000332	312790	313485	+	696	231	hypothetical protein	
smbu06	Chromosome1	smbu06GL000333	313794	315035	+	1242	413	Serine/threonine transporter SstT	UniProtKB/Swiss-Prot:Q82ZN5
smbu06	Chromosome1	smbu06GL000334	315187	315822	+	636	211	hypothetical protein	
smbu06	Chromosome1	smbu06GL000335	316036	317682	+	1647	548	hypothetical protein	
smbu06	Chromosome1	smbu06GL000336	317679	318110	+	432	143	hypothetical protein	
smbu06	Chromosome1	smbu06GL000337	318123	318404	+	282	93	hypothetical protein	
smbu06	Chromosome1	smbu06GL000338	318409	319659	+	1251	416	hypothetical protein	
smbu06	Chromosome1	smbu06GL000339	319660	320397	+	738	245	UPF0309 protein ABC0887	UniProtKB/Swiss-Prot:Q5WJM9
smbu06	Chromosome1	smbu06GL000340	320533	321276	+	744	247	tRNA pseudouridine synthase A	UniProtKB/Swiss-Prot:A3DJK8
smbu06	Chromosome1	smbu06GL000341	321511	322314	+	804	267	Peptide methionine sulfoxide reductase MsrA	UniProtKB/Swiss-Prot:C0MBS9
smbu06	Chromosome1	smbu06GL000342	322421	323410	+	990	329	L-glyceraldehyde 3-phosphate reductase	UniProtKB/Swiss-Prot:Q8X529
smbu06	Chromosome1	smbu06GL000343	323687	324385	+	699	232	hypothetical protein	
smbu06	Chromosome1	smbu06GL000344	324550	325851	+	1302	433	hypothetical protein	
smbu06	Chromosome1	smbu06GL000345	325868	327283	+	1416	471	6-phospho-beta-glucosidase GmuD	UniProtKB/Swiss-Prot:O05508
smbu06	Chromosome1	smbu06GL000346	327662	327916	+	255	84	PTS system galactose-specific EIIB component	UniProtKB/Swiss-Prot:A2RIE6
smbu06	Chromosome1	smbu06GL000347	327941	328258	+	318	105	Lichenan-specific phosphotransferase enzyme IIAcomponent	UniProtKB/Swiss-Prot:P46319
smbu06	Chromosome1	smbu06GL000348	328287	329540	+	1254	417	hypothetical protein	
smbu06	Chromosome1	smbu06GL000349	329762	330220	+	459	152	hypothetical protein	
smbu06	Chromosome1	smbu06GL000350	330357	330683	-	327	108	hypothetical protein	
smbu06	Chromosome1	smbu06GL000351	330702	331835	-	1134	377	putative zinc-type alcohol dehydrogenase-likeprotein AdhB	UniProtKB/Swiss-Prot:O06012
smbu06	Chromosome1	smbu06GL000352	332099	332986	+	888	295	hypothetical protein	
smbu06	Chromosome1	smbu06GL000353	333240	333365	-	126	41	hypothetical protein	
smbu06	Chromosome1	smbu06GL000354	333390	335108	-	1719	572	Linoleate hydratase	UniProtKB/Swiss-Prot:G9MAP1
smbu06	Chromosome1	smbu06GL000355	335141	335269	-	129	42	hypothetical protein	
smbu06	Chromosome1	smbu06GL000356	335710	336075	+	366	121	hypothetical protein	
smbu06	Chromosome1	smbu06GL000357	336072	336437	+	366	121	hypothetical protein	
smbu06	Chromosome1	smbu06GL000358	336598	338025	-	1428	475	hypothetical protein	
smbu06	Chromosome1	smbu06GL000359	338450	340330	+	1881	626	L-tyrosine decarboxylase	UniProtKB/Swiss-Prot:A0A481NV25
smbu06	Chromosome1	smbu06GL000360	340637	342115	+	1479	492	hypothetical protein	
smbu06	Chromosome1	smbu06GL000361	342081	343412	+	1332	443	hypothetical protein	
smbu06	Chromosome1	smbu06GL000362	343525	346077	+	2553	850	hypothetical protein	
smbu06	Chromosome1	smbu06GL000363	346084	347523	-	1440	479	hypothetical protein	
smbu06	Chromosome1	smbu06GL000364	347667	348029	+	363	120	hypothetical protein	
smbu06	Chromosome1	smbu06GL000365	348214	349071	-	858	285	hypothetical protein	
smbu06	Chromosome1	smbu06GL000366	349191	350102	+	912	303	hypothetical protein	
smbu06	Chromosome1	smbu06GL000367	350109	351755	+	1647	548	Acetyl-S-ACP:malonate ACP transferase	UniProtKB/Swiss-Prot:O06924
smbu06	Chromosome1	smbu06GL000368	351857	352156	+	300	99	Malonate decarboxylase acyl carrier protein	UniProtKB/Swiss-Prot:C1DNP6
smbu06	Chromosome1	smbu06GL000369	352146	353822	+	1677	558	Malonyl-S-ACP:biotin-protein carboxyltransferaseMADC	UniProtKB/Swiss-Prot:O06926
smbu06	Chromosome1	smbu06GL000370	353826	354419	+	594	197	hypothetical protein	
smbu06	Chromosome1	smbu06GL000371	354443	355528	+	1086	361	hypothetical protein	
smbu06	Chromosome1	smbu06GL000372	355541	356419	+	879	292	putative2-(5''-triphosphoribosyl)-3'-dephosphocoenzyme-A synthase	UniProtKB/Swiss-Prot:A6UY04
smbu06	Chromosome1	smbu06GL000373	356531	357295	+	765	254	hypothetical protein	
smbu06	Chromosome1	smbu06GL000374	357601	357792	+	192	63	hypothetical protein	
smbu06	Chromosome1	smbu06GL000375	357792	358133	+	342	113	hypothetical protein	
smbu06	Chromosome1	smbu06GL000376	358701	358847	+	147	48	hypothetical protein	
smbu06	Chromosome1	smbu06GL000377	358864	360693	+	1830	609	hypothetical protein	
smbu06	Chromosome1	smbu06GL000378	360680	360910	+	231	76	hypothetical protein	
smbu06	Chromosome1	smbu06GL000379	360946	361248	+	303	100	hypothetical protein	
smbu06	Chromosome1	smbu06GL000380	361274	362563	+	1290	429	hypothetical protein	
smbu06	Chromosome1	smbu06GL000381	362564	362989	+	426	141	hypothetical protein	
smbu06	Chromosome1	smbu06GL000382	363012	363881	+	870	289	D-tagatose-1,6-bisphosphate aldolase subunitGatY	UniProtKB/Swiss-Prot:B4TWB0
smbu06	Chromosome1	smbu06GL000383	363883	364503	+	621	206	hypothetical protein	
smbu06	Chromosome1	smbu06GL000384	364712	365305	+	594	197	hypothetical protein	
smbu06	Chromosome1	smbu06GL000385	365441	365893	+	453	150	putative HTH-type transcriptional regulatorYybA	UniProtKB/Swiss-Prot:P37503
smbu06	Chromosome1	smbu06GL000386	365906	366427	+	522	173	Spermidine/spermine N(1)-acetyltransferase	UniProtKB/Swiss-Prot:P21340
smbu06	Chromosome1	smbu06GL000387	366445	367155	+	711	236	hypothetical protein	
smbu06	Chromosome1	smbu06GL000388	367297	367719	+	423	140	hypothetical protein	
smbu06	Chromosome1	smbu06GL000389	367748	367963	+	216	71	hypothetical protein	
smbu06	Chromosome1	smbu06GL000390	368207	369520	+	1314	437	Guanine/hypoxanthine permease PbuG	UniProtKB/Swiss-Prot:O34987
smbu06	Chromosome1	smbu06GL000391	369848	371485	+	1638	545	Glucan 1,6-alpha-glucosidase	UniProtKB/Swiss-Prot:Q54796
smbu06	Chromosome1	smbu06GL000392	371609	372067	+	459	152	hypothetical protein	
smbu06	Chromosome1	smbu06GL000393	372155	373261	+	1107	368	putative NADH-dependent flavin oxidoreductaseYqiG	UniProtKB/Swiss-Prot:P54524
smbu06	Chromosome1	smbu06GL000394	373291	373968	+	678	225	hypothetical protein	
smbu06	Chromosome1	smbu06GL000395	374313	375608	+	1296	431	hypothetical protein	
smbu06	Chromosome1	smbu06GL000396	375598	377058	+	1461	486	hypothetical protein	
smbu06	Chromosome1	smbu06GL000397	377180	378691	+	1512	503	Glycerol kinase	UniProtKB/Swiss-Prot:Q9CG64
smbu06	Chromosome1	smbu06GL000398	378705	380528	+	1824	607	Alpha-glycerophosphate oxidase	UniProtKB/Swiss-Prot:Q9CG65
smbu06	Chromosome1	smbu06GL000399	380529	381245	+	717	238	Glycerol uptake facilitator protein 3	UniProtKB/Swiss-Prot:F9UTW9
smbu06	Chromosome1	smbu06GL000400	381551	383479	+	1929	642	hypothetical protein	
smbu06	Chromosome1	smbu06GL000401	383601	384155	+	555	184	hypothetical protein	
smbu06	Chromosome1	smbu06GL000402	384316	384639	-	324	107	hypothetical protein	
smbu06	Chromosome1	smbu06GL000403	384644	384904	-	261	86	Copper-sensing transcriptional repressor CsoR	UniProtKB/Swiss-Prot:O32222
smbu06	Chromosome1	smbu06GL000404	385065	385388	+	324	107	hypothetical protein	
smbu06	Chromosome1	smbu06GL000405	385390	387045	+	1656	551	hypothetical protein	
smbu06	Chromosome1	smbu06GL000406	387128	389263	+	2136	711	hypothetical protein	
smbu06	Chromosome1	smbu06GL000407	389437	389946	+	510	169	hypothetical protein	
smbu06	Chromosome1	smbu06GL000408	389997	390626	+	630	209	hypothetical protein	
smbu06	Chromosome1	smbu06GL000409	390645	391247	+	603	200	hypothetical protein	
smbu06	Chromosome1	smbu06GL000410	391343	392212	+	870	289	hypothetical protein	
smbu06	Chromosome1	smbu06GL000411	392323	392643	-	321	106	UPF0145 protein lin0240	UniProtKB/Swiss-Prot:P0A4Q9
smbu06	Chromosome1	smbu06GL000412	392745	393191	+	447	148	hypothetical protein	
smbu06	Chromosome1	smbu06GL000413	393166	394176	+	1011	336	PTS-dependent dihydroxyacetone kinase 1,dihydroxyacetone-binding subunit DhaK	UniProtKB/Swiss-Prot:Q927E6
smbu06	Chromosome1	smbu06GL000414	394205	394810	+	606	201	PEP-dependent dihydroxyacetone kinase 1,ADP-binding subunit DhaL	UniProtKB/Swiss-Prot:Q927E5
smbu06	Chromosome1	smbu06GL000415	394797	394934	-	138	45	hypothetical protein	
smbu06	Chromosome1	smbu06GL000416	394936	395595	+	660	219	hypothetical protein	
smbu06	Chromosome1	smbu06GL000417	395975	396490	+	516	171	hypothetical protein	
smbu06	Chromosome1	smbu06GL000418	396490	397848	+	1359	452	hypothetical protein	
smbu06	Chromosome1	smbu06GL000419	397865	398176	+	312	103	hypothetical protein	
smbu06	Chromosome1	smbu06GL000420	398195	398458	+	264	87	hypothetical protein	
smbu06	Chromosome1	smbu06GL000421	398868	398987	+	120	39	hypothetical protein	
smbu06	Chromosome1	smbu06GL000422	399048	399707	+	660	219	putative transcriptional regulator flp	UniProtKB/Swiss-Prot:P29284
smbu06	Chromosome1	smbu06GL000423	399785	401395	-	1611	536	hypothetical protein	
smbu06	Chromosome1	smbu06GL000424	401408	402289	-	882	293	Multidrug efflux system ATP-binding proteinRv1218c	UniProtKB/Swiss-Prot:O86311
smbu06	Chromosome1	smbu06GL000425	402542	403141	+	600	199	hypothetical protein	
smbu06	Chromosome1	smbu06GL000426	403211	404647	-	1437	478	hypothetical protein	
smbu06	Chromosome1	smbu06GL000427	405084	406340	+	1257	418	Tyrosine--tRNA ligase 1	UniProtKB/Swiss-Prot:E6ELF6
smbu06	Chromosome1	smbu06GL000428	406631	408508	+	1878	625	L-tyrosine decarboxylase	UniProtKB/Swiss-Prot:P0DTQ4
smbu06	Chromosome1	smbu06GL000429	408775	410172	+	1398	465	hypothetical protein	
smbu06	Chromosome1	smbu06GL000430	410281	411648	+	1368	455	hypothetical protein	
smbu06	Chromosome1	smbu06GL000431	411892	412488	+	597	198	hypothetical protein	
smbu06	Chromosome1	smbu06GL000432	412530	413138	+	609	202	hypothetical protein	
smbu06	Chromosome1	smbu06GL000433	413135	415132	-	1998	665	hypothetical protein	
smbu06	Chromosome1	smbu06GL000434	415449	416474	-	1026	341	hypothetical protein	
smbu06	Chromosome1	smbu06GL000435	416496	417503	-	1008	335	hypothetical protein	
smbu06	Chromosome1	smbu06GL000436	417496	418161	-	666	221	Beta-phosphoglucomutase	UniProtKB/Swiss-Prot:P71447
smbu06	Chromosome1	smbu06GL000437	418154	420448	-	2295	764	Maltose phosphorylase	UniProtKB/Swiss-Prot:E6ENP7
smbu06	Chromosome1	smbu06GL000438	420707	422872	+	2166	721	PTS system glucose-specific EIICBA component	UniProtKB/Swiss-Prot:P35595
smbu06	Chromosome1	smbu06GL000439	423061	423891	+	831	276	Maltose 6'-phosphate phosphatase	UniProtKB/Swiss-Prot:E6ENP9
smbu06	Chromosome1	smbu06GL000440	423993	425693	-	1701	566	hypothetical protein	
smbu06	Chromosome1	smbu06GL000441	426153	427313	+	1161	386	hypothetical protein	
smbu06	Chromosome1	smbu06GL000442	427329	427772	+	444	147	hypothetical protein	
smbu06	Chromosome1	smbu06GL000443	428135	428665	-	531	176	Phenolic acid decarboxylase PadC	UniProtKB/Swiss-Prot:O07006
smbu06	Chromosome1	smbu06GL000444	428770	429324	+	555	184	hypothetical protein	
smbu06	Chromosome1	smbu06GL000445	429481	429963	-	483	160	hypothetical protein	
smbu06	Chromosome1	smbu06GL000446	430092	431564	+	1473	490	putative MFS-type transporter YcnB	UniProtKB/Swiss-Prot:P94422
smbu06	Chromosome1	smbu06GL000447	431561	432271	+	711	236	hypothetical protein	
smbu06	Chromosome1	smbu06GL000448	432745	432927	+	183	60	hypothetical protein	
smbu06	Chromosome1	smbu06GL000449	433136	433555	-	420	139	Protein LpdD	UniProtKB/Swiss-Prot:F9UT68
smbu06	Chromosome1	smbu06GL000450	433557	434141	-	585	194	Flavin prenyltransferase LpdB	UniProtKB/Swiss-Prot:F9UT67
smbu06	Chromosome1	smbu06GL000451	434188	435663	-	1476	491	Gallate decarboxylase	UniProtKB/Swiss-Prot:F9US27
smbu06	Chromosome1	smbu06GL000452	435844	436155	+	312	103	hypothetical protein	
smbu06	Chromosome1	smbu06GL000453	436418	438754	-	2337	778	hypothetical protein	
smbu06	Chromosome1	smbu06GL000454	438896	439564	+	669	222	Heme response regulator HssR	UniProtKB/Swiss-Prot:Q6GE73
smbu06	Chromosome1	smbu06GL000455	439567	440610	+	1044	347	hypothetical protein	
smbu06	Chromosome1	smbu06GL000456	440844	441728	-	885	294	hypothetical protein	
smbu06	Chromosome1	smbu06GL000457	441887	442615	+	729	242	Uncharacterized protein YqgA	UniProtKB/Swiss-Prot:Q46831
smbu06	Chromosome1	smbu06GL000458	442772	443089	+	318	105	Putative DNA-binding protein YwzG	UniProtKB/Swiss-Prot:C0H3S6
smbu06	Chromosome1	smbu06GL000459	443082	443690	+	609	202	hypothetical protein	
smbu06	Chromosome1	smbu06GL000460	443705	444535	+	831	276	hypothetical protein	
smbu06	Chromosome1	smbu06GL000461	444661	445161	+	501	166	hypothetical protein	
smbu06	Chromosome1	smbu06GL000462	445209	446081	+	873	290	hypothetical protein	
smbu06	Chromosome1	smbu06GL000463	446251	446613	+	363	120	hypothetical protein	
smbu06	Chromosome1	smbu06GL000464	446622	447374	+	753	250	Bacitracin export ATP-binding protein BceA	UniProtKB/Swiss-Prot:O34697
smbu06	Chromosome1	smbu06GL000465	447388	449190	+	1803	600	hypothetical protein	
smbu06	Chromosome1	smbu06GL000466	449151	449276	+	126	41	hypothetical protein	
smbu06	Chromosome1	smbu06GL000467	449375	450472	+	1098	365	hypothetical protein	
smbu06	Chromosome1	smbu06GL000468	450520	452676	-	2157	718	hypothetical protein	
smbu06	Chromosome1	smbu06GL000469	453036	454409	-	1374	457	hypothetical protein	
smbu06	Chromosome1	smbu06GL000470	454409	454804	-	396	131	D-ribose pyranase	UniProtKB/Swiss-Prot:Q03DK3
smbu06	Chromosome1	smbu06GL000471	454826	455689	-	864	287	Ribokinase	UniProtKB/Swiss-Prot:A0A0H2WZY4
smbu06	Chromosome1	smbu06GL000472	455859	456872	-	1014	337	hypothetical protein	
smbu06	Chromosome1	smbu06GL000473	456954	457580	-	627	208	hypothetical protein	
smbu06	Chromosome1	smbu06GL000474	457696	458442	+	747	248	Putative ABC transporter ATP-binding proteinMG065 homolog	UniProtKB/Swiss-Prot:P75612
smbu06	Chromosome1	smbu06GL000475	458536	461163	+	2628	875	hypothetical protein	
smbu06	Chromosome1	smbu06GL000476	461483	463111	+	1629	542	Trehalose-6-phosphate hydrolase	UniProtKB/Swiss-Prot:P39795
smbu06	Chromosome1	smbu06GL000477	463173	464354	-	1182	393	hypothetical protein	
smbu06	Chromosome1	smbu06GL000478	464604	466127	+	1524	507	Zinc-binding lipoprotein AdcA	UniProtKB/Swiss-Prot:O05703
smbu06	Chromosome1	smbu06GL000479	466195	466923	-	729	242	hypothetical protein	
smbu06	Chromosome1	smbu06GL000480	466936	468216	-	1281	426	hypothetical protein	
smbu06	Chromosome1	smbu06GL000481	468266	468391	-	126	41	hypothetical protein	
smbu06	Chromosome1	smbu06GL000482	468357	468959	-	603	200	hypothetical protein	
smbu06	Chromosome1	smbu06GL000483	469205	469411	+	207	68	hypothetical protein	
smbu06	Chromosome1	smbu06GL000484	469608	470315	+	708	235	Deoxyguanosine kinase	UniProtKB/Swiss-Prot:P0C1G0
smbu06	Chromosome1	smbu06GL000485	470395	471090	-	696	231	hypothetical protein	
smbu06	Chromosome1	smbu06GL000486	471250	473484	+	2235	744	hypothetical protein	
smbu06	Chromosome1	smbu06GL000487	473891	474244	+	354	117	Global transcriptional regulator Spx	UniProtKB/Swiss-Prot:Q830U3
smbu06	Chromosome1	smbu06GL000488	474258	474614	+	357	118	hypothetical protein	
smbu06	Chromosome1	smbu06GL000489	480370	480840	-	471	156	Glutathione peroxidase homolog BsaA	UniProtKB/Swiss-Prot:Q8CSR9
smbu06	Chromosome1	smbu06GL000490	481001	481453	-	453	150	S-ribosylhomocysteine lyase	UniProtKB/Swiss-Prot:Q17VY9
smbu06	Chromosome1	smbu06GL000491	481631	482776	-	1146	381	Cystathionine gamma-synthase	UniProtKB/Swiss-Prot:Q1M0P5
smbu06	Chromosome1	smbu06GL000492	482789	483706	-	918	305	Cysteine synthase	UniProtKB/Swiss-Prot:P56067
smbu06	Chromosome1	smbu06GL000493	484134	484697	+	564	187	Elongation factor P	UniProtKB/Swiss-Prot:Q838Z5
smbu06	Chromosome1	smbu06GL000494	484721	484837	+	117	38	hypothetical protein	
smbu06	Chromosome1	smbu06GL000495	484895	485662	+	768	255	hypothetical protein	
smbu06	Chromosome1	smbu06GL000496	485790	487685	+	1896	631	Alkyl/aryl-sulfatase BDS1	UniProtKB/Swiss-Prot:Q08347
smbu06	Chromosome1	smbu06GL000497	487973	489232	+	1260	419	Diaminopimelate decarboxylase	UniProtKB/Swiss-Prot:P23630
smbu06	Chromosome1	smbu06GL000498	489219	490019	+	801	266	hypothetical protein	
smbu06	Chromosome1	smbu06GL000499	489995	490903	+	909	302	4-hydroxy-tetrahydrodipicolinate synthase	UniProtKB/Swiss-Prot:B0K4I3
smbu06	Chromosome1	smbu06GL000500	490900	491616	+	717	238	4-hydroxy-tetrahydrodipicolinate reductase	UniProtKB/Swiss-Prot:B1YJ40
smbu06	Chromosome1	smbu06GL000501	491622	492317	+	696	231	2,3,4,5-tetrahydropyridine-2,6-dicarboxylateN-acetyltransferase	UniProtKB/Swiss-Prot:Q88V23
smbu06	Chromosome1	smbu06GL000502	492357	493334	+	978	325	Aspartate-semialdehyde dehydrogenase	UniProtKB/Swiss-Prot:O67716
smbu06	Chromosome1	smbu06GL000503	493331	494692	+	1362	453	hypothetical protein	
smbu06	Chromosome1	smbu06GL000504	494670	495803	+	1134	377	hypothetical protein	
smbu06	Chromosome1	smbu06GL000505	495778	496947	+	1170	389	putative N-acetyl-LL-diaminopimelateaminotransferase	UniProtKB/Swiss-Prot:P16524
smbu06	Chromosome1	smbu06GL000506	497121	498500	+	1380	459	NADH peroxidase	UniProtKB/Swiss-Prot:P37062
smbu06	Chromosome1	smbu06GL000507	498780	499448	+	669	222	hypothetical protein	
smbu06	Chromosome1	smbu06GL000508	499570	499956	-	387	128	hypothetical protein	
smbu06	Chromosome1	smbu06GL000509	499928	501121	-	1194	397	Putative UV-damage repair protein UvrX	UniProtKB/Swiss-Prot:O31990
smbu06	Chromosome1	smbu06GL000510	501464	502651	-	1188	395	Galactokinase	UniProtKB/Swiss-Prot:Q9S6S2
smbu06	Chromosome1	smbu06GL000511	502658	503689	-	1032	343	hypothetical protein	
smbu06	Chromosome1	smbu06GL000512	503705	505159	-	1455	484	Lactose permease	UniProtKB/Swiss-Prot:Q48624
smbu06	Chromosome1	smbu06GL000513	505334	506239	+	906	301	hypothetical protein	
smbu06	Chromosome1	smbu06GL000514	506241	507008	+	768	255	putative NAD(P)H oxidoreductase YrkL	UniProtKB/Swiss-Prot:P54439
smbu06	Chromosome1	smbu06GL000515	507005	507175	+	171	56	hypothetical protein	
smbu06	Chromosome1	smbu06GL000516	507277	508185	+	909	302	hypothetical protein	
smbu06	Chromosome1	smbu06GL000517	508236	509606	-	1371	456	putative threonine/serine transporter YbxG	UniProtKB/Swiss-Prot:P54425
smbu06	Chromosome1	smbu06GL000518	509845	510591	+	747	248	Manganese transport system ATP-binding proteinMntB	UniProtKB/Swiss-Prot:Q8Y651
smbu06	Chromosome1	smbu06GL000519	510588	511427	+	840	279	Manganese transport system membrane proteinMntC	UniProtKB/Swiss-Prot:Q8Y652
smbu06	Chromosome1	smbu06GL000520	511428	512378	+	951	316	Metal ABC transporter substrate-bindinglipoprotein ScbA	UniProtKB/Swiss-Prot:Q53891
smbu06	Chromosome1	smbu06GL000521	512519	513271	+	753	250	hypothetical protein	
smbu06	Chromosome1	smbu06GL000522	513290	514441	+	1152	383	Epoxyqueuosine reductase	UniProtKB/Swiss-Prot:Q834R1
smbu06	Chromosome1	smbu06GL000523	514824	515432	+	609	202	hypothetical protein	
smbu06	Chromosome1	smbu06GL000524	515551	517236	+	1686	561	hypothetical protein	
smbu06	Chromosome1	smbu06GL000525	517308	518444	-	1137	378	hypothetical protein	
smbu06	Chromosome1	smbu06GL000526	518495	519868	-	1374	457	hypothetical protein	
smbu06	Chromosome1	smbu06GL000527	520259	520708	+	450	149	hypothetical protein	
smbu06	Chromosome1	smbu06GL000528	520806	521261	+	456	151	Arginine repressor	UniProtKB/Swiss-Prot:Q837Z7
smbu06	Chromosome1	smbu06GL000529	521279	522781	+	1503	500	hypothetical protein	
smbu06	Chromosome1	smbu06GL000530	522939	523082	+	144	47	hypothetical protein	
smbu06	Chromosome1	smbu06GL000531	523167	523568	+	402	133	Organic hydroperoxide resistance protein OhrB	UniProtKB/Swiss-Prot:P80242
smbu06	Chromosome1	smbu06GL000532	523630	523749	+	120	39	hypothetical protein	
smbu06	Chromosome1	smbu06GL000533	523725	525053	+	1329	442	putative pyridine nucleotide-disulfideoxidoreductase RclA	UniProtKB/Swiss-Prot:P77212
smbu06	Chromosome1	smbu06GL000534	525075	525701	+	627	208	hypothetical protein	
smbu06	Chromosome1	smbu06GL000535	525885	526466	+	582	193	putative HTH-type transcriptional regulator inlacX 3'region	UniProtKB/Swiss-Prot:P42097
smbu06	Chromosome1	smbu06GL000536	526822	527397	+	576	191	hypothetical protein	
smbu06	Chromosome1	smbu06GL000537	527603	528205	-	603	200	hypothetical protein	
smbu06	Chromosome1	smbu06GL000538	528261	528962	+	702	233	hypothetical protein	
smbu06	Chromosome1	smbu06GL000539	529035	529865	-	831	276	Uncharacterized protein YjqC	UniProtKB/Swiss-Prot:O34423
smbu06	Chromosome1	smbu06GL000540	530073	531407	+	1335	444	hypothetical protein	
smbu06	Chromosome1	smbu06GL000541	531448	532359	+	912	303	putative ABC transporter permease protein YesP	UniProtKB/Swiss-Prot:O31519
smbu06	Chromosome1	smbu06GL000542	532356	533210	+	855	284	hypothetical protein	
smbu06	Chromosome1	smbu06GL000543	533207	533827	+	621	206	hypothetical protein	
smbu06	Chromosome1	smbu06GL000544	533829	534347	+	519	172	hypothetical protein	
smbu06	Chromosome1	smbu06GL000545	534588	539156	+	4569	1522	hypothetical protein	
smbu06	Chromosome1	smbu06GL000546	539156	540469	+	1314	437	hypothetical protein	
smbu06	Chromosome1	smbu06GL000547	540462	542180	+	1719	572	hypothetical protein	
smbu06	Chromosome1	smbu06GL000548	542246	543148	+	903	300	hypothetical protein	
smbu06	Chromosome1	smbu06GL000549	543272	544006	+	735	244	Sensory transduction protein BceR	UniProtKB/Swiss-Prot:Q9K621
smbu06	Chromosome1	smbu06GL000550	544024	545049	+	1026	341	hypothetical protein	
smbu06	Chromosome1	smbu06GL000551	545165	546004	+	840	279	Putative sugar uptake protein EF_0928	UniProtKB/Swiss-Prot:Q837B5
smbu06	Chromosome1	smbu06GL000552	546041	547417	+	1377	458	Methylthioribose transporter	UniProtKB/Swiss-Prot:Q797A7
smbu06	Chromosome1	smbu06GL000553	547517	548713	-	1197	398	Uncharacterized protein Lmo1967	UniProtKB/Swiss-Prot:Q8Y5T8
smbu06	Chromosome1	smbu06GL000554	548836	549498	-	663	220	hypothetical protein	
smbu06	Chromosome1	smbu06GL000555	549675	550289	+	615	204	Methanol dehydrogenase activator	UniProtKB/Swiss-Prot:Q8KP10
smbu06	Chromosome1	smbu06GL000556	550302	550586	+	285	94	hypothetical protein	
smbu06	Chromosome1	smbu06GL000557	550605	551297	+	693	230	5'-methylthioadenosine/S-adenosylhomocysteinenucleosidase	UniProtKB/Swiss-Prot:C4L559
smbu06	Chromosome1	smbu06GL000558	551309	551854	+	546	181	putative isochorismatase family protein PncA	UniProtKB/Swiss-Prot:O32091
smbu06	Chromosome1	smbu06GL000559	552120	555389	+	3270	1089	hypothetical protein	
smbu06	Chromosome1	smbu06GL000560	555451	555567	+	117	38	hypothetical protein	
smbu06	Chromosome1	smbu06GL000561	555687	557594	-	1908	635	Neutral endopeptidase	UniProtKB/Swiss-Prot:Q07744
smbu06	Chromosome1	smbu06GL000562	557725	558600	+	876	291	hypothetical protein	
smbu06	Chromosome1	smbu06GL000563	558680	559654	+	975	324	Putative ribose-phosphate pyrophosphokinase 1	UniProtKB/Swiss-Prot:Q832Z5
smbu06	Chromosome1	smbu06GL000564	560053	561222	+	1170	389	Putative cysteine desulfurase IscS 1	UniProtKB/Swiss-Prot:O34599
smbu06	Chromosome1	smbu06GL000565	561350	561703	+	354	117	hypothetical protein	
smbu06	Chromosome1	smbu06GL000566	561812	562594	-	783	260	hypothetical protein	
smbu06	Chromosome1	smbu06GL000567	562785	563369	+	585	194	Macrolide efflux protein A	UniProtKB/Swiss-Prot:Q5XBB2
smbu06	Chromosome1	smbu06GL000568	563348	564067	+	720	239	hypothetical protein	
smbu06	Chromosome1	smbu06GL000569	564197	564784	+	588	195	hypothetical protein	
smbu06	Chromosome1	smbu06GL000570	564753	564875	-	123	40	hypothetical protein	
smbu06	Chromosome1	smbu06GL000571	565054	566967	-	1914	637	hypothetical protein	
smbu06	Chromosome1	smbu06GL000572	567651	567986	+	336	111	hypothetical protein	
smbu06	Chromosome1	smbu06GL000573	568087	568620	+	534	177	hypothetical protein	
smbu06	Chromosome1	smbu06GL000574	568827	569948	+	1122	373	tRNA-specific 2-thiouridylase MnmA	UniProtKB/Swiss-Prot:Q820U1
smbu06	Chromosome1	smbu06GL000575	569975	570103	+	129	42	hypothetical protein	
smbu06	Chromosome1	smbu06GL000576	570187	571614	+	1428	475	Arginine/ornithine antiporter	UniProtKB/Swiss-Prot:O53092
smbu06	Chromosome1	smbu06GL000577	571628	572746	+	1119	372	hypothetical protein	
smbu06	Chromosome1	smbu06GL000578	572806	574098	-	1293	430	Multidrug resistance protein MdtG	UniProtKB/Swiss-Prot:D2BX50
smbu06	Chromosome1	smbu06GL000579	574230	574808	+	579	192	hypothetical protein	
smbu06	Chromosome1	smbu06GL000580	574937	575314	+	378	125	hypothetical protein	
smbu06	Chromosome1	smbu06GL000581	575349	577319	+	1971	656	DNA topoisomerase 3	UniProtKB/Swiss-Prot:Q63GK5
smbu06	Chromosome1	smbu06GL000582	577456	577629	+	174	57	hypothetical protein	
smbu06	Chromosome1	smbu06GL000583	577657	578604	-	948	315	Bactoprenol glucosyl transferase	UniProtKB/Swiss-Prot:P57022
smbu06	Chromosome1	smbu06GL000584	578850	579314	+	465	154	Methylated-DNA--protein-cysteinemethyltransferase, constitutive	UniProtKB/Swiss-Prot:P11742
smbu06	Chromosome1	smbu06GL000585	579377	580441	-	1065	354	UPF0324 membrane protein EF_0922	UniProtKB/Swiss-Prot:Q837C1
smbu06	Chromosome1	smbu06GL000586	580916	581884	-	969	322	hypothetical protein	
smbu06	Chromosome1	smbu06GL000587	582117	582959	+	843	280	hypothetical protein	
smbu06	Chromosome1	smbu06GL000588	583153	584340	+	1188	395	hypothetical protein	
smbu06	Chromosome1	smbu06GL000589	584439	584702	+	264	87	hypothetical protein	
smbu06	Chromosome1	smbu06GL000590	584704	585042	+	339	112	hypothetical protein	UniProtKB/Swiss-Prot:B8DP97
smbu06	Chromosome1	smbu06GL000591	585437	586471	+	1035	344	Methionine import ATP-binding protein MetN 2	UniProtKB/Swiss-Prot:Q831K6
smbu06	Chromosome1	smbu06GL000592	586464	587150	+	687	228	Methionine import system permease protein MetP	UniProtKB/Swiss-Prot:O32168
smbu06	Chromosome1	smbu06GL000593	587174	588022	+	849	282	Methionine-binding lipoprotein MetQ	UniProtKB/Swiss-Prot:O32167
smbu06	Chromosome1	smbu06GL000594	588219	588992	+	774	257	putative ABC transporter ATP-binding proteinspyM18_0273	UniProtKB/Swiss-Prot:Q8P2M5
smbu06	Chromosome1	smbu06GL000595	589005	590291	+	1287	428	Iron-sulfur cluster assembly protein SufD	UniProtKB/Swiss-Prot:O32165
smbu06	Chromosome1	smbu06GL000596	590288	591523	+	1236	411	Cysteine desulfurase SufS	UniProtKB/Swiss-Prot:O32164
smbu06	Chromosome1	smbu06GL000597	591510	591980	+	471	156	Iron-sulfur cluster assembly scaffold proteinIscU	UniProtKB/Swiss-Prot:Q9A1G2
smbu06	Chromosome1	smbu06GL000598	591985	593376	+	1392	463	Iron-sulfur cluster assembly protein SufB	UniProtKB/Swiss-Prot:O32162
smbu06	Chromosome1	smbu06GL000599	593474	594616	-	1143	380	hypothetical protein	
smbu06	Chromosome1	smbu06GL000600	594667	595482	-	816	271	hypothetical protein	
smbu06	Chromosome1	smbu06GL000601	595668	595970	+	303	100	hypothetical protein	
smbu06	Chromosome1	smbu06GL000602	596126	596923	+	798	265	hypothetical protein	
smbu06	Chromosome1	smbu06GL000603	597125	599800	+	2676	891	hypothetical protein	
smbu06	Chromosome1	smbu06GL000604	599814	600032	+	219	72	hypothetical protein	
smbu06	Chromosome1	smbu06GL000605	600792	600917	+	126	41	hypothetical protein	
smbu06	Chromosome1	smbu06GL000606	601302	601478	+	177	58	hypothetical protein	
smbu06	Chromosome1	smbu06GL000607	601667	602440	-	774	257	hypothetical protein	
smbu06	Chromosome1	smbu06GL000608	602545	602790	+	246	81	hypothetical protein	
smbu06	Chromosome1	smbu06GL000609	602929	605382	+	2454	817	hypothetical protein	
smbu06	Chromosome1	smbu06GL000610	606667	606786	+	120	39	hypothetical protein	
smbu06	Chromosome1	smbu06GL000611	607258	607611	-	354	117	hypothetical protein	
smbu06	Chromosome1	smbu06GL000612	607773	608543	+	771	256	hypothetical protein	
smbu06	Chromosome1	smbu06GL000613	608562	609185	+	624	207	hypothetical protein	
smbu06	Chromosome1	smbu06GL000614	609565	610476	+	912	303	Foldase protein PrsA	UniProtKB/Swiss-Prot:Q837Y9
smbu06	Chromosome1	smbu06GL000615	610837	611139	+	303	100	hypothetical protein	
smbu06	Chromosome1	smbu06GL000616	611231	612118	+	888	295	hypothetical protein	
smbu06	Chromosome1	smbu06GL000617	612343	613560	-	1218	405	hypothetical protein	
smbu06	Chromosome1	smbu06GL000618	613952	616051	+	2100	699	hypothetical protein	
smbu06	Chromosome1	smbu06GL000619	616088	617119	+	1032	343	hypothetical protein	
smbu06	Chromosome1	smbu06GL000620	617313	618167	+	855	284	hypothetical protein	
smbu06	Chromosome1	smbu06GL000621	618164	618922	+	759	252	hypothetical protein	
smbu06	Chromosome1	smbu06GL000622	619008	619748	-	741	246	hypothetical protein	
smbu06	Chromosome1	smbu06GL000623	619809	621062	+	1254	417	hypothetical protein	
smbu06	Chromosome1	smbu06GL000624	621384	621611	+	228	75	putative HTH-type transcriptional regulatorYdeP	UniProtKB/Swiss-Prot:P96673
smbu06	Chromosome1	smbu06GL000625	621716	622060	+	345	114	hypothetical protein	
smbu06	Chromosome1	smbu06GL000626	622065	622841	+	777	258	Sortase A	UniProtKB/Swiss-Prot:Q8E5N2
smbu06	Chromosome1	smbu06GL000627	623151	624002	+	852	283	Transcription antiterminator LicT	UniProtKB/Swiss-Prot:P39805
smbu06	Chromosome1	smbu06GL000628	624055	625989	+	1935	644	PTS system beta-glucoside-specific EIIBCAcomponent	UniProtKB/Swiss-Prot:Q9KF90
smbu06	Chromosome1	smbu06GL000629	626003	627445	+	1443	480	Aryl-phospho-beta-D-glucosidase BglH	UniProtKB/Swiss-Prot:P40740
smbu06	Chromosome1	smbu06GL000630	627577	628254	+	678	225	hypothetical protein	
smbu06	Chromosome1	smbu06GL000631	628404	628892	+	489	162	hypothetical protein	
smbu06	Chromosome1	smbu06GL000632	629074	629232	+	159	52	hypothetical protein	
smbu06	Chromosome1	smbu06GL000633	629290	629499	-	210	69	hypothetical protein	
smbu06	Chromosome1	smbu06GL000634	629740	630315	+	576	191	hypothetical protein	
smbu06	Chromosome1	smbu06GL000635	630315	630755	+	441	146	hypothetical protein	
smbu06	Chromosome1	smbu06GL000636	630771	631472	+	702	233	Deoxyguanosine kinase	UniProtKB/Swiss-Prot:Q74HC2
smbu06	Chromosome1	smbu06GL000637	631960	632385	-	426	141	hypothetical protein	
smbu06	Chromosome1	smbu06GL000638	632615	633940	+	1326	441	hypothetical protein	
smbu06	Chromosome1	smbu06GL000639	633972	636242	+	2271	756	hypothetical protein	
smbu06	Chromosome1	smbu06GL000640	636249	637220	+	972	323	hypothetical protein	
smbu06	Chromosome1	smbu06GL000641	637241	638638	+	1398	465	6-phospho-beta-glucosidase GmuD	UniProtKB/Swiss-Prot:O05508
smbu06	Chromosome1	smbu06GL000642	638782	639417	+	636	211	hypothetical protein	
smbu06	Chromosome1	smbu06GL000643	639731	641824	+	2094	697	Lipoteichoic acid synthase 1	UniProtKB/Swiss-Prot:Q797B3
smbu06	Chromosome1	smbu06GL000644	642043	642510	+	468	155	hypothetical protein	
smbu06	Chromosome1	smbu06GL000645	642558	642908	+	351	116	hypothetical protein	
smbu06	Chromosome1	smbu06GL000646	642930	643367	-	438	145	Nucleoside diphosphate kinase	UniProtKB/Swiss-Prot:A3DDC2
smbu06	Chromosome1	smbu06GL000647	643948	644076	-	129	42	hypothetical protein	
smbu06	Chromosome1	smbu06GL000648	644055	646703	+	2649	882	Magnesium-transporting ATPase, P-type 1	UniProtKB/Swiss-Prot:P0ABB8
smbu06	Chromosome1	smbu06GL000649	646791	647462	+	672	223	hypothetical protein	
smbu06	Chromosome1	smbu06GL000650	647439	648038	-	600	199	hypothetical protein	
smbu06	Chromosome1	smbu06GL000651	648106	649185	+	1080	359	Methionine import ATP-binding protein MetN 1	UniProtKB/Swiss-Prot:Q832Y6
smbu06	Chromosome1	smbu06GL000652	649187	649867	+	681	226	D-methionine transport system permease proteinMetI	UniProtKB/Swiss-Prot:Q8ZH39
smbu06	Chromosome1	smbu06GL000653	649884	650723	+	840	279	D-methionine-binding lipoprotein MetQ	UniProtKB/Swiss-Prot:P28635
smbu06	Chromosome1	smbu06GL000654	650755	651978	+	1224	407	hypothetical protein	
smbu06	Chromosome1	smbu06GL000655	651994	652107	+	114	37	hypothetical protein	
smbu06	Chromosome1	smbu06GL000656	652382	653800	+	1419	472	hypothetical protein	
smbu06	Chromosome1	smbu06GL000657	654062	654505	-	444	147	hypothetical protein	
smbu06	Chromosome1	smbu06GL000658	654700	656040	-	1341	446	putative amino acid permease YvbW	UniProtKB/Swiss-Prot:O32257
smbu06	Chromosome1	smbu06GL000659	656300	657205	+	906	301	hypothetical protein	
smbu06	Chromosome1	smbu06GL000660	657348	658289	-	942	313	2-dehydropantoate 2-reductase	UniProtKB/Swiss-Prot:Q9CFY8
smbu06	Chromosome1	smbu06GL000661	658415	659536	+	1122	373	hypothetical protein	
smbu06	Chromosome1	smbu06GL000662	659795	661297	+	1503	500	hypothetical protein	
smbu06	Chromosome1	smbu06GL000663	661325	661891	+	567	188	hypothetical protein	
smbu06	Chromosome1	smbu06GL000664	662124	663164	+	1041	346	hypothetical protein	
smbu06	Chromosome1	smbu06GL000665	663168	664064	+	897	298	N-acetylmuramic acid 6-phosphate etherase 2	UniProtKB/Swiss-Prot:Q831R4
smbu06	Chromosome1	smbu06GL000666	664078	666060	+	1983	660	PTS system MurNAc-GlcNAc-specific EIIBCcomponent	UniProtKB/Swiss-Prot:Q8CNB2
smbu06	Chromosome1	smbu06GL000667	666873	667319	-	447	148	Putative NrdI-like protein	UniProtKB/Swiss-Prot:Q8DRF4
smbu06	Chromosome1	smbu06GL000668	667529	668953	+	1425	474	Arginine/ornithine antiporter	UniProtKB/Swiss-Prot:O53092
smbu06	Chromosome1	smbu06GL000669	668989	669108	-	120	39	hypothetical protein	
smbu06	Chromosome1	smbu06GL000670	669130	669903	-	774	257	hypothetical protein	
smbu06	Chromosome1	smbu06GL000671	669900	670805	-	906	301	hypothetical protein	
smbu06	Chromosome1	smbu06GL000672	670966	671286	-	321	106	Guanidinium exporter	UniProtKB/Swiss-Prot:Q8D1E4
smbu06	Chromosome1	smbu06GL000673	671725	672411	+	687	228	hypothetical protein	
smbu06	Chromosome1	smbu06GL000674	672413	673357	+	945	314	hypothetical protein	
smbu06	Chromosome1	smbu06GL000675	673536	674222	-	687	228	hypothetical protein	
smbu06	Chromosome1	smbu06GL000676	674230	676275	-	2046	681	hypothetical protein	
smbu06	Chromosome1	smbu06GL000677	676364	676759	-	396	131	hypothetical protein	
smbu06	Chromosome1	smbu06GL000678	677056	677700	+	645	214	Pyrrolidone-carboxylate peptidase	UniProtKB/Swiss-Prot:Q838N8
smbu06	Chromosome1	smbu06GL000679	677779	679056	+	1278	425	hypothetical protein	
smbu06	Chromosome1	smbu06GL000680	679099	679848	-	750	249	hypothetical protein	
smbu06	Chromosome1	smbu06GL000681	680180	680560	+	381	126	Uncharacterized protein YwkD	UniProtKB/Swiss-Prot:P45871
smbu06	Chromosome1	smbu06GL000682	680655	681164	+	510	169	hypothetical protein	
smbu06	Chromosome1	smbu06GL000683	681241	681420	+	180	59	hypothetical protein	
smbu06	Chromosome1	smbu06GL000684	681445	682038	+	594	197	hypothetical protein	
smbu06	Chromosome1	smbu06GL000685	682085	682600	-	516	171	hypothetical protein	
smbu06	Chromosome1	smbu06GL000686	682626	683495	-	870	289	hypothetical protein	
smbu06	Chromosome1	smbu06GL000687	683612	684301	+	690	229	Uracil-DNA glycosylase	UniProtKB/Swiss-Prot:Q836Z5
smbu06	Chromosome1	smbu06GL000688	684454	685434	+	981	326	Phosphate acetyltransferase	UniProtKB/Swiss-Prot:P39646
smbu06	Chromosome1	smbu06GL000689	685559	686032	+	474	157	tRNA threonylcarbamoyladenosine biosynthesisprotein TsaE	UniProtKB/Swiss-Prot:O05515
smbu06	Chromosome1	smbu06GL000690	686025	686549	+	525	174	hypothetical protein	
smbu06	Chromosome1	smbu06GL000691	687044	687562	-	519	172	hypothetical protein	
smbu06	Chromosome1	smbu06GL000692	688195	688956	-	762	253	Exodeoxyribonuclease	UniProtKB/Swiss-Prot:P37454
smbu06	Chromosome1	smbu06GL000693	689060	689980	+	921	306	hypothetical protein	
smbu06	Chromosome1	smbu06GL000694	690053	690988	+	936	311	UDP-N-acetylenolpyruvoylglucosamine reductase	UniProtKB/Swiss-Prot:Q830P3
smbu06	Chromosome1	smbu06GL000695	691292	692770	+	1479	492	hypothetical protein	
smbu06	Chromosome1	smbu06GL000696	692816	692944	+	129	42	hypothetical protein	
smbu06	Chromosome1	smbu06GL000697	693036	695099	+	2064	687	hypothetical protein	
smbu06	Chromosome1	smbu06GL000698	695182	695751	+	570	189	hypothetical protein	
smbu06	Chromosome1	smbu06GL000699	695926	696732	-	807	268	hypothetical protein	
smbu06	Chromosome1	smbu06GL000700	696871	698385	+	1515	504	NADH:fumarate oxidoreductase	UniProtKB/Swiss-Prot:B5XRB0
smbu06	Chromosome1	smbu06GL000701	698914	699897	-	984	327	Quinone oxidoreductase PIG3	UniProtKB/Swiss-Prot:Q53FA7
smbu06	Chromosome1	smbu06GL000702	699902	700558	-	657	218	hypothetical protein	
smbu06	Chromosome1	smbu06GL000703	700634	701290	-	657	218	Pantothenic acid transporter PanT	UniProtKB/Swiss-Prot:A2RIQ0
smbu06	Chromosome1	smbu06GL000704	701283	701834	-	552	183	putative phosphopantothenoylcysteinedecarboxylase	UniProtKB/Swiss-Prot:Q54433
smbu06	Chromosome1	smbu06GL000705	701831	702568	-	738	245	hypothetical protein	
smbu06	Chromosome1	smbu06GL000706	702565	703554	-	990	329	Putative quinone oxidoreductase YhfP	UniProtKB/Swiss-Prot:O07615
smbu06	Chromosome1	smbu06GL000707	703823	704365	+	543	180	hypothetical protein	
smbu06	Chromosome1	smbu06GL000708	704382	705467	+	1086	361	Spermidine/putrescine import ATP-binding proteinPotA	UniProtKB/Swiss-Prot:Q830W6
smbu06	Chromosome1	smbu06GL000709	705644	706285	+	642	213	hypothetical protein	
smbu06	Chromosome1	smbu06GL000710	706286	707113	+	828	275	hypothetical protein	
smbu06	Chromosome1	smbu06GL000711	707110	708183	+	1074	357	hypothetical protein	
smbu06	Chromosome1	smbu06GL000712	708719	709618	-	900	299	hypothetical protein	
smbu06	Chromosome1	smbu06GL000713	709713	709835	+	123	40	hypothetical protein	
smbu06	Chromosome1	smbu06GL000714	709849	710730	+	882	293	hypothetical protein	
smbu06	Chromosome1	smbu06GL000715	711114	711881	+	768	255	hypothetical protein	
smbu06	Chromosome1	smbu06GL000716	711862	713295	+	1434	477	hypothetical protein	
smbu06	Chromosome1	smbu06GL000717	713292	713993	+	702	233	hypothetical protein	
smbu06	Chromosome1	smbu06GL000718	714485	715624	+	1140	379	Uncharacterized protein YxjH	UniProtKB/Swiss-Prot:P42319
smbu06	Chromosome1	smbu06GL000719	715672	715785	+	114	37	hypothetical protein	
smbu06	Chromosome1	smbu06GL000720	716274	717887	-	1614	537	hypothetical protein	
smbu06	Chromosome1	smbu06GL000721	718082	720070	-	1989	662	Putative ATP-binding protein YdiF	UniProtKB/Swiss-Prot:O05519
smbu06	Chromosome1	smbu06GL000722	720242	720898	+	657	218	Redox-sensing transcriptional repressor Rex 1	UniProtKB/Swiss-Prot:Q830Y0
smbu06	Chromosome1	smbu06GL000723	720972	721331	-	360	119	hypothetical protein	
smbu06	Chromosome1	smbu06GL000724	721518	722447	+	930	309	Putative two-component membrane permease complexsubunit SMU_747c	UniProtKB/Swiss-Prot:Q8DUY3
smbu06	Chromosome1	smbu06GL000725	722458	723300	+	843	280	UPF0703 protein YcgQ	UniProtKB/Swiss-Prot:P94394
smbu06	Chromosome1	smbu06GL000726	723565	724341	+	777	258	hypothetical protein	
smbu06	Chromosome1	smbu06GL000727	724603	725082	-	480	159	hypothetical protein	
smbu06	Chromosome1	smbu06GL000728	725098	725850	-	753	250	hypothetical protein	
smbu06	Chromosome1	smbu06GL000729	726403	727128	+	726	241	hypothetical protein	
smbu06	Chromosome1	smbu06GL000730	727210	727326	+	117	38	hypothetical protein	
smbu06	Chromosome1	smbu06GL000731	727382	727648	+	267	88	UPF0297 protein EF_1202	UniProtKB/Swiss-Prot:Q836B3
smbu06	Chromosome1	smbu06GL000732	727654	728076	+	423	140	Putative pre-16S rRNA nuclease	UniProtKB/Swiss-Prot:Q836B2
smbu06	Chromosome1	smbu06GL000733	728102	728404	+	303	100	UPF0473 protein EF_1204	UniProtKB/Swiss-Prot:Q836B1
smbu06	Chromosome1	smbu06GL000734	728594	729430	+	837	278	hypothetical protein	
smbu06	Chromosome1	smbu06GL000735	729494	729928	+	435	144	hypothetical protein	
smbu06	Chromosome1	smbu06GL000736	729989	731311	-	1323	440	Citrate-sodium symporter	UniProtKB/Swiss-Prot:P21608
smbu06	Chromosome1	smbu06GL000737	731465	733105	-	1641	546	Malolactic enzyme	UniProtKB/Swiss-Prot:F9UMS6
smbu06	Chromosome1	smbu06GL000738	733438	733908	+	471	156	hypothetical protein	
smbu06	Chromosome1	smbu06GL000739	734130	735233	+	1104	367	L-lactate oxidase	UniProtKB/Swiss-Prot:O33655
smbu06	Chromosome1	smbu06GL000740	735517	736197	+	681	226	hypothetical protein	
smbu06	Chromosome1	smbu06GL000741	736275	737135	+	861	286	hypothetical protein	
smbu06	Chromosome1	smbu06GL000742	737326	737670	+	345	114	hypothetical protein	
smbu06	Chromosome1	smbu06GL000743	737654	740134	+	2481	826	hypothetical protein	
smbu06	Chromosome1	smbu06GL000744	740190	741749	+	1560	519	hypothetical protein	
smbu06	Chromosome1	smbu06GL000745	741746	743110	+	1365	454	hypothetical protein	
smbu06	Chromosome1	smbu06GL000746	743281	744351	+	1071	356	hypothetical protein	
smbu06	Chromosome1	smbu06GL000747	744366	745034	+	669	222	Putative hemin import ATP-binding protein HrtA	UniProtKB/Swiss-Prot:Q4L8L7
smbu06	Chromosome1	smbu06GL000748	745054	745632	+	579	192	hypothetical protein	
smbu06	Chromosome1	smbu06GL000749	745836	745982	+	147	48	hypothetical protein	
smbu06	Chromosome1	smbu06GL000750	746035	746949	+	915	304	hypothetical protein	
smbu06	Chromosome1	smbu06GL000751	747366	748307	-	942	313	Ribonuclease HIII	UniProtKB/Swiss-Prot:Q835V5
smbu06	Chromosome1	smbu06GL000752	748476	748922	+	447	148	hypothetical protein	
smbu06	Chromosome1	smbu06GL000753	748980	749528	+	549	182	hypothetical protein	
smbu06	Chromosome1	smbu06GL000754	749671	752031	+	2361	786	Endonuclease MutS2	UniProtKB/Swiss-Prot:Q835H3
smbu06	Chromosome1	smbu06GL000755	752118	752432	+	315	104	Thioredoxin	UniProtKB/Swiss-Prot:P0A4L4
smbu06	Chromosome1	smbu06GL000756	752614	754392	+	1779	592	UvrABC system protein C	UniProtKB/Swiss-Prot:Q835H1
smbu06	Chromosome1	smbu06GL000757	754536	755435	+	900	299	putative ABC transporter ATP-binding proteinBpOF4_11395	UniProtKB/Swiss-Prot:P26946
smbu06	Chromosome1	smbu06GL000758	755428	756690	+	1263	420	hypothetical protein	
smbu06	Chromosome1	smbu06GL000759	756851	758749	+	1899	632	Fructose-1,6-bisphosphatase class 3	UniProtKB/Swiss-Prot:A3CMR5
smbu06	Chromosome1	smbu06GL000760	759293	760012	-	720	239	Protein NtpR	UniProtKB/Swiss-Prot:P49865
smbu06	Chromosome1	smbu06GL000761	760349	760681	+	333	110	hypothetical protein	
smbu06	Chromosome1	smbu06GL000762	760683	762671	+	1989	662	V-type sodium ATPase subunit I	UniProtKB/Swiss-Prot:P43439
smbu06	Chromosome1	smbu06GL000763	762690	763160	+	471	156	V-type sodium ATPase subunit K	UniProtKB/Swiss-Prot:P43457
smbu06	Chromosome1	smbu06GL000764	763181	763765	+	585	194	V-type sodium ATPase subunit E	UniProtKB/Swiss-Prot:P43436
smbu06	Chromosome1	smbu06GL000765	763780	764766	+	987	328	V-type sodium ATPase subunit C	UniProtKB/Swiss-Prot:P43456
smbu06	Chromosome1	smbu06GL000766	764756	765067	+	312	103	V-type sodium ATPase subunit G	UniProtKB/Swiss-Prot:P43455
smbu06	Chromosome1	smbu06GL000767	765131	766870	+	1740	579	V-type sodium ATPase catalytic subunit A	UniProtKB/Swiss-Prot:Q08636
smbu06	Chromosome1	smbu06GL000768	766863	768239	+	1377	458	V-type ATP synthase beta chain	UniProtKB/Swiss-Prot:Q834X8
smbu06	Chromosome1	smbu06GL000769	768246	768881	+	636	211	V-type sodium ATPase subunit D	UniProtKB/Swiss-Prot:P43435
smbu06	Chromosome1	smbu06GL000770	768911	770266	+	1356	451	Potassium/sodium uptake protein NtpJ	UniProtKB/Swiss-Prot:P43440
smbu06	Chromosome1	smbu06GL000771	770465	770965	-	501	166	hypothetical protein	
smbu06	Chromosome1	smbu06GL000772	771107	771958	+	852	283	hypothetical protein	
smbu06	Chromosome1	smbu06GL000773	771955	772737	+	783	260	putative isomerase PA2770	UniProtKB/Swiss-Prot:Q9I073
smbu06	Chromosome1	smbu06GL000774	772905	773276	-	372	123	Lactoylglutathione lyase	UniProtKB/Swiss-Prot:P44638
smbu06	Chromosome1	smbu06GL000775	773410	773853	+	444	147	hypothetical protein	
smbu06	Chromosome1	smbu06GL000776	773899	774708	-	810	269	Sugar phosphatase YidA	UniProtKB/Swiss-Prot:P0A8Y7
smbu06	Chromosome1	smbu06GL000777	774727	776094	-	1368	455	Uncharacterized protein YwfO	UniProtKB/Swiss-Prot:P39651
smbu06	Chromosome1	smbu06GL000778	776078	776908	-	831	276	Octanoyl-[GcvH]:protein N-octanoyltransferase	UniProtKB/Swiss-Prot:B1YHU0
smbu06	Chromosome1	smbu06GL000779	777071	777508	+	438	145	hypothetical protein	
smbu06	Chromosome1	smbu06GL000780	777584	778204	+	621	206	putative DNA-directed RNA polymerase subunitdelta	UniProtKB/Swiss-Prot:Q88Z77
smbu06	Chromosome1	smbu06GL000781	778470	778976	+	507	168	hypothetical protein	
smbu06	Chromosome1	smbu06GL000782	778993	779892	+	900	299	hypothetical protein	
smbu06	Chromosome1	smbu06GL000783	779983	780873	+	891	296	Peptidoglycan-N-acetylglucosamine deacetylasePgdA	UniProtKB/Swiss-Prot:Q8Y9V5
smbu06	Chromosome1	smbu06GL000784	781108	782451	+	1344	447	hypothetical protein	
smbu06	Chromosome1	smbu06GL000785	782655	783692	+	1038	345	Central glycolytic genes regulator	UniProtKB/Swiss-Prot:O32253
smbu06	Chromosome1	smbu06GL000786	783733	784734	+	1002	333	Glyceraldehyde-3-phosphate dehydrogenase	UniProtKB/Swiss-Prot:P0DB18
smbu06	Chromosome1	smbu06GL000787	784844	786034	+	1191	396	Phosphoglycerate kinase	UniProtKB/Swiss-Prot:Q833I9
smbu06	Chromosome1	smbu06GL000788	786138	786893	+	756	251	Triosephosphate isomerase	UniProtKB/Swiss-Prot:Q833J0
smbu06	Chromosome1	smbu06GL000789	787009	788307	+	1299	432	Enolase	UniProtKB/Swiss-Prot:Q8DPS0
smbu06	Chromosome1	smbu06GL000790	788885	789046	+	162	53	hypothetical protein	
smbu06	Chromosome1	smbu06GL000791	789034	789411	+	378	125	hypothetical protein	
smbu06	Chromosome1	smbu06GL000792	789498	789629	+	132	43	hypothetical protein	
smbu06	Chromosome1	smbu06GL000793	789630	790769	+	1140	379	hypothetical protein	
smbu06	Chromosome1	smbu06GL000794	790834	791409	-	576	191	hypothetical protein	
smbu06	Chromosome1	smbu06GL000795	791414	792388	-	975	324	hypothetical protein	
smbu06	Chromosome1	smbu06GL000796	792647	793639	+	993	330	hypothetical protein	
smbu06	Chromosome1	smbu06GL000797	793752	794030	+	279	92	hypothetical protein	
smbu06	Chromosome1	smbu06GL000798	794163	794384	+	222	73	hypothetical protein	
smbu06	Chromosome1	smbu06GL000799	794487	795242	+	756	251	hypothetical protein	
smbu06	Chromosome1	smbu06GL000800	795245	797602	+	2358	785	Ribonuclease R 1	UniProtKB/Swiss-Prot:Q9CH00
smbu06	Chromosome1	smbu06GL000801	797609	798088	+	480	159	SsrA-binding protein	UniProtKB/Swiss-Prot:P43659
smbu06	Chromosome1	smbu06GL000802	798453	799109	+	657	218	ATP synthase subunit a	UniProtKB/Swiss-Prot:P43454
smbu06	Chromosome1	smbu06GL000803	799162	799377	+	216	71	ATP synthase subunit c	UniProtKB/Swiss-Prot:P26682
smbu06	Chromosome1	smbu06GL000804	799468	799992	+	525	174	ATP synthase subunit b	UniProtKB/Swiss-Prot:P26681
smbu06	Chromosome1	smbu06GL000805	799979	800521	+	543	180	ATP synthase subunit delta	UniProtKB/Swiss-Prot:P26680
smbu06	Chromosome1	smbu06GL000806	800535	802100	+	1566	521	ATP synthase subunit alpha	UniProtKB/Swiss-Prot:Q831A3
smbu06	Chromosome1	smbu06GL000807	802114	803016	+	903	300	ATP synthase gamma chain	UniProtKB/Swiss-Prot:P43452
smbu06	Chromosome1	smbu06GL000808	803084	804445	+	1362	453	ATP synthase subunit beta	UniProtKB/Swiss-Prot:Q831A5
smbu06	Chromosome1	smbu06GL000809	804459	804881	+	423	140	ATP synthase epsilon chain	UniProtKB/Swiss-Prot:P43453
smbu06	Chromosome1	smbu06GL000810	805521	806846	+	1326	441	UDP-N-acetylglucosamine1-carboxyvinyltransferase 2	UniProtKB/Swiss-Prot:Q831A8
smbu06	Chromosome1	smbu06GL000811	806904	807035	+	132	43	hypothetical protein	
smbu06	Chromosome1	smbu06GL000812	807266	807463	+	198	65	Putative membrane protein insertion efficiencyfactor	UniProtKB/Swiss-Prot:Q833N1
smbu06	Chromosome1	smbu06GL000813	807643	808113	+	471	156	hypothetical protein	
smbu06	Chromosome1	smbu06GL000814	808189	809079	+	891	296	hypothetical protein	
smbu06	Chromosome1	smbu06GL000815	809193	809426	+	234	77	hypothetical protein	
smbu06	Chromosome1	smbu06GL000816	809796	809966	+	171	56	hypothetical protein	
smbu06	Chromosome1	smbu06GL000817	810186	810893	+	708	235	hypothetical protein	
smbu06	Chromosome1	smbu06GL000818	810951	811595	-	645	214	IMPACT family member YvyE	UniProtKB/Swiss-Prot:P32437
smbu06	Chromosome1	smbu06GL000819	811710	812009	+	300	99	hypothetical protein	
smbu06	Chromosome1	smbu06GL000820	812117	812437	+	321	106	PTS system galactose-specific EIIB component	UniProtKB/Swiss-Prot:A2RIE6
smbu06	Chromosome1	smbu06GL000821	812518	813831	+	1314	437	hypothetical protein	
smbu06	Chromosome1	smbu06GL000822	813948	814547	+	600	199	hypothetical protein	
smbu06	Chromosome1	smbu06GL000823	814675	815226	+	552	183	Ribosome hibernation promotion factor	UniProtKB/Swiss-Prot:A0A0H3GEZ8
smbu06	Chromosome1	smbu06GL000824	815448	817982	+	2535	844	Protein translocase subunit SecA	UniProtKB/Swiss-Prot:Q834A7
smbu06	Chromosome1	smbu06GL000825	818227	819210	+	984	327	Peptide chain release factor 2	UniProtKB/Swiss-Prot:Q88YL5
smbu06	Chromosome1	smbu06GL000826	819315	820001	+	687	228	Cell division ATP-binding protein FtsE	UniProtKB/Swiss-Prot:O34814
smbu06	Chromosome1	smbu06GL000827	820057	820878	+	822	273	Cell division protein FtsX	UniProtKB/Swiss-Prot:Q04LE4
smbu06	Chromosome1	smbu06GL000828	820878	821033	+	156	51	hypothetical protein	
smbu06	Chromosome1	smbu06GL000829	821030	822478	+	1449	482	Cardiolipin synthase	UniProtKB/Swiss-Prot:A0ALI7
smbu06	Chromosome1	smbu06GL000830	822815	823672	+	858	285	Phosphate-binding protein PstS 1	UniProtKB/Swiss-Prot:Q97Q31
smbu06	Chromosome1	smbu06GL000831	823787	824707	+	921	306	putative ABC transporter permease protein YqgH	UniProtKB/Swiss-Prot:P46339
smbu06	Chromosome1	smbu06GL000832	824707	825591	+	885	294	putative ABC transporter permease protein YqgI	UniProtKB/Swiss-Prot:P46340
smbu06	Chromosome1	smbu06GL000833	825606	826412	+	807	268	Phosphate import ATP-binding protein PstB 2	UniProtKB/Swiss-Prot:Q834B3
smbu06	Chromosome1	smbu06GL000834	826428	827186	+	759	252	Phosphate import ATP-binding protein PstB 1	UniProtKB/Swiss-Prot:Q834B4
smbu06	Chromosome1	smbu06GL000835	827199	827876	+	678	225	hypothetical protein	
smbu06	Chromosome1	smbu06GL000836	828098	829132	+	1035	344	hypothetical protein	
smbu06	Chromosome1	smbu06GL000837	829129	829896	+	768	255	hypothetical protein	
smbu06	Chromosome1	smbu06GL000838	829945	831564	+	1620	539	Putative adhesin domain-containing protein LiaX	UniProtKB/Swiss-Prot:Q834B6
smbu06	Chromosome1	smbu06GL000839	831740	832048	+	309	102	hypothetical protein	
smbu06	Chromosome1	smbu06GL000840	832096	832398	+	303	100	putative membrane protein YvlD	UniProtKB/Swiss-Prot:O34648
smbu06	Chromosome1	smbu06GL000841	832564	833502	+	939	312	HPr kinase/phosphorylase	UniProtKB/Swiss-Prot:O07664
smbu06	Chromosome1	smbu06GL000842	833517	834347	+	831	276	Phosphatidylglycerol--prolipoproteindiacylglyceryl transferase	UniProtKB/Swiss-Prot:Q834C0
smbu06	Chromosome1	smbu06GL000843	834391	835416	+	1026	341	Glycerol-3-phosphate dehydrogenase [NAD(P)+]	UniProtKB/Swiss-Prot:Q834C1
smbu06	Chromosome1	smbu06GL000844	835425	836369	+	945	314	UTP--glucose-1-phosphate uridylyltransferase	UniProtKB/Swiss-Prot:P58313
smbu06	Chromosome1	smbu06GL000845	836494	836934	+	441	146	hypothetical protein	
smbu06	Chromosome1	smbu06GL000846	836937	837539	+	603	200	hypothetical protein	
smbu06	Chromosome1	smbu06GL000847	837602	838705	-	1104	367	Xaa-Pro dipeptidase	UniProtKB/Swiss-Prot:O84913
smbu06	Chromosome1	smbu06GL000848	838915	839916	+	1002	333	Catabolite control protein A	UniProtKB/Swiss-Prot:O07329
smbu06	Chromosome1	smbu06GL000849	840345	840665	+	321	106	hypothetical protein	
smbu06	Chromosome1	smbu06GL000850	840662	840919	+	258	85	hypothetical protein	
smbu06	Chromosome1	smbu06GL000851	840962	841357	+	396	131	hypothetical protein	
smbu06	Chromosome1	smbu06GL000852	841357	841608	+	252	83	hypothetical protein	
smbu06	Chromosome1	smbu06GL000853	841652	842047	+	396	131	hypothetical protein	
smbu06	Chromosome1	smbu06GL000854	842047	843282	+	1236	411	hypothetical protein	
smbu06	Chromosome1	smbu06GL000855	843311	843634	+	324	107	hypothetical protein	
smbu06	Chromosome1	smbu06GL000856	843738	843893	+	156	51	hypothetical protein	
smbu06	Chromosome1	smbu06GL000857	844056	846623	-	2568	855	hypothetical protein	
smbu06	Chromosome1	smbu06GL000858	846704	847582	+	879	292	putative endonuclease 4	UniProtKB/Swiss-Prot:Q834D0
smbu06	Chromosome1	smbu06GL000859	847655	847780	+	126	41	hypothetical protein	
smbu06	Chromosome1	smbu06GL000860	847793	849568	+	1776	591	hypothetical protein	
smbu06	Chromosome1	smbu06GL000861	849878	851464	-	1587	528	Divalent metal cation transporter MntH	UniProtKB/Swiss-Prot:Q93V04
smbu06	Chromosome1	smbu06GL000862	851715	851939	+	225	74	UPF0154 protein EF_1734	UniProtKB/Swiss-Prot:Q834D2
smbu06	Chromosome1	smbu06GL000863	852081	853832	+	1752	583	putative multidrug resistance ABC transporterATP-binding/permease protein YheI	UniProtKB/Swiss-Prot:O07550
smbu06	Chromosome1	smbu06GL000864	853832	855616	+	1785	594	Putative ABC transporter ATP-binding proteinexp8	UniProtKB/Swiss-Prot:P35598
smbu06	Chromosome1	smbu06GL000865	855882	856802	+	921	306	Transcription antiterminator LicT	UniProtKB/Swiss-Prot:P39805
smbu06	Chromosome1	smbu06GL000866	856899	858785	+	1887	628	PTS system beta-glucoside-specific EIIBCAcomponent	UniProtKB/Swiss-Prot:Q9KF90
smbu06	Chromosome1	smbu06GL000867	858826	859728	-	903	300	hypothetical protein	
smbu06	Chromosome1	smbu06GL000868	859958	861361	+	1404	467	putative 6-phospho-beta-glucosidase	UniProtKB/Swiss-Prot:P46320
smbu06	Chromosome1	smbu06GL000869	861361	862794	+	1434	477	6-phospho-beta-glucosidase AscB	UniProtKB/Swiss-Prot:P24240
smbu06	Chromosome1	smbu06GL000870	862939	863865	+	927	308	Thioredoxin reductase	UniProtKB/Swiss-Prot:O32823
smbu06	Chromosome1	smbu06GL000871	864079	865806	+	1728	575	Phosphoglucomutase	UniProtKB/Swiss-Prot:P18159
smbu06	Chromosome1	smbu06GL000872	865870	866172	+	303	100	HTH-type transcriptional regulator NmtR	UniProtKB/Swiss-Prot:O69711
smbu06	Chromosome1	smbu06GL000873	866267	867127	-	861	286	Putative pyruvate, phosphate dikinase regulatoryprotein 2	UniProtKB/Swiss-Prot:Q831T1
smbu06	Chromosome1	smbu06GL000874	867219	867647	+	429	142	Transcriptional regulator ZurR	UniProtKB/Swiss-Prot:P0A3E7
smbu06	Chromosome1	smbu06GL000875	867809	867985	+	177	58	Small ribosomal subunit protein bS21	UniProtKB/Swiss-Prot:Q831T3
smbu06	Chromosome1	smbu06GL000876	868042	868458	+	417	138	Uncharacterized protein YqeY	UniProtKB/Swiss-Prot:P54464
smbu06	Chromosome1	smbu06GL000877	868614	869993	-	1380	459	Branched-chain amino acid permease BrnQ	UniProtKB/Swiss-Prot:A2RJ04
smbu06	Chromosome1	smbu06GL000878	870698	871669	+	972	323	PhoH-like protein	UniProtKB/Swiss-Prot:P46343
smbu06	Chromosome1	smbu06GL000879	871693	873885	+	2193	730	hypothetical protein	
smbu06	Chromosome1	smbu06GL000880	873914	874390	+	477	158	Endoribonuclease YbeY	UniProtKB/Swiss-Prot:Q831T7
smbu06	Chromosome1	smbu06GL000881	874374	874769	+	396	131	Undecaprenol kinase	UniProtKB/Swiss-Prot:Q05888
smbu06	Chromosome1	smbu06GL000882	874784	875683	+	900	299	GTPase Era	UniProtKB/Swiss-Prot:Q831T9
smbu06	Chromosome1	smbu06GL000883	875826	876638	+	813	270	DNA repair protein RecO	UniProtKB/Swiss-Prot:Q831U0
smbu06	Chromosome1	smbu06GL000884	877006	877941	+	936	311	Glycine--tRNA ligase alpha subunit	UniProtKB/Swiss-Prot:Q831U2
smbu06	Chromosome1	smbu06GL000885	877943	880018	+	2076	691	Glycine--tRNA ligase beta subunit	UniProtKB/Swiss-Prot:Q831U3
smbu06	Chromosome1	smbu06GL000886	880403	881179	+	777	258	hypothetical protein	
smbu06	Chromosome1	smbu06GL000887	881216	882160	+	945	314	Polyisoprenyl-teichoic acid--peptidoglycanteichoic acid transferase TagU	UniProtKB/Swiss-Prot:Q836A6
smbu06	Chromosome1	smbu06GL000888	882176	882955	+	780	259	hypothetical protein	
smbu06	Chromosome1	smbu06GL000889	882968	883666	+	699	232	Tyrosine-protein kinase YwqD	UniProtKB/Swiss-Prot:P96716
smbu06	Chromosome1	smbu06GL000890	883694	884458	+	765	254	Tyrosine-protein phosphatase YwqE	UniProtKB/Swiss-Prot:P96717
smbu06	Chromosome1	smbu06GL000891	884522	885211	+	690	229	Galactosyl transferase CpsE	UniProtKB/Swiss-Prot:Q04664
smbu06	Chromosome1	smbu06GL000892	885178	886410	+	1233	410	hypothetical protein	
smbu06	Chromosome1	smbu06GL000893	886415	887707	+	1293	430	hypothetical protein	
smbu06	Chromosome1	smbu06GL000894	887889	888446	+	558	185	hypothetical protein	
smbu06	Chromosome1	smbu06GL000895	888644	888790	+	147	48	hypothetical protein	
smbu06	Chromosome1	smbu06GL000896	888819	889532	+	714	237	hypothetical protein	
smbu06	Chromosome1	smbu06GL000897	889555	890430	+	876	291	hypothetical protein	
smbu06	Chromosome1	smbu06GL000898	890453	891736	+	1284	427	hypothetical protein	
smbu06	Chromosome1	smbu06GL000899	891720	892877	+	1158	385	hypothetical protein	
smbu06	Chromosome1	smbu06GL000900	892874	894307	+	1434	477	hypothetical protein	
smbu06	Chromosome1	smbu06GL000901	894622	895524	+	903	300	hypothetical protein	
smbu06	Chromosome1	smbu06GL000902	895915	896205	+	291	96	hypothetical protein	
smbu06	Chromosome1	smbu06GL000903	896241	897077	+	837	278	hypothetical protein	
smbu06	Chromosome1	smbu06GL000904	897479	898588	+	1110	369	hypothetical protein	
smbu06	Chromosome1	smbu06GL000905	898687	899859	-	1173	390	Transposase for insertion sequence element IS256in transposon Tn4001	UniProtKB/Swiss-Prot:P59787
smbu06	Chromosome1	smbu06GL000906	900182	901177	+	996	331	hypothetical protein	
smbu06	Chromosome1	smbu06GL000907	901266	902216	-	951	316	Membrane protein insertase YidC 2	UniProtKB/Swiss-Prot:Q8DSP8
smbu06	Chromosome1	smbu06GL000908	903209	903469	-	261	86	Acylphosphatase	UniProtKB/Swiss-Prot:Q831U6
smbu06	Chromosome1	smbu06GL000909	903591	904355	+	765	254	23S rRNA(guanosine(2553)-2'-O)-methyltransferase RlmP	UniProtKB/Swiss-Prot:P94538
smbu06	Chromosome1	smbu06GL000910	904478	904981	+	504	167	hypothetical protein	
smbu06	Chromosome1	smbu06GL000911	905389	906036	+	648	215	hypothetical protein	
smbu06	Chromosome1	smbu06GL000912	906128	907468	+	1341	446	Chloride/fluoride channel protein	UniProtKB/Swiss-Prot:Q87WD2
smbu06	Chromosome1	smbu06GL000913	907495	908694	-	1200	399	hypothetical protein	
smbu06	Chromosome1	smbu06GL000914	908815	910122	-	1308	435	D-alanyl-D-alanine carboxypeptidase DacA	UniProtKB/Swiss-Prot:P08750
smbu06	Chromosome1	smbu06GL000915	910240	910362	-	123	40	hypothetical protein	
smbu06	Chromosome1	smbu06GL000916	910594	911712	+	1119	372	hypothetical protein	
smbu06	Chromosome1	smbu06GL000917	911954	912412	+	459	152	hypothetical protein	
smbu06	Chromosome1	smbu06GL000918	912773	912973	+	201	66	Cold shock-like protein CspLA	UniProtKB/Swiss-Prot:P0A356
smbu06	Chromosome1	smbu06GL000919	913120	915909	+	2790	929	hypothetical protein	
smbu06	Chromosome1	smbu06GL000920	915980	916483	+	504	167	hypothetical protein	
smbu06	Chromosome1	smbu06GL000921	916495	917694	+	1200	399	Asparagine--oxo-acid transaminase	UniProtKB/Swiss-Prot:Q8DTM1
smbu06	Chromosome1	smbu06GL000922	917734	919032	+	1299	432	Asparagine--tRNA ligase 2	UniProtKB/Swiss-Prot:Q88WA8
smbu06	Chromosome1	smbu06GL000923	919437	919823	+	387	128	hypothetical protein	
smbu06	Chromosome1	smbu06GL000924	919992	920666	+	675	224	hypothetical protein	
smbu06	Chromosome1	smbu06GL000925	920663	921004	+	342	113	hypothetical protein	
smbu06	Chromosome1	smbu06GL000926	921034	921393	+	360	119	hypothetical protein	
smbu06	Chromosome1	smbu06GL000927	921642	923678	+	2037	678	Cadmium, zinc and cobalt-transporting ATPase	UniProtKB/Swiss-Prot:O32219
smbu06	Chromosome1	smbu06GL000928	924040	925455	+	1416	471	Aspartate/glutamate permease AcaP	UniProtKB/Swiss-Prot:A2RL65
smbu06	Chromosome1	smbu06GL000929	925766	926305	+	540	179	hypothetical protein	
smbu06	Chromosome1	smbu06GL000930	926379	926819	+	441	146	Transcriptional repressor CopY	UniProtKB/Swiss-Prot:Q47839
smbu06	Chromosome1	smbu06GL000931	926832	927041	+	210	69	Copper chaperone CopZ	UniProtKB/Swiss-Prot:Q47840
smbu06	Chromosome1	smbu06GL000932	927041	929227	+	2187	728	putative copper-importing P-type ATPase A	UniProtKB/Swiss-Prot:P32113
smbu06	Chromosome1	smbu06GL000933	929247	931451	+	2205	734	Copper-exporting P-type ATPase B	UniProtKB/Swiss-Prot:P05425
smbu06	Chromosome1	smbu06GL000934	931564	932529	-	966	321	hypothetical protein	
smbu06	Chromosome1	smbu06GL000935	932572	933744	-	1173	390	hypothetical protein	
smbu06	Chromosome1	smbu06GL000936	933725	934795	-	1071	356	hypothetical protein	
smbu06	Chromosome1	smbu06GL000937	934853	935749	-	897	298	Uncharacterized protein YeaC	UniProtKB/Swiss-Prot:P94474
smbu06	Chromosome1	smbu06GL000938	936001	937293	+	1293	430	hypothetical protein	
smbu06	Chromosome1	smbu06GL000939	937367	937942	+	576	191	hypothetical protein	
smbu06	Chromosome1	smbu06GL000940	938006	938371	-	366	121	hypothetical protein	
smbu06	Chromosome1	smbu06GL000941	938579	939061	+	483	160	hypothetical protein	
smbu06	Chromosome1	smbu06GL000942	939256	940146	+	891	296	Phosphate-binding protein PstS	UniProtKB/Swiss-Prot:P46338
smbu06	Chromosome1	smbu06GL000943	940397	942865	+	2469	822	hypothetical protein	
smbu06	Chromosome1	smbu06GL000944	943041	944519	+	1479	492	putative dipeptidase	UniProtKB/Swiss-Prot:Q48841
smbu06	Chromosome1	smbu06GL000945	944614	946353	-	1740	579	hypothetical protein	
smbu06	Chromosome1	smbu06GL000946	946350	947054	-	705	234	Alkaline phosphatase synthesis transcriptionalregulatory protein PhoP	UniProtKB/Swiss-Prot:P13792
smbu06	Chromosome1	smbu06GL000947	947185	947688	+	504	167	Uncharacterized protein YbbK	UniProtKB/Swiss-Prot:Q45584
smbu06	Chromosome1	smbu06GL000948	947648	947986	+	339	112	UPF0122 protein EF_1701	UniProtKB/Swiss-Prot:Q834F4
smbu06	Chromosome1	smbu06GL000949	948007	949425	+	1419	472	Signal recognition particle protein	UniProtKB/Swiss-Prot:Q54431
smbu06	Chromosome1	smbu06GL000950	949465	950109	+	645	214	DNA-3-methyladenine glycosylase	UniProtKB/Swiss-Prot:P44321
smbu06	Chromosome1	smbu06GL000951	950128	950649	+	522	173	hypothetical protein	
smbu06	Chromosome1	smbu06GL000952	950726	951280	-	555	184	Quinone reductase	UniProtKB/Swiss-Prot:Q93T20
smbu06	Chromosome1	smbu06GL000953	951460	952572	+	1113	370	hypothetical protein	
smbu06	Chromosome1	smbu06GL000954	952574	952774	+	201	66	hypothetical protein	
smbu06	Chromosome1	smbu06GL000955	952774	953676	+	903	300	putative ABC transporter ATP-binding proteinall4389	UniProtKB/Swiss-Prot:Q05067
smbu06	Chromosome1	smbu06GL000956	953709	954443	+	735	244	hypothetical protein	
smbu06	Chromosome1	smbu06GL000957	954566	954841	+	276	91	Small ribosomal subunit protein bS16	UniProtKB/Swiss-Prot:Q834F9
smbu06	Chromosome1	smbu06GL000958	954853	955104	+	252	83	RNA-binding protein KhpA	UniProtKB/Swiss-Prot:F9UP09
smbu06	Chromosome1	smbu06GL000959	955240	956019	+	780	259	hypothetical protein	
smbu06	Chromosome1	smbu06GL000960	956183	956695	+	513	170	Ribosome maturation factor RimM	UniProtKB/Swiss-Prot:Q833P4
smbu06	Chromosome1	smbu06GL000961	956718	957446	+	729	242	tRNA (guanine-N(1)-)-methyltransferase	UniProtKB/Swiss-Prot:Q820U3
smbu06	Chromosome1	smbu06GL000962	957537	957929	+	393	130	Large ribosomal subunit protein bL19	UniProtKB/Swiss-Prot:Q833P5
smbu06	Chromosome1	smbu06GL000963	958188	958481	+	294	97	hypothetical protein	
smbu06	Chromosome1	smbu06GL000964	958569	958847	-	279	92	hypothetical protein	
smbu06	Chromosome1	smbu06GL000965	958887	959225	-	339	112	hypothetical protein	
smbu06	Chromosome1	smbu06GL000966	959558	961894	+	2337	778	hypothetical protein	
smbu06	Chromosome1	smbu06GL000967	961891	962892	+	1002	333	hypothetical protein	
smbu06	Chromosome1	smbu06GL000968	963046	963396	+	351	116	hypothetical protein	
smbu06	Chromosome1	smbu06GL000969	963441	964823	+	1383	460	hypothetical protein	
smbu06	Chromosome1	smbu06GL000970	965313	966449	+	1137	378	hypothetical protein	
smbu06	Chromosome1	smbu06GL000971	966610	967323	-	714	237	hypothetical protein	
smbu06	Chromosome1	smbu06GL000972	967693	969150	+	1458	485	hypothetical protein	
smbu06	Chromosome1	smbu06GL000973	969371	970051	+	681	226	hypothetical protein	
smbu06	Chromosome1	smbu06GL000974	970038	970853	+	816	271	hypothetical protein	
smbu06	Chromosome1	smbu06GL000975	970866	971072	+	207	68	hypothetical protein	
smbu06	Chromosome1	smbu06GL000976	971138	971404	+	267	88	hypothetical protein	
smbu06	Chromosome1	smbu06GL000977	971409	973496	+	2088	695	hypothetical protein	
smbu06	Chromosome1	smbu06GL000978	973709	974902	-	1194	397	hypothetical protein	
smbu06	Chromosome1	smbu06GL000979	975126	975503	+	378	125	HTH-type transcriptional regulator AdhR	UniProtKB/Swiss-Prot:O06008
smbu06	Chromosome1	smbu06GL000980	975523	976227	+	705	234	hypothetical protein	
smbu06	Chromosome1	smbu06GL000981	976279	976404	+	126	41	hypothetical protein	
smbu06	Chromosome1	smbu06GL000982	976638	976973	+	336	111	hypothetical protein	
smbu06	Chromosome1	smbu06GL000983	976970	977629	+	660	219	hypothetical protein	
smbu06	Chromosome1	smbu06GL000984	977671	978381	+	711	236	hypothetical protein	
smbu06	Chromosome1	smbu06GL000985	978383	979411	+	1029	342	hypothetical protein	
smbu06	Chromosome1	smbu06GL000986	979412	981511	+	2100	699	hypothetical protein	
smbu06	Chromosome1	smbu06GL000987	981711	982847	+	1137	378	hypothetical protein	
smbu06	Chromosome1	smbu06GL000988	982900	983649	-	750	249	hypothetical protein	
smbu06	Chromosome1	smbu06GL000989	983769	984941	-	1173	390	hypothetical protein	
smbu06	Chromosome1	smbu06GL000990	985121	987325	+	2205	734	hypothetical protein	
smbu06	Chromosome1	smbu06GL000991	987341	988687	+	1347	448	PTS system galactose-specific EIIC component	UniProtKB/Swiss-Prot:A2RJV0
smbu06	Chromosome1	smbu06GL000992	988687	989601	+	915	304	hypothetical protein	
smbu06	Chromosome1	smbu06GL000993	989585	990952	+	1368	455	Aryl-phospho-beta-D-glucosidase BglC	UniProtKB/Swiss-Prot:P42403
smbu06	Chromosome1	smbu06GL000994	990957	991922	+	966	321	hypothetical protein	
smbu06	Chromosome1	smbu06GL000995	992074	993516	+	1443	480	hypothetical protein	
smbu06	Chromosome1	smbu06GL000996	993485	995197	+	1713	570	hypothetical protein	
smbu06	Chromosome1	smbu06GL000997	995581	996555	+	975	324	hypothetical protein	
smbu06	Chromosome1	smbu06GL000998	996580	997332	+	753	250	Phosphonates import ATP-binding protein PhnC 2	UniProtKB/Swiss-Prot:Q8CUY0
smbu06	Chromosome1	smbu06GL000999	997344	998141	+	798	265	hypothetical protein	
smbu06	Chromosome1	smbu06GL001000	998141	999028	+	888	295	hypothetical protein	
smbu06	Chromosome1	smbu06GL001001	999055	999870	+	816	271	hypothetical protein	
smbu06	Chromosome1	smbu06GL001002	999964	1000458	+	495	164	Putative phosphinothricin acetyltransferaseYwnH	UniProtKB/Swiss-Prot:P71043
smbu06	Chromosome1	smbu06GL001003	1000829	1001722	+	894	297	Peptidoglycan-N-acetylglucosamine deacetylasePgdA	UniProtKB/Swiss-Prot:Q8Y9V5
smbu06	Chromosome1	smbu06GL001004	1001935	1002786	+	852	283	Polyisoprenyl-teichoic acid--peptidoglycanteichoic acid transferase TagU	UniProtKB/Swiss-Prot:Q836A6
smbu06	Chromosome1	smbu06GL001005	1002803	1003318	+	516	171	hypothetical protein	
smbu06	Chromosome1	smbu06GL001006	1003315	1003659	+	345	114	hypothetical protein	
smbu06	Chromosome1	smbu06GL001007	1003681	1004379	+	699	232	hypothetical protein	
smbu06	Chromosome1	smbu06GL001008	1004354	1005010	+	657	218	putative transcriptional regulatory proteinYkoG	UniProtKB/Swiss-Prot:O34903
smbu06	Chromosome1	smbu06GL001009	1005007	1006395	+	1389	462	hypothetical protein	
smbu06	Chromosome1	smbu06GL001010	1006385	1006978	+	594	197	hypothetical protein	
smbu06	Chromosome1	smbu06GL001011	1007205	1008899	+	1695	564	hypothetical protein	
smbu06	Chromosome1	smbu06GL001012	1009075	1010136	-	1062	353	HTH-type transcriptional regulator GalR	UniProtKB/Swiss-Prot:Q9ZB11
smbu06	Chromosome1	smbu06GL001013	1010292	1010687	+	396	131	hypothetical protein	
smbu06	Chromosome1	smbu06GL001014	1010716	1012524	+	1809	602	hypothetical protein	
smbu06	Chromosome1	smbu06GL001015	1012583	1013665	+	1083	360	Unsaturated chondroitin disaccharide hydrolase	UniProtKB/Swiss-Prot:Q9A0T3
smbu06	Chromosome1	smbu06GL001016	1013647	1013769	+	123	40	hypothetical protein	
smbu06	Chromosome1	smbu06GL001017	1013741	1015126	+	1386	461	hypothetical protein	
smbu06	Chromosome1	smbu06GL001018	1015137	1016006	+	870	289	hypothetical protein	
smbu06	Chromosome1	smbu06GL001019	1016102	1016680	+	579	192	hypothetical protein	
smbu06	Chromosome1	smbu06GL001020	1016886	1018550	+	1665	554	Acetolactate synthase	UniProtKB/Swiss-Prot:Q04789
smbu06	Chromosome1	smbu06GL001021	1018563	1019273	+	711	236	Alpha-acetolactate decarboxylase	UniProtKB/Swiss-Prot:P95676
smbu06	Chromosome1	smbu06GL001022	1019402	1019899	+	498	165	GAF domain-containing protein A	UniProtKB/Swiss-Prot:Q8MTJ7
smbu06	Chromosome1	smbu06GL001023	1019909	1020052	+	144	47	hypothetical protein	
smbu06	Chromosome1	smbu06GL001024	1020085	1020345	+	261	86	hypothetical protein	
smbu06	Chromosome1	smbu06GL001025	1020755	1021348	-	594	197	hypothetical protein	
smbu06	Chromosome1	smbu06GL001026	1022703	1023476	-	774	257	hypothetical protein	
smbu06	Chromosome1	smbu06GL001027	1023620	1023970	+	351	116	hypothetical protein	
smbu06	Chromosome1	smbu06GL001028	1023951	1024667	+	717	238	putative transcriptional regulatory proteinYclJ	UniProtKB/Swiss-Prot:P94413
smbu06	Chromosome1	smbu06GL001029	1024667	1026115	+	1449	482	hypothetical protein	
smbu06	Chromosome1	smbu06GL001030	1026188	1026697	-	510	169	hypothetical protein	
smbu06	Chromosome1	smbu06GL001031	1026687	1027412	-	726	241	hypothetical protein	
smbu06	Chromosome1	smbu06GL001032	1027584	1029704	-	2121	706	Lipoteichoic acid synthase 2	UniProtKB/Swiss-Prot:O34952
smbu06	Chromosome1	smbu06GL001033	1029933	1031111	+	1179	392	Putative ribosomal RNA large subunitmethyltransferase YwbD	UniProtKB/Swiss-Prot:P39587
smbu06	Chromosome1	smbu06GL001034	1031127	1031885	+	759	252	3-dehydroquinate dehydratase	UniProtKB/Swiss-Prot:Q65M66
smbu06	Chromosome1	smbu06GL001035	1031908	1032393	+	486	161	Putative Cys-tRNA(Pro)/Cys-tRNA(Cys) deacylaseEbsC	UniProtKB/Swiss-Prot:P36922
smbu06	Chromosome1	smbu06GL001036	1032464	1033717	-	1254	417	Uncharacterized protein YtfP	UniProtKB/Swiss-Prot:Q795R8
smbu06	Chromosome1	smbu06GL001037	1033834	1035183	+	1350	449	NADP-specific glutamate dehydrogenase	UniProtKB/Swiss-Prot:P31026
smbu06	Chromosome1	smbu06GL001038	1035295	1036641	+	1347	448	Glucose-6-phosphate isomerase	UniProtKB/Swiss-Prot:Q835G1
smbu06	Chromosome1	smbu06GL001039	1036745	1037971	-	1227	408	hypothetical protein	
smbu06	Chromosome1	smbu06GL001040	1038129	1038809	-	681	226	hypothetical protein	
smbu06	Chromosome1	smbu06GL001041	1038863	1039291	-	429	142	hypothetical protein	
smbu06	Chromosome1	smbu06GL001042	1039298	1039681	-	384	127	putative HTH-type transcriptional regulatorYqaE	UniProtKB/Swiss-Prot:P45902
smbu06	Chromosome1	smbu06GL001043	1039821	1040048	+	228	75	putative HTH-type transcriptional regulatorYqaF	UniProtKB/Swiss-Prot:P45903
smbu06	Chromosome1	smbu06GL001044	1040169	1040669	+	501	166	hypothetical protein	
smbu06	Chromosome1	smbu06GL001045	1040671	1040808	+	138	45	hypothetical protein	
smbu06	Chromosome1	smbu06GL001046	1040846	1041139	+	294	97	hypothetical protein	
smbu06	Chromosome1	smbu06GL001047	1041163	1041360	+	198	65	hypothetical protein	
smbu06	Chromosome1	smbu06GL001048	1041371	1042387	+	1017	338	N-acetylmuramoyl-L-alanine amidase	UniProtKB/Swiss-Prot:Q38135
smbu06	Chromosome1	smbu06GL001049	1042637	1043068	+	432	143	hypothetical protein	
smbu06	Chromosome1	smbu06GL001050	1043300	1043557	-	258	85	hypothetical protein	
smbu06	Chromosome1	smbu06GL001051	1043720	1044694	+	975	324	Conjugated bile acid hydrolase	UniProtKB/Swiss-Prot:Q06115
smbu06	Chromosome1	smbu06GL001052	1045238	1045534	-	297	98	hypothetical protein	
smbu06	Chromosome1	smbu06GL001053	1046274	1046660	-	387	128	hypothetical protein	
smbu06	Chromosome1	smbu06GL001054	1046930	1047079	-	150	49	hypothetical protein	
smbu06	Chromosome1	smbu06GL001055	1047223	1047381	-	159	52	hypothetical protein	
smbu06	Chromosome1	smbu06GL001056	1048017	1049834	-	1818	605	hypothetical protein	
smbu06	Chromosome1	smbu06GL001057	1049943	1050539	-	597	198	hypothetical protein	
smbu06	Chromosome1	smbu06GL001058	1050572	1050694	-	123	40	hypothetical protein	
smbu06	Chromosome1	smbu06GL001059	1050871	1051236	+	366	121	hypothetical protein	
smbu06	Chromosome1	smbu06GL001060	1051259	1051678	+	420	139	hypothetical protein	
smbu06	Chromosome1	smbu06GL001061	1051768	1052121	-	354	117	hypothetical protein	
smbu06	Chromosome1	smbu06GL001062	1052087	1053427	-	1341	446	hypothetical protein	
smbu06	Chromosome1	smbu06GL001063	1053683	1054249	+	567	188	hypothetical protein	
smbu06	Chromosome1	smbu06GL001064	1054831	1056666	+	1836	611	hypothetical protein	UniProtKB/Swiss-Prot:P54420
smbu06	Chromosome1	smbu06GL001065	1056748	1057194	-	447	148	Uncharacterized protein YdaT	UniProtKB/Swiss-Prot:P96595
smbu06	Chromosome1	smbu06GL001066	1057407	1057571	+	165	54	Large ribosomal subunit protein bL33C	UniProtKB/Swiss-Prot:P59628
smbu06	Chromosome1	smbu06GL001067	1057659	1058177	+	519	172	Dihydrofolate reductase	UniProtKB/Swiss-Prot:P00380
smbu06	Chromosome1	smbu06GL001068	1058251	1059243	-	993	330	hypothetical protein	
smbu06	Chromosome1	smbu06GL001069	1059364	1060179	+	816	271	Iron(3+)-hydroxamate import ATP-binding proteinFhuC	UniProtKB/Swiss-Prot:P49938
smbu06	Chromosome1	smbu06GL001070	1060176	1061165	+	990	329	hypothetical protein	
smbu06	Chromosome1	smbu06GL001071	1061183	1062172	+	990	329	Fe(3+)-citrate import system permease proteinYfmE	UniProtKB/Swiss-Prot:O34832
smbu06	Chromosome1	smbu06GL001072	1062306	1062848	+	543	180	hypothetical protein	
smbu06	Chromosome1	smbu06GL001073	1062850	1063566	+	717	238	hypothetical protein	
smbu06	Chromosome1	smbu06GL001074	1063587	1063799	+	213	70	hypothetical protein	
smbu06	Chromosome1	smbu06GL001075	1063799	1064761	+	963	320	Glucokinase	UniProtKB/Swiss-Prot:Q9KCZ4
smbu06	Chromosome1	smbu06GL001076	1064779	1065174	+	396	131	Uncharacterized protein YqhL	UniProtKB/Swiss-Prot:P54510
smbu06	Chromosome1	smbu06GL001077	1065339	1065704	+	366	121	Uncharacterized protein YeaO	UniProtKB/Swiss-Prot:P76243
smbu06	Chromosome1	smbu06GL001078	1065701	1067512	+	1812	603	hypothetical protein	
smbu06	Chromosome1	smbu06GL001079	1067575	1067751	-	177	58	hypothetical protein	
smbu06	Chromosome1	smbu06GL001080	1067989	1068978	+	990	329	UDP-glucose 4-epimerase	UniProtKB/Swiss-Prot:O84903
smbu06	Chromosome1	smbu06GL001081	1068990	1070474	+	1485	494	Galactose-1-phosphate uridylyltransferase	UniProtKB/Swiss-Prot:Q836N8
smbu06	Chromosome1	smbu06GL001082	1070499	1071479	+	981	326	HTH-type transcriptional regulator GalR	UniProtKB/Swiss-Prot:Q9ZB11
smbu06	Chromosome1	smbu06GL001083	1071634	1072395	+	762	253	tRNA threonylcarbamoyladenosine biosynthesisprotein TsaB	UniProtKB/Swiss-Prot:O05516
smbu06	Chromosome1	smbu06GL001084	1072379	1072921	+	543	180	hypothetical protein	
smbu06	Chromosome1	smbu06GL001085	1072928	1073392	+	465	154	hypothetical protein	
smbu06	Chromosome1	smbu06GL001086	1073389	1074405	+	1017	338	tRNA N6-adenosine threonylcarbamoyltransferase	UniProtKB/Swiss-Prot:Q831N0
smbu06	Chromosome1	smbu06GL001087	1074757	1075470	+	714	237	Putative tyrosine-protein kinase YveL	UniProtKB/Swiss-Prot:P71051
smbu06	Chromosome1	smbu06GL001088	1075532	1076233	-	702	233	hypothetical protein	
smbu06	Chromosome1	smbu06GL001089	1076694	1077923	+	1230	409	Arginine deiminase	UniProtKB/Swiss-Prot:Q38YQ6
smbu06	Chromosome1	smbu06GL001090	1078014	1079033	+	1020	339	Ornithine carbamoyltransferase, catabolic	UniProtKB/Swiss-Prot:Q6TK73
smbu06	Chromosome1	smbu06GL001091	1079148	1080095	+	948	315	Carbamate kinase	UniProtKB/Swiss-Prot:O53090
smbu06	Chromosome1	smbu06GL001092	1080519	1082210	+	1692	563	Arginine--tRNA ligase	UniProtKB/Swiss-Prot:Q831N1
smbu06	Chromosome1	smbu06GL001093	1082389	1083135	-	747	248	Phosphonoacetaldehyde hydrolase	UniProtKB/Swiss-Prot:A7GML9
smbu06	Chromosome1	smbu06GL001094	1083167	1084303	-	1137	378	2-aminoethylphosphonate--pyruvate transaminase	UniProtKB/Swiss-Prot:B1HPR6
smbu06	Chromosome1	smbu06GL001095	1084478	1084957	-	480	159	Arginine regulator	UniProtKB/Swiss-Prot:Q88X36
smbu06	Chromosome1	smbu06GL001096	1085196	1086098	+	903	300	Small ribosomal subunit protein uS2	UniProtKB/Swiss-Prot:Q831U9
smbu06	Chromosome1	smbu06GL001097	1086196	1087077	+	882	293	Elongation factor Ts	UniProtKB/Swiss-Prot:Q831V0
smbu06	Chromosome1	smbu06GL001098	1087183	1087935	+	753	250	Uridylate kinase	UniProtKB/Swiss-Prot:Q88VJ6
smbu06	Chromosome1	smbu06GL001099	1087938	1088495	+	558	185	Ribosome-recycling factor	UniProtKB/Swiss-Prot:Q831V2
smbu06	Chromosome1	smbu06GL001100	1088690	1089502	+	813	270	Isoprenyl transferase	UniProtKB/Swiss-Prot:Q831K9
smbu06	Chromosome1	smbu06GL001101	1089499	1090299	+	801	266	Phosphatidate cytidylyltransferase	UniProtKB/Swiss-Prot:Q4L5W3
smbu06	Chromosome1	smbu06GL001102	1090415	1091728	+	1314	437	putative protease eep	UniProtKB/Swiss-Prot:Q9RPP2
smbu06	Chromosome1	smbu06GL001103	1091811	1093505	+	1695	564	Proline--tRNA ligase	UniProtKB/Swiss-Prot:Q831W7
smbu06	Chromosome1	smbu06GL001104	1093717	1098069	+	4353	1450	DNA polymerase III PolC-type	UniProtKB/Swiss-Prot:Q88VK2
smbu06	Chromosome1	smbu06GL001105	1098243	1098686	+	444	147	Ribosome maturation factor RimP	UniProtKB/Swiss-Prot:Q835V2
smbu06	Chromosome1	smbu06GL001106	1098709	1099884	+	1176	391	Transcription termination/antiterminationprotein NusA	UniProtKB/Swiss-Prot:P32727
smbu06	Chromosome1	smbu06GL001107	1099906	1100199	+	294	97	Uncharacterized protein YlxR	UniProtKB/Swiss-Prot:P32728
smbu06	Chromosome1	smbu06GL001108	1100196	1100507	+	312	103	RNA-binding protein YlxQ	UniProtKB/Swiss-Prot:P55768
smbu06	Chromosome1	smbu06GL001109	1100520	1102820	+	2301	766	Translation initiation factor IF-2	UniProtKB/Swiss-Prot:Q835U8
smbu06	Chromosome1	smbu06GL001110	1102847	1103194	+	348	115	Ribosome-binding factor A	UniProtKB/Swiss-Prot:Q835U7
smbu06	Chromosome1	smbu06GL001111	1103302	1103421	-	120	39	hypothetical protein	
smbu06	Chromosome1	smbu06GL001112	1103641	1106004	+	2364	787	putative phosphoketolase	UniProtKB/Swiss-Prot:Q38YY6
smbu06	Chromosome1	smbu06GL001113	1106006	1106128	+	123	40	hypothetical protein	
smbu06	Chromosome1	smbu06GL001114	1106354	1107295	+	942	313	tRNA pseudouridine synthase B	UniProtKB/Swiss-Prot:A8FDD4
smbu06	Chromosome1	smbu06GL001115	1107299	1108240	+	942	313	Bifunctional riboflavin kinase/FMNadenylyltransferase	UniProtKB/Swiss-Prot:Q8Y7F2
smbu06	Chromosome1	smbu06GL001116	1108632	1109417	+	786	261	Glucose 1-dehydrogenase 2	UniProtKB/Swiss-Prot:P39483
smbu06	Chromosome1	smbu06GL001117	1109430	1110281	+	852	283	Putative sugar uptake protein lp_2594	UniProtKB/Swiss-Prot:Q88UB3
smbu06	Chromosome1	smbu06GL001118	1110403	1110765	+	363	120	hypothetical protein	
smbu06	Chromosome1	smbu06GL001119	1110782	1110982	+	201	66	hypothetical protein	
smbu06	Chromosome1	smbu06GL001120	1111343	1112647	+	1305	434	hypothetical protein	
smbu06	Chromosome1	smbu06GL001121	1112665	1113270	+	606	201	hypothetical protein	
smbu06	Chromosome1	smbu06GL001122	1113508	1113711	+	204	67	hypothetical protein	
smbu06	Chromosome1	smbu06GL001123	1114097	1114432	+	336	111	hypothetical protein	
smbu06	Chromosome1	smbu06GL001124	1114438	1114995	+	558	185	hypothetical protein	
smbu06	Chromosome1	smbu06GL001125	1115028	1115390	+	363	120	hypothetical protein	
smbu06	Chromosome1	smbu06GL001126	1115587	1116876	+	1290	429	hypothetical protein	
smbu06	Chromosome1	smbu06GL001127	1117000	1120083	+	3084	1027	hypothetical protein	
smbu06	Chromosome1	smbu06GL001128	1120204	1121187	+	984	327	hypothetical protein	
smbu06	Chromosome1	smbu06GL001129	1121218	1121415	+	198	65	hypothetical protein	
smbu06	Chromosome1	smbu06GL001130	1121530	1121814	+	285	94	hypothetical protein	
smbu06	Chromosome1	smbu06GL001131	1121834	1124338	+	2505	834	hypothetical protein	
smbu06	Chromosome1	smbu06GL001132	1124353	1126314	+	1962	653	hypothetical protein	
smbu06	Chromosome1	smbu06GL001133	1126371	1127159	+	789	262	hypothetical protein	
smbu06	Chromosome1	smbu06GL001134	1127161	1128039	+	879	292	hypothetical protein	
smbu06	Chromosome1	smbu06GL001135	1128085	1129500	+	1416	471	hypothetical protein	
smbu06	Chromosome1	smbu06GL001136	1129719	1130756	+	1038	345	Heme chaperone HemW	UniProtKB/Swiss-Prot:Q9CGF7
smbu06	Chromosome1	smbu06GL001137	1130989	1132032	+	1044	347	Heat-inducible transcription repressor HrcA	UniProtKB/Swiss-Prot:Q835R9
smbu06	Chromosome1	smbu06GL001138	1132126	1132689	+	564	187	Protein GrpE	UniProtKB/Swiss-Prot:Q835R8
smbu06	Chromosome1	smbu06GL001139	1132740	1134569	+	1830	609	Chaperone protein DnaK	UniProtKB/Swiss-Prot:Q835R7
smbu06	Chromosome1	smbu06GL001140	1134720	1135886	+	1167	388	Chaperone protein DnaJ	UniProtKB/Swiss-Prot:Q835R5
smbu06	Chromosome1	smbu06GL001141	1136247	1136780	+	534	177	hypothetical protein	
smbu06	Chromosome1	smbu06GL001142	1136800	1137426	+	627	208	hypothetical protein	
smbu06	Chromosome1	smbu06GL001143	1137429	1138367	+	939	312	hypothetical protein	
smbu06	Chromosome1	smbu06GL001144	1138494	1139231	-	738	245	Arginine transport ATP-binding protein ArtM	UniProtKB/Swiss-Prot:P54537
smbu06	Chromosome1	smbu06GL001145	1139233	1140696	-	1464	487	hypothetical protein	
smbu06	Chromosome1	smbu06GL001146	1140994	1142988	+	1995	664	UvrABC system protein B	UniProtKB/Swiss-Prot:Q837R9
smbu06	Chromosome1	smbu06GL001147	1142998	1145814	+	2817	938	UvrABC system protein A	UniProtKB/Swiss-Prot:Q88YI7
smbu06	Chromosome1	smbu06GL001148	1146077	1147342	+	1266	421	D-aspartate ligase	UniProtKB/Swiss-Prot:H8L902
smbu06	Chromosome1	smbu06GL001149	1147346	1148077	+	732	243	Aspartate racemase	UniProtKB/Swiss-Prot:P29079
smbu06	Chromosome1	smbu06GL001150	1148214	1149098	+	885	294	Nucleotide-binding protein EF_0766	UniProtKB/Swiss-Prot:Q837R5
smbu06	Chromosome1	smbu06GL001151	1149137	1150093	+	957	318	Putative gluconeogenesis factor	UniProtKB/Swiss-Prot:P0DG78
smbu06	Chromosome1	smbu06GL001152	1150127	1151062	+	936	311	putative cell division protein WhiA	UniProtKB/Swiss-Prot:Q837R3
smbu06	Chromosome1	smbu06GL001153	1151232	1153463	+	2232	743	UvrABC system protein A	UniProtKB/Swiss-Prot:O26543
smbu06	Chromosome1	smbu06GL001154	1153582	1154103	-	522	173	hypothetical protein	
smbu06	Chromosome1	smbu06GL001155	1154294	1157986	+	3693	1230	Pyruvate-flavodoxin oxidoreductase	UniProtKB/Swiss-Prot:P03833
smbu06	Chromosome1	smbu06GL001156	1158175	1159062	+	888	295	Diadenylate cyclase	UniProtKB/Swiss-Prot:A0A0H3GM48
smbu06	Chromosome1	smbu06GL001157	1159059	1160231	+	1173	390	hypothetical protein	
smbu06	Chromosome1	smbu06GL001158	1160255	1161610	+	1356	451	Phosphoglucosamine mutase	UniProtKB/Swiss-Prot:Q88YE8
smbu06	Chromosome1	smbu06GL001159	1161949	1162173	-	225	74	hypothetical protein	
smbu06	Chromosome1	smbu06GL001160	1162323	1163153	+	831	276	hypothetical protein	
smbu06	Chromosome1	smbu06GL001161	1163306	1165120	-	1815	604	Glutamine--fructose-6-phosphate aminotransferase[isomerizing]	UniProtKB/Swiss-Prot:Q8DRA8
smbu06	Chromosome1	smbu06GL001162	1165308	1165466	-	159	52	hypothetical protein	
smbu06	Chromosome1	smbu06GL001163	1165519	1165809	+	291	96	hypothetical protein	
smbu06	Chromosome1	smbu06GL001164	1165822	1166847	+	1026	341	Putative signal peptide peptidase SppA	UniProtKB/Swiss-Prot:Q9X480
smbu06	Chromosome1	smbu06GL001165	1166850	1167509	+	660	219	hypothetical protein	
smbu06	Chromosome1	smbu06GL001166	1167663	1168595	+	933	310	hypothetical protein	
smbu06	Chromosome1	smbu06GL001167	1168749	1170038	+	1290	429	Trigger factor	UniProtKB/Swiss-Prot:Q837W3
smbu06	Chromosome1	smbu06GL001168	1170254	1171504	+	1251	416	ATP-dependent Clp protease ATP-binding subunitClpX	UniProtKB/Swiss-Prot:Q833M7
smbu06	Chromosome1	smbu06GL001169	1171587	1172174	+	588	195	putative GTP-binding protein EngB	UniProtKB/Swiss-Prot:Q833M8
smbu06	Chromosome1	smbu06GL001170	1172251	1172406	-	156	51	hypothetical protein	
smbu06	Chromosome1	smbu06GL001171	1172543	1173871	+	1329	442	hypothetical protein	
smbu06	Chromosome1	smbu06GL001172	1173873	1174091	+	219	72	hypothetical protein	
smbu06	Chromosome1	smbu06GL001173	1174239	1175003	+	765	254	putative HTH-type transcriptional regulatorFruR	UniProtKB/Swiss-Prot:O31713
smbu06	Chromosome1	smbu06GL001174	1175081	1175914	+	834	277	1-phosphofructokinase	UniProtKB/Swiss-Prot:O31714
smbu06	Chromosome1	smbu06GL001175	1175932	1177863	+	1932	643	PTS system fructose-specific EIIABC component	UniProtKB/Swiss-Prot:P71012
smbu06	Chromosome1	smbu06GL001176	1177982	1179541	-	1560	519	hypothetical protein	
smbu06	Chromosome1	smbu06GL001177	1179696	1181933	+	2238	745	ATP-dependent DNA helicase PcrA	UniProtKB/Swiss-Prot:O34580
smbu06	Chromosome1	smbu06GL001178	1181947	1183986	+	2040	679	DNA ligase	UniProtKB/Swiss-Prot:Q837V6
smbu06	Chromosome1	smbu06GL001179	1184092	1184397	+	306	101	Aspartyl/glutamyl-tRNA(Asn/Gln) amidotransferasesubunit C	UniProtKB/Swiss-Prot:Q837V4
smbu06	Chromosome1	smbu06GL001180	1184397	1185869	+	1473	490	Glutamyl-tRNA(Gln) amidotransferase subunit A	UniProtKB/Swiss-Prot:Q837V3
smbu06	Chromosome1	smbu06GL001181	1185866	1187296	+	1431	476	Aspartyl/glutamyl-tRNA(Asn/Gln) amidotransferasesubunit B	UniProtKB/Swiss-Prot:Q837V2
smbu06	Chromosome1	smbu06GL001182	1187306	1188361	+	1056	351	Diacylglycerol kinase	UniProtKB/Swiss-Prot:Q8CRU5
smbu06	Chromosome1	smbu06GL001183	1188472	1189845	+	1374	457	putative RNA methyltransferase SP_1029	UniProtKB/Swiss-Prot:Q97R12
smbu06	Chromosome1	smbu06GL001184	1189848	1189976	+	129	42	hypothetical protein	
smbu06	Chromosome1	smbu06GL001185	1190546	1192330	-	1785	594	hypothetical protein	
smbu06	Chromosome1	smbu06GL001186	1192345	1194066	-	1722	573	hypothetical protein	
smbu06	Chromosome1	smbu06GL001187	1194165	1194926	+	762	253	hypothetical protein	
smbu06	Chromosome1	smbu06GL001188	1195374	1196510	+	1137	378	Uncharacterized protein YxjH	UniProtKB/Swiss-Prot:P42319
smbu06	Chromosome1	smbu06GL001189	1196587	1197597	+	1011	336	hypothetical protein	
smbu06	Chromosome1	smbu06GL001190	1197664	1198698	-	1035	344	hypothetical protein	
smbu06	Chromosome1	smbu06GL001191	1198734	1201037	+	2304	767	Alpha-galactosidase 1	UniProtKB/Swiss-Prot:P43467
smbu06	Chromosome1	smbu06GL001192	1201034	1202938	+	1905	634	Beta-galactosidase large subunit	UniProtKB/Swiss-Prot:Q48846
smbu06	Chromosome1	smbu06GL001193	1202946	1203893	+	948	315	Beta-galactosidase small subunit	UniProtKB/Swiss-Prot:O07685
smbu06	Chromosome1	smbu06GL001194	1204580	1205590	+	1011	336	Phospho-2-dehydro-3-deoxyheptonate aldolase	UniProtKB/Swiss-Prot:Q9WYH8
smbu06	Chromosome1	smbu06GL001195	1205614	1206687	+	1074	357	3-dehydroquinate synthase	UniProtKB/Swiss-Prot:F2MTI0
smbu06	Chromosome1	smbu06GL001196	1206689	1207855	+	1167	388	Chorismate synthase	UniProtKB/Swiss-Prot:Q834S2
smbu06	Chromosome1	smbu06GL001197	1207872	1208963	+	1092	363	Prephenate dehydrogenase	UniProtKB/Swiss-Prot:P20692
smbu06	Chromosome1	smbu06GL001198	1208976	1210271	+	1296	431	3-phosphoshikimate 1-carboxyvinyltransferase	UniProtKB/Swiss-Prot:P0DH70
smbu06	Chromosome1	smbu06GL001199	1210264	1210773	+	510	169	Shikimate kinase	UniProtKB/Swiss-Prot:Q834S1
smbu06	Chromosome1	smbu06GL001200	1210770	1211594	+	825	274	Prephenate dehydratase	UniProtKB/Swiss-Prot:Q9CEU2
smbu06	Chromosome1	smbu06GL001201	1211675	1213354	-	1680	559	hypothetical protein	
smbu06	Chromosome1	smbu06GL001202	1213401	1214909	-	1509	502	hypothetical protein	
smbu06	Chromosome1	smbu06GL001203	1214968	1215102	+	135	44	hypothetical protein	
smbu06	Chromosome1	smbu06GL001204	1215162	1216469	+	1308	435	hypothetical protein	
smbu06	Chromosome1	smbu06GL001205	1216466	1216579	+	114	37	hypothetical protein	
smbu06	Chromosome1	smbu06GL001206	1216606	1217475	+	870	289	Lactose transport system permease protein LacF	UniProtKB/Swiss-Prot:P29823
smbu06	Chromosome1	smbu06GL001207	1217472	1218359	+	888	295	Lactose transport system permease protein LacG	UniProtKB/Swiss-Prot:P29824
smbu06	Chromosome1	smbu06GL001208	1218527	1219210	+	684	227	hypothetical protein	
smbu06	Chromosome1	smbu06GL001209	1219207	1219980	+	774	257	hypothetical protein	
smbu06	Chromosome1	smbu06GL001210	1219977	1220375	+	399	132	hypothetical protein	
smbu06	Chromosome1	smbu06GL001211	1220559	1221230	+	672	223	hypothetical protein	
smbu06	Chromosome1	smbu06GL001212	1221346	1221729	+	384	127	hypothetical protein	
smbu06	Chromosome1	smbu06GL001213	1221690	1222409	+	720	239	2,3-bisphosphoglycerate-dependentphosphoglycerate mutase 2	UniProtKB/Swiss-Prot:Q88T35
smbu06	Chromosome1	smbu06GL001214	1222428	1223093	+	666	221	hypothetical protein	
smbu06	Chromosome1	smbu06GL001215	1223149	1223535	+	387	128	hypothetical protein	
smbu06	Chromosome1	smbu06GL001216	1223672	1225138	+	1467	488	L-cystine uptake protein TcyP	UniProtKB/Swiss-Prot:Q65M31
smbu06	Chromosome1	smbu06GL001217	1225409	1225777	+	369	122	hypothetical protein	
smbu06	Chromosome1	smbu06GL001218	1225955	1226896	+	942	313	tRNA uridine(34) hydroxylase	UniProtKB/Swiss-Prot:Q837T2
smbu06	Chromosome1	smbu06GL001219	1226953	1227696	+	744	247	hypothetical protein	
smbu06	Chromosome1	smbu06GL001220	1227840	1230020	+	2181	726	Uncharacterized protein YdcI	UniProtKB/Swiss-Prot:O31489
smbu06	Chromosome1	smbu06GL001221	1230040	1230510	+	471	156	Protein SprT-like	UniProtKB/Swiss-Prot:Q835R2
smbu06	Chromosome1	smbu06GL001222	1230538	1231299	+	762	253	hypothetical protein	
smbu06	Chromosome1	smbu06GL001223	1231430	1232764	+	1335	444	UDP-N-acetylmuramate--L-alanine ligase	UniProtKB/Swiss-Prot:Q833N6
smbu06	Chromosome1	smbu06GL001224	1233314	1233799	+	486	161	hypothetical protein	
smbu06	Chromosome1	smbu06GL001225	1233813	1234475	+	663	220	putative membrane proteinSPy_0358/M5005_Spy0301	UniProtKB/Swiss-Prot:Q9A1B9
smbu06	Chromosome1	smbu06GL001226	1234601	1237246	+	2646	881	DNA polymerase I	UniProtKB/Swiss-Prot:P59199
smbu06	Chromosome1	smbu06GL001227	1237291	1238127	+	837	278	Formamidopyrimidine-DNA glycosylase	UniProtKB/Swiss-Prot:Q837G3
smbu06	Chromosome1	smbu06GL001228	1238091	1238720	+	630	209	Dephospho-CoA kinase	UniProtKB/Swiss-Prot:Q837G2
smbu06	Chromosome1	smbu06GL001229	1238772	1239104	+	333	110	hypothetical protein	
smbu06	Chromosome1	smbu06GL001230	1239418	1239945	+	528	175	Transcriptional repressor NrdR	UniProtKB/Swiss-Prot:Q837G1
smbu06	Chromosome1	smbu06GL001231	1239968	1241341	+	1374	457	hypothetical protein	
smbu06	Chromosome1	smbu06GL001232	1241341	1242267	+	927	308	Primosomal protein DnaI	UniProtKB/Swiss-Prot:P06567
smbu06	Chromosome1	smbu06GL001233	1242396	1242836	+	441	146	hypothetical protein	
smbu06	Chromosome1	smbu06GL001234	1242979	1243680	+	702	233	tRNA (adenine(22)-N(1))-methyltransferase	UniProtKB/Swiss-Prot:P54471
smbu06	Chromosome1	smbu06GL001235	1243677	1244798	+	1122	373	GTP cyclohydrolase 1 type 2 homolog	UniProtKB/Swiss-Prot:P54472
smbu06	Chromosome1	smbu06GL001236	1244812	1246044	+	1233	410	Peptidase T	UniProtKB/Swiss-Prot:Q835J5
smbu06	Chromosome1	smbu06GL001237	1246175	1247083	+	909	302	hypothetical protein	
smbu06	Chromosome1	smbu06GL001238	1247187	1247390	+	204	67	hypothetical protein	
smbu06	Chromosome1	smbu06GL001239	1247401	1248447	+	1047	348	hypothetical protein	
smbu06	Chromosome1	smbu06GL001240	1248697	1251306	+	2610	869	Chaperone protein ClpB	UniProtKB/Swiss-Prot:Q831Y7
smbu06	Chromosome1	smbu06GL001241	1251455	1252141	-	687	228	hypothetical protein	
smbu06	Chromosome1	smbu06GL001242	1252119	1252613	-	495	164	hypothetical protein	
smbu06	Chromosome1	smbu06GL001243	1252633	1253904	-	1272	423	hypothetical protein	
smbu06	Chromosome1	smbu06GL001244	1253964	1255835	+	1872	623	Elongation factor 4	UniProtKB/Swiss-Prot:Q831Z0
smbu06	Chromosome1	smbu06GL001245	1255929	1257065	-	1137	378	hypothetical protein	
smbu06	Chromosome1	smbu06GL001246	1257248	1257841	-	594	197	hypothetical protein	
smbu06	Chromosome1	smbu06GL001247	1258085	1258513	-	429	142	hypothetical protein	
smbu06	Chromosome1	smbu06GL001248	1258520	1258912	-	393	130	HTH-type transcriptional repressor RghR	UniProtKB/Swiss-Prot:O32236
smbu06	Chromosome1	smbu06GL001249	1259091	1259306	+	216	71	hypothetical protein	
smbu06	Chromosome1	smbu06GL001250	1259487	1259756	+	270	89	hypothetical protein	
smbu06	Chromosome1	smbu06GL001251	1259764	1259967	-	204	67	hypothetical protein	
smbu06	Chromosome1	smbu06GL001252	1260023	1260175	+	153	50	hypothetical protein	
smbu06	Chromosome1	smbu06GL001253	1260239	1260784	+	546	181	hypothetical protein	
smbu06	Chromosome1	smbu06GL001254	1260784	1261068	+	285	94	hypothetical protein	
smbu06	Chromosome1	smbu06GL001255	1261083	1261250	+	168	55	hypothetical protein	
smbu06	Chromosome1	smbu06GL001256	1261387	1262328	+	942	313	Uncharacterized protein YqaJ	UniProtKB/Swiss-Prot:P45907
smbu06	Chromosome1	smbu06GL001257	1262330	1263220	+	891	296	Uncharacterized protein YqaK	UniProtKB/Swiss-Prot:P45908
smbu06	Chromosome1	smbu06GL001258	1263359	1264162	+	804	267	hypothetical protein	
smbu06	Chromosome1	smbu06GL001259	1264149	1264514	+	366	121	hypothetical protein	
smbu06	Chromosome1	smbu06GL001260	1264529	1264690	+	162	53	hypothetical protein	
smbu06	Chromosome1	smbu06GL001261	1264687	1265004	+	318	105	hypothetical protein	
smbu06	Chromosome1	smbu06GL001262	1264992	1265711	+	720	239	hypothetical protein	
smbu06	Chromosome1	smbu06GL001263	1265771	1265884	+	114	37	hypothetical protein	
smbu06	Chromosome1	smbu06GL001264	1265881	1266084	+	204	67	hypothetical protein	
smbu06	Chromosome1	smbu06GL001265	1266287	1266583	+	297	98	hypothetical protein	
smbu06	Chromosome1	smbu06GL001266	1266649	1266828	+	180	59	hypothetical protein	
smbu06	Chromosome1	smbu06GL001267	1266877	1267518	+	642	213	hypothetical protein	
smbu06	Chromosome1	smbu06GL001268	1268002	1268160	+	159	52	hypothetical protein	
smbu06	Chromosome1	smbu06GL001269	1268645	1268758	-	114	37	hypothetical protein	
smbu06	Chromosome1	smbu06GL001270	1269367	1269519	+	153	50	hypothetical protein	
smbu06	Chromosome1	smbu06GL001271	1269532	1270272	+	741	246	Uncharacterized protein YqaS	UniProtKB/Swiss-Prot:P45915
smbu06	Chromosome1	smbu06GL001272	1270238	1271563	+	1326	441	hypothetical protein	
smbu06	Chromosome1	smbu06GL001273	1271557	1273365	+	1809	602	hypothetical protein	
smbu06	Chromosome1	smbu06GL001274	1273368	1274504	+	1137	378	Structural protein	UniProtKB/Swiss-Prot:Q04765
smbu06	Chromosome1	smbu06GL001275	1274606	1275190	+	585	194	hypothetical protein	
smbu06	Chromosome1	smbu06GL001276	1275209	1276081	+	873	290	hypothetical protein	
smbu06	Chromosome1	smbu06GL001277	1276126	1276344	+	219	72	hypothetical protein	
smbu06	Chromosome1	smbu06GL001278	1276382	1276777	+	396	131	hypothetical protein	
smbu06	Chromosome1	smbu06GL001279	1277199	1277456	+	258	85	hypothetical protein	
smbu06	Chromosome1	smbu06GL001280	1277564	1277848	+	285	94	hypothetical protein	
smbu06	Chromosome1	smbu06GL001281	1277861	1278328	+	468	155	hypothetical protein	
smbu06	Chromosome1	smbu06GL001282	1278701	1279081	+	381	126	hypothetical protein	
smbu06	Chromosome1	smbu06GL001283	1279086	1279706	+	621	206	hypothetical protein	
smbu06	Chromosome1	smbu06GL001284	1279749	1284200	+	4452	1483	hypothetical protein	
smbu06	Chromosome1	smbu06GL001285	1284190	1285017	+	828	275	hypothetical protein	
smbu06	Chromosome1	smbu06GL001286	1285026	1286045	+	1020	339	hypothetical protein	
smbu06	Chromosome1	smbu06GL001287	1286046	1287098	+	1053	350	hypothetical protein	
smbu06	Chromosome1	smbu06GL001288	1287098	1289284	+	2187	728	hypothetical protein	
smbu06	Chromosome1	smbu06GL001289	1289296	1289742	+	447	148	hypothetical protein	
smbu06	Chromosome1	smbu06GL001290	1289744	1289881	+	138	45	hypothetical protein	
smbu06	Chromosome1	smbu06GL001291	1289916	1290158	+	243	80	hypothetical protein	
smbu06	Chromosome1	smbu06GL001292	1290174	1290371	+	198	65	hypothetical protein	
smbu06	Chromosome1	smbu06GL001293	1290382	1291401	+	1020	339	N-acetylmuramoyl-L-alanine amidase	UniProtKB/Swiss-Prot:Q38135
smbu06	Chromosome1	smbu06GL001294	1291601	1292692	+	1092	363	hypothetical protein	
smbu06	Chromosome1	smbu06GL001295	1294563	1294676	-	114	37	hypothetical protein	
smbu06	Chromosome1	smbu06GL001296	1295415	1295642	+	228	75	hypothetical protein	
smbu06	Chromosome1	smbu06GL001297	1296499	1296654	-	156	51	hypothetical protein	
smbu06	Chromosome1	smbu06GL001298	1296861	1296983	+	123	40	hypothetical protein	
smbu06	Chromosome1	smbu06GL001299	1297276	1297473	+	198	65	Cold shock-like protein CspLA	UniProtKB/Swiss-Prot:P0A355
smbu06	Chromosome1	smbu06GL001300	1297761	1298114	+	354	117	HTH-type transcriptional regulator Rv2034	UniProtKB/Swiss-Prot:O53478
smbu06	Chromosome1	smbu06GL001301	1298092	1298769	+	678	225	hypothetical protein	
smbu06	Chromosome1	smbu06GL001302	1298770	1299693	+	924	307	hypothetical protein	
smbu06	Chromosome1	smbu06GL001303	1299774	1300271	-	498	165	hypothetical protein	
smbu06	Chromosome1	smbu06GL001304	1300276	1301067	-	792	263	hypothetical protein	
smbu06	Chromosome1	smbu06GL001305	1301514	1301642	+	129	42	hypothetical protein	
smbu06	Chromosome1	smbu06GL001306	1301855	1302055	-	201	66	hypothetical protein	
smbu06	Chromosome1	smbu06GL001307	1302297	1302710	-	414	137	hypothetical protein	
smbu06	Chromosome1	smbu06GL001308	1302902	1303540	+	639	212	hypothetical protein	
smbu06	Chromosome1	smbu06GL001309	1303621	1304106	-	486	161	hypothetical protein	
smbu06	Chromosome1	smbu06GL001310	1304244	1304459	-	216	71	putative membrane protein YuzA	UniProtKB/Swiss-Prot:O32087
smbu06	Chromosome1	smbu06GL001311	1304681	1305481	+	801	266	Sorbitol-6-phosphate 2-dehydrogenase	UniProtKB/Swiss-Prot:P37079
smbu06	Chromosome1	smbu06GL001312	1305572	1306546	+	975	324	hypothetical protein	
smbu06	Chromosome1	smbu06GL001313	1306597	1307367	+	771	256	hypothetical protein	
smbu06	Chromosome1	smbu06GL001314	1307405	1307851	+	447	148	hypothetical protein	
smbu06	Chromosome1	smbu06GL001315	1307839	1308393	+	555	184	PTS system glucitol/sorbitol-specific EIICcomponent	UniProtKB/Swiss-Prot:O32332
smbu06	Chromosome1	smbu06GL001316	1308411	1309406	+	996	331	PTS system glucitol/sorbitol-specific EIIBcomponent	UniProtKB/Swiss-Prot:O32333
smbu06	Chromosome1	smbu06GL001317	1309424	1309822	+	399	132	hypothetical protein	
smbu06	Chromosome1	smbu06GL001318	1309791	1310501	+	711	236	putative fructose-6-phosphate aldolase	UniProtKB/Swiss-Prot:B8ZKS3
smbu06	Chromosome1	smbu06GL001319	1310879	1311664	+	786	261	hypothetical protein	
smbu06	Chromosome1	smbu06GL001320	1311954	1312841	-	888	295	Foldase protein PrsA	UniProtKB/Swiss-Prot:Q837Y9
smbu06	Chromosome1	smbu06GL001321	1313026	1313475	+	450	149	hypothetical protein	
smbu06	Chromosome1	smbu06GL001322	1313481	1313789	+	309	102	hypothetical protein	
smbu06	Chromosome1	smbu06GL001323	1314059	1314985	+	927	308	hypothetical protein	
smbu06	Chromosome1	smbu06GL001324	1315002	1315139	+	138	45	hypothetical protein	
smbu06	Chromosome1	smbu06GL001325	1315714	1316193	+	480	159	hypothetical protein	
smbu06	Chromosome1	smbu06GL001326	1316362	1318275	+	1914	637	hypothetical protein	
smbu06	Chromosome1	smbu06GL001327	1318280	1319281	+	1002	333	hypothetical protein	
smbu06	Chromosome1	smbu06GL001328	1319526	1319732	-	207	68	hypothetical protein	
smbu06	Chromosome1	smbu06GL001329	1320576	1320770	-	195	64	hypothetical protein	
smbu06	Chromosome1	smbu06GL001330	1320888	1321379	+	492	163	hypothetical protein	
smbu06	Chromosome1	smbu06GL001331	1321623	1321823	+	201	66	Cold shock protein 2	UniProtKB/Swiss-Prot:P96349
smbu06	Chromosome1	smbu06GL001332	1322348	1322935	+	588	195	Metal-independent carbonic anhydrase	UniProtKB/Swiss-Prot:Q8YT18
smbu06	Chromosome1	smbu06GL001333	1323111	1323476	-	366	121	hypothetical protein	
smbu06	Chromosome1	smbu06GL001334	1323554	1323799	-	246	81	hypothetical protein	
smbu06	Chromosome1	smbu06GL001335	1323869	1324054	-	186	61	hypothetical protein	
smbu06	Chromosome1	smbu06GL001336	1324280	1324603	-	324	107	hypothetical protein	
smbu06	Chromosome1	smbu06GL001337	1325250	1325774	-	525	174	hypothetical protein	
smbu06	Chromosome1	smbu06GL001338	1325793	1326602	-	810	269	hypothetical protein	
smbu06	Chromosome1	smbu06GL001339	1326876	1327793	+	918	305	General stress protein A	UniProtKB/Swiss-Prot:P25148
smbu06	Chromosome1	smbu06GL001340	1327786	1328688	+	903	300	General stress protein A	UniProtKB/Swiss-Prot:P25148
smbu06	Chromosome1	smbu06GL001341	1328721	1329071	+	351	116	hypothetical protein	
smbu06	Chromosome1	smbu06GL001342	1329120	1330043	+	924	307	hypothetical protein	
smbu06	Chromosome1	smbu06GL001343	1330123	1331016	+	894	297	putative oxidoreductase YghA	UniProtKB/Swiss-Prot:P0AG84
smbu06	Chromosome1	smbu06GL001344	1331054	1331617	+	564	187	hypothetical protein	
smbu06	Chromosome1	smbu06GL001345	1331629	1331817	+	189	62	hypothetical protein	
smbu06	Chromosome1	smbu06GL001346	1331866	1332735	+	870	289	Stress response regulator gls24 homolog	UniProtKB/Swiss-Prot:P0CZ87
smbu06	Chromosome1	smbu06GL001347	1332767	1333009	+	243	80	UPF0410 protein YwzA	UniProtKB/Swiss-Prot:O32282
smbu06	Chromosome1	smbu06GL001348	1333521	1333664	-	144	47	hypothetical protein	
smbu06	Chromosome1	smbu06GL001349	1334239	1338747	+	4509	1502	hypothetical protein	
smbu06	Chromosome1	smbu06GL001350	1338916	1340379	+	1464	487	hypothetical protein	
smbu06	Chromosome1	smbu06GL001351	1340501	1340734	-	234	77	putative HTH-type transcriptional regulatorYozG	UniProtKB/Swiss-Prot:O31834
smbu06	Chromosome1	smbu06GL001352	1340743	1341216	-	474	157	hypothetical protein	
smbu06	Chromosome1	smbu06GL001353	1341575	1342804	+	1230	409	hypothetical protein	
smbu06	Chromosome1	smbu06GL001354	1342812	1343144	+	333	110	Accessory gene regulator protein A	UniProtKB/Swiss-Prot:Q5HMY2
smbu06	Chromosome1	smbu06GL001355	1343141	1343554	+	414	137	hypothetical protein	
smbu06	Chromosome1	smbu06GL001356	1343721	1344101	+	381	126	hypothetical protein	
smbu06	Chromosome1	smbu06GL001357	1344092	1344301	+	210	69	hypothetical protein	
smbu06	Chromosome1	smbu06GL001358	1344298	1344453	+	156	51	hypothetical protein	
smbu06	Chromosome1	smbu06GL001359	1344530	1344703	-	174	57	hypothetical protein	
smbu06	Chromosome1	smbu06GL001360	1345214	1345687	+	474	157	hypothetical protein	
smbu06	Chromosome1	smbu06GL001361	1345700	1345888	+	189	62	hypothetical protein	
smbu06	Chromosome1	smbu06GL001362	1345901	1346458	+	558	185	Stress response regulator gls24 homolog	UniProtKB/Swiss-Prot:P0CZ87
smbu06	Chromosome1	smbu06GL001363	1346490	1346732	+	243	80	UPF0410 protein YwzA	UniProtKB/Swiss-Prot:O32282
smbu06	Chromosome1	smbu06GL001364	1347061	1348275	+	1215	404	hypothetical protein	UniProtKB/Swiss-Prot:O26757
smbu06	Chromosome1	smbu06GL001365	1348306	1349733	+	1428	475	Glutamate/gamma-aminobutyrate antiporter	UniProtKB/Swiss-Prot:Q9CG19
smbu06	Chromosome1	smbu06GL001366	1349756	1350682	+	927	308	Glutaminase 1	UniProtKB/Swiss-Prot:Q8XMU7
smbu06	Chromosome1	smbu06GL001367	1350889	1352349	+	1461	486	hypothetical protein	
smbu06	Chromosome1	smbu06GL001368	1352582	1354345	+	1764	587	hypothetical protein	
smbu06	Chromosome1	smbu06GL001369	1354391	1354888	+	498	165	hypothetical protein	
smbu06	Chromosome1	smbu06GL001370	1355003	1355686	+	684	227	Putative N-acetylmannosamine-6-phosphate2-epimerase	UniProtKB/Swiss-Prot:Q0SWI9
smbu06	Chromosome1	smbu06GL001371	1355834	1356448	+	615	204	Uncharacterized protein YwrF	UniProtKB/Swiss-Prot:O05220
smbu06	Chromosome1	smbu06GL001372	1356464	1356670	+	207	68	hypothetical protein	
smbu06	Chromosome1	smbu06GL001373	1357167	1358348	+	1182	393	putative peptidoglycan glycosyltransferase FtsW	UniProtKB/Swiss-Prot:Q47866
smbu06	Chromosome1	smbu06GL001374	1358441	1359325	+	885	294	hypothetical protein	
smbu06	Chromosome1	smbu06GL001375	1359456	1361492	+	2037	678	hypothetical protein	UniProtKB/Swiss-Prot:P42971
smbu06	Chromosome1	smbu06GL001376	1361589	1362740	-	1152	383	Na(+)/H(+) antiporter	UniProtKB/Swiss-Prot:P26235
smbu06	Chromosome1	smbu06GL001377	1362894	1363421	-	528	175	hypothetical protein	
smbu06	Chromosome1	smbu06GL001378	1363520	1363822	-	303	100	hypothetical protein	
smbu06	Chromosome1	smbu06GL001379	1364150	1365679	-	1530	509	NADH dehydrogenase	UniProtKB/Swiss-Prot:P26829
smbu06	Chromosome1	smbu06GL001380	1365689	1366252	-	564	187	Alkyl hydroperoxide reductase C	UniProtKB/Swiss-Prot:P80239
smbu06	Chromosome1	smbu06GL001381	1366397	1367056	-	660	219	hypothetical protein	
smbu06	Chromosome1	smbu06GL001382	1367240	1368877	+	1638	545	D-mannonate oxidoreductase	UniProtKB/Swiss-Prot:Q9WXS3
smbu06	Chromosome1	smbu06GL001383	1368877	1369962	+	1086	361	Mannonate dehydratase	UniProtKB/Swiss-Prot:Q9CF50
smbu06	Chromosome1	smbu06GL001384	1370195	1371625	-	1431	476	hypothetical protein	
smbu06	Chromosome1	smbu06GL001385	1371842	1372870	+	1029	342	hypothetical protein	
smbu06	Chromosome1	smbu06GL001386	1373005	1374042	-	1038	345	Putative transport protein YdbI	UniProtKB/Swiss-Prot:P96604
smbu06	Chromosome1	smbu06GL001387	1374192	1374509	-	318	105	hypothetical protein	
smbu06	Chromosome1	smbu06GL001388	1374689	1375099	-	411	136	Organic hydroperoxide resistance protein-like 2	UniProtKB/Swiss-Prot:Q8CMV4
smbu06	Chromosome1	smbu06GL001389	1375276	1375710	-	435	144	hypothetical protein	
smbu06	Chromosome1	smbu06GL001390	1375814	1376584	-	771	256	hypothetical protein	
smbu06	Chromosome1	smbu06GL001391	1377070	1378836	+	1767	588	Intracellular maltogenic amylase	UniProtKB/Swiss-Prot:O06988
smbu06	Chromosome1	smbu06GL001392	1378914	1380197	+	1284	427	Maltodextrin-binding protein MdxE	UniProtKB/Swiss-Prot:O06989
smbu06	Chromosome1	smbu06GL001393	1380486	1381646	+	1161	386	Maltodextrin transport system permease proteinMdxF	UniProtKB/Swiss-Prot:O06990
smbu06	Chromosome1	smbu06GL001394	1381650	1382501	+	852	283	Maltodextrin transport system permease proteinMdxG	UniProtKB/Swiss-Prot:O06991
smbu06	Chromosome1	smbu06GL001395	1382514	1383329	+	816	271	hypothetical protein	
smbu06	Chromosome1	smbu06GL001396	1383480	1384646	+	1167	388	hypothetical protein	
smbu06	Chromosome1	smbu06GL001397	1384880	1385527	+	648	215	hypothetical protein	
smbu06	Chromosome1	smbu06GL001398	1385590	1386555	+	966	321	Dihydroorotate dehydrogenase A (fumarate)	UniProtKB/Swiss-Prot:Q9CFC9
smbu06	Chromosome1	smbu06GL001399	1386690	1388141	+	1452	483	hypothetical protein	
smbu06	Chromosome1	smbu06GL001400	1388163	1388999	+	837	278	putative ABC transporter extracellular-bindingprotein YckB	UniProtKB/Swiss-Prot:P42400
smbu06	Chromosome1	smbu06GL001401	1389029	1389658	+	630	209	putative amino-acid ABC transporter permeaseprotein YckA	UniProtKB/Swiss-Prot:P42399
smbu06	Chromosome1	smbu06GL001402	1389764	1390471	+	708	235	hypothetical protein	
smbu06	Chromosome1	smbu06GL001403	1390468	1391472	+	1005	334	hypothetical protein	
smbu06	Chromosome1	smbu06GL001404	1391479	1391991	+	513	170	hypothetical protein	
smbu06	Chromosome1	smbu06GL001405	1392184	1392747	-	564	187	hypothetical protein	
smbu06	Chromosome1	smbu06GL001406	1392829	1394010	-	1182	393	Nucleoside permease NupC	UniProtKB/Swiss-Prot:P39141
smbu06	Chromosome1	smbu06GL001407	1394397	1395905	-	1509	502	UPF0371 protein CLK_3516	UniProtKB/Swiss-Prot:B1KUD0
smbu06	Chromosome1	smbu06GL001408	1396064	1396255	+	192	63	hypothetical protein	
smbu06	Chromosome1	smbu06GL001409	1396469	1397386	+	918	305	hypothetical protein	
smbu06	Chromosome1	smbu06GL001410	1397379	1398452	+	1074	357	hypothetical protein	
smbu06	Chromosome1	smbu06GL001411	1398600	1399118	+	519	172	hypothetical protein	
smbu06	Chromosome1	smbu06GL001412	1399147	1399491	+	345	114	hypothetical protein	
smbu06	Chromosome1	smbu06GL001413	1399566	1400501	+	936	311	hypothetical protein	
smbu06	Chromosome1	smbu06GL001414	1400634	1401413	+	780	259	hypothetical protein	
smbu06	Chromosome1	smbu06GL001415	1401406	1401723	+	318	105	hypothetical protein	
smbu06	Chromosome1	smbu06GL001416	1401967	1403577	+	1611	536	hypothetical protein	
smbu06	Chromosome1	smbu06GL001417	1403735	1404583	+	849	282	DegV domain-containing protein lmo2514	UniProtKB/Swiss-Prot:Q8Y4D5
smbu06	Chromosome1	smbu06GL001418	1404594	1404716	-	123	40	hypothetical protein	
smbu06	Chromosome1	smbu06GL001419	1404817	1405296	+	480	159	hypothetical protein	
smbu06	Chromosome1	smbu06GL001420	1405329	1407572	+	2244	747	hypothetical protein	
smbu06	Chromosome1	smbu06GL001421	1407701	1409353	+	1653	550	putative oligo-1,6-glucosidase 3	UniProtKB/Swiss-Prot:O05242
smbu06	Chromosome1	smbu06GL001422	1409417	1409962	-	546	181	UPF0340 protein EF_1967	UniProtKB/Swiss-Prot:Q833I5
smbu06	Chromosome1	smbu06GL001423	1409984	1410469	-	486	161	hypothetical protein	
smbu06	Chromosome1	smbu06GL001424	1410459	1411286	-	828	275	hypothetical protein	
smbu06	Chromosome1	smbu06GL001425	1411285	1411533	+	249	82	hypothetical protein	
smbu06	Chromosome1	smbu06GL001426	1411540	1413045	-	1506	501	hypothetical protein	
smbu06	Chromosome1	smbu06GL001427	1413176	1414207	-	1032	343	hypothetical protein	
smbu06	Chromosome1	smbu06GL001428	1414419	1415450	+	1032	343	hypothetical protein	
smbu06	Chromosome1	smbu06GL001429	1415463	1416389	+	927	308	hypothetical protein	
smbu06	Chromosome1	smbu06GL001430	1416406	1416783	+	378	125	hypothetical protein	
smbu06	Chromosome1	smbu06GL001431	1417026	1418012	+	987	328	hypothetical protein	
smbu06	Chromosome1	smbu06GL001432	1418212	1419552	-	1341	446	hypothetical protein	
smbu06	Chromosome1	smbu06GL001433	1419557	1420231	-	675	224	Transcriptional regulatory protein CiaR	UniProtKB/Swiss-Prot:P0A4H7
smbu06	Chromosome1	smbu06GL001434	1420452	1421525	+	1074	357	hypothetical protein	
smbu06	Chromosome1	smbu06GL001435	1421531	1422217	+	687	228	Putative hemin import ATP-binding protein HrtA	UniProtKB/Swiss-Prot:Q6GE75
smbu06	Chromosome1	smbu06GL001436	1422225	1422872	+	648	215	hypothetical protein	
smbu06	Chromosome1	smbu06GL001437	1422948	1424372	-	1425	474	hypothetical protein	
smbu06	Chromosome1	smbu06GL001438	1424584	1425672	+	1089	362	hypothetical protein	
smbu06	Chromosome1	smbu06GL001439	1425741	1427972	+	2232	743	hypothetical protein	
smbu06	Chromosome1	smbu06GL001440	1427974	1429395	+	1422	473	hypothetical protein	
smbu06	Chromosome1	smbu06GL001441	1429479	1429901	+	423	140	hypothetical protein	
smbu06	Chromosome1	smbu06GL001442	1429873	1431270	+	1398	465	hypothetical protein	
smbu06	Chromosome1	smbu06GL001443	1431362	1432204	+	843	280	hypothetical protein	
smbu06	Chromosome1	smbu06GL001444	1432326	1433201	-	876	291	hypothetical protein	
smbu06	Chromosome1	smbu06GL001445	1433408	1434439	+	1032	343	putative oxidoreductase YhhX	UniProtKB/Swiss-Prot:P46853
smbu06	Chromosome1	smbu06GL001446	1434536	1434841	+	306	101	hypothetical protein	
smbu06	Chromosome1	smbu06GL001447	1435003	1437018	+	2016	671	hypothetical protein	
smbu06	Chromosome1	smbu06GL001448	1437020	1437304	+	285	94	hypothetical protein	
smbu06	Chromosome1	smbu06GL001449	1437330	1438703	+	1374	457	hypothetical protein	
smbu06	Chromosome1	smbu06GL001450	1438786	1440618	-	1833	610	hypothetical protein	
smbu06	Chromosome1	smbu06GL001451	1440823	1441707	-	885	294	hypothetical protein	
smbu06	Chromosome1	smbu06GL001452	1441740	1442030	-	291	96	hypothetical protein	
smbu06	Chromosome1	smbu06GL001453	1442231	1443202	+	972	323	hypothetical protein	
smbu06	Chromosome1	smbu06GL001454	1443761	1444009	+	249	82	hypothetical protein	
smbu06	Chromosome1	smbu06GL001455	1444080	1444412	+	333	110	hypothetical protein	
smbu06	Chromosome1	smbu06GL001456	1444438	1444680	+	243	80	hypothetical protein	
smbu06	Chromosome1	smbu06GL001457	1444804	1445748	+	945	314	L-lactate dehydrogenase 2	UniProtKB/Swiss-Prot:Q9CII4
smbu06	Chromosome1	smbu06GL001458	1446408	1446806	-	399	132	hypothetical protein	
smbu06	Chromosome1	smbu06GL001459	1446803	1447039	-	237	78	hypothetical protein	
smbu06	Chromosome1	smbu06GL001460	1447201	1447485	-	285	94	hypothetical protein	
smbu06	Chromosome1	smbu06GL001461	1447656	1449884	-	2229	742	hypothetical protein	
smbu06	Chromosome1	smbu06GL001462	1450059	1450469	-	411	136	hypothetical protein	
smbu06	Chromosome1	smbu06GL001463	1450580	1451743	-	1164	387	hypothetical protein	
smbu06	Chromosome1	smbu06GL001464	1451921	1452877	-	957	318	Shikimate dehydrogenase (NADP(+))	UniProtKB/Swiss-Prot:Q92EG7
smbu06	Chromosome1	smbu06GL001465	1453053	1453823	-	771	256	Tyrosine transport ATP-binding protein	UniProtKB/Swiss-Prot:P0DX43
smbu06	Chromosome1	smbu06GL001466	1453826	1454707	-	882	293	Tyrosine transport system permease protein	UniProtKB/Swiss-Prot:P0DX44
smbu06	Chromosome1	smbu06GL001467	1454704	1455753	-	1050	349	hypothetical protein	
smbu06	Chromosome1	smbu06GL001468	1456203	1456826	-	624	207	hypothetical protein	
smbu06	Chromosome1	smbu06GL001469	1457016	1458722	+	1707	568	Rqc2 homolog RqcH	UniProtKB/Swiss-Prot:A0A0H2ZPC8
smbu06	Chromosome1	smbu06GL001470	1458904	1459806	-	903	300	hypothetical protein	
smbu06	Chromosome1	smbu06GL001471	1459803	1460495	-	693	230	hypothetical protein	
smbu06	Chromosome1	smbu06GL001472	1460538	1461179	-	642	213	hypothetical protein	
smbu06	Chromosome1	smbu06GL001473	1461217	1461414	-	198	65	hypothetical protein	
smbu06	Chromosome1	smbu06GL001474	1461572	1462207	-	636	211	hypothetical protein	
smbu06	Chromosome1	smbu06GL001475	1462219	1464957	-	2739	912	hypothetical protein	
smbu06	Chromosome1	smbu06GL001476	1465054	1466031	-	978	325	hypothetical protein	
smbu06	Chromosome1	smbu06GL001477	1466084	1466896	-	813	270	hypothetical protein	
smbu06	Chromosome1	smbu06GL001478	1466911	1467594	-	684	227	hypothetical protein	
smbu06	Chromosome1	smbu06GL001479	1467710	1468180	-	471	156	hypothetical protein	
smbu06	Chromosome1	smbu06GL001480	1468177	1468593	-	417	138	hypothetical protein	
smbu06	Chromosome1	smbu06GL001481	1469187	1470539	-	1353	450	Orotate phosphoribosyltransferase	UniProtKB/Swiss-Prot:F2MMN7
smbu06	Chromosome1	smbu06GL001482	1470536	1471468	-	933	310	Dihydroorotate dehydrogenase B (NAD(+)),catalytic subunit	UniProtKB/Swiss-Prot:F2MMN9
smbu06	Chromosome1	smbu06GL001483	1471465	1472241	-	777	258	Dihydroorotate dehydrogenase B (NAD(+)),electron transfer subunit	UniProtKB/Swiss-Prot:P0DH76
smbu06	Chromosome1	smbu06GL001484	1472295	1475480	-	3186	1061	Carbamoyl phosphate synthase large chain	UniProtKB/Swiss-Prot:Q834E2
smbu06	Chromosome1	smbu06GL001485	1475485	1476561	-	1077	358	Carbamoyl phosphate synthase small chain	UniProtKB/Swiss-Prot:Q8DUP4
smbu06	Chromosome1	smbu06GL001486	1476566	1477846	-	1281	426	Dihydroorotase	UniProtKB/Swiss-Prot:Q834E0
smbu06	Chromosome1	smbu06GL001487	1477865	1478791	-	927	308	Aspartate carbamoyltransferase catalyticsubunit	UniProtKB/Swiss-Prot:Q9L4T8
smbu06	Chromosome1	smbu06GL001488	1478804	1480087	-	1284	427	Uracil permease	UniProtKB/Swiss-Prot:P39766
smbu06	Chromosome1	smbu06GL001489	1480101	1480640	-	540	179	Bifunctional protein pyrR	UniProtKB/Swiss-Prot:P0DH77
smbu06	Chromosome1	smbu06GL001490	1480876	1481787	-	912	303	putative RNA pseudouridine synthase YlyB	UniProtKB/Swiss-Prot:Q45480
smbu06	Chromosome1	smbu06GL001491	1481784	1482212	-	429	142	Lipoprotein signal peptidase	UniProtKB/Swiss-Prot:Q834D8
smbu06	Chromosome1	smbu06GL001492	1482253	1482951	-	699	232	hypothetical protein	
smbu06	Chromosome1	smbu06GL001493	1482938	1483324	-	387	128	hypothetical protein	
smbu06	Chromosome1	smbu06GL001494	1483498	1485168	-	1671	556	Formate--tetrahydrofolate ligase	UniProtKB/Swiss-Prot:A4W0G0
smbu06	Chromosome1	smbu06GL001495	1485342	1485581	+	240	79	Cold shock-like protein	UniProtKB/Swiss-Prot:O54310
smbu06	Chromosome1	smbu06GL001496	1485685	1486134	-	450	149	hypothetical protein	
smbu06	Chromosome1	smbu06GL001497	1486213	1486617	+	405	134	Putative hydrolase EbsB	UniProtKB/Swiss-Prot:P36921
smbu06	Chromosome1	smbu06GL001498	1486664	1487812	-	1149	382	hypothetical protein	
smbu06	Chromosome1	smbu06GL001499	1487925	1488530	-	606	201	hypothetical protein	
smbu06	Chromosome1	smbu06GL001500	1488728	1491370	-	2643	880	Alanine--tRNA ligase	UniProtKB/Swiss-Prot:Q835J8
smbu06	Chromosome1	smbu06GL001501	1491743	1492192	+	450	149	hypothetical protein	
smbu06	Chromosome1	smbu06GL001502	1492237	1493586	-	1350	449	DEAD-box ATP-dependent RNA helicase CshB	UniProtKB/Swiss-Prot:Q8Y755
smbu06	Chromosome1	smbu06GL001503	1493656	1494819	-	1164	387	hypothetical protein	
smbu06	Chromosome1	smbu06GL001504	1494957	1495271	+	315	104	hypothetical protein	
smbu06	Chromosome1	smbu06GL001505	1495311	1496714	-	1404	467	hypothetical protein	
smbu06	Chromosome1	smbu06GL001506	1496788	1496943	+	156	51	hypothetical protein	
smbu06	Chromosome1	smbu06GL001507	1497089	1498507	-	1419	472	Beta-Ala-Xaa dipeptidase	UniProtKB/Swiss-Prot:P45494
smbu06	Chromosome1	smbu06GL001508	1498596	1499945	-	1350	449	hypothetical protein	
smbu06	Chromosome1	smbu06GL001509	1500009	1500962	-	954	317	putative epimerase/dehydratase SSP2164	UniProtKB/Swiss-Prot:Q49VA1
smbu06	Chromosome1	smbu06GL001510	1501064	1502254	-	1191	396	Putative pyridoxal phosphate-dependentacyltransferase	UniProtKB/Swiss-Prot:Q8EM07
smbu06	Chromosome1	smbu06GL001511	1502750	1503442	-	693	230	hypothetical protein	
smbu06	Chromosome1	smbu06GL001512	1503514	1505010	-	1497	498	Carboxypeptidase 1	UniProtKB/Swiss-Prot:P50848
smbu06	Chromosome1	smbu06GL001513	1505056	1506222	-	1167	388	Putative RNA methyltransferase YpsC	UniProtKB/Swiss-Prot:P50840
smbu06	Chromosome1	smbu06GL001514	1506769	1507188	-	420	139	Cell cycle protein GpsB	UniProtKB/Swiss-Prot:Q8DVL1
smbu06	Chromosome1	smbu06GL001515	1507278	1507817	-	540	179	UPF0398 protein EF_1150	UniProtKB/Swiss-Prot:Q836G3
smbu06	Chromosome1	smbu06GL001516	1507881	1508528	+	648	215	Holliday junction resolvase RecU	UniProtKB/Swiss-Prot:Q88W97
smbu06	Chromosome1	smbu06GL001517	1508578	1510896	+	2319	772	Penicillin-binding protein 1A	UniProtKB/Swiss-Prot:Q04707
smbu06	Chromosome1	smbu06GL001518	1510913	1511590	-	678	225	Endonuclease III	UniProtKB/Swiss-Prot:P39788
smbu06	Chromosome1	smbu06GL001519	1511597	1512313	-	717	238	hypothetical protein	
smbu06	Chromosome1	smbu06GL001520	1512563	1513750	+	1188	395	hypothetical protein	
smbu06	Chromosome1	smbu06GL001521	1513753	1514220	-	468	155	hypothetical protein	
smbu06	Chromosome1	smbu06GL001522	1514345	1514644	-	300	99	hypothetical protein	
smbu06	Chromosome1	smbu06GL001523	1514865	1516217	-	1353	450	NADH oxidase	UniProtKB/Swiss-Prot:P37061
smbu06	Chromosome1	smbu06GL001524	1516490	1516936	-	447	148	Peroxide-responsive repressor PerR	UniProtKB/Swiss-Prot:Q5HN74
smbu06	Chromosome1	smbu06GL001525	1517175	1518101	-	927	308	Cysteine synthase	UniProtKB/Swiss-Prot:P37887
smbu06	Chromosome1	smbu06GL001526	1518242	1519084	-	843	280	Muramidase-2	UniProtKB/Swiss-Prot:P39046
smbu06	Chromosome1	smbu06GL001527	1519382	1521379	-	1998	665	Transketolase	UniProtKB/Swiss-Prot:Q5XAK5
smbu06	Chromosome1	smbu06GL001528	1521481	1521732	-	252	83	UPF0291 protein EF_1580	UniProtKB/Swiss-Prot:Q834Q9
smbu06	Chromosome1	smbu06GL001529	1521879	1522502	+	624	207	LexA repressor	UniProtKB/Swiss-Prot:Q834R0
smbu06	Chromosome1	smbu06GL001530	1523092	1523604	-	513	170	Adenine phosphoribosyltransferase	UniProtKB/Swiss-Prot:Q834G6
smbu06	Chromosome1	smbu06GL001531	1523618	1525915	-	2298	765	hypothetical protein	
smbu06	Chromosome1	smbu06GL001532	1526057	1526500	-	444	147	hypothetical protein	
smbu06	Chromosome1	smbu06GL001533	1526501	1527289	-	789	262	putative oxidoreductase YqjQ	UniProtKB/Swiss-Prot:P54554
smbu06	Chromosome1	smbu06GL001534	1527286	1528227	-	942	313	Ribonuclease Z	UniProtKB/Swiss-Prot:Q834G2
smbu06	Chromosome1	smbu06GL001535	1528402	1529007	-	606	201	hypothetical protein	
smbu06	Chromosome1	smbu06GL001536	1529154	1530461	-	1308	435	GTPase Obg	UniProtKB/Swiss-Prot:Q834V4
smbu06	Chromosome1	smbu06GL001537	1530549	1530698	+	150	49	hypothetical protein	
smbu06	Chromosome1	smbu06GL001538	1530756	1531766	+	1011	336	Glyceraldehyde-3-phosphate dehydrogenase	UniProtKB/Swiss-Prot:O32755
smbu06	Chromosome1	smbu06GL001539	1531852	1532775	-	924	307	hypothetical protein	
smbu06	Chromosome1	smbu06GL001540	1532950	1534044	-	1095	364	hypothetical protein	
smbu06	Chromosome1	smbu06GL001541	1534233	1534988	+	756	251	Putative peptidyl-prolyl cis-trans isomerase	UniProtKB/Swiss-Prot:Q2FIC1
smbu06	Chromosome1	smbu06GL001542	1535113	1535553	-	441	146	3-hydroxyacyl-[acyl-carrier-protein] dehydrataseFabZ	UniProtKB/Swiss-Prot:Q820V3
smbu06	Chromosome1	smbu06GL001543	1535772	1536527	+	756	251	Enoyl-[acyl-carrier-protein] reductase [NADH]FabI	UniProtKB/Swiss-Prot:Q820V5
smbu06	Chromosome1	smbu06GL001544	1536639	1537652	-	1014	337	Branched-chain-amino-acid aminotransferase	UniProtKB/Swiss-Prot:P54689
smbu06	Chromosome1	smbu06GL001545	1537817	1538737	+	921	306	hypothetical protein	
smbu06	Chromosome1	smbu06GL001546	1539018	1539518	-	501	166	hypothetical protein	
smbu06	Chromosome1	smbu06GL001547	1539625	1540143	-	519	172	hypothetical protein	
smbu06	Chromosome1	smbu06GL001548	1540144	1541499	-	1356	451	Ribonuclease PH	UniProtKB/Swiss-Prot:Q8EPJ5
smbu06	Chromosome1	smbu06GL001549	1541502	1542323	-	822	273	Glutamate racemase	UniProtKB/Swiss-Prot:Q836J0
smbu06	Chromosome1	smbu06GL001550	1542484	1543140	-	657	218	putative glutamine ABC transporter permeaseprotein GlnP	UniProtKB/Swiss-Prot:O34606
smbu06	Chromosome1	smbu06GL001551	1543156	1543803	-	648	215	putative glutamine ABC transporter permeaseprotein GlnM	UniProtKB/Swiss-Prot:O34671
smbu06	Chromosome1	smbu06GL001552	1543816	1544631	-	816	271	ABC transporter glutamine-binding protein GlnH	UniProtKB/Swiss-Prot:O34563
smbu06	Chromosome1	smbu06GL001553	1544645	1545382	-	738	245	Glutamine transport ATP-binding protein GlnQ	UniProtKB/Swiss-Prot:O34677
smbu06	Chromosome1	smbu06GL001554	1545627	1546646	+	1020	339	Tryptophan--tRNA ligase	UniProtKB/Swiss-Prot:P0DG61
smbu06	Chromosome1	smbu06GL001555	1546815	1549202	-	2388	795	Phenylalanine--tRNA ligase beta subunit	UniProtKB/Swiss-Prot:Q836J5
smbu06	Chromosome1	smbu06GL001556	1549240	1550283	-	1044	347	Phenylalanine--tRNA ligase alpha subunit	UniProtKB/Swiss-Prot:Q836J6
smbu06	Chromosome1	smbu06GL001557	1550595	1550939	-	345	114	HTH-type transcriptional regulator YodB	UniProtKB/Swiss-Prot:O34844
smbu06	Chromosome1	smbu06GL001558	1551005	1554727	-	3723	1240	ATP-dependent helicase/nuclease subunit A	UniProtKB/Swiss-Prot:Q836J8
smbu06	Chromosome1	smbu06GL001559	1554724	1558251	-	3528	1175	ATP-dependent helicase/deoxyribonuclease subunitB	UniProtKB/Swiss-Prot:Q836J9
smbu06	Chromosome1	smbu06GL001560	1558432	1559898	-	1467	488	Di-/tripeptide transporter	UniProtKB/Swiss-Prot:P0C2U2
smbu06	Chromosome1	smbu06GL001561	1560285	1560881	+	597	198	hypothetical protein	
smbu06	Chromosome1	smbu06GL001562	1560937	1561353	-	417	138	hypothetical protein	
smbu06	Chromosome1	smbu06GL001563	1561525	1561722	-	198	65	hypothetical protein	
smbu06	Chromosome1	smbu06GL001564	1562017	1562766	+	750	249	hypothetical protein	
smbu06	Chromosome1	smbu06GL001565	1562835	1563263	+	429	142	hypothetical protein	
smbu06	Chromosome1	smbu06GL001566	1563529	1563900	-	372	123	hypothetical protein	
smbu06	Chromosome1	smbu06GL001567	1564095	1564304	+	210	69	hypothetical protein	
smbu06	Chromosome1	smbu06GL001568	1564396	1564584	-	189	62	hypothetical protein	
smbu06	Chromosome1	smbu06GL001569	1564608	1564859	-	252	83	hypothetical protein	
smbu06	Chromosome1	smbu06GL001570	1565029	1565286	+	258	85	hypothetical protein	
smbu06	Chromosome1	smbu06GL001571	1565356	1565547	-	192	63	hypothetical protein	
smbu06	Chromosome1	smbu06GL001572	1565690	1566010	-	321	106	hypothetical protein	
smbu06	Chromosome1	smbu06GL001573	1566033	1566443	-	411	136	hypothetical protein	
smbu06	Chromosome1	smbu06GL001574	1566802	1567425	+	624	207	hypothetical protein	
smbu06	Chromosome1	smbu06GL001575	1567757	1569277	-	1521	506	hypothetical protein	
smbu06	Chromosome1	smbu06GL001576	1569575	1570075	+	501	166	hypothetical protein	
smbu06	Chromosome1	smbu06GL001577	1570264	1570608	-	345	114	Fe-S protein maturation auxiliary factor YitW	UniProtKB/Swiss-Prot:P70949
smbu06	Chromosome1	smbu06GL001578	1570761	1571681	-	921	306	UPF0750 membrane protein YitT	UniProtKB/Swiss-Prot:P39803
smbu06	Chromosome1	smbu06GL001579	1571866	1572357	+	492	163	UPF0234 protein EF_1165	UniProtKB/Swiss-Prot:Q836E9
smbu06	Chromosome1	smbu06GL001580	1572382	1574763	-	2382	793	hypothetical protein	
smbu06	Chromosome1	smbu06GL001581	1575044	1575709	+	666	221	putative metallo-hydrolase YqgX	UniProtKB/Swiss-Prot:P54501
smbu06	Chromosome1	smbu06GL001582	1575733	1576437	+	705	234	hypothetical protein	
smbu06	Chromosome1	smbu06GL001583	1576629	1577462	+	834	277	Undecaprenyl-diphosphatase	UniProtKB/Swiss-Prot:Q831R1
smbu06	Chromosome1	smbu06GL001584	1577659	1579587	+	1929	642	Zinc-transporting ATPase	UniProtKB/Swiss-Prot:O31688
smbu06	Chromosome1	smbu06GL001585	1579721	1580176	+	456	151	UPF0756 membrane protein LSA1031	UniProtKB/Swiss-Prot:Q38WU8
smbu06	Chromosome1	smbu06GL001586	1580257	1580388	+	132	43	hypothetical protein	
smbu06	Chromosome1	smbu06GL001587	1580477	1580899	+	423	140	hypothetical protein	
smbu06	Chromosome1	smbu06GL001588	1581299	1581553	+	255	84	Small ribosomal subunit protein bS20	UniProtKB/Swiss-Prot:Q831Q7
smbu06	Chromosome1	smbu06GL001589	1581642	1582685	-	1044	347	Uncharacterized protein YqeN	UniProtKB/Swiss-Prot:P54459
smbu06	Chromosome1	smbu06GL001590	1582725	1584938	-	2214	737	hypothetical protein	
smbu06	Chromosome1	smbu06GL001591	1584991	1585530	-	540	179	ComE operon protein 2	UniProtKB/Swiss-Prot:P32393
smbu06	Chromosome1	smbu06GL001592	1585711	1586334	-	624	207	ComE operon protein 1	UniProtKB/Swiss-Prot:P39694
smbu06	Chromosome1	smbu06GL001593	1586719	1587714	-	996	331	hypothetical protein	
smbu06	Chromosome1	smbu06GL001594	1587752	1588243	-	492	163	Phosphopantetheine adenylyltransferase	UniProtKB/Swiss-Prot:Q831P9
smbu06	Chromosome1	smbu06GL001595	1588240	1588800	-	561	186	Putative rRNA methyltransferase YlbH	UniProtKB/Swiss-Prot:O34331
smbu06	Chromosome1	smbu06GL001596	1588931	1589146	-	216	71	UPF0298 protein EF_2453	UniProtKB/Swiss-Prot:Q831P7
smbu06	Chromosome1	smbu06GL001597	1589259	1589633	-	375	124	hypothetical protein	
smbu06	Chromosome1	smbu06GL001598	1589680	1590804	-	1125	374	hypothetical protein	
smbu06	Chromosome1	smbu06GL001599	1590825	1594253	-	3429	1142	Pyruvate carboxylase	UniProtKB/Swiss-Prot:Q9KWU4
smbu06	Chromosome1	smbu06GL001600	1594279	1595442	-	1164	387	putative peptidoglycan glycosyltransferase FtsW	UniProtKB/Swiss-Prot:P58119
smbu06	Chromosome1	smbu06GL001601	1595445	1595747	-	303	100	UPF0358 protein EF_2458	UniProtKB/Swiss-Prot:Q831P3
smbu06	Chromosome1	smbu06GL001602	1595860	1597656	-	1797	598	putative ATP-dependent DNA helicase RecQ	UniProtKB/Swiss-Prot:O34748
smbu06	Chromosome1	smbu06GL001603	1597892	1599721	-	1830	609	Large ribosomal subunit assembly factor BipA	UniProtKB/Swiss-Prot:O07631
smbu06	Chromosome1	smbu06GL001604	1599888	1600655	-	768	255	Inositol-1-monophosphatase	UniProtKB/Swiss-Prot:Q45499
smbu06	Chromosome1	smbu06GL001605	1600661	1600936	-	276	91	UPF0223 protein EF_2462	UniProtKB/Swiss-Prot:Q831N9
smbu06	Chromosome1	smbu06GL001606	1601098	1602504	-	1407	468	Dihydrolipoyl dehydrogenase	UniProtKB/Swiss-Prot:P11959
smbu06	Chromosome1	smbu06GL001607	1602512	1604155	-	1644	547	Dihydrolipoyllysine-residue acetyltransferasecomponent of pyruvate dehydrogenase complex	UniProtKB/Swiss-Prot:P65636
smbu06	Chromosome1	smbu06GL001608	1604180	1605157	-	978	325	Pyruvate dehydrogenase E1 component subunitbeta	UniProtKB/Swiss-Prot:P21882
smbu06	Chromosome1	smbu06GL001609	1605160	1606269	-	1110	369	Pyruvate dehydrogenase E1 component subunitalpha	UniProtKB/Swiss-Prot:P60089
smbu06	Chromosome1	smbu06GL001610	1606730	1608154	-	1425	474	hypothetical protein	
smbu06	Chromosome1	smbu06GL001611	1608289	1609266	-	978	325	GMP reductase	UniProtKB/Swiss-Prot:Q831S1
smbu06	Chromosome1	smbu06GL001612	1609524	1610729	-	1206	401	Xylose transport system permease protein XylH	UniProtKB/Swiss-Prot:P45045
smbu06	Chromosome1	smbu06GL001613	1610731	1612257	-	1527	508	L-arabinose transport ATP-binding protein AraG	UniProtKB/Swiss-Prot:Q9S472
smbu06	Chromosome1	smbu06GL001614	1612311	1613234	-	924	307	Multiple sugar-binding periplasmic receptorChvE	UniProtKB/Swiss-Prot:P25548
smbu06	Chromosome1	smbu06GL001615	1613253	1613399	-	147	48	hypothetical protein	
smbu06	Chromosome1	smbu06GL001616	1613469	1613588	+	120	39	hypothetical protein	
smbu06	Chromosome1	smbu06GL001617	1613667	1614635	+	969	322	hypothetical protein	
smbu06	Chromosome1	smbu06GL001618	1614649	1616100	+	1452	483	hypothetical protein	
smbu06	Chromosome1	smbu06GL001619	1616093	1616518	+	426	141	hypothetical protein	
smbu06	Chromosome1	smbu06GL001620	1616532	1617656	+	1125	374	hypothetical protein	
smbu06	Chromosome1	smbu06GL001621	1617786	1618700	-	915	304	hypothetical protein	
smbu06	Chromosome1	smbu06GL001622	1618823	1620097	-	1275	424	Phosphoribosylamine--glycine ligase	UniProtKB/Swiss-Prot:Q92AP4
smbu06	Chromosome1	smbu06GL001623	1620113	1621648	-	1536	511	Bifunctional purine biosynthesis protein PurH	UniProtKB/Swiss-Prot:Q833Z3
smbu06	Chromosome1	smbu06GL001624	1621645	1622223	-	579	192	Phosphoribosylglycinamide formyltransferase	UniProtKB/Swiss-Prot:P12040
smbu06	Chromosome1	smbu06GL001625	1622220	1623272	-	1053	350	Phosphoribosylformylglycinamidine cyclo-ligase	UniProtKB/Swiss-Prot:B8DDZ0
smbu06	Chromosome1	smbu06GL001626	1623295	1624734	-	1440	479	Amidophosphoribosyltransferase	UniProtKB/Swiss-Prot:Q8NX91
smbu06	Chromosome1	smbu06GL001627	1624719	1626941	-	2223	740	Phosphoribosylformylglycinamidine synthasesubunit PurL	UniProtKB/Swiss-Prot:Q833Y9
smbu06	Chromosome1	smbu06GL001628	1626942	1627613	-	672	223	Phosphoribosylformylglycinamidine synthasesubunit PurQ	UniProtKB/Swiss-Prot:Q833Y8
smbu06	Chromosome1	smbu06GL001629	1627615	1627869	-	255	84	Phosphoribosylformylglycinamidine synthasesubunit PurS	UniProtKB/Swiss-Prot:P12049
smbu06	Chromosome1	smbu06GL001630	1627869	1628660	-	792	263	Phosphoribosylaminoimidazole-succinocarboxamidesynthase	UniProtKB/Swiss-Prot:Q9R7D5
smbu06	Chromosome1	smbu06GL001631	1628854	1629231	+	378	125	hypothetical protein	
smbu06	Chromosome1	smbu06GL001632	1629412	1630707	-	1296	431	Adenylosuccinate lyase	UniProtKB/Swiss-Prot:P72478
smbu06	Chromosome1	smbu06GL001633	1630720	1631853	-	1134	377	N5-carboxyaminoimidazole ribonucleotidesynthase	UniProtKB/Swiss-Prot:P12045
smbu06	Chromosome1	smbu06GL001634	1631837	1632355	-	519	172	N5-carboxyaminoimidazole ribonucleotide mutase	UniProtKB/Swiss-Prot:P12044
smbu06	Chromosome1	smbu06GL001635	1632426	1632569	+	144	47	hypothetical protein	
smbu06	Chromosome1	smbu06GL001636	1632559	1633866	-	1308	435	Xanthine permease	UniProtKB/Swiss-Prot:P42086
smbu06	Chromosome1	smbu06GL001637	1633869	1634501	-	633	210	Xanthine phosphoribosyltransferase	UniProtKB/Swiss-Prot:Q831Y0
smbu06	Chromosome1	smbu06GL001638	1635018	1636310	-	1293	430	hypothetical protein	
smbu06	Chromosome1	smbu06GL001639	1636307	1636930	-	624	207	hypothetical protein	
smbu06	Chromosome1	smbu06GL001640	1636933	1637769	-	837	278	putative ABC transporter permease protein YesQ	UniProtKB/Swiss-Prot:O31520
smbu06	Chromosome1	smbu06GL001641	1637785	1638672	-	888	295	putative ABC transporter permease protein YesP	UniProtKB/Swiss-Prot:O31519
smbu06	Chromosome1	smbu06GL001642	1638688	1639971	-	1284	427	hypothetical protein	
smbu06	Chromosome1	smbu06GL001643	1640912	1641601	-	690	229	hypothetical protein	
smbu06	Chromosome1	smbu06GL001644	1641619	1642236	-	618	205	Exo-glucosaminidase LytG	UniProtKB/Swiss-Prot:O32083
smbu06	Chromosome1	smbu06GL001645	1642246	1643070	-	825	274	hypothetical protein	
smbu06	Chromosome1	smbu06GL001646	1643063	1643596	-	534	177	hypothetical protein	
smbu06	Chromosome1	smbu06GL001647	1643779	1644756	+	978	325	hypothetical protein	
smbu06	Chromosome1	smbu06GL001648	1645061	1646005	-	945	314	hypothetical protein	
smbu06	Chromosome1	smbu06GL001649	1646122	1646724	+	603	200	hypothetical protein	
smbu06	Chromosome1	smbu06GL001650	1646810	1648309	-	1500	499	Flotillin-like protein FloT	UniProtKB/Swiss-Prot:O32076
smbu06	Chromosome1	smbu06GL001651	1648325	1648849	-	525	174	hypothetical protein	
smbu06	Chromosome1	smbu06GL001652	1648970	1649185	-	216	71	hypothetical protein	
smbu06	Chromosome1	smbu06GL001653	1649163	1650668	+	1506	501	hypothetical protein	
smbu06	Chromosome1	smbu06GL001654	1650646	1651359	+	714	237	hypothetical protein	
smbu06	Chromosome1	smbu06GL001655	1651585	1652619	-	1035	344	(R)-2-hydroxyglutarate dehydrogenase	UniProtKB/Swiss-Prot:D2RJU7
smbu06	Chromosome1	smbu06GL001656	1652626	1653099	-	474	157	hypothetical protein	
smbu06	Chromosome1	smbu06GL001657	1653100	1653681	-	582	193	hypothetical protein	
smbu06	Chromosome1	smbu06GL001658	1654034	1655182	-	1149	382	hypothetical protein	
smbu06	Chromosome1	smbu06GL001659	1655258	1656094	-	837	278	hypothetical protein	
smbu06	Chromosome1	smbu06GL001660	1656281	1657501	-	1221	406	Glutamate-pyruvate aminotransferase AlaA	UniProtKB/Swiss-Prot:P71348
smbu06	Chromosome1	smbu06GL001661	1657647	1657808	-	162	53	hypothetical protein	
smbu06	Chromosome1	smbu06GL001662	1658039	1658311	-	273	90	hypothetical protein	
smbu06	Chromosome1	smbu06GL001663	1658521	1659213	-	693	230	hypothetical protein	
smbu06	Chromosome1	smbu06GL001664	1659608	1660240	+	633	210	hypothetical protein	
smbu06	Chromosome1	smbu06GL001665	1660324	1661046	-	723	240	hypothetical protein	
smbu06	Chromosome1	smbu06GL001666	1661048	1661773	-	726	241	Formylaminopyrimidine import ATP-binding proteinThiZ	UniProtKB/Swiss-Prot:Q9K9G7
smbu06	Chromosome1	smbu06GL001667	1661785	1662777	-	993	330	hypothetical protein	
smbu06	Chromosome1	smbu06GL001668	1662792	1663535	-	744	247	hypothetical protein	
smbu06	Chromosome1	smbu06GL001669	1663776	1665098	-	1323	440	hypothetical protein	
smbu06	Chromosome1	smbu06GL001670	1665085	1666050	-	966	321	putative ergothioneine transport ATP-bindingprotein EgtUA	UniProtKB/Swiss-Prot:A0A0H2ZLL3
smbu06	Chromosome1	smbu06GL001671	1666047	1667585	-	1539	512	putative ergothioneine transporter EgtUBC	UniProtKB/Swiss-Prot:Q837Z8
smbu06	Chromosome1	smbu06GL001672	1667665	1667784	-	120	39	hypothetical protein	
smbu06	Chromosome1	smbu06GL001673	1668000	1668326	-	327	108	hypothetical protein	
smbu06	Chromosome1	smbu06GL001674	1668420	1669088	+	669	222	hypothetical protein	
smbu06	Chromosome1	smbu06GL001675	1669379	1670119	-	741	246	hypothetical protein	
smbu06	Chromosome1	smbu06GL001676	1670249	1671196	-	948	315	putative HTH-type transcriptional regulatorYvdE	UniProtKB/Swiss-Prot:O06987
smbu06	Chromosome1	smbu06GL001677	1671332	1672090	-	759	252	hypothetical protein	
smbu06	Chromosome1	smbu06GL001678	1672094	1672483	-	390	129	hypothetical protein	
smbu06	Chromosome1	smbu06GL001679	1672600	1673160	+	561	186	UPF0316 protein EF_1609	UniProtKB/Swiss-Prot:Q834N5
smbu06	Chromosome1	smbu06GL001680	1673308	1673940	+	633	210	hypothetical protein	
smbu06	Chromosome1	smbu06GL001681	1674361	1675242	-	882	293	hypothetical protein	
smbu06	Chromosome1	smbu06GL001682	1675424	1676350	-	927	308	putative manganese-dependent inorganicpyrophosphatase	UniProtKB/Swiss-Prot:Q834N3
smbu06	Chromosome1	smbu06GL001683	1676435	1677196	-	762	253	Pyruvate formate-lyase-activating enzyme	UniProtKB/Swiss-Prot:O68575
smbu06	Chromosome1	smbu06GL001684	1677440	1679671	-	2232	743	Formate acetyltransferase	UniProtKB/Swiss-Prot:Q8CTX6
smbu06	Chromosome1	smbu06GL001685	1679948	1682398	-	2451	816	DNA topoisomerase 4 subunit A	UniProtKB/Swiss-Prot:P72525
smbu06	Chromosome1	smbu06GL001686	1682410	1684488	-	2079	692	DNA topoisomerase 4 subunit B	UniProtKB/Swiss-Prot:H7C794
smbu06	Chromosome1	smbu06GL001687	1684621	1685064	-	444	147	Uncharacterized protein YneT	UniProtKB/Swiss-Prot:Q45065
smbu06	Chromosome1	smbu06GL001688	1685182	1685820	+	639	212	Glycerol-3-phosphate acyltransferase	UniProtKB/Swiss-Prot:Q834K7
smbu06	Chromosome1	smbu06GL001689	1685965	1686846	-	882	293	hypothetical protein	
smbu06	Chromosome1	smbu06GL001690	1686922	1687713	-	792	263	Global transcriptional regulator CodY	UniProtKB/Swiss-Prot:B1HQV3
smbu06	Chromosome1	smbu06GL001691	1687729	1689129	-	1401	466	ATP-dependent protease ATPase subunit HslU	UniProtKB/Swiss-Prot:Q834K4
smbu06	Chromosome1	smbu06GL001692	1689143	1689691	-	549	182	ATP-dependent protease subunit HslV	UniProtKB/Swiss-Prot:Q834K3
smbu06	Chromosome1	smbu06GL001693	1689727	1690671	-	945	314	Tyrosine recombinase XerC	UniProtKB/Swiss-Prot:A0AI80
smbu06	Chromosome1	smbu06GL001694	1690830	1692149	-	1320	439	Methylenetetrahydrofolate--tRNA-(uracil-5-)-methyltransferase TrmFO	UniProtKB/Swiss-Prot:Q834K1
smbu06	Chromosome1	smbu06GL001695	1692175	1694307	-	2133	710	DNA topoisomerase 1	UniProtKB/Swiss-Prot:Q9CG80
smbu06	Chromosome1	smbu06GL001696	1694375	1695235	-	861	286	DNA processing protein DprA	UniProtKB/Swiss-Prot:Q8DPI7
smbu06	Chromosome1	smbu06GL001697	1695288	1696055	-	768	255	Ribonuclease HII	UniProtKB/Swiss-Prot:Q834J7
smbu06	Chromosome1	smbu06GL001698	1696048	1696929	-	882	293	Ribosome biogenesis GTPase A	UniProtKB/Swiss-Prot:B7GGD6
smbu06	Chromosome1	smbu06GL001699	1697129	1697563	+	435	144	hypothetical protein	
smbu06	Chromosome1	smbu06GL001700	1697710	1698342	+	633	210	hypothetical protein	
smbu06	Chromosome1	smbu06GL001701	1698430	1698981	-	552	183	Signal peptidase I V	UniProtKB/Swiss-Prot:O07560
smbu06	Chromosome1	smbu06GL001702	1699131	1699331	-	201	66	UPF0346 protein EF_1680	UniProtKB/Swiss-Prot:Q834H2
smbu06	Chromosome1	smbu06GL001703	1699355	1699873	-	519	172	Peptide methionine sulfoxide reductase MsrA	UniProtKB/Swiss-Prot:B4U465
smbu06	Chromosome1	smbu06GL001704	1699893	1700636	-	744	247	hypothetical protein	
smbu06	Chromosome1	smbu06GL001705	1700612	1701505	-	894	297	hypothetical protein	
smbu06	Chromosome1	smbu06GL001706	1701662	1702504	-	843	280	DegV domain-containing protein SP_1112	UniProtKB/Swiss-Prot:Q97QT7
smbu06	Chromosome1	smbu06GL001707	1702634	1703287	+	654	217	Hemolysin-3	UniProtKB/Swiss-Prot:P54176
smbu06	Chromosome1	smbu06GL001708	1703352	1703870	-	519	172	Dihydrofolate reductase	UniProtKB/Swiss-Prot:P00380
smbu06	Chromosome1	smbu06GL001709	1703890	1704864	-	975	324	Thymidylate synthase	UniProtKB/Swiss-Prot:Q834R3
smbu06	Chromosome1	smbu06GL001710	1704849	1706732	-	1884	627	putative ABC transporter ATP-binding proteinYfmR	UniProtKB/Swiss-Prot:O06476
smbu06	Chromosome1	smbu06GL001711	1706891	1708969	-	2079	692	hypothetical protein	
smbu06	Chromosome1	smbu06GL001712	1708982	1709257	-	276	91	hypothetical protein	
smbu06	Chromosome1	smbu06GL001713	1709722	1710177	-	456	151	hypothetical protein	
smbu06	Chromosome1	smbu06GL001714	1710331	1711539	-	1209	402	CCA-adding enzyme	UniProtKB/Swiss-Prot:Q834S5
smbu06	Chromosome1	smbu06GL001715	1711536	1711670	-	135	44	hypothetical protein	
smbu06	Chromosome1	smbu06GL001716	1711651	1711983	-	333	110	Uncharacterized protein YpjD	UniProtKB/Swiss-Prot:P42979
smbu06	Chromosome1	smbu06GL001717	1712131	1713006	+	876	291	UPF0750 membrane protein YpjC	UniProtKB/Swiss-Prot:P42978
smbu06	Chromosome1	smbu06GL001718	1713084	1713665	-	582	193	UPF0302 protein EF_1554	UniProtKB/Swiss-Prot:Q834S9
smbu06	Chromosome1	smbu06GL001719	1713671	1714930	-	1260	419	hypothetical protein	
smbu06	Chromosome1	smbu06GL001720	1714932	1715978	-	1047	348	hypothetical protein	
smbu06	Chromosome1	smbu06GL001721	1716211	1716486	-	276	91	DNA-binding protein HU	UniProtKB/Swiss-Prot:P0C0H2
smbu06	Chromosome1	smbu06GL001722	1716729	1718039	-	1311	436	GTPase Der	UniProtKB/Swiss-Prot:Q834T4
smbu06	Chromosome1	smbu06GL001723	1718221	1719450	-	1230	409	Small ribosomal subunit protein bS1 homolog	UniProtKB/Swiss-Prot:P38494
smbu06	Chromosome1	smbu06GL001724	1719585	1720265	-	681	226	Cytidylate kinase	UniProtKB/Swiss-Prot:Q834T6
smbu06	Chromosome1	smbu06GL001725	1720314	1720949	-	636	211	hypothetical protein	
smbu06	Chromosome1	smbu06GL001726	1721015	1722418	-	1404	467	putative ATP-dependent DNA helicase RecS	UniProtKB/Swiss-Prot:P50729
smbu06	Chromosome1	smbu06GL001727	1722405	1723364	-	960	319	hypothetical protein	
smbu06	Chromosome1	smbu06GL001728	1723467	1723688	+	222	73	hypothetical protein	
smbu06	Chromosome1	smbu06GL001729	1723851	1724588	-	738	245	hypothetical protein	
smbu06	Chromosome1	smbu06GL001730	1724743	1726083	-	1341	446	hypothetical protein	
smbu06	Chromosome1	smbu06GL001731	1726316	1727839	-	1524	507	hypothetical protein	
smbu06	Chromosome1	smbu06GL001732	1727988	1728110	-	123	40	hypothetical protein	
smbu06	Chromosome1	smbu06GL001733	1728217	1728828	-	612	203	hypothetical protein	
smbu06	Chromosome1	smbu06GL001734	1729158	1729874	-	717	238	Ribosomal large subunit pseudouridine synthaseB	UniProtKB/Swiss-Prot:P35159
smbu06	Chromosome1	smbu06GL001735	1729875	1730450	-	576	191	Segregation and condensation protein B	UniProtKB/Swiss-Prot:Q834U3
smbu06	Chromosome1	smbu06GL001736	1730434	1731204	-	771	256	Segregation and condensation protein A	UniProtKB/Swiss-Prot:Q834U4
smbu06	Chromosome1	smbu06GL001737	1731201	1731572	-	372	123	hypothetical protein	
smbu06	Chromosome1	smbu06GL001738	1731591	1732478	-	888	295	Tyrosine recombinase XerD	UniProtKB/Swiss-Prot:P46352
smbu06	Chromosome1	smbu06GL001739	1732574	1733047	-	474	157	Ferric uptake regulation protein	UniProtKB/Swiss-Prot:P54574
smbu06	Chromosome1	smbu06GL001740	1733152	1734015	-	864	287	Uncharacterized protein YitL	UniProtKB/Swiss-Prot:O06747
smbu06	Chromosome1	smbu06GL001741	1734297	1736429	-	2133	710	hypothetical protein	
smbu06	Chromosome1	smbu06GL001742	1736519	1736635	-	117	38	hypothetical protein	
smbu06	Chromosome1	smbu06GL001743	1736646	1737755	-	1110	369	RNA polymerase sigma factor SigA	UniProtKB/Swiss-Prot:P52329
smbu06	Chromosome1	smbu06GL001744	1737778	1739661	-	1884	627	DNA primase	UniProtKB/Swiss-Prot:P52308
smbu06	Chromosome1	smbu06GL001745	1739801	1742158	-	2358	785	putative cation-transporting ATPase exp7	UniProtKB/Swiss-Prot:P35597
smbu06	Chromosome1	smbu06GL001746	1742305	1743165	-	861	286	hypothetical protein	
smbu06	Chromosome1	smbu06GL001747	1743223	1743855	-	633	210	Pneumococcal vaccine antigen A	UniProtKB/Swiss-Prot:Q9AHT6
smbu06	Chromosome1	smbu06GL001748	1744021	1744782	+	762	253	hypothetical protein	
smbu06	Chromosome1	smbu06GL001749	1744799	1747399	+	2601	866	hypothetical protein	
smbu06	Chromosome1	smbu06GL001750	1747589	1748776	-	1188	395	Elongation factor Tu	UniProtKB/Swiss-Prot:B5E653
smbu06	Chromosome1	smbu06GL001751	1749144	1749500	+	357	118	hypothetical protein	
smbu06	Chromosome1	smbu06GL001752	1749794	1750798	-	1005	334	hypothetical protein	
smbu06	Chromosome1	smbu06GL001753	1750964	1751815	+	852	283	Glyoxal reductase	UniProtKB/Swiss-Prot:O32210
smbu06	Chromosome1	smbu06GL001754	1751832	1752077	+	246	81	hypothetical protein	
smbu06	Chromosome1	smbu06GL001755	1752263	1752967	+	705	234	hypothetical protein	
smbu06	Chromosome1	smbu06GL001757	1753100	1753315	-	216	71	hypothetical protein	
smbu06	Chromosome1	smbu06GL001756	1753330	1753446	+	117	38	hypothetical protein	
smbu06	Chromosome1	smbu06GL001758	1753819	1754454	-	636	211	hypothetical protein	
smbu06	Chromosome1	smbu06GL001759	1754610	1757060	-	2451	816	Acetyl-CoA acetyltransferase	UniProtKB/Swiss-Prot:Q18AR0
smbu06	Chromosome1	smbu06GL001760	1757236	1758390	+	1155	384	Hydroxymethylglutaryl-CoA synthase	UniProtKB/Swiss-Prot:Q9FD71
smbu06	Chromosome1	smbu06GL001761	1758413	1759207	-	795	264	hypothetical protein	
smbu06	Chromosome1	smbu06GL001762	1759468	1762134	-	2667	888	Calcium-transporting ATPase lmo0841	UniProtKB/Swiss-Prot:Q8Y8Q5
smbu06	Chromosome1	smbu06GL001763	1762509	1763927	+	1419	472	Cardiolipin synthase	UniProtKB/Swiss-Prot:A0ALI7
smbu06	Chromosome1	smbu06GL001764	1764113	1764967	-	855	284	Hydroxymethylpyrimidine/phosphomethylpyrimidinekinase	UniProtKB/Swiss-Prot:P44697
smbu06	Chromosome1	smbu06GL001765	1765657	1765779	+	123	40	hypothetical protein	
smbu06	Chromosome1	smbu06GL001766	1765896	1766375	+	480	159	Global transcriptional regulator Spx	UniProtKB/Swiss-Prot:Q97Q26
smbu06	Chromosome1	smbu06GL001767	1766537	1767286	-	750	249	hypothetical protein	
smbu06	Chromosome1	smbu06GL001768	1767287	1767613	-	327	108	Uncharacterized protein X	UniProtKB/Swiss-Prot:P39044
smbu06	Chromosome1	smbu06GL001769	1767761	1768201	-	441	146	hypothetical protein	
smbu06	Chromosome1	smbu06GL001770	1768282	1769679	-	1398	465	6-phospho-beta-glucosidase GmuD	UniProtKB/Swiss-Prot:O05508
smbu06	Chromosome1	smbu06GL001771	1769832	1771103	+	1272	423	PTS system oligo-beta-mannoside-specific EIICcomponent	UniProtKB/Swiss-Prot:O05507
smbu06	Chromosome1	smbu06GL001772	1771231	1771950	+	720	239	HTH-type transcriptional regulator GmuR	UniProtKB/Swiss-Prot:O05509
smbu06	Chromosome1	smbu06GL001773	1772423	1773397	+	975	324	Putative ring-cleaving dioxygenase MhqA	UniProtKB/Swiss-Prot:O34689
smbu06	Chromosome1	smbu06GL001774	1773453	1774058	+	606	201	hypothetical protein	
smbu06	Chromosome1	smbu06GL001775	1774151	1774861	-	711	236	hypothetical protein	
smbu06	Chromosome1	smbu06GL001776	1774917	1775177	-	261	86	hypothetical protein	
smbu06	Chromosome1	smbu06GL001777	1775199	1776623	-	1425	474	hypothetical protein	
smbu06	Chromosome1	smbu06GL001778	1776631	1776855	-	225	74	hypothetical protein	
smbu06	Chromosome1	smbu06GL001779	1776942	1777400	-	459	152	hypothetical protein	
smbu06	Chromosome1	smbu06GL001780	1777623	1778414	+	792	263	hypothetical protein	
smbu06	Chromosome1	smbu06GL001781	1778380	1779333	+	954	317	hypothetical protein	
smbu06	Chromosome1	smbu06GL001782	1779556	1780530	-	975	324	Uncharacterized protein PA2218	UniProtKB/Swiss-Prot:Q01609
smbu06	Chromosome1	smbu06GL001783	1780645	1781079	+	435	144	hypothetical protein	
smbu06	Chromosome1	smbu06GL001784	1781203	1782243	-	1041	346	hypothetical protein	
smbu06	Chromosome1	smbu06GL001785	1782617	1783039	+	423	140	Arsenate reductase	UniProtKB/Swiss-Prot:A4INR2
smbu06	Chromosome1	smbu06GL001786	1783629	1784180	+	552	183	UPF0397 protein BPUM_3679	UniProtKB/Swiss-Prot:A8FJA6
smbu06	Chromosome1	smbu06GL001787	1784197	1785885	+	1689	562	Putative ABC transporter ATP-binding proteinEF_2153	UniProtKB/Swiss-Prot:Q832R5
smbu06	Chromosome1	smbu06GL001788	1785872	1786705	+	834	277	hypothetical protein	
smbu06	Chromosome1	smbu06GL001789	1786943	1788208	-	1266	421	hypothetical protein	
smbu06	Chromosome1	smbu06GL001790	1788365	1789201	-	837	278	hypothetical protein	
smbu06	Chromosome1	smbu06GL001791	1789237	1789527	-	291	96	hypothetical protein	
smbu06	Chromosome1	smbu06GL001792	1790116	1790310	+	195	64	hypothetical protein	
smbu06	Chromosome1	smbu06GL001793	1790538	1790672	+	135	44	hypothetical protein	
smbu06	Chromosome1	smbu06GL001794	1790773	1791717	-	945	314	Putative L-ribulose-5-phosphate 3-epimeraseSgbU	UniProtKB/Swiss-Prot:P37679
smbu06	Chromosome1	smbu06GL001795	1791722	1792396	-	675	224	3-keto-L-gulonate-6-phosphate decarboxylaseSgbH	UniProtKB/Swiss-Prot:P37678
smbu06	Chromosome1	smbu06GL001796	1792375	1792629	-	255	84	hypothetical protein	
smbu06	Chromosome1	smbu06GL001797	1792716	1794200	-	1485	494	hypothetical protein	
smbu06	Chromosome1	smbu06GL001798	1794220	1794654	-	435	144	hypothetical protein	
smbu06	Chromosome1	smbu06GL001799	1794646	1794762	+	117	38	hypothetical protein	
smbu06	Chromosome1	smbu06GL001800	1794748	1795767	-	1020	339	putative L-ascorbate-6-phosphate lactonase UlaG	UniProtKB/Swiss-Prot:B7LLX4
smbu06	Chromosome1	smbu06GL001801	1795952	1796755	+	804	267	hypothetical protein	
smbu06	Chromosome1	smbu06GL001802	1796922	1798358	-	1437	478	Aryl-phospho-beta-D-glucosidase BglA	UniProtKB/Swiss-Prot:P42973
smbu06	Chromosome1	smbu06GL001803	1798355	1799770	-	1416	471	hypothetical protein	
smbu06	Chromosome1	smbu06GL001804	1799945	1800706	-	762	253	hypothetical protein	
smbu06	Chromosome1	smbu06GL001805	1800768	1801127	-	360	119	hypothetical protein	
smbu06	Chromosome1	smbu06GL001806	1801299	1802069	+	771	256	hypothetical protein	
smbu06	Chromosome1	smbu06GL001807	1802239	1803807	+	1569	522	PTS system maltose-specific EIICB component	UniProtKB/Swiss-Prot:P19642
smbu06	Chromosome1	smbu06GL001808	1803819	1805015	+	1197	398	Protein MalY	UniProtKB/Swiss-Prot:P23256
smbu06	Chromosome1	smbu06GL001809	1805106	1805933	-	828	275	hypothetical protein	
smbu06	Chromosome1	smbu06GL001810	1806064	1806573	-	510	169	hypothetical protein	
smbu06	Chromosome1	smbu06GL001811	1806668	1807066	-	399	132	hypothetical protein	
smbu06	Chromosome1	smbu06GL001812	1807269	1807514	-	246	81	hypothetical protein	
smbu06	Chromosome1	smbu06GL001813	1807529	1808842	-	1314	437	hypothetical protein	
smbu06	Chromosome1	smbu06GL001814	1816235	1817647	-	1413	470	hypothetical protein	UniProtKB/Swiss-Prot:Q49XM6
smbu06	Chromosome1	smbu06GL001815	1817737	1818423	-	687	228	Response regulator ArlR	UniProtKB/Swiss-Prot:Q49XM7
smbu06	Chromosome1	smbu06GL001816	1818615	1820036	-	1422	473	6-phosphogluconate dehydrogenase,decarboxylating	UniProtKB/Swiss-Prot:Q9CHU6
smbu06	Chromosome1	smbu06GL001817	1820206	1820385	-	180	59	Large ribosomal subunit protein bL32C	UniProtKB/Swiss-Prot:Q836R0
smbu06	Chromosome1	smbu06GL001818	1820443	1820892	-	450	149	hypothetical protein	
smbu06	Chromosome1	smbu06GL001819	1821189	1822103	+	915	304	hypothetical protein	
smbu06	Chromosome1	smbu06GL001820	1822134	1823918	-	1785	594	Pyruvate kinase	UniProtKB/Swiss-Prot:P34038
smbu06	Chromosome1	smbu06GL001821	1823992	1824954	-	963	320	ATP-dependent 6-phosphofructokinase	UniProtKB/Swiss-Prot:Q836R3
smbu06	Chromosome1	smbu06GL001822	1825122	1828433	-	3312	1103	DNA polymerase III subunit alpha	UniProtKB/Swiss-Prot:Q9F1K0
smbu06	Chromosome1	smbu06GL001823	1828663	1828848	+	186	61	hypothetical protein	
smbu06	Chromosome1	smbu06GL001824	1828909	1830105	-	1197	398	Multi-drug resistance efflux pump PmrA homolog	UniProtKB/Swiss-Prot:P58120
smbu06	Chromosome1	smbu06GL001825	1830275	1831723	-	1449	482	Putative permease MJ0326	UniProtKB/Swiss-Prot:Q57772
smbu06	Chromosome1	smbu06GL001826	1831983	1832816	+	834	277	hypothetical protein	
smbu06	Chromosome1	smbu06GL001827	1833120	1835273	-	2154	717	Penicillin-binding protein 2B	UniProtKB/Swiss-Prot:A0A0H2ZQ75
smbu06	Chromosome1	smbu06GL001828	1835306	1835422	-	117	38	hypothetical protein	
smbu06	Chromosome1	smbu06GL001829	1835579	1836400	-	822	273	hypothetical protein	
smbu06	Chromosome1	smbu06GL001830	1836649	1838592	-	1944	647	Threonine--tRNA ligase	UniProtKB/Swiss-Prot:Q830D0
smbu06	Chromosome1	smbu06GL001831	1838589	1838702	-	114	37	hypothetical protein	
smbu06	Chromosome1	smbu06GL001832	1838928	1839143	-	216	71	putative tautomerase EF_2859	UniProtKB/Swiss-Prot:Q830C9
smbu06	Chromosome1	smbu06GL001833	1839154	1840977	-	1824	607	hypothetical protein	
smbu06	Chromosome1	smbu06GL001834	1841255	1843534	+	2280	759	hypothetical protein	
smbu06	Chromosome1	smbu06GL001835	1843617	1844264	-	648	215	hypothetical protein	
smbu06	Chromosome1	smbu06GL001836	1844443	1845162	-	720	239	putative transcriptional regulatory proteinEF_2866	UniProtKB/Swiss-Prot:Q830C3
smbu06	Chromosome1	smbu06GL001837	1845293	1846444	-	1152	383	tRNA(Met) cytidine acetate ligase	UniProtKB/Swiss-Prot:Q830C2
smbu06	Chromosome1	smbu06GL001838	1846664	1847404	-	741	246	Putative methyltransferase GWCH70_2453	UniProtKB/Swiss-Prot:C5D4V7
smbu06	Chromosome1	smbu06GL001839	1847406	1847666	-	261	86	Ribosomal silencing factor RsfS	UniProtKB/Swiss-Prot:P54457
smbu06	Chromosome1	smbu06GL001840	1847787	1848374	-	588	195	Bis(5'-nucleosyl)-tetraphosphatase, symmetrical	UniProtKB/Swiss-Prot:Q8DY32
smbu06	Chromosome1	smbu06GL001841	1848364	1849014	-	651	216	putative nicotinate-nucleotideadenylyltransferase	UniProtKB/Swiss-Prot:Q830B9
smbu06	Chromosome1	smbu06GL001842	1849024	1849335	-	312	103	putative RNA-binding protein YqeI	UniProtKB/Swiss-Prot:P54454
smbu06	Chromosome1	smbu06GL001843	1849351	1850460	-	1110	369	Uncharacterized protein YqeH	UniProtKB/Swiss-Prot:P54453
smbu06	Chromosome1	smbu06GL001844	1850457	1850984	-	528	175	putative phosphatase YqeG	UniProtKB/Swiss-Prot:P54452
smbu06	Chromosome1	smbu06GL001845	1851212	1851997	-	786	261	Acetyl-coenzyme A carboxylase carboxyltransferase subunit alpha	UniProtKB/Swiss-Prot:Q830B5
smbu06	Chromosome1	smbu06GL001846	1851990	1852859	-	870	289	Acetyl-coenzyme A carboxylase carboxyltransferase subunit beta	UniProtKB/Swiss-Prot:Q830B4
smbu06	Chromosome1	smbu06GL001847	1852860	1854239	-	1380	459	Biotin carboxylase 1	UniProtKB/Swiss-Prot:P49787
smbu06	Chromosome1	smbu06GL001848	1854247	1854666	-	420	139	3-hydroxyacyl-[acyl-carrier-protein] dehydrataseFabZ	UniProtKB/Swiss-Prot:Q820T5
smbu06	Chromosome1	smbu06GL001849	1854691	1855167	-	477	158	Biotin carboxyl carrier protein of acetyl-CoAcarboxylase	UniProtKB/Swiss-Prot:Q5XAE6
smbu06	Chromosome1	smbu06GL001850	1855170	1856405	-	1236	411	3-oxoacyl-[acyl-carrier-protein] synthase 2	UniProtKB/Swiss-Prot:O34340
smbu06	Chromosome1	smbu06GL001851	1856424	1857161	-	738	245	3-oxoacyl-[acyl-carrier-protein] reductase FabG	UniProtKB/Swiss-Prot:P0A0I0
smbu06	Chromosome1	smbu06GL001852	1857173	1858102	-	930	309	Malonyl CoA-acyl carrier protein transacylase	UniProtKB/Swiss-Prot:P71019
smbu06	Chromosome1	smbu06GL001853	1858197	1858421	-	225	74	Acyl carrier protein	UniProtKB/Swiss-Prot:Q5M183
smbu06	Chromosome1	smbu06GL001854	1858475	1859437	-	963	320	Beta-ketoacyl-[acyl-carrier-protein] synthaseIII	UniProtKB/Swiss-Prot:Q820T1
smbu06	Chromosome1	smbu06GL001855	1859447	1859887	-	441	146	hypothetical protein	
smbu06	Chromosome1	smbu06GL001856	1860193	1861158	+	966	321	hypothetical protein	
smbu06	Chromosome1	smbu06GL001857	1861215	1861400	-	186	61	hypothetical protein	
smbu06	Chromosome1	smbu06GL001858	1861531	1862418	-	888	295	putative oxidoreductase YkwC	UniProtKB/Swiss-Prot:O34948
smbu06	Chromosome1	smbu06GL001859	1862507	1863730	-	1224	407	Alpha-monoglucosyldiacylglycerol synthase	UniProtKB/Swiss-Prot:Q8CWR6
smbu06	Chromosome1	smbu06GL001860	1863747	1864793	-	1047	348	Processive diacylglycerolalpha-glucosyltransferase	UniProtKB/Swiss-Prot:Q8KQL6
smbu06	Chromosome1	smbu06GL001861	1864964	1866691	-	1728	575	Phosphoenolpyruvate-protein phosphotransferase	UniProtKB/Swiss-Prot:P23530
smbu06	Chromosome1	smbu06GL001862	1866691	1866957	-	267	88	Phosphocarrier protein HPr	UniProtKB/Swiss-Prot:P07515
smbu06	Chromosome1	smbu06GL001863	1867434	1869668	+	2235	744	ATP-dependent Clp protease ATP-binding subunitClpE	UniProtKB/Swiss-Prot:Q9CI09
smbu06	Chromosome1	smbu06GL001864	1869952	1870272	+	321	106	hypothetical protein	
smbu06	Chromosome1	smbu06GL001865	1870313	1870564	-	252	83	hypothetical protein	
smbu06	Chromosome1	smbu06GL001866	1870855	1872435	-	1581	526	Peptide chain release factor 3	UniProtKB/Swiss-Prot:Q837X4
smbu06	Chromosome1	smbu06GL001867	1872832	1874208	-	1377	458	hypothetical protein	
smbu06	Chromosome1	smbu06GL001868	1874336	1875424	-	1089	362	Putative transport protein YueF	UniProtKB/Swiss-Prot:O32095
smbu06	Chromosome1	smbu06GL001869	1875596	1876030	+	435	144	hypothetical protein	
smbu06	Chromosome1	smbu06GL001870	1876111	1876644	-	534	177	Nucleoside triphosphate/diphosphate phosphatase	UniProtKB/Swiss-Prot:Q837X8
smbu06	Chromosome1	smbu06GL001871	1876738	1877916	-	1179	392	Adenine DNA glycosylase	UniProtKB/Swiss-Prot:O31584
smbu06	Chromosome1	smbu06GL001872	1877909	1878706	-	798	265	Regulatory protein RecX	UniProtKB/Swiss-Prot:Q830R7
smbu06	Chromosome1	smbu06GL001873	1878813	1880195	+	1383	460	putative RNA methyltransferase EF_2706	UniProtKB/Swiss-Prot:Q830R6
smbu06	Chromosome1	smbu06GL001874	1880367	1880975	-	609	202	Lytic chitin monooxygenase	UniProtKB/Swiss-Prot:Q838S1
smbu06	Chromosome1	smbu06GL001875	1881103	1882650	-	1548	515	hypothetical protein	
smbu06	Chromosome1	smbu06GL001876	1882927	1883397	+	471	156	hypothetical protein	
smbu06	Chromosome1	smbu06GL001877	1883515	1884546	-	1032	343	Polyisoprenyl-teichoic acid--peptidoglycanteichoic acid transferase TagU	UniProtKB/Swiss-Prot:Q836A6
smbu06	Chromosome1	smbu06GL001878	1884563	1885048	+	486	161	hypothetical protein	
smbu06	Chromosome1	smbu06GL001879	1885099	1886559	-	1461	486	hypothetical protein	
smbu06	Chromosome1	smbu06GL001880	1886627	1886866	-	240	79	hypothetical protein	
smbu06	Chromosome1	smbu06GL001881	1886872	1888551	-	1680	559	hypothetical protein	
smbu06	Chromosome1	smbu06GL001882	1888660	1890906	-	2247	748	hypothetical protein	
smbu06	Chromosome1	smbu06GL001883	1891443	1892228	+	786	261	hypothetical protein	
smbu06	Chromosome1	smbu06GL001884	1892229	1892891	+	663	220	hypothetical protein	
smbu06	Chromosome1	smbu06GL001885	1892941	1893141	-	201	66	Cold shock-like protein CspD	UniProtKB/Swiss-Prot:Q816H3
smbu06	Chromosome1	smbu06GL001886	1893275	1893883	-	609	202	Superoxide dismutase [Fe]	UniProtKB/Swiss-Prot:Q838I4
smbu06	Chromosome1	smbu06GL001887	1893966	1894436	-	471	156	Cell wall teichoic acid glycosylation proteinGtcA	UniProtKB/Swiss-Prot:P58412
smbu06	Chromosome1	smbu06GL001888	1894513	1895451	-	939	312	hypothetical protein	
smbu06	Chromosome1	smbu06GL001889	1895657	1896346	+	690	229	hypothetical protein	
smbu06	Chromosome1	smbu06GL001890	1896565	1897512	+	948	315	hypothetical protein	
smbu06	Chromosome1	smbu06GL001891	1897572	1897865	-	294	97	hypothetical protein	
smbu06	Chromosome1	smbu06GL001892	1897882	1898547	-	666	221	Ktr system potassium uptake protein C	UniProtKB/Swiss-Prot:P39760
smbu06	Chromosome1	smbu06GL001893	1898791	1900881	-	2091	696	hypothetical protein	
smbu06	Chromosome1	smbu06GL001894	1900884	1901903	-	1020	339	hypothetical protein	
smbu06	Chromosome1	smbu06GL001895	1902080	1902712	-	633	210	Response regulator protein VraR	UniProtKB/Swiss-Prot:P0C0Z1
smbu06	Chromosome1	smbu06GL001896	1902719	1903783	-	1065	354	hypothetical protein	
smbu06	Chromosome1	smbu06GL001897	1903783	1904538	-	756	251	hypothetical protein	
smbu06	Chromosome1	smbu06GL001898	1904683	1905162	-	480	159	Transcription elongation factor GreA	UniProtKB/Swiss-Prot:Q65GT4
smbu06	Chromosome1	smbu06GL001899	1905297	1906472	-	1176	391	Endolytic murein transglycosylase	UniProtKB/Swiss-Prot:A0A0H2ZLQ1
smbu06	Chromosome1	smbu06GL001900	1906637	1907797	+	1161	386	hypothetical protein	
smbu06	Chromosome1	smbu06GL001901	1907836	1908792	-	957	318	hypothetical protein	
smbu06	Chromosome1	smbu06GL001902	1908917	1910308	-	1392	463	hypothetical protein	
smbu06	Chromosome1	smbu06GL001903	1910433	1910843	+	411	136	Glycerol-3-phosphate cytidylyltransferase	UniProtKB/Swiss-Prot:P27623
smbu06	Chromosome1	smbu06GL001904	1911217	1911432	+	216	71	hypothetical protein	
smbu06	Chromosome1	smbu06GL001905	1911623	1911889	+	267	88	hypothetical protein	
smbu06	Chromosome1	smbu06GL001906	1912379	1913806	-	1428	475	hypothetical protein	
smbu06	Chromosome1	smbu06GL001907	1913803	1914945	-	1143	380	hypothetical protein	
smbu06	Chromosome1	smbu06GL001908	1914949	1915953	-	1005	334	hypothetical protein	
smbu06	Chromosome1	smbu06GL001909	1916058	1916924	-	867	288	hypothetical protein	
smbu06	Chromosome1	smbu06GL001910	1917019	1917849	-	831	276	putative glycosyltransferase HI_1695	UniProtKB/Swiss-Prot:Q48215
smbu06	Chromosome1	smbu06GL001911	1917887	1919278	-	1392	463	hypothetical protein	
smbu06	Chromosome1	smbu06GL001912	1919481	1921619	-	2139	712	Uncharacterized protein y4gI	UniProtKB/Swiss-Prot:P55465
smbu06	Chromosome1	smbu06GL001913	1921658	1923244	-	1587	528	hypothetical protein	
smbu06	Chromosome1	smbu06GL001914	1923234	1924454	-	1221	406	Teichoic acids export ATP-binding protein TagH	UniProtKB/Swiss-Prot:Q630Y3
smbu06	Chromosome1	smbu06GL001915	1924466	1925317	-	852	283	hypothetical protein	
smbu06	Chromosome1	smbu06GL001916	1925481	1926761	-	1281	426	hypothetical protein	
smbu06	Chromosome1	smbu06GL001917	1926805	1928838	-	2034	677	hypothetical protein	
smbu06	Chromosome1	smbu06GL001918	1928873	1929724	-	852	283	Spore coat polysaccharide biosynthesis proteinSpsK	UniProtKB/Swiss-Prot:P39631
smbu06	Chromosome1	smbu06GL001919	1929822	1930850	-	1029	342	dTDP-glucose 4,6-dehydratase	UniProtKB/Swiss-Prot:P95780
smbu06	Chromosome1	smbu06GL001920	1930872	1931444	-	573	190	dTDP-4-dehydrorhamnose 3,5-epimerase	UniProtKB/Swiss-Prot:P37745
smbu06	Chromosome1	smbu06GL001921	1931458	1932324	-	867	288	Glucose-1-phosphate thymidylyltransferase	UniProtKB/Swiss-Prot:P95778
smbu06	Chromosome1	smbu06GL001922	1932424	1933077	-	654	217	hypothetical protein	
smbu06	Chromosome1	smbu06GL001923	1933136	1933963	-	828	275	hypothetical protein	
smbu06	Chromosome1	smbu06GL001924	1933963	1934763	-	801	266	hypothetical protein	
smbu06	Chromosome1	smbu06GL001925	1934756	1935796	-	1041	346	putative undecaprenyl-phosphateN-acetylglucosaminyl 1-phosphate transferase	UniProtKB/Swiss-Prot:O34753
smbu06	Chromosome1	smbu06GL001926	1935971	1936894	-	924	307	hypothetical protein	
smbu06	Chromosome1	smbu06GL001927	1936926	1937690	-	765	254	Methionine aminopeptidase A	UniProtKB/Swiss-Prot:P53579
smbu06	Chromosome1	smbu06GL001928	1937848	1938288	+	441	146	hypothetical protein	
smbu06	Chromosome1	smbu06GL001929	1938464	1939033	-	570	189	hypothetical protein	
smbu06	Chromosome1	smbu06GL001930	1939289	1940521	+	1233	410	Aminopeptidase PepS	UniProtKB/Swiss-Prot:Q9X4A7
smbu06	Chromosome1	smbu06GL001931	1940668	1941222	-	555	184	hypothetical protein	
smbu06	Chromosome1	smbu06GL001932	1942077	1942241	+	165	54	hypothetical protein	
smbu06	Chromosome1	smbu06GL001933	1942313	1943494	-	1182	393	hypothetical protein	
smbu06	Chromosome1	smbu06GL001934	1943618	1944031	-	414	137	hypothetical protein	
smbu06	Chromosome1	smbu06GL001935	1944031	1944240	-	210	69	hypothetical protein	
smbu06	Chromosome1	smbu06GL001936	1944245	1944490	-	246	81	hypothetical protein	
smbu06	Chromosome1	smbu06GL001937	1944534	1945994	-	1461	486	PTS system cellobiose-specific EIIC component	UniProtKB/Swiss-Prot:Q9CJ32
smbu06	Chromosome1	smbu06GL001938	1946102	1946422	-	321	106	Lichenan-specific phosphotransferase enzyme IIAcomponent	UniProtKB/Swiss-Prot:P46319
smbu06	Chromosome1	smbu06GL001939	1946451	1946777	-	327	108	PTS system galactose-specific EIIB component	UniProtKB/Swiss-Prot:A2RIE6
smbu06	Chromosome1	smbu06GL001940	1946920	1949622	-	2703	900	hypothetical protein	
smbu06	Chromosome1	smbu06GL001941	1949685	1950962	-	1278	425	putative ATP-dependent RNA helicase YfmL	UniProtKB/Swiss-Prot:O34750
smbu06	Chromosome1	smbu06GL001942	1950962	1951975	-	1014	337	hypothetical protein	
smbu06	Chromosome1	smbu06GL001943	1951991	1952719	-	729	242	Sugar fermentation stimulation protein homolog	UniProtKB/Swiss-Prot:P58430
smbu06	Chromosome1	smbu06GL001944	1952743	1952871	+	129	42	hypothetical protein	
smbu06	Chromosome1	smbu06GL001945	1952884	1953225	+	342	113	hypothetical protein	
smbu06	Chromosome1	smbu06GL001946	1953399	1954046	+	648	215	hypothetical protein	
smbu06	Chromosome1	smbu06GL001947	1954061	1955587	+	1527	508	Glucose-6-phosphate 1-dehydrogenase	UniProtKB/Swiss-Prot:O54537
smbu06	Chromosome1	smbu06GL001948	1955636	1958434	-	2799	932	Isoleucine--tRNA ligase	UniProtKB/Swiss-Prot:Q836V1
smbu06	Chromosome1	smbu06GL001949	1958695	1959402	-	708	235	Cell division protein DivIVA	UniProtKB/Swiss-Prot:Q8CWP9
smbu06	Chromosome1	smbu06GL001950	1959423	1960205	-	783	260	Putative RNA-binding protein YlmH	UniProtKB/Swiss-Prot:P71020
smbu06	Chromosome1	smbu06GL001951	1960254	1960475	-	222	73	hypothetical protein	
smbu06	Chromosome1	smbu06GL001952	1960556	1961155	-	600	199	Cell division protein SepF	UniProtKB/Swiss-Prot:Q836V4
smbu06	Chromosome1	smbu06GL001953	1961169	1961846	-	678	225	Pyridoxal phosphate homeostasis protein	UniProtKB/Swiss-Prot:O31727
smbu06	Chromosome1	smbu06GL001954	1961863	1963104	-	1242	413	Cell division protein FtsZ	UniProtKB/Swiss-Prot:O08458
smbu06	Chromosome1	smbu06GL001955	1963127	1964452	-	1326	441	Cell division protein FtsA	UniProtKB/Swiss-Prot:O07672
smbu06	Chromosome1	smbu06GL001956	1964608	1965840	-	1233	410	hypothetical protein	
smbu06	Chromosome1	smbu06GL001957	1965855	1966943	-	1089	362	UDP-N-acetylglucosamine--N-acetylmuramyl-(pentapeptide) pyrophosphoryl-undecaprenolN-acetylglucosamine transferase	UniProtKB/Swiss-Prot:O07670
smbu06	Chromosome1	smbu06GL001958	1966969	1968330	-	1362	453	UDP-N-acetylmuramoylalanine--D-glutamate ligase	UniProtKB/Swiss-Prot:O07669
smbu06	Chromosome1	smbu06GL001959	1968344	1969306	-	963	320	Phospho-N-acetylmuramoyl-pentapeptide-transferase	UniProtKB/Swiss-Prot:O07668
smbu06	Chromosome1	smbu06GL001960	1969332	1971494	-	2163	720	Penicillin-binding protein 2X	UniProtKB/Swiss-Prot:P59676
smbu06	Chromosome1	smbu06GL001961	1971525	1971929	-	405	134	Cell division protein FtsL	UniProtKB/Swiss-Prot:F3Y9Q5
smbu06	Chromosome1	smbu06GL001962	1971931	1972890	-	960	319	Ribosomal RNA small subunit methyltransferase H	UniProtKB/Swiss-Prot:O07665
smbu06	Chromosome1	smbu06GL001963	1972911	1973342	-	432	143	Transcriptional regulator MraZ	UniProtKB/Swiss-Prot:O34913
smbu06	Chromosome1	smbu06GL001964	1973512	1973757	-	246	81	hypothetical protein	
smbu06	Chromosome1	smbu06GL001965	1973994	1975007	+	1014	337	hypothetical protein	
smbu06	Chromosome1	smbu06GL001966	1975080	1975196	+	117	38	hypothetical protein	
smbu06	Chromosome1	smbu06GL001967	1975252	1976934	-	1683	560	DNA repair protein RecN	UniProtKB/Swiss-Prot:P17894
smbu06	Chromosome1	smbu06GL001968	1976952	1977401	-	450	149	Arginine repressor	UniProtKB/Swiss-Prot:Q8VL04
smbu06	Chromosome1	smbu06GL001969	1977508	1978326	-	819	272	Putative rRNA methyltransferase YqxC	UniProtKB/Swiss-Prot:P19672
smbu06	Chromosome1	smbu06GL001970	1978335	1979225	-	891	296	Farnesyl diphosphate synthase	UniProtKB/Swiss-Prot:Q08291
smbu06	Chromosome1	smbu06GL001971	1979227	1979451	-	225	74	Exodeoxyribonuclease 7 small subunit	UniProtKB/Swiss-Prot:Q836W5
smbu06	Chromosome1	smbu06GL001972	1979456	1980793	-	1338	445	Exodeoxyribonuclease 7 large subunit	UniProtKB/Swiss-Prot:Q836W6
smbu06	Chromosome1	smbu06GL001973	1980794	1981648	-	855	284	Bifunctional protein FolD	UniProtKB/Swiss-Prot:Q836W7
smbu06	Chromosome1	smbu06GL001974	1981745	1982194	-	450	149	Transcription antitermination protein NusB	UniProtKB/Swiss-Prot:Q836W8
smbu06	Chromosome1	smbu06GL001975	1982187	1982612	-	426	141	Uncharacterized protein YqhY	UniProtKB/Swiss-Prot:P54519
smbu06	Chromosome1	smbu06GL001976	1982859	1983923	-	1065	354	putative peptidase YqhT	UniProtKB/Swiss-Prot:P54518
smbu06	Chromosome1	smbu06GL001977	1984096	1984341	-	246	81	hypothetical protein	
smbu06	Chromosome1	smbu06GL001978	1984479	1984853	-	375	124	hypothetical protein	
smbu06	Chromosome1	smbu06GL001979	1984936	1985868	-	933	310	PTS system mannose-specific EIID component	UniProtKB/Swiss-Prot:P69807
smbu06	Chromosome1	smbu06GL001980	1985871	1986674	-	804	267	PTS system mannose-specific EIIC component	UniProtKB/Swiss-Prot:P69803
smbu06	Chromosome1	smbu06GL001981	1986707	1987696	-	990	329	PTS system mannose-specific EIIAB component	UniProtKB/Swiss-Prot:Q5XAF5
smbu06	Chromosome1	smbu06GL001982	1987799	1988290	-	492	163	PTS system mannose-specific EIIAB component	UniProtKB/Swiss-Prot:P69799
smbu06	Chromosome1	smbu06GL001983	1988481	1991288	-	2808	935	hypothetical protein	
smbu06	Chromosome1	smbu06GL001984	1991443	1991556	+	114	37	hypothetical protein	
smbu06	Chromosome1	smbu06GL001985	1991723	1992004	-	282	93	Large ribosomal subunit protein bL27	UniProtKB/Swiss-Prot:Q836X4
smbu06	Chromosome1	smbu06GL001986	1992029	1992373	-	345	114	hypothetical protein	
smbu06	Chromosome1	smbu06GL001987	1992401	1992709	-	309	102	Large ribosomal subunit protein bL21	UniProtKB/Swiss-Prot:Q836X6
smbu06	Chromosome1	smbu06GL001988	1992995	1993636	+	642	213	hypothetical protein	
smbu06	Chromosome1	smbu06GL001989	1993698	1995329	-	1632	543	hypothetical protein	
smbu06	Chromosome1	smbu06GL001990	1995450	1995902	-	453	150	Uncharacterized protein YpaA	UniProtKB/Swiss-Prot:Q02009
smbu06	Chromosome1	smbu06GL001991	1996353	1997036	-	684	227	hypothetical protein	
smbu06	Chromosome1	smbu06GL001992	1997164	1997691	-	528	175	hypothetical protein	
smbu06	Chromosome1	smbu06GL001993	1997974	1999737	+	1764	587	hypothetical protein	
smbu06	Chromosome1	smbu06GL001994	1999784	2000788	-	1005	334	Lipoate-protein ligase LplJ	UniProtKB/Swiss-Prot:O07608
smbu06	Chromosome1	smbu06GL001995	2000799	2001542	-	744	247	putative metallo-hydrolase YhfI	UniProtKB/Swiss-Prot:O07607
smbu06	Chromosome1	smbu06GL001996	2001609	2002412	-	804	267	hypothetical protein	
smbu06	Chromosome1	smbu06GL001997	2002412	2003494	-	1083	360	Putative aminopeptidase YsdC	UniProtKB/Swiss-Prot:P94521
smbu06	Chromosome1	smbu06GL001998	2003636	2004901	-	1266	421	Protein DltD	UniProtKB/Swiss-Prot:P55154
smbu06	Chromosome1	smbu06GL001999	2004904	2005137	-	234	77	D-alanyl carrier protein	UniProtKB/Swiss-Prot:Q830N2
smbu06	Chromosome1	smbu06GL002000	2005182	2006384	-	1203	400	Teichoic acid D-alanyltransferase	UniProtKB/Swiss-Prot:P35855
smbu06	Chromosome1	smbu06GL002001	2006384	2007898	-	1515	504	D-alanine--D-alanyl carrier protein ligase	UniProtKB/Swiss-Prot:Q88VM6
smbu06	Chromosome1	smbu06GL002002	2007909	2008058	-	150	49	hypothetical protein	
smbu06	Chromosome1	smbu06GL002003	2008128	2008343	-	216	71	hypothetical protein	
smbu06	Chromosome1	smbu06GL002004	2008464	2010506	-	2043	680	hypothetical protein	
smbu06	Chromosome1	smbu06GL002005	2010496	2011299	-	804	267	Bacitracin export ATP-binding protein BceA	UniProtKB/Swiss-Prot:Q9K619
smbu06	Chromosome1	smbu06GL002006	2011583	2013772	+	2190	729	Anaerobic ribonucleoside-triphosphate reductase	UniProtKB/Swiss-Prot:P28903
smbu06	Chromosome1	smbu06GL002007	2014210	2014812	+	603	200	Anaerobic ribonucleoside-triphosphatereductase-activating protein	UniProtKB/Swiss-Prot:Q9CM94
smbu06	Chromosome1	smbu06GL002008	2014866	2015987	-	1122	373	DNA polymerase IV	UniProtKB/Swiss-Prot:A4VZ21
smbu06	Chromosome1	smbu06GL002009	2016096	2016968	-	873	290	Ribosomal RNA small subunit methyltransferase I	UniProtKB/Swiss-Prot:Q9A186
smbu06	Chromosome1	smbu06GL002010	2017037	2017384	-	348	115	Initiation-control protein YabA	UniProtKB/Swiss-Prot:Q830M0
smbu06	Chromosome1	smbu06GL002011	2017377	2018207	-	831	276	Stage 0 sporulation protein YaaT	UniProtKB/Swiss-Prot:P37541
smbu06	Chromosome1	smbu06GL002012	2018237	2019175	-	939	312	DNA polymerase III subunit delta'	UniProtKB/Swiss-Prot:P37540
smbu06	Chromosome1	smbu06GL002013	2019189	2019518	-	330	109	Cyclic di-AMP receptor A	UniProtKB/Swiss-Prot:P37538
smbu06	Chromosome1	smbu06GL002014	2019533	2020177	-	645	214	Thymidylate kinase	UniProtKB/Swiss-Prot:Q830L6
smbu06	Chromosome1	smbu06GL002015	2020241	2020837	-	597	198	Recombination protein RecR	UniProtKB/Swiss-Prot:Q830L4
smbu06	Chromosome1	smbu06GL002016	2020862	2021176	-	315	104	Nucleoid-associated protein EF_2780	UniProtKB/Swiss-Prot:Q830K2
smbu06	Chromosome1	smbu06GL002017	2021197	2022942	-	1746	581	DNA polymerase III subunit gamma/tau	UniProtKB/Swiss-Prot:P09122
smbu06	Chromosome1	smbu06GL002018	2023124	2024404	+	1281	426	hypothetical protein	
smbu06	Chromosome1	smbu06GL002019	2024420	2025613	+	1194	397	hypothetical protein	
smbu06	Chromosome1	smbu06GL002020	2025610	2026407	+	798	265	hypothetical protein	
smbu06	Chromosome1	smbu06GL002021	2026418	2026633	+	216	71	hypothetical protein	
smbu06	Chromosome1	smbu06GL002022	2026790	2027485	-	696	231	Lactate racemization regulatory protein	UniProtKB/Swiss-Prot:F9USS8
smbu06	Chromosome1	smbu06GL002023	2027639	2027917	+	279	92	hypothetical protein	
smbu06	Chromosome1	smbu06GL002024	2027936	2029144	+	1209	402	hypothetical protein	
smbu06	Chromosome1	smbu06GL002025	2029221	2029595	-	375	124	hypothetical protein	
smbu06	Chromosome1	smbu06GL002026	2029743	2029964	-	222	73	hypothetical protein	
smbu06	Chromosome1	smbu06GL002027	2029957	2031207	-	1251	416	hypothetical protein	
smbu06	Chromosome1	smbu06GL002028	2031932	2032240	-	309	102	hypothetical protein	
smbu06	Chromosome1	smbu06GL002029	2032283	2032858	-	576	191	hypothetical protein	
smbu06	Chromosome1	smbu06GL002030	2032892	2033302	-	411	136	hypothetical protein	
smbu06	Chromosome1	smbu06GL002031	2033315	2034028	-	714	237	hypothetical protein	
smbu06	Chromosome1	smbu06GL002032	2034195	2034524	-	330	109	hypothetical protein	
smbu06	Chromosome1	smbu06GL002033	2034890	2035204	-	315	104	hypothetical protein	
smbu06	Chromosome1	smbu06GL002034	2035507	2036478	+	972	323	hypothetical protein	
smbu06	Chromosome1	smbu06GL002035	2036570	2036833	-	264	87	Large ribosomal subunit protein bL31B	UniProtKB/Swiss-Prot:Q836E3
smbu06	Chromosome1	smbu06GL002036	2036932	2038227	-	1296	431	Transcription termination factor Rho	UniProtKB/Swiss-Prot:Q03222
smbu06	Chromosome1	smbu06GL002037	2038224	2039495	-	1272	423	UDP-N-acetylglucosamine1-carboxyvinyltransferase 1	UniProtKB/Swiss-Prot:Q836E5
smbu06	Chromosome1	smbu06GL002038	2039660	2040529	-	870	289	Fructose-bisphosphate aldolase	UniProtKB/Swiss-Prot:P0CZ58
smbu06	Chromosome1	smbu06GL002039	2040632	2040844	+	213	70	hypothetical protein	
smbu06	Chromosome1	smbu06GL002040	2040821	2042431	-	1611	536	CTP synthase	UniProtKB/Swiss-Prot:Q836G5
smbu06	Chromosome1	smbu06GL002041	2042966	2044306	-	1341	446	Glutamine synthetase	UniProtKB/Swiss-Prot:P60890
smbu06	Chromosome1	smbu06GL002042	2044334	2044726	-	393	130	HTH-type transcriptional regulator GlnR	UniProtKB/Swiss-Prot:P37582
smbu06	Chromosome1	smbu06GL002043	2044939	2046168	-	1230	409	GTPase HflX	UniProtKB/Swiss-Prot:P94478
smbu06	Chromosome1	smbu06GL002044	2046170	2047087	-	918	305	tRNA dimethylallyltransferase	UniProtKB/Swiss-Prot:Q820U0
smbu06	Chromosome1	smbu06GL002045	2047091	2047828	-	738	245	Glycerophosphodiester phosphodiesterase	UniProtKB/Swiss-Prot:A0A8F4N283
smbu06	Chromosome1	smbu06GL002046	2047919	2048416	-	498	165	hypothetical protein	
smbu06	Chromosome1	smbu06GL002047	2048626	2049219	+	594	197	ATP-dependent Clp protease proteolytic subunit	UniProtKB/Swiss-Prot:Q837R0
smbu06	Chromosome1	smbu06GL002048	2049321	2049806	-	486	161	Carbonic anhydrase	UniProtKB/Swiss-Prot:Q5KW03
smbu06	Chromosome1	smbu06GL002049	2049956	2050153	-	198	65	hypothetical protein	
smbu06	Chromosome1	smbu06GL002050	2050248	2052008	-	1761	586	Fatty acid ABC transporter ATP-binding/permeaseprotein	UniProtKB/Swiss-Prot:P63398
smbu06	Chromosome1	smbu06GL002051	2052005	2053711	-	1707	568	hypothetical protein	UniProtKB/Swiss-Prot:P9WQJ0
smbu06	Chromosome1	smbu06GL002052	2054128	2054340	+	213	70	DNA-directed RNA polymerase subunit epsilon	UniProtKB/Swiss-Prot:Q82ZX4
smbu06	Chromosome1	smbu06GL002053	2054342	2056021	+	1680	559	Ribonuclease J 1	UniProtKB/Swiss-Prot:Q8K5W8
smbu06	Chromosome1	smbu06GL002054	2056279	2056479	-	201	66	Cold shock-like protein CspLA	UniProtKB/Swiss-Prot:P0A355
smbu06	Chromosome1	smbu06GL002055	2056629	2057321	-	693	230	UPF0758 protein EF_2926	UniProtKB/Swiss-Prot:Q82ZX1
smbu06	Chromosome1	smbu06GL002056	2057376	2058029	-	654	217	hypothetical protein	
smbu06	Chromosome1	smbu06GL002057	2058019	2059488	-	1470	489	Dihydrofolate synthase/folylpolyglutamatesynthase	UniProtKB/Swiss-Prot:Q05865
smbu06	Chromosome1	smbu06GL002058	2059529	2062174	-	2646	881	Valine--tRNA ligase	UniProtKB/Swiss-Prot:Q82ZW6
smbu06	Chromosome1	smbu06GL002059	2062567	2063214	-	648	215	Redox-sensing transcriptional repressor Rex 2	UniProtKB/Swiss-Prot:Q82ZW4
smbu06	Chromosome1	smbu06GL002060	2063478	2064671	-	1194	397	putative tRNA sulfurtransferase	UniProtKB/Swiss-Prot:Q82ZW3
smbu06	Chromosome1	smbu06GL002061	2064705	2065847	-	1143	380	NifS/IcsS protein homolog	UniProtKB/Swiss-Prot:P31672
smbu06	Chromosome1	smbu06GL002062	2065834	2065950	-	117	38	hypothetical protein	
smbu06	Chromosome1	smbu06GL002063	2066013	2067734	-	1722	573	Septation ring formation regulator EzrA	UniProtKB/Swiss-Prot:Q838R5
smbu06	Chromosome1	smbu06GL002064	2067933	2068493	-	561	186	hypothetical protein	
smbu06	Chromosome1	smbu06GL002065	2068519	2069358	-	840	279	hypothetical protein	
smbu06	Chromosome1	smbu06GL002066	2069392	2070225	-	834	277	hypothetical protein	
smbu06	Chromosome1	smbu06GL002067	2070456	2071424	+	969	322	hypothetical protein	
smbu06	Chromosome1	smbu06GL002068	2071579	2072322	-	744	247	hypothetical protein	
smbu06	Chromosome1	smbu06GL002069	2072332	2073165	-	834	277	putative ketoamine kinase HMPREF0351_12196	UniProtKB/Swiss-Prot:Q3XZZ9
smbu06	Chromosome1	smbu06GL002070	2073372	2074700	-	1329	442	Aminopeptidase C	UniProtKB/Swiss-Prot:Q56115
smbu06	Chromosome1	smbu06GL002071	2074987	2075160	+	174	57	hypothetical protein	
smbu06	Chromosome1	smbu06GL002072	2075194	2075343	-	150	49	hypothetical protein	
smbu06	Chromosome1	smbu06GL002073	2076023	2076172	+	150	49	hypothetical protein	
smbu06	Chromosome1	smbu06GL002074	2076457	2076627	+	171	56	hypothetical protein	
smbu06	Chromosome1	smbu06GL002075	2076750	2077124	-	375	124	hypothetical protein	
smbu06	Chromosome1	smbu06GL002076	2077437	2078864	-	1428	475	6-phospho-beta-glucosidase BglA	UniProtKB/Swiss-Prot:Q46829
smbu06	Chromosome1	smbu06GL002077	2078876	2080732	-	1857	618	PTS system beta-glucoside-specific EIIBCAcomponent	UniProtKB/Swiss-Prot:P40739
smbu06	Chromosome1	smbu06GL002078	2080725	2081570	-	846	281	hypothetical protein	
smbu06	Chromosome1	smbu06GL002079	2081890	2082687	-	798	265	hypothetical protein	
smbu06	Chromosome1	smbu06GL002080	2082705	2083790	-	1086	361	Putative agmatine deiminase 1	UniProtKB/Swiss-Prot:Q725C6
smbu06	Chromosome1	smbu06GL002081	2083947	2084936	-	990	329	Carbamate kinase 1	UniProtKB/Swiss-Prot:P0A2X7
smbu06	Chromosome1	smbu06GL002082	2084933	2087413	-	2481	826	Putative agmatine deiminase	UniProtKB/Swiss-Prot:Q8RPX2
smbu06	Chromosome1	smbu06GL002083	2087524	2088558	-	1035	344	Putrescine carbamoyltransferase	UniProtKB/Swiss-Prot:C1KV77
smbu06	Chromosome1	smbu06GL002084	2089533	2089676	-	144	47	hypothetical protein	
smbu06	Chromosome1	smbu06GL002085	2095769	2095882	+	114	37	hypothetical protein	
smbu06	Chromosome1	smbu06GL002086	2095891	2096262	-	372	123	hypothetical protein	
smbu06	Chromosome1	smbu06GL002087	2096329	2096709	-	381	126	General stress protein 13	UniProtKB/Swiss-Prot:P80870
smbu06	Chromosome1	smbu06GL002088	2096773	2097966	+	1194	397	Cystathionine beta-lyase PatB	UniProtKB/Swiss-Prot:Q08432
smbu06	Chromosome1	smbu06GL002089	2098042	2098650	-	609	202	Putative peptidyl-prolyl cis-trans isomerase	UniProtKB/Swiss-Prot:Q2FIC1
smbu06	Chromosome1	smbu06GL002090	2098837	2099835	+	999	332	Ferredoxin--NADP reductase	UniProtKB/Swiss-Prot:Q82ZZ8
smbu06	Chromosome1	smbu06GL002091	2099947	2100456	+	510	169	Uncharacterized protein YutG	UniProtKB/Swiss-Prot:O32124
smbu06	Chromosome1	smbu06GL002092	2100483	2101160	-	678	225	hypothetical protein	
smbu06	Chromosome1	smbu06GL002093	2101144	2101908	-	765	254	Acid sugar phosphatase	UniProtKB/Swiss-Prot:Q7A1D4
smbu06	Chromosome1	smbu06GL002094	2101916	2102593	-	678	225	hypothetical protein	
smbu06	Chromosome1	smbu06GL002095	2102630	2104015	-	1386	461	hypothetical protein	
smbu06	Chromosome1	smbu06GL002096	2104363	2104860	-	498	165	tRNA-specific adenosine deaminase	UniProtKB/Swiss-Prot:P21335
smbu06	Chromosome1	smbu06GL002097	2104967	2105824	+	858	285	hypothetical protein	
smbu06	Chromosome1	smbu06GL002098	2105905	2106273	-	369	122	hypothetical protein	
smbu06	Chromosome1	smbu06GL002099	2106316	2107686	-	1371	456	hypothetical protein	
smbu06	Chromosome1	smbu06GL002100	2107764	2108297	-	534	177	hypothetical protein	
smbu06	Chromosome1	smbu06GL002101	2108620	2110110	+	1491	496	hypothetical protein	
smbu06	Chromosome1	smbu06GL002102	2110268	2110975	-	708	235	Putative membrane protease YugP	UniProtKB/Swiss-Prot:O05248
smbu06	Chromosome1	smbu06GL002103	2111054	2111332	-	279	92	Protein YjdM	UniProtKB/Swiss-Prot:P0AFJ3
smbu06	Chromosome1	smbu06GL002104	2111504	2112466	-	963	320	putative bifunctional oligoribonuclease and PAPphosphatase NrnA	UniProtKB/Swiss-Prot:Q8DTN6
smbu06	Chromosome1	smbu06GL002105	2112481	2113812	-	1332	443	Uncharacterized protein YtoI	UniProtKB/Swiss-Prot:O34921
smbu06	Chromosome1	smbu06GL002106	2113820	2114500	-	681	226	UPF0173 metal-dependent hydrolase EF_1371	UniProtKB/Swiss-Prot:Q835K6
smbu06	Chromosome1	smbu06GL002107	2114714	2115193	-	480	159	hypothetical protein	
smbu06	Chromosome1	smbu06GL002108	2115321	2117000	-	1680	559	Ribonuclease J 2	UniProtKB/Swiss-Prot:Q8K7S6
smbu06	Chromosome1	smbu06GL002109	2117539	2119044	+	1506	501	putative ABC transporter permease YclI	UniProtKB/Swiss-Prot:P94412
smbu06	Chromosome1	smbu06GL002110	2119057	2119719	+	663	220	putative ABC transporter ATP-binding proteinYclH	UniProtKB/Swiss-Prot:P94411
smbu06	Chromosome1	smbu06GL002111	2119819	2120022	-	204	67	UPF0337 protein EF_1180	UniProtKB/Swiss-Prot:Q836D5
smbu06	Chromosome1	smbu06GL002112	2120134	2121318	-	1185	394	Isoaspartyl dipeptidase	UniProtKB/Swiss-Prot:P39377
smbu06	Chromosome1	smbu06GL002113	2121479	2123275	-	1797	598	Putative basic amino acid antiporter YfcC	UniProtKB/Swiss-Prot:P39263
smbu06	Chromosome1	smbu06GL002114	2123991	2124605	-	615	204	UPF0309 protein lmo0025	UniProtKB/Swiss-Prot:Q8YAT8
smbu06	Chromosome1	smbu06GL002115	2125212	2125589	-	378	125	hypothetical protein	
smbu06	Chromosome1	smbu06GL002116	2125890	2126771	-	882	293	UTP--glucose-1-phosphate uridylyltransferase 2	UniProtKB/Swiss-Prot:P0DG73
smbu06	Chromosome1	smbu06GL002117	2126814	2127869	-	1056	351	Glycerol-3-phosphate dehydrogenase [NAD(P)+]	UniProtKB/Swiss-Prot:Q834C1
smbu06	Chromosome1	smbu06GL002118	2128563	2129360	-	798	265	hypothetical protein	
smbu06	Chromosome1	smbu06GL002119	2129326	2129835	+	510	169	hypothetical protein	
smbu06	Chromosome1	smbu06GL002120	2129967	2130611	+	645	214	Lytic chitin monooxygenase	UniProtKB/Swiss-Prot:Q838S1
smbu06	Chromosome1	smbu06GL002121	2130675	2131679	-	1005	334	hypothetical protein	
smbu06	Chromosome1	smbu06GL002122	2131692	2132741	-	1050	349	hypothetical protein	
smbu06	Chromosome1	smbu06GL002123	2132758	2133579	-	822	273	Fructose permease IID component	UniProtKB/Swiss-Prot:P26382
smbu06	Chromosome1	smbu06GL002124	2133566	2134345	-	780	259	hypothetical protein	
smbu06	Chromosome1	smbu06GL002125	2134362	2134832	-	471	156	hypothetical protein	
smbu06	Chromosome1	smbu06GL002126	2134844	2135263	-	420	139	hypothetical protein	
smbu06	Chromosome1	smbu06GL002127	2135343	2138048	-	2706	901	hypothetical protein	
smbu06	Chromosome1	smbu06GL002128	2138392	2138538	+	147	48	hypothetical protein	
smbu06	Chromosome1	smbu06GL002129	2138788	2139417	-	630	209	hypothetical protein	
smbu06	Chromosome1	smbu06GL002130	2139690	2139875	-	186	61	hypothetical protein	
smbu06	Chromosome1	smbu06GL002131	2140010	2141725	+	1716	571	hypothetical protein	
smbu06	Chromosome1	smbu06GL002132	2141728	2143491	+	1764	587	putative ABC transporter ATP-binding proteinTM_0288	UniProtKB/Swiss-Prot:Q9WYC4
smbu06	Chromosome1	smbu06GL002133	2143531	2144076	-	546	181	hypothetical protein	
smbu06	Chromosome1	smbu06GL002134	2144390	2144812	-	423	140	Methylglyoxal synthase	UniProtKB/Swiss-Prot:Q837A4
smbu06	Chromosome1	smbu06GL002135	2145021	2146130	+	1110	369	Multiple sugar-binding transport ATP-bindingprotein MsmK	UniProtKB/Swiss-Prot:Q00752
smbu06	Chromosome1	smbu06GL002136	2146249	2146878	-	630	209	Niacin transporter NiaX	UniProtKB/Swiss-Prot:A2RKV5
smbu06	Chromosome1	smbu06GL002137	2147192	2148076	-	885	294	Ribosomal RNA small subunit methyltransferase A	UniProtKB/Swiss-Prot:Q837A7
smbu06	Chromosome1	smbu06GL002138	2148069	2148638	-	570	189	Ribonuclease M5	UniProtKB/Swiss-Prot:Q837A8
smbu06	Chromosome1	smbu06GL002139	2148631	2149407	-	777	258	putative metal-dependent hydrolase YabD	UniProtKB/Swiss-Prot:P37545
smbu06	Chromosome1	smbu06GL002140	2149406	2149555	+	150	49	hypothetical protein	
smbu06	Chromosome1	smbu06GL002141	2149562	2150890	-	1329	442	Serine/threonine exchanger SteT	UniProtKB/Swiss-Prot:O34739
smbu06	Chromosome1	smbu06GL002142	2151059	2151646	+	588	195	hypothetical protein	
smbu06	Chromosome1	smbu06GL002143	2152124	2154133	-	2010	669	Methionine--tRNA ligase	UniProtKB/Swiss-Prot:Q837B3
smbu06	Chromosome1	smbu06GL002144	2154402	2154680	+	279	92	hypothetical protein	
smbu06	Chromosome1	smbu06GL002145	2154778	2155599	+	822	273	ADP-ribose pyrophosphatase	UniProtKB/Swiss-Prot:Q58549
smbu06	Chromosome1	smbu06GL002146	2155882	2156868	-	987	328	hypothetical protein	
smbu06	Chromosome1	smbu06GL002147	2156904	2157857	-	954	317	Oligopeptide transport ATP-binding protein OppF	UniProtKB/Swiss-Prot:P24137
smbu06	Chromosome1	smbu06GL002148	2157847	2158917	-	1071	356	Oligopeptide transport ATP-binding protein OppD	UniProtKB/Swiss-Prot:P24136
smbu06	Chromosome1	smbu06GL002149	2158923	2159966	-	1044	347	Dipeptide transport system permease proteinDppC	UniProtKB/Swiss-Prot:A2RI76
smbu06	Chromosome1	smbu06GL002150	2159967	2160908	-	942	313	Oligopeptide transport system permease proteinOppB	UniProtKB/Swiss-Prot:P24138
smbu06	Chromosome1	smbu06GL002151	2160992	2161339	+	348	115	hypothetical protein	
smbu06	Chromosome1	smbu06GL002152	2161409	2163070	-	1662	553	hypothetical protein	
smbu06	Chromosome1	smbu06GL002153	2163441	2163989	-	549	182	Aminoglycoside N(6')-acetyltransferase type 1	UniProtKB/Swiss-Prot:P10051
smbu06	Chromosome1	smbu06GL002154	2164137	2164259	-	123	40	hypothetical protein	
smbu06	Chromosome1	smbu06GL002155	2164539	2165642	+	1104	367	hypothetical protein	
smbu06	Chromosome1	smbu06GL002156	2165835	2166902	-	1068	355	putative dual-specificity RNA methyltransferaseRlmN	UniProtKB/Swiss-Prot:Q833B6
smbu06	Chromosome1	smbu06GL002157	2167136	2169583	-	2448	815	DNA translocase FtsK	UniProtKB/Swiss-Prot:Q88V72
smbu06	Chromosome1	smbu06GL002158	2169772	2171208	-	1437	478	Aryl-phospho-beta-D-glucosidase BglC	UniProtKB/Swiss-Prot:P42403
smbu06	Chromosome1	smbu06GL002159	2171363	2172178	-	816	271	hypothetical protein	
smbu06	Chromosome1	smbu06GL002160	2172196	2172831	-	636	211	Glutamine transport ATP-binding protein GlnQ	UniProtKB/Swiss-Prot:P10346
smbu06	Chromosome1	smbu06GL002161	2172850	2173470	-	621	206	Arginine transport system permease protein ArtQ	UniProtKB/Swiss-Prot:P54536
smbu06	Chromosome1	smbu06GL002162	2173532	2173660	+	129	42	hypothetical protein	
smbu06	Chromosome1	smbu06GL002163	2173971	2174456	+	486	161	hypothetical protein	
smbu06	Chromosome1	smbu06GL002164	2174887	2177163	-	2277	758	Collagen adhesin	UniProtKB/Swiss-Prot:Q53654
smbu06	Chromosome1	smbu06GL002165	2177230	2177583	-	354	117	hypothetical protein	
smbu06	Chromosome1	smbu06GL002166	2178078	2178377	-	300	99	hypothetical protein	
smbu06	Chromosome1	smbu06GL002167	2178709	2178951	+	243	80	hypothetical protein	
smbu06	Chromosome1	smbu06GL002168	2179090	2179719	-	630	209	Uracil phosphoribosyltransferase	UniProtKB/Swiss-Prot:Q831G0
smbu06	Chromosome1	smbu06GL002169	2179853	2180800	-	948	315	Putative alpha/beta hydrolase R526	UniProtKB/Swiss-Prot:Q5UQ83
smbu06	Chromosome1	smbu06GL002170	2180954	2182198	-	1245	414	Serine hydroxymethyltransferase	UniProtKB/Swiss-Prot:Q831F9
smbu06	Chromosome1	smbu06GL002171	2182215	2182367	-	153	50	hypothetical protein	
smbu06	Chromosome1	smbu06GL002172	2182364	2183389	-	1026	341	Threonylcarbamoyl-AMP synthase	UniProtKB/Swiss-Prot:P39153
smbu06	Chromosome1	smbu06GL002173	2183583	2184422	-	840	279	Release factor glutamine methyltransferase	UniProtKB/Swiss-Prot:Q831F7
smbu06	Chromosome1	smbu06GL002174	2184415	2185488	-	1074	357	Peptide chain release factor 1	UniProtKB/Swiss-Prot:Q71WN5
smbu06	Chromosome1	smbu06GL002175	2185491	2186075	-	585	194	Thymidine kinase	UniProtKB/Swiss-Prot:Q831F5
smbu06	Chromosome1	smbu06GL002176	2186396	2186998	+	603	200	hypothetical protein	
smbu06	Chromosome1	smbu06GL002177	2187008	2187127	+	120	39	hypothetical protein	
smbu06	Chromosome1	smbu06GL002178	2187120	2187689	-	570	189	Signal peptidase I	UniProtKB/Swiss-Prot:P59662
smbu06	Chromosome1	smbu06GL002179	2187863	2188600	-	738	245	hypothetical protein	
smbu06	Chromosome1	smbu06GL002180	2188627	2189106	-	480	159	hypothetical protein	
smbu06	Chromosome1	smbu06GL002181	2189231	2189968	-	738	245	Epoxyqueuosine reductase QueH	UniProtKB/Swiss-Prot:A0A0H3JUG6
smbu06	Chromosome1	smbu06GL002182	2189973	2190134	-	162	53	hypothetical protein	
smbu06	Chromosome1	smbu06GL002183	2190129	2191529	+	1401	466	Ktr system potassium uptake protein D	UniProtKB/Swiss-Prot:O31658
smbu06	Chromosome1	smbu06GL002184	2191750	2193102	+	1353	450	Lipid II isoglutaminyl synthase(glutamine-hydrolyzing) subunit MurT	UniProtKB/Swiss-Prot:Q8DNZ9
smbu06	Chromosome1	smbu06GL002185	2193095	2193793	+	699	232	Lipid II isoglutaminyl synthase(glutamine-hydrolyzing) subunit GatD	UniProtKB/Swiss-Prot:Q8DNZ8
smbu06	Chromosome1	smbu06GL002186	2193855	2195006	-	1152	383	Mannitol-1-phosphate 5-dehydrogenase	UniProtKB/Swiss-Prot:P27543
smbu06	Chromosome1	smbu06GL002187	2195019	2195456	-	438	145	Mannitol-specific phosphotransferase enzyme IIAcomponent	UniProtKB/Swiss-Prot:P27547
smbu06	Chromosome1	smbu06GL002188	2195471	2197237	-	1767	588	PTS system mannitol-specific EIICB component	UniProtKB/Swiss-Prot:Q8DR34
smbu06	Chromosome1	smbu06GL002189	2197501	2198178	+	678	225	hypothetical protein	
smbu06	Chromosome1	smbu06GL002190	2198181	2198591	+	411	136	hypothetical protein	
smbu06	Chromosome1	smbu06GL002191	2198616	2199308	+	693	230	hypothetical protein	
smbu06	Chromosome1	smbu06GL002192	2199507	2199947	-	441	146	Mannitol-specific phosphotransferase enzyme IIAcomponent	UniProtKB/Swiss-Prot:Q02420
smbu06	Chromosome1	smbu06GL002193	2199958	2201991	-	2034	677	hypothetical protein	
smbu06	Chromosome1	smbu06GL002194	2201993	2203708	-	1716	571	PTS system mannitol-specific EIICB component	UniProtKB/Swiss-Prot:Q9K678
smbu06	Chromosome1	smbu06GL002195	2203789	2204727	-	939	312	Mannose-6-phosphate isomerase	UniProtKB/Swiss-Prot:Q59935
smbu06	Chromosome1	smbu06GL002196	2204778	2205827	-	1050	349	hypothetical protein	
smbu06	Chromosome1	smbu06GL002197	2206012	2206881	-	870	289	hypothetical protein	
smbu06	Chromosome1	smbu06GL002198	2207086	2208978	-	1893	630	Fatty acid ABC transporter ATP-binding/permeaseprotein	UniProtKB/Swiss-Prot:P9WQJ3
smbu06	Chromosome1	smbu06GL002199	2208975	2210702	-	1728	575	putative ABC transporter ATP-binding proteinMT1311	UniProtKB/Swiss-Prot:P9WQJ0
smbu06	Chromosome1	smbu06GL002200	2210718	2211368	-	651	216	hypothetical protein	
smbu06	Chromosome1	smbu06GL002201	2211572	2211868	+	297	98	hypothetical protein	
smbu06	Chromosome1	smbu06GL002202	2212044	2212664	+	621	206	FMN-dependent NADH:quinone oxidoreductase	UniProtKB/Swiss-Prot:Q831B2
smbu06	Chromosome1	smbu06GL002203	2212753	2213919	-	1167	388	Putative transport protein YubA	UniProtKB/Swiss-Prot:O32086
smbu06	Chromosome1	smbu06GL002204	2213931	2214311	-	381	126	hypothetical protein	
smbu06	Chromosome1	smbu06GL002205	2214412	2215434	+	1023	340	Uncharacterized protein llmg_2431	UniProtKB/Swiss-Prot:O86281
smbu06	Chromosome1	smbu06GL002206	2215453	2215614	+	162	53	hypothetical protein	
smbu06	Chromosome1	smbu06GL002207	2215871	2216305	-	435	144	hypothetical protein	
smbu06	Chromosome1	smbu06GL002208	2216415	2218274	-	1860	619	hypothetical protein	
smbu06	Chromosome1	smbu06GL002209	2218275	2218397	+	123	40	hypothetical protein	
smbu06	Chromosome1	smbu06GL002210	2218392	2219552	-	1161	386	hypothetical protein	
smbu06	Chromosome1	smbu06GL002211	2219860	2221284	-	1425	474	L-arabinose isomerase 2	UniProtKB/Swiss-Prot:Q65J10
smbu06	Chromosome1	smbu06GL002212	2221300	2221974	-	675	224	L-ribulose-5-phosphate 4-epimerase	UniProtKB/Swiss-Prot:Q9S469
smbu06	Chromosome1	smbu06GL002213	2221955	2223616	-	1662	553	hypothetical protein	
smbu06	Chromosome1	smbu06GL002214	2223835	2225235	+	1401	466	D-xylose transporter	UniProtKB/Swiss-Prot:O52733
smbu06	Chromosome1	smbu06GL002215	2225243	2225359	+	117	38	hypothetical protein	
smbu06	Chromosome1	smbu06GL002216	2225393	2226472	-	1080	359	Arabinose metabolism transcriptional repressor	UniProtKB/Swiss-Prot:Q9S470
smbu06	Chromosome1	smbu06GL002217	2226558	2227517	-	960	319	Extracellularexo-alpha-(1->5)-L-arabinofuranosidase	UniProtKB/Swiss-Prot:Q82P90
smbu06	Chromosome1	smbu06GL002218	2227529	2229052	-	1524	507	Intracellularexo-alpha-(1->5)-L-arabinofuranosidase 1	UniProtKB/Swiss-Prot:P94531
smbu06	Chromosome1	smbu06GL002219	2229062	2229625	-	564	187	hypothetical protein	
smbu06	Chromosome1	smbu06GL002220	2229631	2230494	-	864	287	hypothetical protein	
smbu06	Chromosome1	smbu06GL002221	2230508	2231425	-	918	305	hypothetical protein	
smbu06	Chromosome1	smbu06GL002222	2231579	2232850	-	1272	423	hypothetical protein	
smbu06	Chromosome1	smbu06GL002223	2232840	2234276	-	1437	478	Intracellularexo-alpha-(1->5)-L-arabinofuranosidase	UniProtKB/Swiss-Prot:Q9XBQ3
smbu06	Chromosome1	smbu06GL002224	2234554	2235444	+	891	296	hypothetical protein	
smbu06	Chromosome1	smbu06GL002225	2235520	2236344	-	825	274	NH(3)-dependent NAD(+) synthetase	UniProtKB/Swiss-Prot:Q9CGJ4
smbu06	Chromosome1	smbu06GL002226	2236356	2237828	-	1473	490	Nicotinate phosphoribosyltransferase	UniProtKB/Swiss-Prot:O32090
smbu06	Chromosome1	smbu06GL002227	2238008	2239003	-	996	331	hypothetical protein	
smbu06	Chromosome1	smbu06GL002228	2239143	2239802	-	660	219	hypothetical protein	
smbu06	Chromosome1	smbu06GL002229	2239789	2240313	-	525	174	hypothetical protein	
smbu06	Chromosome1	smbu06GL002230	2240351	2240584	-	234	77	hypothetical protein	
smbu06	Chromosome1	smbu06GL002231	2240721	2243471	-	2751	916	hypothetical protein	
smbu06	Chromosome1	smbu06GL002232	2243957	2245498	+	1542	513	hypothetical protein	
smbu06	Chromosome1	smbu06GL002233	2246100	2246456	-	357	118	hypothetical protein	
smbu06	Chromosome1	smbu06GL002234	2246601	2247431	+	831	276	hypothetical protein	
smbu06	Chromosome1	smbu06GL002235	2247547	2248470	-	924	307	Catabolite control protein B	UniProtKB/Swiss-Prot:P37517
smbu06	Chromosome1	smbu06GL002236	2248485	2248757	-	273	90	hypothetical protein	
smbu06	Chromosome1	smbu06GL002237	2248840	2250297	-	1458	485	PTS system cellobiose-specific EIIC component	UniProtKB/Swiss-Prot:Q9CJ32
smbu06	Chromosome1	smbu06GL002238	2250577	2252202	-	1626	541	Chaperonin GroEL	UniProtKB/Swiss-Prot:Q8KJ20
smbu06	Chromosome1	smbu06GL002239	2252254	2252538	-	285	94	Co-chaperonin GroES	UniProtKB/Swiss-Prot:Q93EU7
smbu06	Chromosome1	smbu06GL002240	2252868	2253425	+	558	185	hypothetical protein	
smbu06	Chromosome1	smbu06GL002241	2253502	2254800	-	1299	432	hypothetical protein	
smbu06	Chromosome1	smbu06GL002242	2254969	2255598	+	630	209	Uncharacterized protein YwnB	UniProtKB/Swiss-Prot:P71037
smbu06	Chromosome1	smbu06GL002243	2255698	2256507	-	810	269	Exodeoxyribonuclease WalJ	UniProtKB/Swiss-Prot:A0A0H2ZQT7
smbu06	Chromosome1	smbu06GL002244	2256562	2257431	-	870	289	hypothetical protein	
smbu06	Chromosome1	smbu06GL002245	2257432	2258754	-	1323	440	hypothetical protein	
smbu06	Chromosome1	smbu06GL002246	2258745	2260580	-	1836	611	Sensor histidine kinase WalK	UniProtKB/Swiss-Prot:Q45614
smbu06	Chromosome1	smbu06GL002247	2260585	2261289	-	705	234	Transcriptional regulatory protein WalR	UniProtKB/Swiss-Prot:P37478
smbu06	Chromosome1	smbu06GL002248	2261479	2262339	-	861	286	hypothetical protein	
smbu06	Chromosome1	smbu06GL002249	2262329	2262916	-	588	195	hypothetical protein	
smbu06	Chromosome1	smbu06GL002250	2263523	2265250	-	1728	575	Glycine betaine/carnitine transport permeaseprotein GbuB	UniProtKB/Swiss-Prot:Q9RR45
smbu06	Chromosome1	smbu06GL002251	2265243	2266436	-	1194	397	Glycine betaine transport ATP-binding proteinOpuAA	UniProtKB/Swiss-Prot:Q9KIF7
smbu06	Chromosome1	smbu06GL002252	2266624	2267268	-	645	214	hypothetical protein	
smbu06	Chromosome1	smbu06GL002253	2267498	2269630	-	2133	710	hypothetical protein	
smbu06	Chromosome1	smbu06GL002254	2269627	2270142	-	516	171	hypothetical protein	
smbu06	Chromosome1	smbu06GL002255	2270245	2270379	-	135	44	hypothetical protein	
smbu06	Chromosome1	smbu06GL002256	2270547	2270726	+	180	59	Glutaredoxin-like protein NrdH	UniProtKB/Swiss-Prot:Q9CGW5
smbu06	Chromosome1	smbu06GL002257	2270683	2270844	-	162	53	hypothetical protein	
smbu06	Chromosome1	smbu06GL002258	2270873	2273044	+	2172	723	Ribonucleoside-diphosphate reductase subunitalpha 1	UniProtKB/Swiss-Prot:P0CG99
smbu06	Chromosome1	smbu06GL002259	2273094	2274059	+	966	321	Ribonucleoside-diphosphate reductase subunitbeta	UniProtKB/Swiss-Prot:Q9CBQ2
smbu06	Chromosome1	smbu06GL002260	2274106	2276523	-	2418	805	hypothetical protein	
smbu06	Chromosome1	smbu06GL002261	2276659	2277459	-	801	266	hypothetical protein	
smbu06	Chromosome1	smbu06GL002262	2277452	2278249	-	798	265	hypothetical protein	
smbu06	Chromosome1	smbu06GL002263	2278273	2279166	-	894	297	hypothetical protein	
smbu06	Chromosome1	smbu06GL002264	2279413	2280072	-	660	219	D-allulose-6-phosphate 3-epimerase	UniProtKB/Swiss-Prot:P32719
smbu06	Chromosome1	smbu06GL002265	2280159	2281256	-	1098	365	hypothetical protein	
smbu06	Chromosome1	smbu06GL002266	2281276	2281623	-	348	115	hypothetical protein	
smbu06	Chromosome1	smbu06GL002267	2281613	2282065	-	453	150	hypothetical protein	
smbu06	Chromosome1	smbu06GL002268	2282081	2282395	-	315	104	hypothetical protein	UniProtKB/Swiss-Prot:P69810
smbu06	Chromosome1	smbu06GL002269	2282392	2282799	-	408	135	hypothetical protein	
smbu06	Chromosome1	smbu06GL002270	2282789	2284273	-	1485	494	hypothetical protein	
smbu06	Chromosome1	smbu06GL002271	2284549	2285256	+	708	235	hypothetical protein	
smbu06	Chromosome1	smbu06GL002272	2285383	2286546	+	1164	387	Unsaturated chondroitin disaccharide hydrolase	UniProtKB/Swiss-Prot:Q8DR77
smbu06	Chromosome1	smbu06GL002273	2286562	2288349	+	1788	595	Beta-galactosidase	UniProtKB/Swiss-Prot:P48982
smbu06	Chromosome1	smbu06GL002274	2288476	2289309	-	834	277	hypothetical protein	
smbu06	Chromosome1	smbu06GL002275	2289296	2291032	-	1737	578	hypothetical protein	
smbu06	Chromosome1	smbu06GL002276	2291413	2292552	-	1140	379	hypothetical protein	
smbu06	Chromosome1	smbu06GL002277	2292731	2293444	-	714	237	hypothetical protein	
smbu06	Chromosome1	smbu06GL002278	2293703	2294521	-	819	272	Glucosamine-6-phosphate deaminase	UniProtKB/Swiss-Prot:P59687
smbu06	Chromosome1	smbu06GL002279	2294638	2296170	+	1533	510	putative ABC transporter ATP-binding proteinYfmM	UniProtKB/Swiss-Prot:O34512
smbu06	Chromosome1	smbu06GL002280	2296226	2297416	-	1191	396	hypothetical protein	
smbu06	Chromosome1	smbu06GL002281	2297498	2298187	-	690	229	hypothetical protein	
smbu06	Chromosome1	smbu06GL002282	2298294	2298662	-	369	122	Large ribosomal subunit protein bL12	UniProtKB/Swiss-Prot:Q830Q8
smbu06	Chromosome1	smbu06GL002283	2298715	2299218	-	504	167	Large ribosomal subunit protein uL10	UniProtKB/Swiss-Prot:Q830Q7
smbu06	Chromosome1	smbu06GL002284	2299628	2300317	-	690	229	Large ribosomal subunit protein uL1	UniProtKB/Swiss-Prot:Q830Q6
smbu06	Chromosome1	smbu06GL002285	2300421	2300843	-	423	140	Large ribosomal subunit protein uL11	UniProtKB/Swiss-Prot:Q830Q5
smbu06	Chromosome1	smbu06GL002286	2301178	2301855	+	678	225	putative L-serine dehydratase, beta chain	UniProtKB/Swiss-Prot:O34635
smbu06	Chromosome1	smbu06GL002287	2301868	2302740	+	873	290	putative L-serine dehydratase, alpha chain	UniProtKB/Swiss-Prot:O34607
smbu06	Chromosome1	smbu06GL002288	2302833	2303951	-	1119	372	L-lactate oxidase	UniProtKB/Swiss-Prot:C0XIJ3
smbu06	Chromosome1	smbu06GL002289	2304025	2304912	-	888	295	hypothetical protein	
smbu06	Chromosome1	smbu06GL002290	2304996	2305541	-	546	181	Transcription termination/antiterminationprotein NusG	UniProtKB/Swiss-Prot:Q06795
smbu06	Chromosome1	smbu06GL002291	2305642	2305812	-	171	56	hypothetical protein	
smbu06	Chromosome1	smbu06GL002292	2305833	2305985	-	153	50	Large ribosomal subunit protein bL33B	UniProtKB/Swiss-Prot:P59627
smbu06	Chromosome1	smbu06GL002293	2306147	2306791	+	645	214	hypothetical protein	
smbu06	Chromosome1	smbu06GL002294	2306847	2307350	-	504	167	hypothetical protein	
smbu06	Chromosome1	smbu06GL002295	2307949	2308911	+	963	320	hypothetical protein	
smbu06	Chromosome1	smbu06GL002296	2309143	2311713	-	2571	856	ATP-dependent RecD-like DNA helicase	UniProtKB/Swiss-Prot:O34481
smbu06	Chromosome1	smbu06GL002297	2311733	2312392	-	660	219	hypothetical protein	
smbu06	Chromosome1	smbu06GL002298	2312441	2312962	-	522	173	Putative tRNA(cytidine(34)-2'-O)-methyltransferase	UniProtKB/Swiss-Prot:A2RKW7
smbu06	Chromosome1	smbu06GL002299	2313165	2314031	-	867	288	hypothetical protein	
smbu06	Chromosome1	smbu06GL002300	2314140	2314781	+	642	213	PF03932 family protein CutC	UniProtKB/Swiss-Prot:Q830V2
smbu06	Chromosome1	smbu06GL002301	2314841	2316202	-	1362	453	Magnesium transporter MgtE	UniProtKB/Swiss-Prot:Q830V1
smbu06	Chromosome1	smbu06GL002302	2316220	2317119	-	900	299	putative RNA pseudouridine synthase YjbO	UniProtKB/Swiss-Prot:O31613
smbu06	Chromosome1	smbu06GL002303	2317121	2317918	-	798	265	NAD kinase	UniProtKB/Swiss-Prot:Q830V0
smbu06	Chromosome1	smbu06GL002304	2317893	2318600	-	708	235	GTP pyrophosphokinase YjbM	UniProtKB/Swiss-Prot:O31611
smbu06	Chromosome1	smbu06GL002305	2318731	2319306	+	576	191	hypothetical protein	
smbu06	Chromosome1	smbu06GL002306	2319424	2320101	+	678	225	hypothetical protein	
smbu06	Chromosome1	smbu06GL002307	2320173	2321981	-	1809	602	Group B oligopeptidase PepB	UniProtKB/Swiss-Prot:Q8E0C9
smbu06	Chromosome1	smbu06GL002308	2322077	2322190	-	114	37	hypothetical protein	
smbu06	Chromosome1	smbu06GL002309	2322160	2323215	-	1056	351	hypothetical protein	
smbu06	Chromosome1	smbu06GL002310	2323256	2323909	-	654	217	Adapter protein MecA	UniProtKB/Swiss-Prot:Q830U4
smbu06	Chromosome1	smbu06GL002311	2324240	2324581	-	342	113	Global transcriptional regulator Spx	UniProtKB/Swiss-Prot:Q830U3
smbu06	Chromosome1	smbu06GL002312	2325418	2326110	+	693	230	hypothetical protein	
smbu06	Chromosome1	smbu06GL002313	2326256	2329450	-	3195	1064	hypothetical protein	
smbu06	Chromosome1	smbu06GL002314	2329469	2332597	-	3129	1042	hypothetical protein	
smbu06	Chromosome1	smbu06GL002315	2332604	2333725	-	1122	373	hypothetical protein	
smbu06	Chromosome1	smbu06GL002317	2333913	2334062	-	150	49	hypothetical protein	
smbu06	Chromosome1	smbu06GL002316	2334079	2334435	+	357	118	hypothetical protein	
smbu06	Chromosome1	smbu06GL002318	2334665	2335399	+	735	244	putative RNA methyltransferase YabB	UniProtKB/Swiss-Prot:P37543
smbu06	Chromosome1	smbu06GL002319	2335539	2335673	+	135	44	hypothetical protein	
smbu06	Chromosome1	smbu06GL002320	2335742	2337625	-	1884	627	hypothetical protein	
smbu06	Chromosome1	smbu06GL002321	2337892	2338767	-	876	291	hypothetical protein	
smbu06	Chromosome1	smbu06GL002322	2338876	2340645	-	1770	589	Aspartate--tRNA ligase	UniProtKB/Swiss-Prot:Q833I2
smbu06	Chromosome1	smbu06GL002323	2340659	2341951	-	1293	430	Histidine--tRNA ligase	UniProtKB/Swiss-Prot:Q833I1
smbu06	Chromosome1	smbu06GL002324	2342304	2343293	+	990	329	Aldo-keto reductase IolS	UniProtKB/Swiss-Prot:P46336
smbu06	Chromosome1	smbu06GL002325	2343381	2344640	-	1260	419	hypothetical protein	
smbu06	Chromosome1	smbu06GL002326	2344811	2345257	-	447	148	D-aminoacyl-tRNA deacylase	UniProtKB/Swiss-Prot:Q833H9
smbu06	Chromosome1	smbu06GL002327	2345269	2347629	-	2361	786	GTP pyrophosphokinase	UniProtKB/Swiss-Prot:O54408
smbu06	Chromosome1	smbu06GL002328	2347714	2348478	-	765	254	Ribosomal RNA small subunit methyltransferase E	UniProtKB/Swiss-Prot:P54461
smbu06	Chromosome1	smbu06GL002329	2348479	2349426	-	948	315	Ribosomal protein L11 methyltransferase	UniProtKB/Swiss-Prot:Q820A9
smbu06	Chromosome1	smbu06GL002330	2349439	2349927	-	489	162	hypothetical protein	
smbu06	Chromosome1	smbu06GL002331	2349893	2350573	-	681	226	Putative 3-methyladenine DNA glycosylase	UniProtKB/Swiss-Prot:Q833H5
smbu06	Chromosome1	smbu06GL002332	2350609	2351988	+	1380	459	putative AAA domain-containing protein YrvN	UniProtKB/Swiss-Prot:O34528
smbu06	Chromosome1	smbu06GL002333	2352347	2352616	+	270	89	hypothetical protein	
smbu06	Chromosome1	smbu06GL002334	2352689	2353159	+	471	156	Putative universal stress protein SH1215	UniProtKB/Swiss-Prot:Q4L751
smbu06	Chromosome1	smbu06GL002335	2353413	2354597	-	1185	394	Acetate kinase	UniProtKB/Swiss-Prot:Q833H0
smbu06	Chromosome1	smbu06GL002336	2354622	2355629	-	1008	335	hypothetical protein	
smbu06	Chromosome1	smbu06GL002337	2355802	2355990	-	189	62	hypothetical protein	
smbu06	Chromosome1	smbu06GL002338	2356133	2356504	-	372	123	hypothetical protein	
smbu06	Chromosome1	smbu06GL002339	2356521	2356775	-	255	84	hypothetical protein	
smbu06	Chromosome1	smbu06GL002340	2356840	2357310	-	471	156	hypothetical protein	
smbu06	Chromosome1	smbu06GL002341	2357285	2357563	-	279	92	Competence protein ComGC	UniProtKB/Swiss-Prot:A0A0H2URU9
smbu06	Chromosome1	smbu06GL002342	2357560	2358525	-	966	321	hypothetical protein	
smbu06	Chromosome1	smbu06GL002343	2358566	2359570	-	1005	334	Competence protein ComGA	UniProtKB/Swiss-Prot:Q8DN86
smbu06	Chromosome1	smbu06GL002344	2359612	2361354	+	1743	580	Adenine deaminase	UniProtKB/Swiss-Prot:B2V525
smbu06	Chromosome1	smbu06GL002345	2361468	2362130	-	663	220	tRNA (guanine-N(7)-)-methyltransferase	UniProtKB/Swiss-Prot:P59719
smbu06	Chromosome1	smbu06GL002346	2362199	2362981	-	783	260	hypothetical protein	
smbu06	Chromosome1	smbu06GL002347	2363184	2364395	-	1212	403	hypothetical protein	
smbu06	Chromosome1	smbu06GL002348	2364388	2365125	-	738	245	ABC-type transporter ATP-binding protein EcsA	UniProtKB/Swiss-Prot:P55339
smbu06	Chromosome1	smbu06GL002349	2365245	2365697	+	453	150	Protein hit	UniProtKB/Swiss-Prot:O07513
smbu06	Chromosome1	smbu06GL002350	2365690	2366037	+	348	115	hypothetical protein	
smbu06	Chromosome1	smbu06GL002351	2366203	2367225	+	1023	340	Foldase protein PrsA	UniProtKB/Swiss-Prot:Q837Y9
smbu06	Chromosome1	smbu06GL002352	2367293	2368237	-	945	314	3'-5' exoribonuclease YhaM	UniProtKB/Swiss-Prot:A7GLX6
smbu06	Chromosome1	smbu06GL002353	2368221	2370941	-	2721	906	hypothetical protein	
smbu06	Chromosome1	smbu06GL002354	2370938	2372158	-	1221	406	hypothetical protein	
smbu06	Chromosome1	smbu06GL002355	2372356	2373201	-	846	281	hypothetical protein	
smbu06	Chromosome1	smbu06GL002356	2373485	2373775	+	291	96	hypothetical protein	
smbu06	Chromosome1	smbu06GL002357	2373811	2374647	+	837	278	hypothetical protein	
smbu06	Chromosome1	smbu06GL002358	2380338	2381648	-	1311	436	hypothetical protein	
smbu06	Chromosome1	smbu06GL002359	2381660	2383078	-	1419	472	hypothetical protein	
smbu06	Chromosome1	smbu06GL002360	2383318	2384886	-	1569	522	Beta-xylosidase	UniProtKB/Swiss-Prot:P07129
smbu06	Chromosome1	smbu06GL002361	2384890	2385333	-	444	147	hypothetical protein	
smbu06	Chromosome1	smbu06GL002362	2385297	2386214	-	918	305	hypothetical protein	
smbu06	Chromosome1	smbu06GL002363	2386217	2387008	-	792	263	Putative hydrolase YtaP	UniProtKB/Swiss-Prot:O34973
smbu06	Chromosome1	smbu06GL002364	2387082	2388419	-	1338	445	hypothetical protein	
smbu06	Chromosome1	smbu06GL002365	2388422	2389525	-	1104	367	hypothetical protein	
smbu06	Chromosome1	smbu06GL002366	2389599	2391104	-	1506	501	Polygalacturonan/rhamnogalacturonan-bindingprotein YtcQ	UniProtKB/Swiss-Prot:Q795R2
smbu06	Chromosome1	smbu06GL002367	2391070	2391276	-	207	68	hypothetical protein	
smbu06	Chromosome1	smbu06GL002368	2391354	2391764	-	411	136	hypothetical protein	
smbu06	Chromosome1	smbu06GL002369	2391786	2392760	-	975	324	Polygalacturonan/rhamnogalacturonan transportsystem permease protein YteP	UniProtKB/Swiss-Prot:C0SPB3
smbu06	Chromosome1	smbu06GL002370	2393058	2393930	+	873	290	Polygalacturonan/rhamnogalacturonan transportsystem permease protein YtcP	UniProtKB/Swiss-Prot:P53561
smbu06	Chromosome1	smbu06GL002371	2394160	2396358	-	2199	732	hypothetical protein	
smbu06	Chromosome1	smbu06GL002372	2396589	2397581	+	993	330	putative HTH-type transcriptional repressorExuR	UniProtKB/Swiss-Prot:Q9JMQ1
smbu06	Chromosome1	smbu06GL002373	2397641	2399062	+	1422	473	Altronate oxidoreductase	UniProtKB/Swiss-Prot:Q97L67
smbu06	Chromosome1	smbu06GL002374	2399079	2400554	+	1476	491	Altronate dehydratase	UniProtKB/Swiss-Prot:O34673
smbu06	Chromosome1	smbu06GL002375	2400593	2401987	+	1395	464	Uronate isomerase	UniProtKB/Swiss-Prot:A8FHC4
smbu06	Chromosome1	smbu06GL002376	2402146	2402829	+	684	227	hypothetical protein	UniProtKB/Swiss-Prot:O31523
smbu06	Chromosome1	smbu06GL002377	2402831	2403667	+	837	278	hypothetical protein	
smbu06	Chromosome1	smbu06GL002378	2403678	2405432	+	1755	584	hypothetical protein	
smbu06	Chromosome1	smbu06GL002379	2405707	2406048	-	342	113	UPF0342 protein EF_0681	UniProtKB/Swiss-Prot:Q837Z3
smbu06	Chromosome1	smbu06GL002380	2406116	2408287	-	2172	723	Penicillin-binding protein 2a	UniProtKB/Swiss-Prot:Q8DNB6
smbu06	Chromosome1	smbu06GL002381	2408498	2409355	+	858	285	putative RNA pseudouridine synthase slr1629	UniProtKB/Swiss-Prot:P74346
smbu06	Chromosome1	smbu06GL002382	2409422	2410279	-	858	285	Putative fructokinase	UniProtKB/Swiss-Prot:O05510
smbu06	Chromosome1	smbu06GL002383	2410280	2412967	-	2688	895	Putative mannosylglycerate hydrolase	UniProtKB/Swiss-Prot:Q9KER1
smbu06	Chromosome1	smbu06GL002384	2412980	2414269	-	1290	429	hypothetical protein	
smbu06	Chromosome1	smbu06GL002385	2414419	2415465	+	1047	348	hypothetical protein	
smbu06	Chromosome1	smbu06GL002386	2415467	2417620	+	2154	717	hypothetical protein	
smbu06	Chromosome1	smbu06GL002387	2417991	2419427	-	1437	478	hypothetical protein	
smbu06	Chromosome1	smbu06GL002388	2419439	2421163	-	1725	574	hypothetical protein	
smbu06	Chromosome1	smbu06GL002389	2421156	2421788	-	633	210	hypothetical protein	
smbu06	Chromosome1	smbu06GL002390	2422026	2423486	-	1461	486	Carbohydrate ABC transporter substrate-bindingprotein	UniProtKB/Swiss-Prot:A0A0H2UMY0
smbu06	Chromosome1	smbu06GL002391	2423521	2424291	-	771	256	Polygalacturonan/rhamnogalacturonan transportsystem permease protein YtcP	UniProtKB/Swiss-Prot:P53561
smbu06	Chromosome1	smbu06GL002392	2424329	2424502	+	174	57	hypothetical protein	
smbu06	Chromosome1	smbu06GL002393	2424453	2425400	-	948	315	hypothetical protein	
smbu06	Chromosome1	smbu06GL002394	2426122	2426889	-	768	255	putative RNA pseudouridine synthase YtzG	UniProtKB/Swiss-Prot:O32068
smbu06	Chromosome1	smbu06GL002395	2426890	2428536	-	1647	548	hypothetical protein	
smbu06	Chromosome1	smbu06GL002396	2428715	2429305	+	591	196	hypothetical protein	
smbu06	Chromosome1	smbu06GL002397	2429397	2430902	+	1506	501	UDP-N-acetylmuramoyl-L-alanyl-D-glutamate--L-lysine ligase	UniProtKB/Swiss-Prot:Q838A4
smbu06	Chromosome1	smbu06GL002398	2431124	2431423	+	300	99	hypothetical protein	
smbu06	Chromosome1	smbu06GL002399	2431642	2432997	-	1356	451	hypothetical protein	
smbu06	Chromosome1	smbu06GL002400	2432997	2433521	-	525	174	hypothetical protein	
smbu06	Chromosome1	smbu06GL002401	2433537	2433863	-	327	108	Lichenan-specific phosphotransferase enzyme IIAcomponent	UniProtKB/Swiss-Prot:P46319
smbu06	Chromosome1	smbu06GL002402	2433876	2435855	-	1980	659	hypothetical protein	
smbu06	Chromosome1	smbu06GL002403	2435876	2436190	-	315	104	Lichenan-specific phosphotransferase enzyme IIBcomponent	UniProtKB/Swiss-Prot:P46318
smbu06	Chromosome1	smbu06GL002404	2436415	2437485	-	1071	356	hypothetical protein	
smbu06	Chromosome1	smbu06GL002405	2437666	2440080	-	2415	804	Leucine--tRNA ligase	UniProtKB/Swiss-Prot:Q837N5
smbu06	Chromosome1	smbu06GL002406	2440502	2442508	-	2007	668	Muramidase-2	UniProtKB/Swiss-Prot:P39046
smbu06	Chromosome1	smbu06GL002407	2442878	2443534	+	657	218	hypothetical protein	
smbu06	Chromosome1	smbu06GL002408	2443534	2444490	+	957	318	Uncharacterized protein YtqA	UniProtKB/Swiss-Prot:O35008
smbu06	Chromosome1	smbu06GL002409	2444490	2445056	+	567	188	tRNA (mnm(5)s(2)U34)-methyltransferase	UniProtKB/Swiss-Prot:O34614
smbu06	Chromosome1	smbu06GL002410	2445261	2447030	-	1770	589	hypothetical protein	
smbu06	Chromosome1	smbu06GL002411	2447033	2448745	-	1713	570	hypothetical protein	
smbu06	Chromosome1	smbu06GL002412	2448860	2449525	+	666	221	hypothetical protein	
smbu06	Chromosome1	smbu06GL002413	2449595	2450383	-	789	262	hypothetical protein	
smbu06	Chromosome1	smbu06GL002414	2450466	2451938	-	1473	490	hypothetical protein	
smbu06	Chromosome1	smbu06GL002415	2452069	2453262	-	1194	397	S-adenosylmethionine synthase	UniProtKB/Swiss-Prot:Q837P9
smbu06	Chromosome1	smbu06GL002416	2460850	2460969	+	120	39	hypothetical protein	
smbu06	Chromosome1	smbu06GL002417	2461466	2462962	-	1497	498	Lysine--tRNA ligase	UniProtKB/Swiss-Prot:Q839A8
smbu06	Chromosome1	smbu06GL002418	2463073	2464077	-	1005	334	putative tRNA-dihydrouridine synthase 1	UniProtKB/Swiss-Prot:P37567
smbu06	Chromosome1	smbu06GL002419	2464078	2464965	-	888	295	33 kDa chaperonin	UniProtKB/Swiss-Prot:Q839B0
smbu06	Chromosome1	smbu06GL002420	2465182	2467293	-	2112	703	ATP-dependent zinc metalloprotease FtsH	UniProtKB/Swiss-Prot:Q88Z31
smbu06	Chromosome1	smbu06GL002421	2467383	2467928	-	546	181	Hypoxanthine-guanine phosphoribosyltransferase	UniProtKB/Swiss-Prot:Q839B2
smbu06	Chromosome1	smbu06GL002422	2467928	2469382	-	1455	484	tRNA(Ile)-lysidine synthase	UniProtKB/Swiss-Prot:Q839B3
smbu06	Chromosome1	smbu06GL002423	2469494	2469964	-	471	156	Uncharacterized protein YabR	UniProtKB/Swiss-Prot:P37560
smbu06	Chromosome1	smbu06GL002424	2470010	2470450	-	441	146	hypothetical protein	
smbu06	Chromosome1	smbu06GL002425	2470503	2470772	-	270	89	Uncharacterized protein SP_0007	UniProtKB/Swiss-Prot:P64405
smbu06	Chromosome1	smbu06GL002426	2470783	2472378	-	1596	531	hypothetical protein	
smbu06	Chromosome1	smbu06GL002427	2472393	2475914	-	3522	1173	Transcription-repair-coupling factor	UniProtKB/Swiss-Prot:P37474
smbu06	Chromosome1	smbu06GL002428	2475931	2476524	-	594	197	Peptidyl-tRNA hydrolase	UniProtKB/Swiss-Prot:Q839C0
smbu06	Chromosome1	smbu06GL002429	2476844	2477818	+	975	324	L-lactate dehydrogenase 1	UniProtKB/Swiss-Prot:Q839C1
smbu06	Chromosome1	smbu06GL002430	2477988	2479385	+	1398	465	hypothetical protein	
smbu06	Chromosome1	smbu06GL002431	2479467	2480222	-	756	251	putative transcriptional regulatory proteinEF_0663	UniProtKB/Swiss-Prot:Q838A9
smbu06	Chromosome1	smbu06GL002432	2480268	2480774	-	507	168	hypothetical protein	
smbu06	Chromosome1	smbu06GL002433	2480896	2482695	+	1800	599	hypothetical protein	
smbu06	Chromosome1	smbu06GL002434	2482764	2484281	-	1518	505	Protein P54	UniProtKB/Swiss-Prot:P13692
smbu06	Chromosome1	smbu06GL002435	2484575	2485084	-	510	169	hypothetical protein	
smbu06	Chromosome1	smbu06GL002436	2485088	2485942	-	855	284	hypothetical protein	
smbu06	Chromosome1	smbu06GL002437	2486098	2486736	-	639	212	hypothetical protein	
smbu06	Chromosome1	smbu06GL002438	2486737	2487387	-	651	216	Ribulose-phosphate 3-epimerase	UniProtKB/Swiss-Prot:O34557
smbu06	Chromosome1	smbu06GL002439	2487400	2488299	-	900	299	Small ribosomal subunit biogenesis GTPase RsgA	UniProtKB/Swiss-Prot:Q82ZE1
smbu06	Chromosome1	smbu06GL002440	2488496	2490565	-	2070	689	Serine/threonine-protein kinase PrkC	UniProtKB/Swiss-Prot:O34507
smbu06	Chromosome1	smbu06GL002441	2490562	2491302	-	741	246	Serine/threonine phosphatase stp	UniProtKB/Swiss-Prot:Q92AI7
smbu06	Chromosome1	smbu06GL002442	2491315	2492673	-	1359	452	putative ribosomal RNA small subunitmethyltransferase B	UniProtKB/Swiss-Prot:P94464
smbu06	Chromosome1	smbu06GL002443	2492673	2493593	-	921	306	Methionyl-tRNA formyltransferase	UniProtKB/Swiss-Prot:Q82ZD8
smbu06	Chromosome1	smbu06GL002444	2493604	2494095	-	492	163	Peptide deformylase	UniProtKB/Swiss-Prot:Q3AC18
smbu06	Chromosome1	smbu06GL002445	2494110	2496518	-	2409	802	Primosomal protein N'	UniProtKB/Swiss-Prot:P94461
smbu06	Chromosome1	smbu06GL002446	2496771	2496986	-	216	71	DNA-directed RNA polymerase subunit omega	UniProtKB/Swiss-Prot:Q82ZD6
smbu06	Chromosome1	smbu06GL002447	2497081	2497695	-	615	204	Guanylate kinase	UniProtKB/Swiss-Prot:Q82ZD5
smbu06	Chromosome1	smbu06GL002448	2498060	2498365	-	306	101	hypothetical protein	
smbu06	Chromosome1	smbu06GL002449	2498362	2499252	-	891	296	hypothetical protein	
smbu06	Chromosome1	smbu06GL002450	2499272	2499490	-	219	72	Uncharacterized protein TP_0352	UniProtKB/Swiss-Prot:O83371
smbu06	Chromosome1	smbu06GL002451	2499460	2501181	-	1722	573	hypothetical protein	
smbu06	Chromosome1	smbu06GL002452	2501414	2502190	+	777	258	hypothetical protein	
smbu06	Chromosome1	smbu06GL002453	2502273	2502875	-	603	200	Thiamine transporter ThiT	UniProtKB/Swiss-Prot:Q037U3
smbu06	Chromosome1	smbu06GL002454	2503016	2504011	-	996	331	Ribose-phosphate pyrophosphokinase 2	UniProtKB/Swiss-Prot:Q82ZA5
smbu06	Chromosome1	smbu06GL002455	2504081	2505358	-	1278	425	Bifunctional protein GlmU	UniProtKB/Swiss-Prot:Q839U1
smbu06	Chromosome1	smbu06GL002456	2505835	2506653	-	819	272	Pur operon repressor	UniProtKB/Swiss-Prot:P65832
smbu06	Chromosome1	smbu06GL002457	2506820	2507620	-	801	266	High-affinity zinc uptake system membraneprotein ZnuB	UniProtKB/Swiss-Prot:O34610
smbu06	Chromosome1	smbu06GL002458	2507617	2508297	-	681	226	Zinc transport system ATP-binding protein AdcC	UniProtKB/Swiss-Prot:P0A2U6
smbu06	Chromosome1	smbu06GL002459	2508319	2509257	-	939	312	Zinc-binding lipoprotein AdcA	UniProtKB/Swiss-Prot:O05703
smbu06	Chromosome1	smbu06GL002460	2509504	2510355	-	852	283	4-diphosphocytidyl-2-C-methyl-D-erythritolkinase	UniProtKB/Swiss-Prot:Q839U9
smbu06	Chromosome1	smbu06GL002461	2510509	2513082	-	2574	857	hypothetical protein	
smbu06	Chromosome1	smbu06GL002462	2513169	2514026	+	858	285	hypothetical protein	
smbu06	Chromosome1	smbu06GL002463	2514108	2515664	-	1557	518	Ribonuclease Y	UniProtKB/Swiss-Prot:Q82Z99
smbu06	Chromosome1	smbu06GL002464	2516086	2517132	-	1047	348	Protein RecA	UniProtKB/Swiss-Prot:P42444
smbu06	Chromosome1	smbu06GL002465	2517241	2518482	-	1242	413	Putative competence-damage inducible protein	UniProtKB/Swiss-Prot:Q82Z98
smbu06	Chromosome1	smbu06GL002466	2518653	2519174	-	522	173	CDP-diacylglycerol--glycerol-3-phosphate3-phosphatidyltransferase	UniProtKB/Swiss-Prot:P46322
smbu06	Chromosome1	smbu06GL002467	2519125	2519355	+	231	76	hypothetical protein	
smbu06	Chromosome1	smbu06GL002468	2519440	2520375	-	936	311	hypothetical protein	
smbu06	Chromosome1	smbu06GL002469	2520732	2522018	-	1287	428	putative zinc protease YmfH	UniProtKB/Swiss-Prot:O31766
smbu06	Chromosome1	smbu06GL002470	2522011	2523279	-	1269	422	hypothetical protein	
smbu06	Chromosome1	smbu06GL002471	2523530	2523991	+	462	153	Large-conductance mechanosensitive channel	UniProtKB/Swiss-Prot:Q82ZB4
smbu06	Chromosome1	smbu06GL002472	2524050	2524541	-	492	163	hypothetical protein	
smbu06	Chromosome1	smbu06GL002473	2524589	2524834	-	246	81	Protein Veg	UniProtKB/Swiss-Prot:P37466
smbu06	Chromosome1	smbu06GL002474	2524949	2525527	-	579	192	hypothetical protein	
smbu06	Chromosome1	smbu06GL002475	2525604	2526134	-	531	176	Uncharacterized protein YacP	UniProtKB/Swiss-Prot:P37574
smbu06	Chromosome1	smbu06GL002476	2526138	2526998	-	861	286	Putative TrmH family tRNA/rRNA methyltransferaseYacO	UniProtKB/Swiss-Prot:Q06753
smbu06	Chromosome1	smbu06GL002477	2526991	2527386	-	396	131	Mini-ribonuclease 3	UniProtKB/Swiss-Prot:Q839V4
smbu06	Chromosome1	smbu06GL002478	2527383	2528795	-	1413	470	Cysteine--tRNA ligase	UniProtKB/Swiss-Prot:Q839V5
smbu06	Chromosome1	smbu06GL002479	2528792	2529328	-	537	178	Serine acetyltransferase	UniProtKB/Swiss-Prot:A8F961
smbu06	Chromosome1	smbu06GL002480	2529651	2531111	-	1461	486	Glutamate--tRNA ligase	UniProtKB/Swiss-Prot:Q839V7
smbu06	Chromosome1	smbu06GL002481	2531281	2532438	-	1158	385	putative PIN and TRAM-domain containing proteinLin0266	UniProtKB/Swiss-Prot:Q92F41
smbu06	Chromosome1	smbu06GL002482	2532472	2533869	-	1398	465	DNA repair protein RadA	UniProtKB/Swiss-Prot:Q5XDZ7
smbu06	Chromosome1	smbu06GL002483	2533905	2534432	-	528	175	Deoxyuridine 5'-triphosphatenucleotidohydrolase	UniProtKB/Swiss-Prot:Q9CJ30
smbu06	Chromosome1	smbu06GL002484	2534662	2535468	+	807	268	Glutamate 5-kinase	UniProtKB/Swiss-Prot:Q839W2
smbu06	Chromosome1	smbu06GL002485	2535465	2536712	+	1248	415	Gamma-glutamyl phosphate reductase	UniProtKB/Swiss-Prot:Q839W3
smbu06	Chromosome1	smbu06GL002486	2536788	2537132	+	345	114	hypothetical protein	
smbu06	Chromosome1	smbu06GL002487	2537260	2537586	-	327	108	hypothetical protein	
smbu06	Chromosome1	smbu06GL002488	2537658	2537834	+	177	58	hypothetical protein	
smbu06	Chromosome1	smbu06GL002489	2537958	2539187	-	1230	409	Multidrug efflux protein YfmO	UniProtKB/Swiss-Prot:O06473
smbu06	Chromosome1	smbu06GL002490	2539307	2539792	+	486	161	hypothetical protein	
smbu06	Chromosome1	smbu06GL002491	2539993	2540475	-	483	160	Uncharacterized protein YybC	UniProtKB/Swiss-Prot:P37501
smbu06	Chromosome1	smbu06GL002492	2540486	2541964	-	1479	492	Erythromycin resistance ATP-binding proteinMsrA	UniProtKB/Swiss-Prot:P23212
smbu06	Chromosome1	smbu06GL002493	2541965	2542087	+	123	40	hypothetical protein	
smbu06	Chromosome1	smbu06GL002494	2542318	2542947	-	630	209	Putative NAD(P)H nitroreductase YdgI	UniProtKB/Swiss-Prot:P96707
smbu06	Chromosome1	smbu06GL002495	2542931	2543395	-	465	154	hypothetical protein	
smbu06	Chromosome1	smbu06GL002496	2543544	2546672	+	3129	1042	hypothetical protein	
smbu06	Chromosome1	smbu06GL002497	2547089	2548357	-	1269	422	putative N-acetylmuramidase	UniProtKB/Swiss-Prot:P0C2T5
smbu06	Chromosome1	smbu06GL002498	2548710	2549582	+	873	290	hypothetical protein	
smbu06	Chromosome1	smbu06GL002499	2549600	2551537	+	1938	645	PTS system N-acetylglucosamine-specific EIICBAcomponent	UniProtKB/Swiss-Prot:P09323
smbu06	Chromosome1	smbu06GL002500	2551873	2552733	-	861	286	hypothetical protein	
smbu06	Chromosome1	smbu06GL002501	2552847	2553314	+	468	155	Putative HTH-type transcriptional regulatorYwnA	UniProtKB/Swiss-Prot:P71036
smbu06	Chromosome1	smbu06GL002502	2553456	2553947	-	492	163	hypothetical protein	
smbu06	Chromosome1	smbu06GL002503	2554037	2554900	-	864	287	putative HTH-type transcriptional regulatorYdeE	UniProtKB/Swiss-Prot:P96662
smbu06	Chromosome1	smbu06GL002504	2554919	2555050	+	132	43	hypothetical protein	
smbu06	Chromosome1	smbu06GL002505	2555265	2555396	-	132	43	hypothetical protein	
smbu06	Chromosome1	smbu06GL002506	2555500	2556936	+	1437	478	hypothetical protein	
smbu06	Chromosome1	smbu06GL002507	2557031	2558512	-	1482	493	Xylulose kinase	UniProtKB/Swiss-Prot:Q9CFG8
smbu06	Chromosome1	smbu06GL002508	2558575	2559408	-	834	277	hypothetical protein	
smbu06	Chromosome1	smbu06GL002509	2559401	2560315	-	915	304	hypothetical protein	
smbu06	Chromosome1	smbu06GL002510	2560356	2561654	-	1299	432	hypothetical protein	
smbu06	Chromosome1	smbu06GL002511	2561651	2563261	-	1611	536	Beta-xylosidase	UniProtKB/Swiss-Prot:P94489
smbu06	Chromosome1	smbu06GL002512	2563275	2567009	-	3735	1244	Ftsk domain-containing protein CA_C3709	UniProtKB/Swiss-Prot:Q04351
smbu06	Chromosome1	smbu06GL002513	2566996	2568126	-	1131	376	hypothetical protein	
smbu06	Chromosome1	smbu06GL002514	2568162	2568440	-	279	92	hypothetical protein	
smbu06	Chromosome1	smbu06GL002515	2568442	2568951	-	510	169	hypothetical protein	
smbu06	Chromosome1	smbu06GL002516	2568948	2572397	-	3450	1149	hypothetical protein	
smbu06	Chromosome1	smbu06GL002517	2572526	2572819	-	294	97	Uncharacterized protein CA_C3713	UniProtKB/Swiss-Prot:P34159
smbu06	Chromosome1	smbu06GL002518	2573379	2574266	-	888	295	hypothetical protein	
smbu06	Chromosome1	smbu06GL002519	2574720	2575433	+	714	237	hypothetical protein	
smbu06	Chromosome1	smbu06GL002520	2575531	2575743	+	213	70	hypothetical protein	
smbu06	Chromosome1	smbu06GL002521	2575828	2576865	-	1038	345	Zinc-type alcohol dehydrogenase-like proteinSERP1785	UniProtKB/Swiss-Prot:Q5HM44
smbu06	Chromosome1	smbu06GL002522	2577190	2578173	-	984	327	putative tRNA-dihydrouridine synthase 2	UniProtKB/Swiss-Prot:O31546
smbu06	Chromosome1	smbu06GL002523	2578178	2578294	+	117	38	hypothetical protein	
smbu06	Chromosome1	smbu06GL002524	2578463	2579233	-	771	256	Inner membrane transport permease YadH	UniProtKB/Swiss-Prot:P0AFN8
smbu06	Chromosome1	smbu06GL002525	2579226	2580161	-	936	311	putative ABC transporter ATP-binding proteinYadG	UniProtKB/Swiss-Prot:P36879
smbu06	Chromosome1	smbu06GL002526	2580252	2580374	+	123	40	hypothetical protein	
smbu06	Chromosome1	smbu06GL002527	2580477	2582126	-	1650	549	hypothetical protein	
smbu06	Chromosome1	smbu06GL002528	2582243	2584846	-	2604	867	hypothetical protein	
smbu06	Chromosome1	smbu06GL002529	2584858	2585907	-	1050	349	PTS system fructose-specific EIIB'BC component	UniProtKB/Swiss-Prot:P23387
smbu06	Chromosome1	smbu06GL002530	2585933	2586247	-	315	104	PTS system fructose-like EIIB component 2	UniProtKB/Swiss-Prot:P69818
smbu06	Chromosome1	smbu06GL002531	2586263	2586709	-	447	148	hypothetical protein	
smbu06	Chromosome1	smbu06GL002532	2586710	2588632	-	1923	640	hypothetical protein	
smbu06	Chromosome1	smbu06GL002533	2588859	2589719	-	861	286	hypothetical protein	
smbu06	Chromosome1	smbu06GL002534	2589748	2590428	-	681	226	putative transcriptional regulatory proteinYrkP	UniProtKB/Swiss-Prot:P54443
smbu06	Chromosome1	smbu06GL002535	2590429	2591211	-	783	260	hypothetical protein	
smbu06	Chromosome1	smbu06GL002536	2591204	2592121	-	918	305	Bacitracin transport ATP-binding protein BcrA	UniProtKB/Swiss-Prot:P42332
smbu06	Chromosome1	smbu06GL002537	2592284	2593654	-	1371	456	hypothetical protein	
smbu06	Chromosome1	smbu06GL002538	2593720	2594646	+	927	308	hypothetical protein	
smbu06	Chromosome1	smbu06GL002539	2594886	2597015	-	2130	709	hypothetical protein	
smbu06	Chromosome1	smbu06GL002540	2597182	2597715	+	534	177	hypothetical protein	
smbu06	Chromosome1	smbu06GL002541	2597755	2598534	-	780	259	hypothetical protein	
smbu06	Chromosome1	smbu06GL002542	2598794	2599186	-	393	130	Small ribosomal subunit protein uS9	UniProtKB/Swiss-Prot:Q82Z47
smbu06	Chromosome1	smbu06GL002543	2599202	2599630	-	429	142	Large ribosomal subunit protein uL13	UniProtKB/Swiss-Prot:Q03EE8
smbu06	Chromosome1	smbu06GL002544	2599913	2600380	-	468	155	DNA protection during starvation protein	UniProtKB/Swiss-Prot:Q9KWH3
smbu06	Chromosome1	smbu06GL002545	2600500	2602038	-	1539	512	Gluconokinase	UniProtKB/Swiss-Prot:P12011
smbu06	Chromosome1	smbu06GL002546	2602118	2602765	+	648	215	hypothetical protein	
smbu06	Chromosome1	smbu06GL002547	2602875	2603402	-	528	175	Peptide methionine sulfoxide reductase MsrA	UniProtKB/Swiss-Prot:Q92AE8
smbu06	Chromosome1	smbu06GL002548	2603603	2604835	+	1233	410	hypothetical protein	
smbu06	Chromosome1	smbu06GL002549	2605137	2608811	-	3675	1224	DNA-directed RNA polymerase subunit beta'	UniProtKB/Swiss-Prot:Q82Z41
smbu06	Chromosome1	smbu06GL002550	2608869	2612486	-	3618	1205	DNA-directed RNA polymerase subunit beta	UniProtKB/Swiss-Prot:Q82Z40
smbu06	Chromosome1	smbu06GL002551	2613212	2614180	+	969	322	Tyrosine-binding protein	UniProtKB/Swiss-Prot:P0DX45
smbu06	Chromosome1	smbu06GL002552	2614198	2615103	+	906	301	Tyrosine transport system permease protein	UniProtKB/Swiss-Prot:P0DX44
smbu06	Chromosome1	smbu06GL002553	2615100	2615906	+	807	268	Tyrosine transport ATP-binding protein	UniProtKB/Swiss-Prot:P0DX43
smbu06	Chromosome1	smbu06GL002554	2616041	2617030	+	990	329	hypothetical protein	
smbu06	Chromosome1	smbu06GL002555	2617487	2617612	-	126	41	hypothetical protein	
smbu06	Chromosome1	smbu06GL002556	2617892	2618137	-	246	81	hypothetical protein	
smbu06	Chromosome1	smbu06GL002557	2618388	2618510	+	123	40	hypothetical protein	
smbu06	Chromosome1	smbu06GL002558	2618512	2619288	+	777	258	hypothetical protein	
smbu06	Chromosome1	smbu06GL002559	2619376	2624715	-	5340	1779	hypothetical protein	
smbu06	Chromosome1	smbu06GL002560	2624836	2625240	-	405	134	hypothetical protein	
smbu06	Chromosome1	smbu06GL002561	2625245	2625838	-	594	197	hypothetical protein	
smbu06	Chromosome1	smbu06GL002562	2625893	2626294	-	402	133	hypothetical protein	
smbu06	Chromosome1	smbu06GL002563	2626817	2627311	-	495	164	hypothetical protein	
smbu06	Chromosome1	smbu06GL002564	2627599	2629500	+	1902	633	hypothetical protein	
smbu06	Chromosome1	smbu06GL002565	2629654	2630625	-	972	323	hypothetical protein	
smbu06	Chromosome1	smbu06GL002566	2630663	2631229	-	567	188	hypothetical protein	
smbu06	Chromosome1	smbu06GL002567	2631243	2631659	-	417	138	hypothetical protein	
smbu06	Chromosome1	smbu06GL002568	2632114	2634048	-	1935	644	hypothetical protein	
smbu06	Chromosome1	smbu06GL002569	2634350	2635285	+	936	311	hypothetical protein	
smbu06	Chromosome1	smbu06GL002570	2635423	2636478	+	1056	351	hypothetical protein	
smbu06	Chromosome1	smbu06GL002571	2636491	2637444	+	954	317	hypothetical protein	
smbu06	Chromosome1	smbu06GL002572	2637632	2639092	-	1461	486	hypothetical protein	
smbu06	Chromosome1	smbu06GL002573	2639166	2641664	-	2499	832	hypothetical protein	
smbu06	Chromosome1	smbu06GL002574	2641679	2641819	-	141	46	hypothetical protein	
smbu06	Chromosome1	smbu06GL002575	2642276	2643232	-	957	318	hypothetical protein	
smbu06	Chromosome1	smbu06GL002576	2643366	2643701	-	336	111	hypothetical protein	
smbu06	Chromosome1	smbu06GL002577	2644371	2645843	+	1473	490	hypothetical protein	
smbu06	Chromosome1	smbu06GL002578	2645937	2647283	-	1347	448	Glutathione reductase	UniProtKB/Swiss-Prot:Q60151
smbu06	Chromosome1	smbu06GL002579	2647417	2648670	-	1254	417	tRNA hydroxylation protein P1	UniProtKB/Swiss-Prot:O32034
smbu06	Chromosome1	smbu06GL002580	2648676	2649599	-	924	307	hypothetical protein	
smbu06	Chromosome1	smbu06GL002581	2649820	2652306	-	2487	828	Chaperone protein ClpB	UniProtKB/Swiss-Prot:Q8EU05
smbu06	Chromosome1	smbu06GL002582	2652313	2652714	-	402	133	Transcriptional regulator CtsR	UniProtKB/Swiss-Prot:Q88XZ6
smbu06	Chromosome1	smbu06GL002583	2658857	2659036	-	180	59	hypothetical protein	
smbu06	Chromosome1	smbu06GL002584	2659408	2660097	+	690	229	Regulatory protein VanR	UniProtKB/Swiss-Prot:Q06239
smbu06	Chromosome1	smbu06GL002585	2660084	2661292	+	1209	402	hypothetical protein	
smbu06	Chromosome1	smbu06GL002586	2661586	2662857	+	1272	423	Serine--tRNA ligase 2	UniProtKB/Swiss-Prot:Q82YY9
smbu06	Chromosome1	smbu06GL002587	2663393	2664877	-	1485	494	Inosine-5'-monophosphate dehydrogenase	UniProtKB/Swiss-Prot:P0C0H7
smbu06	Chromosome1	smbu06GL002588	2665308	2666003	-	696	231	hypothetical protein	
smbu06	Chromosome1	smbu06GL002589	2666093	2667193	-	1101	366	Ribosome-binding ATPase YchF	UniProtKB/Swiss-Prot:P37518
smbu06	Chromosome1	smbu06GL002590	2667202	2667393	-	192	63	Uncharacterized protein YyzM	UniProtKB/Swiss-Prot:C0H3V8
smbu06	Chromosome1	smbu06GL002591	2667414	2668304	-	891	296	Stage 0 sporulation protein J	UniProtKB/Swiss-Prot:P26497
smbu06	Chromosome1	smbu06GL002592	2668291	2669058	-	768	255	Sporulation initiation inhibitor protein Soj	UniProtKB/Swiss-Prot:P37522
smbu06	Chromosome1	smbu06GL002593	2669070	2669798	-	729	242	Ribosomal RNA small subunit methyltransferase G	UniProtKB/Swiss-Prot:Q82YY1
smbu06	Chromosome1	smbu06GL002594	2670017	2671918	-	1902	633	tRNA uridine 5-carboxymethylaminomethylmodification enzyme MnmG	UniProtKB/Swiss-Prot:Q82YX0
smbu06	Chromosome1	smbu06GL002595	2671935	2673392	-	1458	485	tRNA modification GTPase MnmE	UniProtKB/Swiss-Prot:Q820T0
smbu06	Chromosome1	smbu06GL002596	2673701	2674015	+	315	104	hypothetical protein	
smbu06	Chromosome1	smbu06GL002597	2674185	2674943	-	759	252	RNA-binding protein KhpB	UniProtKB/Swiss-Prot:F9ULM5
smbu06	Chromosome1	smbu06GL002598	2674961	2675752	-	792	263	Membrane protein insertase YidC	UniProtKB/Swiss-Prot:Q82YV1
smbu06	Chromosome1	smbu06GL002599	2675776	2676132	-	357	118	Ribonuclease P protein component	UniProtKB/Swiss-Prot:Q82YV0
smbu06	Chromosome1	smbu06GL002600	2676250	2676393	-	144	47	Large ribosomal subunit protein bL34	UniProtKB/Swiss-Prot:Q82YU9
smbu06	Plasmid1	smbu06GL002601	845	3028	-	2184	727	PTS system glucose-specific EIICBA component	UniProtKB/Swiss-Prot:P35595
smbu06	Plasmid1	smbu06GL002602	3288	5582	+	2295	764	Maltose phosphorylase	UniProtKB/Swiss-Prot:E6ENP7
smbu06	Plasmid1	smbu06GL002603	5575	6240	+	666	221	Beta-phosphoglucomutase	UniProtKB/Swiss-Prot:P71447
smbu06	Plasmid1	smbu06GL002604	6233	7267	+	1035	344	hypothetical protein	
smbu06	Plasmid1	smbu06GL002605	7336	7842	+	507	168	HTH-type transcriptional regulator MalR	UniProtKB/Swiss-Prot:P0A4T2
smbu06	Plasmid1	smbu06GL002606	7846	8355	+	510	169	hypothetical protein	
smbu06	Plasmid1	smbu06GL002607	8659	8835	-	177	58	hypothetical protein	
smbu06	Plasmid1	smbu06GL002608	8863	9321	-	459	152	Transposase for insertion sequence element IS257in transposon Tn4003	UniProtKB/Swiss-Prot:P14506
smbu06	Plasmid1	smbu06GL002609	9910	10770	+	861	286	Uncharacterized protein YpfJ	UniProtKB/Swiss-Prot:P64431
smbu06	Plasmid1	smbu06GL002610	11109	11273	+	165	54	hypothetical protein	
smbu06	Plasmid1	smbu06GL002611	11310	11441	+	132	43	hypothetical protein	
smbu06	Plasmid1	smbu06GL002612	11445	11858	+	414	137	hypothetical protein	
smbu06	Plasmid1	smbu06GL002613	11819	12595	+	777	258	hypothetical protein	
smbu06	Plasmid1	smbu06GL002614	12667	14292	-	1626	541	hypothetical protein	
smbu06	Plasmid1	smbu06GL002615	14774	15232	+	459	152	hypothetical protein	
smbu06	Plasmid1	smbu06GL002616	15549	16130	-	582	193	hypothetical protein	
smbu06	Plasmid1	smbu06GL002617	16149	17495	-	1347	448	UPF0210 protein lmo0534	UniProtKB/Swiss-Prot:Q8Y9J3
smbu06	Plasmid1	smbu06GL002618	17507	17773	-	267	88	UPF0237 protein lmo0533	UniProtKB/Swiss-Prot:Q8Y9J4
smbu06	Plasmid1	smbu06GL002619	17876	18544	-	669	222	2,3-bisphosphoglycerate-dependentphosphoglycerate mutase	UniProtKB/Swiss-Prot:Q9JTF2
smbu06	Plasmid1	smbu06GL002620	18620	18868	+	249	82	hypothetical protein	
smbu06	Plasmid1	smbu06GL002621	18925	19749	+	825	274	hypothetical protein	
smbu06	Plasmid1	smbu06GL002622	19899	20462	-	564	187	hypothetical protein	
smbu06	Plasmid1	smbu06GL002623	20722	21270	-	549	182	hypothetical protein	
smbu06	Plasmid1	smbu06GL002624	21271	22128	-	858	285	hypothetical protein	
smbu06	Plasmid1	smbu06GL002625	22414	22701	-	288	95	hypothetical protein	
smbu06	Plasmid1	smbu06GL002626	22691	23020	-	330	109	hypothetical protein	
smbu06	Plasmid1	smbu06GL002627	23369	23632	-	264	87	hypothetical protein	
smbu06	Plasmid1	smbu06GL002628	23866	24006	+	141	46	hypothetical protein	
smbu06	Plasmid1	smbu06GL002629	24016	24774	+	759	252	hypothetical protein	
smbu06	Plasmid1	smbu06GL002630	24777	25952	-	1176	391	hypothetical protein	
smbu06	Plasmid1	smbu06GL002631	25955	28021	-	2067	688	Alpha-galactosidase AgaA	UniProtKB/Swiss-Prot:Q9ALJ4
smbu06	Plasmid1	smbu06GL002632	28301	29155	-	855	284	hypothetical protein	
smbu06	Plasmid1	smbu06GL002633	29237	30145	-	909	302	hypothetical protein	
smbu06	Plasmid1	smbu06GL002634	30239	30664	-	426	141	hypothetical protein	
smbu06	Plasmid1	smbu06GL002635	30670	31200	-	531	176	Transposase for insertion sequence element IS257in transposon Tn4003	UniProtKB/Swiss-Prot:P14506
smbu06	Plasmid1	smbu06GL002636	31313	31603	+	291	96	hypothetical protein	
smbu06	Plasmid1	smbu06GL002637	31639	32475	+	837	278	hypothetical protein	
smbu06	Plasmid1	smbu06GL002638	32619	33056	-	438	145	hypothetical protein	
smbu06	Plasmid1	smbu06GL002639	33065	34672	-	1608	535	Divalent metal cation transporter MntH	UniProtKB/Swiss-Prot:Q38UX8
smbu06	Plasmid1	smbu06GL002640	34839	35747	-	909	302	hypothetical protein	
smbu06	Plasmid1	smbu06GL002641	36073	36237	+	165	54	Bacteriocin enterocin-P	UniProtKB/Swiss-Prot:O30434
smbu06	Plasmid1	smbu06GL002642	36247	36513	+	267	88	Sakacin-A immunity factor	UniProtKB/Swiss-Prot:Q48864
smbu06	Plasmid1	smbu06GL002643	36858	39125	+	2268	755	hypothetical protein	
smbu06	Plasmid1	smbu06GL002644	39303	40211	+	909	302	hypothetical protein	
smbu06	Plasmid1	smbu06GL002645	40603	41106	+	504	167	General stress protein 18	UniProtKB/Swiss-Prot:P80876
smbu06	Plasmid1	smbu06GL002646	41368	41859	-	492	163	hypothetical protein	
smbu06	Plasmid1	smbu06GL002647	42598	43854	+	1257	418	hypothetical protein	
smbu06	Plasmid1	smbu06GL002648	44010	44423	-	414	137	hypothetical protein	
smbu06	Plasmid1	smbu06GL002649	44606	45076	+	471	156	hypothetical protein	
smbu06	Plasmid1	smbu06GL002650	45214	46101	+	888	295	Uncharacterized protein YeaE	UniProtKB/Swiss-Prot:P76234
smbu06	Plasmid1	smbu06GL002651	46312	46452	+	141	46	hypothetical protein	
smbu06	Plasmid1	smbu06GL002652	46482	47111	+	630	209	hypothetical protein	
smbu06	Plasmid1	smbu06GL002653	47317	48003	-	687	228	Transposase for insertion sequence-like elementIS431mec	UniProtKB/Swiss-Prot:P0C1L0
smbu06	Plasmid1	smbu06GL002654	48476	49009	-	534	177	hypothetical protein	
smbu06	Plasmid1	smbu06GL002655	49160	49450	+	291	96	hypothetical protein	
smbu06	Plasmid1	smbu06GL002656	49486	50322	+	837	278	hypothetical protein	
smbu06	Plasmid1	smbu06GL002657	50712	51920	-	1209	402	hypothetical protein	
smbu06	Plasmid1	smbu06GL002658	52214	52678	-	465	154	hypothetical protein	
smbu06	Plasmid1	smbu06GL002659	52760	53446	-	687	228	Transposase for insertion sequence-like elementIS431mec	UniProtKB/Swiss-Prot:P0C1L0
smbu06	Plasmid1	smbu06GL002660	53916	54233	-	318	105	hypothetical protein	
smbu06	Plasmid1	smbu06GL002661	54234	54488	-	255	84	hypothetical protein	
smbu06	Plasmid1	smbu06GL002662	54748	54888	-	141	46	hypothetical protein	
smbu06	Plasmid1	smbu06GL002663	56778	57818	+	1041	346	hypothetical protein	
smbu06	Plasmid1	smbu06GL002664	58817	58990	+	174	57	hypothetical protein	
smbu06	Plasmid1	smbu06GL002665	59413	60822	+	1410	469	hypothetical protein	
smbu06	Plasmid1	smbu06GL002666	60830	63037	+	2208	735	hypothetical protein	
smbu06	Plasmid1	smbu06GL002667	63053	63202	+	150	49	hypothetical protein	
smbu06	Plasmid1	smbu06GL002668	63283	63879	+	597	198	hypothetical protein	
smbu06	Plasmid1	smbu06GL002669	63892	64791	+	900	299	hypothetical protein	
smbu06	Plasmid1	smbu06GL002670	64936	65202	+	267	88	Single-stranded DNA-binding protein 2	UniProtKB/Swiss-Prot:Q9CDM9
smbu06	Plasmid1	smbu06GL002671	65705	65827	-	123	40	hypothetical protein	
smbu06	Plasmid1	smbu06GL002672	66087	66242	+	156	51	hypothetical protein	
smbu06	Plasmid1	smbu06GL002673	66892	67143	+	252	83	hypothetical protein	
smbu06	Plasmid1	smbu06GL002674	67159	67596	+	438	145	hypothetical protein	
smbu06	Plasmid1	smbu06GL002675	68065	68202	+	138	45	hypothetical protein	
smbu06	Plasmid1	smbu06GL002676	68238	68672	+	435	144	hypothetical protein	
smbu06	Plasmid1	smbu06GL002677	68744	68920	+	177	58	hypothetical protein	
smbu06	Plasmid1	smbu06GL002678	68930	69163	+	234	77	hypothetical protein	
smbu06	Plasmid1	smbu06GL002679	69485	69688	+	204	67	Bacteriocin hiracin-JM79	UniProtKB/Swiss-Prot:Q0Z8B6
smbu06	Plasmid1	smbu06GL002680	69940	70230	+	291	96	hypothetical protein	
smbu06	Plasmid1	smbu06GL002681	70266	71102	+	837	278	hypothetical protein	
smbu06	Plasmid1	smbu06GL002682	71518	72426	+	909	302	hypothetical protein	
smbu06	Plasmid1	smbu06GL002683	72482	72979	+	498	165	hypothetical protein	
smbu06	Plasmid1	smbu06GL002684	73016	73711	-	696	231	hypothetical protein	
smbu06	Plasmid1	smbu06GL002685	74007	74309	-	303	100	hypothetical protein	
smbu06	Plasmid1	smbu06GL002686	74457	75326	+	870	289	hypothetical protein	
smbu06	Plasmid1	smbu06GL002687	75763	76941	+	1179	392	Transposase for insertion sequence elementIS905	UniProtKB/Swiss-Prot:P35881
smbu06	Plasmid1	smbu06GL002688	77103	78533	+	1431	476	hypothetical protein	
smbu06	Plasmid1	smbu06GL002689	78530	79153	-	624	207	Putative transposon Tn552 DNA-invertase bin3	UniProtKB/Swiss-Prot:P20384
smbu06	Plasmid1	smbu06GL002690	79471	79809	+	339	112	hypothetical protein	
smbu06	Plasmid1	smbu06GL002691	79809	80684	+	876	291	hypothetical protein	
smbu06	Plasmid1	smbu06GL002692	80725	81015	+	291	96	hypothetical protein	
smbu06	Plasmid1	smbu06GL002693	81051	81887	+	837	278	hypothetical protein	
smbu06	Plasmid1	smbu06GL002694	81917	82675	-	759	252	hypothetical protein	
smbu06	Plasmid1	smbu06GL002695	82680	83447	-	768	255	Lactose phosphotransferase system repressor	UniProtKB/Swiss-Prot:P18816
smbu06	Plasmid1	smbu06GL002696	83926	84360	+	435	144	Galactose-6-phosphate isomerase subunit LacA	UniProtKB/Swiss-Prot:P23494
smbu06	Plasmid1	smbu06GL002697	84377	84892	+	516	171	Galactose-6-phosphate isomerase subunit LacB	UniProtKB/Swiss-Prot:P23495
smbu06	Plasmid1	smbu06GL002698	84903	85835	+	933	310	Tagatose-6-phosphate kinase	UniProtKB/Swiss-Prot:P23391
smbu06	Plasmid1	smbu06GL002699	85838	86818	+	981	326	Tagatose 1,6-diphosphate aldolase	UniProtKB/Swiss-Prot:P26593
smbu06	Plasmid1	smbu06GL002700	86846	87163	+	318	105	PTS system lactose-specific EIIA component	UniProtKB/Swiss-Prot:P23532
smbu06	Plasmid1	smbu06GL002701	87163	88869	+	1707	568	PTS system lactose-specific EIICB component	UniProtKB/Swiss-Prot:P23531
smbu06	Plasmid1	smbu06GL002702	89011	90417	+	1407	468	6-phospho-beta-galactosidase	UniProtKB/Swiss-Prot:P11546
smbu06	Plasmid1	smbu06GL002703	90733	91632	+	900	299	Protein LacX, plasmid	UniProtKB/Swiss-Prot:P23496
smbu06	Plasmid1	smbu06GL002704	92104	92748	-	645	214	hypothetical protein	
smbu06	Plasmid1	smbu06GL002705	92785	92940	-	156	51	hypothetical protein	
smbu06	Plasmid1	smbu06GL002706	92976	93266	-	291	96	hypothetical protein	
smbu06	Plasmid1	smbu06GL002707	93448	93573	-	126	41	hypothetical protein	
smbu06	Plasmid1	smbu06GL002708	93850	94743	-	894	297	hypothetical protein	
smbu06	Plasmid1	smbu06GL002709	94818	95321	-	504	167	LexA repressor	UniProtKB/Swiss-Prot:Q8FPF5
smbu06	Plasmid1	smbu06GL002710	95284	95520	+	237	78	hypothetical protein	
smbu06	Plasmid1	smbu06GL002711	95756	97870	+	2115	704	ATP-dependent Clp protease ATP-binding subunitClpL	UniProtKB/Swiss-Prot:Q06716
smbu06	Plasmid1	smbu06GL002712	98438	98674	+	237	78	hypothetical protein	
smbu06	Plasmid1	smbu06GL002713	98893	99084	+	192	63	hypothetical protein	
smbu06	Plasmid1	smbu06GL002714	99242	99394	+	153	50	hypothetical protein	
smbu06	Plasmid1	smbu06GL002715	99602	100012	+	411	136	hypothetical protein	
smbu06	Plasmid1	smbu06GL002716	100336	100947	+	612	203	Protein RepS	UniProtKB/Swiss-Prot:P14752
smbu06	Plasmid1	smbu06GL002717	100991	101185	+	195	64	hypothetical protein	
smbu06	Plasmid1	smbu06GL002718	101199	101339	+	141	46	hypothetical protein	
smbu06	Plasmid1	smbu06GL002719	101353	101823	+	471	156	hypothetical protein	
smbu06	Plasmid1	smbu06GL002720	102084	103157	+	1074	357	hypothetical protein	
smbu06	Plasmid1	smbu06GL002721	104624	105046	+	423	140	Uncharacterized protein YrkC	UniProtKB/Swiss-Prot:P54430
smbu06	Plasmid1	smbu06GL002722	105130	105783	+	654	217	putative iron export ATP-binding protein FetA	UniProtKB/Swiss-Prot:P77279
smbu06	Plasmid1	smbu06GL002723	105780	106544	+	765	254	putative iron export permease protein FetB	UniProtKB/Swiss-Prot:P77307
smbu06	Plasmid1	smbu06GL002724	106619	106732	+	114	37	hypothetical protein	
smbu06	Plasmid1	smbu06GL002725	106955	107257	+	303	100	hypothetical protein	
smbu06	Plasmid1	smbu06GL002726	107866	108273	-	408	135	hypothetical protein	
smbu06	Plasmid1	smbu06GL002727	108270	108503	-	234	77	hypothetical protein	
smbu06	Plasmid1	smbu06GL002728	108816	109910	+	1095	364	Tyrosine recombinase XerS	UniProtKB/Swiss-Prot:Q3K1A9
smbu06	Plasmid1	smbu06GL002729	109973	110590	-	618	205	putative integrase/recombinase YoeC	UniProtKB/Swiss-Prot:O35009
smbu06	Plasmid1	smbu06GL002730	110998	112188	-	1191	396	Transposase for insertion sequence elementIS905	UniProtKB/Swiss-Prot:P35881
smbu06	Plasmid1	smbu06GL002731	112903	113724	-	822	273	hypothetical protein	
smbu06	Plasmid1	smbu06GL002732	113775	114029	-	255	84	hypothetical protein	
smbu06	Plasmid1	smbu06GL002733	114556	115251	+	696	231	hypothetical protein	
smbu06	Plasmid1	smbu06GL002734	115348	115704	-	357	118	hypothetical protein	
smbu06	Plasmid1	smbu06GL002735	115704	116042	-	339	112	hypothetical protein	
smbu06	Plasmid1	smbu06GL002736	116908	117489	+	582	193	hypothetical protein	
smbu06	Plasmid1	smbu06GL002737	117531	118334	+	804	267	Putative transposase InsK for insertion sequenceelement IS150	UniProtKB/Swiss-Prot:P19769
smbu06	Plasmid1	smbu06GL002738	118640	119602	-	963	320	Sucrose operon repressor	UniProtKB/Swiss-Prot:Q54430
smbu06	Plasmid1	smbu06GL002739	119604	120986	-	1383	460	Sucrose-6-phosphate hydrolase	UniProtKB/Swiss-Prot:P13522
smbu06	Plasmid1	smbu06GL002740	121177	123174	+	1998	665	PTS system sucrose-specific EIIBCA component	UniProtKB/Swiss-Prot:P12655
smbu06	Plasmid1	smbu06GL002741	123432	124310	+	879	292	Fructokinase	UniProtKB/Swiss-Prot:Q07211
smbu06	Plasmid1	smbu06GL002742	124686	125603	+	918	305	hypothetical protein	
smbu06	Plasmid1	smbu06GL002743	125884	127074	-	1191	396	Transposase for insertion sequence elementIS905	UniProtKB/Swiss-Prot:P35881
smbu06	Plasmid1	smbu06GL002744	127145	127687	-	543	180	hypothetical protein	
smbu06	Plasmid1	smbu06GL002745	128163	128324	+	162	53	hypothetical protein	
smbu08	Chromosome1	smbu08GL000001	1	1335	+	1335	444	Chromosomal replication initiator protein DnaA	UniProtKB/Swiss-Prot:Q839Z5
smbu08	Chromosome1	smbu08GL000002	1563	2663	+	1101	366	Beta sliding clamp	UniProtKB/Swiss-Prot:O06672
smbu08	Chromosome1	smbu08GL000003	2939	3133	+	195	64	putative ribosome maturation protein RlbA	UniProtKB/Swiss-Prot:P05650
smbu08	Chromosome1	smbu08GL000004	3120	4244	+	1125	374	DNA replication and repair protein RecF	UniProtKB/Swiss-Prot:Q839Z2
smbu08	Chromosome1	smbu08GL000005	4241	6187	+	1947	648	DNA gyrase subunit B	UniProtKB/Swiss-Prot:Q839Z1
smbu08	Chromosome1	smbu08GL000006	6207	8678	+	2472	823	DNA gyrase subunit A	UniProtKB/Swiss-Prot:Q5XC58
smbu08	Chromosome1	smbu08GL000007	9292	9591	+	300	99	Small ribosomal subunit protein bS6	UniProtKB/Swiss-Prot:Q839Z0
smbu08	Chromosome1	smbu08GL000008	9633	10154	+	522	173	Single-stranded DNA-binding protein	UniProtKB/Swiss-Prot:Q839Y9
smbu08	Chromosome1	smbu08GL000009	10180	10416	+	237	78	Small ribosomal subunit protein bS18	UniProtKB/Swiss-Prot:Q839Y8
smbu08	Chromosome1	smbu08GL000010	10682	12532	+	1851	616	Cyclic-di-AMP phosphodiesterase PdeA	UniProtKB/Swiss-Prot:A0A0H3GCG4
smbu08	Chromosome1	smbu08GL000011	12538	12990	+	453	150	Large ribosomal subunit protein bL9	UniProtKB/Swiss-Prot:Q839Y6
smbu08	Chromosome1	smbu08GL000012	12972	13148	-	177	58	hypothetical protein	
smbu08	Chromosome1	smbu08GL000013	13176	13295	-	120	39	hypothetical protein	
smbu08	Chromosome1	smbu08GL000014	13265	14632	+	1368	455	Replicative DNA helicase	UniProtKB/Swiss-Prot:P37469
smbu08	Chromosome1	smbu08GL000015	15299	16591	+	1293	430	Adenylosuccinate synthetase	UniProtKB/Swiss-Prot:Q839Y4
smbu08	Chromosome1	smbu08GL000016	17246	18118	+	873	290	DegV domain-containing protein CPE0026	UniProtKB/Swiss-Prot:Q8XPD7
smbu08	Chromosome1	smbu08GL000017	18247	19851	-	1605	534	putative ABC transporter ATP-binding proteinYkpA	UniProtKB/Swiss-Prot:O31716
smbu08	Chromosome1	smbu08GL000018	20101	20640	+	540	179	hypothetical protein	
smbu08	Chromosome1	smbu08GL000019	21071	22801	-	1731	576	Pyruvate oxidase	UniProtKB/Swiss-Prot:P37063
smbu08	Chromosome1	smbu08GL000020	22966	23784	+	819	272	Zinc transporter ZIP11	UniProtKB/Swiss-Prot:Q6P6S2
smbu08	Chromosome1	smbu08GL000021	23886	24083	-	198	65	hypothetical protein	
smbu08	Chromosome1	smbu08GL000022	24252	24830	+	579	192	Potassium channel HX13_20290	UniProtKB/Swiss-Prot:A0A086F3E3
smbu08	Chromosome1	smbu08GL000023	24919	25062	+	144	47	hypothetical protein	
smbu08	Chromosome1	smbu08GL000024	25981	26499	-	519	172	Protein VanZ	UniProtKB/Swiss-Prot:Q06242
smbu08	Chromosome1	smbu08GL000025	27108	29093	+	1986	661	Oligopeptide-binding protein AliB	UniProtKB/Swiss-Prot:P0A4G0
smbu08	Chromosome1	smbu08GL000026	29250	30656	+	1407	468	Oligopeptide transport system permease proteinAmiC	UniProtKB/Swiss-Prot:P0A4M7
smbu08	Chromosome1	smbu08GL000027	30667	31593	+	927	308	Oligopeptide transport system permease proteinAmiD	UniProtKB/Swiss-Prot:P0A4M9
smbu08	Chromosome1	smbu08GL000028	31604	32692	+	1089	362	Oligopeptide transport ATP-binding protein AmiE	UniProtKB/Swiss-Prot:P0A2U8
smbu08	Chromosome1	smbu08GL000029	32703	33611	+	909	302	Oligopeptide transport ATP-binding protein AmiF	UniProtKB/Swiss-Prot:P18766
smbu08	Chromosome1	smbu08GL000030	33765	34169	+	405	134	hypothetical protein	
smbu08	Chromosome1	smbu08GL000031	34340	35470	+	1131	376	hypothetical protein	
smbu08	Chromosome1	smbu08GL000032	35573	36061	-	489	162	hypothetical protein	
smbu08	Chromosome1	smbu08GL000033	36148	37197	-	1050	349	hypothetical protein	
smbu08	Chromosome1	smbu08GL000034	37797	38018	+	222	73	hypothetical protein	
smbu08	Chromosome1	smbu08GL000035	38255	38371	+	117	38	hypothetical protein	
smbu08	Chromosome1	smbu08GL000036	38959	40017	+	1059	352	Riboflavin biosynthesis protein RibD	UniProtKB/Swiss-Prot:P70814
smbu08	Chromosome1	smbu08GL000037	40002	40622	+	621	206	hypothetical protein	
smbu08	Chromosome1	smbu08GL000038	40619	41794	+	1176	391	Riboflavin biosynthesis protein RibBA	UniProtKB/Swiss-Prot:C5D3N0
smbu08	Chromosome1	smbu08GL000039	41813	42274	+	462	153	6,7-dimethyl-8-ribityllumazine synthase	UniProtKB/Swiss-Prot:Q8ELL1
smbu08	Chromosome1	smbu08GL000040	42790	43389	+	600	199	hypothetical protein	
smbu08	Chromosome1	smbu08GL000041	43378	43794	-	417	138	hypothetical protein	
smbu08	Chromosome1	smbu08GL000042	43762	43890	+	129	42	hypothetical protein	
smbu08	Chromosome1	smbu08GL000043	43887	44411	+	525	174	hypothetical protein	
smbu08	Chromosome1	smbu08GL000044	44363	44626	+	264	87	hypothetical protein	
smbu08	Chromosome1	smbu08GL000045	44758	45975	-	1218	405	hypothetical protein	
smbu08	Chromosome1	smbu08GL000046	45979	46092	-	114	37	hypothetical protein	
smbu08	Chromosome1	smbu08GL000047	46178	46798	-	621	206	hypothetical protein	
smbu08	Chromosome1	smbu08GL000048	46849	46965	+	117	38	hypothetical protein	
smbu08	Chromosome1	smbu08GL000049	46932	47516	-	585	194	hypothetical protein	
smbu08	Chromosome1	smbu08GL000050	47518	48597	-	1080	359	hypothetical protein	
smbu08	Chromosome1	smbu08GL000051	48594	48908	-	315	104	hypothetical protein	
smbu08	Chromosome1	smbu08GL000052	49118	49882	-	765	254	hypothetical protein	
smbu08	Chromosome1	smbu08GL000053	49875	52712	-	2838	945	hypothetical protein	
smbu08	Chromosome1	smbu08GL000054	52666	54783	-	2118	705	putative type III restriction-modificationenzyme HindVI Mod subunit	UniProtKB/Swiss-Prot:P71366
smbu08	Chromosome1	smbu08GL000055	54998	56545	-	1548	515	GMP synthase [glutamine-hydrolyzing]	UniProtKB/Swiss-Prot:Q839J8
smbu08	Chromosome1	smbu08GL000056	56622	57545	-	924	307	Pantothenate kinase	UniProtKB/Swiss-Prot:Q839J7
smbu08	Chromosome1	smbu08GL000057	57714	58346	+	633	210	Uncharacterized protein YbxB	UniProtKB/Swiss-Prot:P37872
smbu08	Chromosome1	smbu08GL000058	58389	58508	+	120	39	hypothetical protein	
smbu08	Chromosome1	smbu08GL000059	58655	59671	+	1017	338	hypothetical protein	
smbu08	Chromosome1	smbu08GL000060	59812	61113	+	1302	433	Pyrimidine-nucleoside phosphorylase	UniProtKB/Swiss-Prot:Q4L818
smbu08	Chromosome1	smbu08GL000061	61160	61822	+	663	220	Deoxyribose-phosphate aldolase	UniProtKB/Swiss-Prot:Q839J1
smbu08	Chromosome1	smbu08GL000062	61841	62239	+	399	132	Cytidine deaminase	UniProtKB/Swiss-Prot:P19079
smbu08	Chromosome1	smbu08GL000063	62266	63387	+	1122	373	CD4+ T-cell-stimulating antigen	UniProtKB/Swiss-Prot:Q92BW7
smbu08	Chromosome1	smbu08GL000064	63599	65161	+	1563	520	Nucleoside import ATP-binding protein NupA	UniProtKB/Swiss-Prot:A2RKA7
smbu08	Chromosome1	smbu08GL000065	65190	66287	+	1098	365	Nucleoside ABC transporter permease proteinNupB	UniProtKB/Swiss-Prot:A2RKA6
smbu08	Chromosome1	smbu08GL000066	66287	67243	+	957	318	Nucleoside ABC transporter permease proteinNupC	UniProtKB/Swiss-Prot:A2RKA5
smbu08	Chromosome1	smbu08GL000067	67342	68508	+	1167	388	Phosphopentomutase	UniProtKB/Swiss-Prot:Q839I2
smbu08	Chromosome1	smbu08GL000068	68551	69351	+	801	266	Purine nucleoside phosphorylase 1	UniProtKB/Swiss-Prot:P77834
smbu08	Chromosome1	smbu08GL000069	69368	70075	+	708	235	Purine nucleoside phosphorylase DeoD-type	UniProtKB/Swiss-Prot:Q63DR9
smbu08	Chromosome1	smbu08GL000070	70470	71336	-	867	288	hypothetical protein	
smbu08	Chromosome1	smbu08GL000071	71600	71731	-	132	43	hypothetical protein	
smbu08	Chromosome1	smbu08GL000072	71891	72577	-	687	228	2,3-bisphosphoglycerate-dependentphosphoglycerate mutase	UniProtKB/Swiss-Prot:Q839H4
smbu08	Chromosome1	smbu08GL000073	72748	73329	-	582	193	Serine recombinase gin	UniProtKB/Swiss-Prot:Q38199
smbu08	Chromosome1	smbu08GL000074	73462	74157	-	696	231	Ribose-5-phosphate isomerase A	UniProtKB/Swiss-Prot:Q839H2
smbu08	Chromosome1	smbu08GL000075	74443	74877	+	435	144	Small ribosomal subunit protein uS12	UniProtKB/Swiss-Prot:Q839H1
smbu08	Chromosome1	smbu08GL000076	74961	75431	+	471	156	Small ribosomal subunit protein uS7	UniProtKB/Swiss-Prot:Q839H0
smbu08	Chromosome1	smbu08GL000077	75525	77612	+	2088	695	Elongation factor G	UniProtKB/Swiss-Prot:Q839G9
smbu08	Chromosome1	smbu08GL000078	77700	78971	+	1272	423	Elongation factor Tu	UniProtKB/Swiss-Prot:Q839G8
smbu08	Chromosome1	smbu08GL000079	79375	79683	+	309	102	Small ribosomal subunit protein uS10	UniProtKB/Swiss-Prot:Q839G5
smbu08	Chromosome1	smbu08GL000080	79714	80343	+	630	209	Large ribosomal subunit protein uL3	UniProtKB/Swiss-Prot:Q839G4
smbu08	Chromosome1	smbu08GL000081	80371	80994	+	624	207	Large ribosomal subunit protein uL4	UniProtKB/Swiss-Prot:Q839G3
smbu08	Chromosome1	smbu08GL000082	80994	81284	+	291	96	Large ribosomal subunit protein uL23	UniProtKB/Swiss-Prot:Q839G2
smbu08	Chromosome1	smbu08GL000083	81368	82156	+	789	262	Large ribosomal subunit protein uL2	UniProtKB/Swiss-Prot:B9DSV3
smbu08	Chromosome1	smbu08GL000084	82199	82477	+	279	92	Small ribosomal subunit protein uS19	UniProtKB/Swiss-Prot:B4U504
smbu08	Chromosome1	smbu08GL000085	82500	82847	+	348	115	Large ribosomal subunit protein uL22	UniProtKB/Swiss-Prot:Q839F9
smbu08	Chromosome1	smbu08GL000086	82861	83517	+	657	218	Small ribosomal subunit protein uS3	UniProtKB/Swiss-Prot:Q839F8
smbu08	Chromosome1	smbu08GL000087	83520	83954	+	435	144	Large ribosomal subunit protein uL16	UniProtKB/Swiss-Prot:Q839F7
smbu08	Chromosome1	smbu08GL000088	83935	84132	+	198	65	Large ribosomal subunit protein uL29	UniProtKB/Swiss-Prot:Q839F6
smbu08	Chromosome1	smbu08GL000089	84157	84423	+	267	88	Small ribosomal subunit protein uS17	UniProtKB/Swiss-Prot:Q839F5
smbu08	Chromosome1	smbu08GL000090	84481	84849	+	369	122	Large ribosomal subunit protein uL14	UniProtKB/Swiss-Prot:Q839F4
smbu08	Chromosome1	smbu08GL000091	84886	85194	+	309	102	Large ribosomal subunit protein uL24	UniProtKB/Swiss-Prot:Q839F3
smbu08	Chromosome1	smbu08GL000092	85222	85761	+	540	179	Large ribosomal subunit protein uL5	UniProtKB/Swiss-Prot:Q839F2
smbu08	Chromosome1	smbu08GL000093	85780	85965	+	186	61	Small ribosomal subunit protein uS14C	UniProtKB/Swiss-Prot:Q839F1
smbu08	Chromosome1	smbu08GL000094	86001	86399	+	399	132	Small ribosomal subunit protein uS8	UniProtKB/Swiss-Prot:Q839F0
smbu08	Chromosome1	smbu08GL000095	86431	86967	+	537	178	Large ribosomal subunit protein uL6	UniProtKB/Swiss-Prot:Q839E9
smbu08	Chromosome1	smbu08GL000096	87128	87484	+	357	118	Large ribosomal subunit protein uL18	UniProtKB/Swiss-Prot:Q839E8
smbu08	Chromosome1	smbu08GL000097	87505	88005	+	501	166	Small ribosomal subunit protein uS5	UniProtKB/Swiss-Prot:Q839E7
smbu08	Chromosome1	smbu08GL000098	88020	88199	+	180	59	Large ribosomal subunit protein uL30	UniProtKB/Swiss-Prot:Q839E6
smbu08	Chromosome1	smbu08GL000099	88243	88683	+	441	146	Large ribosomal subunit protein uL15	UniProtKB/Swiss-Prot:Q839E5
smbu08	Chromosome1	smbu08GL000100	88683	89978	+	1296	431	Protein translocase subunit SecY	UniProtKB/Swiss-Prot:P58118
smbu08	Chromosome1	smbu08GL000101	90055	90687	+	633	210	Adenylate kinase	UniProtKB/Swiss-Prot:Q839E3
smbu08	Chromosome1	smbu08GL000102	90878	91096	+	219	72	Translation initiation factor IF-1	UniProtKB/Swiss-Prot:Q839E2
smbu08	Chromosome1	smbu08GL000103	91263	91628	+	366	121	Small ribosomal subunit protein uS13	UniProtKB/Swiss-Prot:P59754
smbu08	Chromosome1	smbu08GL000104	91656	92045	+	390	129	Small ribosomal subunit protein uS11	UniProtKB/Swiss-Prot:Q839E0
smbu08	Chromosome1	smbu08GL000105	92125	93063	+	939	312	DNA-directed RNA polymerase subunit alpha	UniProtKB/Swiss-Prot:Q035A9
smbu08	Chromosome1	smbu08GL000106	93136	93471	+	336	111	Large ribosomal subunit protein bL17	UniProtKB/Swiss-Prot:Q839D8
smbu08	Chromosome1	smbu08GL000107	93743	94582	+	840	279	Energy-coupling factor transporter ATP-bindingprotein EcfA	UniProtKB/Swiss-Prot:Q8VNL9
smbu08	Chromosome1	smbu08GL000108	94558	95427	+	870	289	Energy-coupling factor transporter ATP-bindingprotein EcfA2	UniProtKB/Swiss-Prot:Q839D4
smbu08	Chromosome1	smbu08GL000109	95447	96214	+	768	255	Energy-coupling factor transporter transmembraneprotein EcfT	UniProtKB/Swiss-Prot:Q035B4
smbu08	Chromosome1	smbu08GL000110	96418	97164	+	747	248	tRNA pseudouridine synthase A	UniProtKB/Swiss-Prot:A3CQB8
smbu08	Chromosome1	smbu08GL000111	97471	97611	-	141	46	hypothetical protein	
smbu08	Chromosome1	smbu08GL000112	97619	100288	-	2670	889	hypothetical protein	
smbu08	Chromosome1	smbu08GL000113	100527	100652	-	126	41	Large ribosomal subunit protein bL28	UniProtKB/Swiss-Prot:Q82ZE4
smbu08	Chromosome1	smbu08GL000114	100985	101347	+	363	120	Uncharacterized protein Spy1614	UniProtKB/Swiss-Prot:Q5XA14
smbu08	Chromosome1	smbu08GL000115	101399	103081	+	1683	560	Protein YloV	UniProtKB/Swiss-Prot:O34751
smbu08	Chromosome1	smbu08GL000116	103199	105235	+	2037	678	ATP-dependent DNA helicase RecG	UniProtKB/Swiss-Prot:Q54900
smbu08	Chromosome1	smbu08GL000117	105257	106285	+	1029	342	Phosphate acyltransferase	UniProtKB/Swiss-Prot:Q82ZE8
smbu08	Chromosome1	smbu08GL000118	106397	106648	+	252	83	Acyl carrier protein	UniProtKB/Swiss-Prot:Q74IP1
smbu08	Chromosome1	smbu08GL000119	106916	107920	+	1005	334	Oligopeptide transport ATP-binding protein OppD	UniProtKB/Swiss-Prot:P50980
smbu08	Chromosome1	smbu08GL000120	107921	108865	+	945	314	Oligopeptide transport ATP-binding protein OppF	UniProtKB/Swiss-Prot:P0A2V4
smbu08	Chromosome1	smbu08GL000121	108865	109827	+	963	320	Oligopeptide transport system permease proteinOppB	UniProtKB/Swiss-Prot:P0A4N8
smbu08	Chromosome1	smbu08GL000122	109854	110768	+	915	304	Oligopeptide transport system permease proteinOppC	UniProtKB/Swiss-Prot:P0A4P0
smbu08	Chromosome1	smbu08GL000123	110795	112576	+	1782	593	hypothetical protein	
smbu08	Chromosome1	smbu08GL000124	112968	113084	+	117	38	hypothetical protein	
smbu08	Chromosome1	smbu08GL000125	113088	115070	+	1983	660	hypothetical protein	
smbu08	Chromosome1	smbu08GL000126	115063	115683	+	621	206	hypothetical protein	
smbu08	Chromosome1	smbu08GL000127	115817	115933	+	117	38	hypothetical protein	
smbu08	Chromosome1	smbu08GL000128	116217	116912	+	696	231	Ribonuclease 3	UniProtKB/Swiss-Prot:Q82ZG1
smbu08	Chromosome1	smbu08GL000129	116932	120513	+	3582	1193	Chromosome partition protein Smc	UniProtKB/Swiss-Prot:P51834
smbu08	Chromosome1	smbu08GL000130	120522	121331	+	810	269	Sugar phosphatase YidA	UniProtKB/Swiss-Prot:P0A8Y7
smbu08	Chromosome1	smbu08GL000131	121343	122341	+	999	332	Signal recognition particle receptor FtsY	UniProtKB/Swiss-Prot:P51835
smbu08	Chromosome1	smbu08GL000132	122528	124795	+	2268	755	Glutathione biosynthesis bifunctional proteinGshAB	UniProtKB/Swiss-Prot:Q82ZG8
smbu08	Chromosome1	smbu08GL000133	124883	125335	-	453	150	hypothetical protein	
smbu08	Chromosome1	smbu08GL000134	125476	126435	+	960	319	Petrobactin import system permease protein YclN	UniProtKB/Swiss-Prot:P94418
smbu08	Chromosome1	smbu08GL000135	126428	127384	+	957	318	Petrobactin import system permease protein YclO	UniProtKB/Swiss-Prot:P94419
smbu08	Chromosome1	smbu08GL000136	127381	128136	+	756	251	Petrobactin import ATP-binding protein YclP	UniProtKB/Swiss-Prot:P94420
smbu08	Chromosome1	smbu08GL000137	128159	129109	+	951	316	Petrobactin-binding protein YclQ	UniProtKB/Swiss-Prot:P94421
smbu08	Chromosome1	smbu08GL000138	129249	129545	-	297	98	hypothetical protein	
smbu08	Chromosome1	smbu08GL000139	129775	130356	+	582	193	hypothetical protein	
smbu08	Chromosome1	smbu08GL000140	130420	130776	+	357	118	hypothetical protein	
smbu08	Chromosome1	smbu08GL000141	130786	131685	+	900	299	hypothetical protein	
smbu08	Chromosome1	smbu08GL000142	131838	132623	-	786	261	hypothetical protein	
smbu08	Chromosome1	smbu08GL000143	132727	133107	+	381	126	PTS system lactose-specific EIIA component	UniProtKB/Swiss-Prot:Q5HM39
smbu08	Chromosome1	smbu08GL000144	133123	134784	+	1662	553	PTS system lactose-specific EIICB component	UniProtKB/Swiss-Prot:Q5HE15
smbu08	Chromosome1	smbu08GL000145	134796	136199	+	1404	467	6-phospho-beta-galactosidase	UniProtKB/Swiss-Prot:Q97EZ2
smbu08	Chromosome1	smbu08GL000146	136217	136645	+	429	142	Galactose-6-phosphate isomerase subunit LacA	UniProtKB/Swiss-Prot:Q8XNK7
smbu08	Chromosome1	smbu08GL000147	136659	137189	+	531	176	Galactose-6-phosphate isomerase subunit LacB	UniProtKB/Swiss-Prot:P65647
smbu08	Chromosome1	smbu08GL000148	137186	138112	+	927	308	Tagatose-6-phosphate kinase	UniProtKB/Swiss-Prot:B9DU93
smbu08	Chromosome1	smbu08GL000149	138125	139102	+	978	325	Tagatose 1,6-diphosphate aldolase 2	UniProtKB/Swiss-Prot:Q833W8
smbu08	Chromosome1	smbu08GL000150	139589	140368	+	780	259	hypothetical protein	
smbu08	Chromosome1	smbu08GL000151	140515	142542	+	2028	675	hypothetical protein	
smbu08	Chromosome1	smbu08GL000152	142663	143760	+	1098	365	hypothetical protein	
smbu08	Chromosome1	smbu08GL000153	144148	145446	+	1299	432	hypothetical protein	
smbu08	Chromosome1	smbu08GL000154	145538	146257	-	720	239	Glycerol uptake facilitator protein-like 5	UniProtKB/Swiss-Prot:F9UUB3
smbu08	Chromosome1	smbu08GL000155	146288	146401	-	114	37	hypothetical protein	
smbu08	Chromosome1	smbu08GL000156	146600	147010	+	411	136	hypothetical protein	
smbu08	Chromosome1	smbu08GL000157	147018	147704	+	687	228	hypothetical protein	
smbu08	Chromosome1	smbu08GL000158	147770	149290	+	1521	506	hypothetical protein	
smbu08	Chromosome1	smbu08GL000159	149310	149531	+	222	73	hypothetical protein	
smbu08	Chromosome1	smbu08GL000160	149528	150289	+	762	253	hypothetical protein	
smbu08	Chromosome1	smbu08GL000161	150302	150439	-	138	45	hypothetical protein	
smbu08	Chromosome1	smbu08GL000162	150622	151131	+	510	169	hypothetical protein	
smbu08	Chromosome1	smbu08GL000163	151206	151745	-	540	179	Biotin transporter BioY2	UniProtKB/Swiss-Prot:A2RI45
smbu08	Chromosome1	smbu08GL000164	151884	152495	-	612	203	Small ribosomal subunit protein uS4	UniProtKB/Swiss-Prot:Q82ZI6
smbu08	Chromosome1	smbu08GL000165	152775	153608	+	834	277	hypothetical protein	
smbu08	Chromosome1	smbu08GL000166	153637	154272	+	636	211	hypothetical protein	
smbu08	Chromosome1	smbu08GL000167	154292	155065	+	774	257	hypothetical protein	
smbu08	Chromosome1	smbu08GL000168	155062	155220	-	159	52	hypothetical protein	
smbu08	Chromosome1	smbu08GL000169	155260	155379	+	120	39	hypothetical protein	
smbu08	Chromosome1	smbu08GL000170	155476	156273	+	798	265	2',3'-cyclic-nucleotide 2'-phosphodiesterase	UniProtKB/Swiss-Prot:O31775
smbu08	Chromosome1	smbu08GL000171	156248	156664	+	417	138	hypothetical protein	
smbu08	Chromosome1	smbu08GL000172	156675	159293	+	2619	872	DNA mismatch repair protein MutS	UniProtKB/Swiss-Prot:Q82ZA2
smbu08	Chromosome1	smbu08GL000173	159311	161419	+	2109	702	DNA mismatch repair protein MutL	UniProtKB/Swiss-Prot:Q3JYM6
smbu08	Chromosome1	smbu08GL000174	161485	161835	+	351	116	dTTP/UTP pyrophosphatase	UniProtKB/Swiss-Prot:Q1D912
smbu08	Chromosome1	smbu08GL000175	161848	161997	+	150	49	hypothetical protein	
smbu08	Chromosome1	smbu08GL000176	162081	164069	-	1989	662	PTS system trehalose-specific EIIBC component	UniProtKB/Swiss-Prot:P36672
smbu08	Chromosome1	smbu08GL000177	164292	165005	+	714	237	HTH-type transcriptional regulator TreR	UniProtKB/Swiss-Prot:P39796
smbu08	Chromosome1	smbu08GL000178	165082	165528	+	447	148	Peptide methionine sulfoxide reductase MsrB	UniProtKB/Swiss-Prot:P0DM32
smbu08	Chromosome1	smbu08GL000179	165697	166299	+	603	200	Holliday junction branch migration complexsubunit RuvA	UniProtKB/Swiss-Prot:Q839T6
smbu08	Chromosome1	smbu08GL000180	166312	167313	+	1002	333	Holliday junction branch migration complexsubunit RuvB	UniProtKB/Swiss-Prot:Q839T5
smbu08	Chromosome1	smbu08GL000181	167342	167920	+	579	192	hypothetical protein	
smbu08	Chromosome1	smbu08GL000182	167973	168455	+	483	160	Low molecular weightprotein-tyrosine-phosphatase YfkJ	UniProtKB/Swiss-Prot:O35016
smbu08	Chromosome1	smbu08GL000183	168572	168946	+	375	124	hypothetical protein	
smbu08	Chromosome1	smbu08GL000184	169644	170243	+	600	199	hypothetical protein	
smbu08	Chromosome1	smbu08GL000185	170335	171021	+	687	228	hypothetical protein	
smbu08	Chromosome1	smbu08GL000186	171894	173246	-	1353	450	Branched-chain amino acid permease BrnQ	UniProtKB/Swiss-Prot:A2RJ04
smbu08	Chromosome1	smbu08GL000187	173393	173983	+	591	196	hypothetical protein	
smbu08	Chromosome1	smbu08GL000188	174391	175740	-	1350	449	putative transporter YdgF	UniProtKB/Swiss-Prot:P96704
smbu08	Chromosome1	smbu08GL000189	175908	176648	-	741	246	Arginine transport ATP-binding protein ArtM	UniProtKB/Swiss-Prot:P54537
smbu08	Chromosome1	smbu08GL000190	176661	178253	-	1593	530	hypothetical protein	
smbu08	Chromosome1	smbu08GL000191	178821	179117	-	297	98	hypothetical protein	
smbu08	Chromosome1	smbu08GL000192	179293	180018	+	726	241	NAD-dependent protein deacetylase	UniProtKB/Swiss-Prot:Q839C6
smbu08	Chromosome1	smbu08GL000193	180011	180853	+	843	280	Putative acetyltransferase DDB_G0275913	UniProtKB/Swiss-Prot:Q552S7
smbu08	Chromosome1	smbu08GL000194	180856	181377	+	522	173	Transcription repressor NadR	UniProtKB/Swiss-Prot:P39667
smbu08	Chromosome1	smbu08GL000195	181509	183041	+	1533	510	hypothetical protein	
smbu08	Chromosome1	smbu08GL000196	183160	183723	-	564	187	Peptide deformylase	UniProtKB/Swiss-Prot:Q82ZJ0
smbu08	Chromosome1	smbu08GL000197	183964	184242	+	279	92	Small ribosomal subunit protein uS15	UniProtKB/Swiss-Prot:Q82ZJ1
smbu08	Chromosome1	smbu08GL000198	184346	186556	+	2211	736	Polyribonucleotide nucleotidyltransferase	UniProtKB/Swiss-Prot:Q82ZJ2
smbu08	Chromosome1	smbu08GL000199	186880	187146	+	267	88	hypothetical protein	
smbu08	Chromosome1	smbu08GL000200	187323	189281	+	1959	652	putative potassium transport system protein Kup	UniProtKB/Swiss-Prot:Q837G9
smbu08	Chromosome1	smbu08GL000201	189238	189408	-	171	56	hypothetical protein	
smbu08	Chromosome1	smbu08GL000202	189498	190799	+	1302	433	UPF0053 protein YqhB	UniProtKB/Swiss-Prot:P54505
smbu08	Chromosome1	smbu08GL000203	190928	192298	-	1371	456	hypothetical protein	
smbu08	Chromosome1	smbu08GL000204	192479	192802	-	324	107	hypothetical protein	
smbu08	Chromosome1	smbu08GL000205	193128	193736	-	609	202	Large ribosomal subunit protein bL25	UniProtKB/Swiss-Prot:Q837L6
smbu08	Chromosome1	smbu08GL000206	194065	194781	+	717	238	putative RNA pseudouridine synthase YtzG	UniProtKB/Swiss-Prot:O32068
smbu08	Chromosome1	smbu08GL000207	194794	195489	+	696	231	Putative HAD-hydrolase YfnB	UniProtKB/Swiss-Prot:O06480
smbu08	Chromosome1	smbu08GL000208	195573	196202	+	630	209	Uridine kinase	UniProtKB/Swiss-Prot:O32033
smbu08	Chromosome1	smbu08GL000209	196666	197268	+	603	200	hypothetical protein	
smbu08	Chromosome1	smbu08GL000210	197290	197778	+	489	162	hypothetical protein	
smbu08	Chromosome1	smbu08GL000211	198101	199474	+	1374	457	hypothetical protein	
smbu08	Chromosome1	smbu08GL000212	199458	199925	+	468	155	UPF0178 protein EF_0842	UniProtKB/Swiss-Prot:Q837J5
smbu08	Chromosome1	smbu08GL000213	200109	201860	-	1752	583	hypothetical protein	
smbu08	Chromosome1	smbu08GL000214	202050	203126	+	1077	358	D-alanine--D-alanine ligase	UniProtKB/Swiss-Prot:Q47827
smbu08	Chromosome1	smbu08GL000215	203219	204631	+	1413	470	UDP-N-acetylmuramoyl-tripeptide--D-alanyl-D-alanine ligase	UniProtKB/Swiss-Prot:P96613
smbu08	Chromosome1	smbu08GL000216	204953	206464	+	1512	503	ATP-dependent RNA helicase CshA	UniProtKB/Swiss-Prot:Q9Z6C9
smbu08	Chromosome1	smbu08GL000217	206594	206944	+	351	116	Holo-[acyl-carrier-protein] synthase	UniProtKB/Swiss-Prot:Q820V0
smbu08	Chromosome1	smbu08GL000218	206957	208081	+	1125	374	Alanine racemase	UniProtKB/Swiss-Prot:O08445
smbu08	Chromosome1	smbu08GL000219	208092	208454	+	363	120	Endoribonuclease EndoA	UniProtKB/Swiss-Prot:P96622
smbu08	Chromosome1	smbu08GL000220	208626	208895	-	270	89	Small ribosomal subunit protein uS14B	UniProtKB/Swiss-Prot:Q82Z70
smbu08	Chromosome1	smbu08GL000221	209083	210030	+	948	315	hypothetical protein	
smbu08	Chromosome1	smbu08GL000222	210337	213042	+	2706	901	Phage infection protein	UniProtKB/Swiss-Prot:P49022
smbu08	Chromosome1	smbu08GL000223	213477	215282	+	1806	601	Potassium transporter KimA	UniProtKB/Swiss-Prot:P96589
smbu08	Chromosome1	smbu08GL000224	215424	216314	-	891	296	hypothetical protein	
smbu08	Chromosome1	smbu08GL000225	216628	217878	+	1251	416	hypothetical protein	
smbu08	Chromosome1	smbu08GL000226	217923	218813	+	891	296	hypothetical protein	
smbu08	Chromosome1	smbu08GL000227	218825	219676	+	852	283	hypothetical protein	
smbu08	Chromosome1	smbu08GL000228	219676	220101	+	426	141	hypothetical protein	
smbu08	Chromosome1	smbu08GL000229	220117	221073	+	957	318	Extracellularexo-alpha-(1->5)-L-arabinofuranosidase	UniProtKB/Swiss-Prot:Q82P90
smbu08	Chromosome1	smbu08GL000230	221122	222183	+	1062	353	hypothetical protein	
smbu08	Chromosome1	smbu08GL000231	222180	222713	+	534	177	hypothetical protein	
smbu08	Chromosome1	smbu08GL000232	222724	224169	+	1446	481	Intracellular exo-alpha-L-arabinofuranosidase 2	UniProtKB/Swiss-Prot:P94552
smbu08	Chromosome1	smbu08GL000233	224195	224440	+	246	81	hypothetical protein	
smbu08	Chromosome1	smbu08GL000234	224493	225683	+	1191	396	hypothetical protein	
smbu08	Chromosome1	smbu08GL000235	225849	225974	+	126	41	hypothetical protein	
smbu08	Chromosome1	smbu08GL000236	226318	226581	+	264	87	hypothetical protein	
smbu08	Chromosome1	smbu08GL000237	226581	226847	+	267	88	hypothetical protein	
smbu08	Chromosome1	smbu08GL000238	227043	227237	+	195	64	hypothetical protein	
smbu08	Chromosome1	smbu08GL000239	227192	227323	-	132	43	hypothetical protein	
smbu08	Chromosome1	smbu08GL000240	227354	227614	+	261	86	hypothetical protein	
smbu08	Chromosome1	smbu08GL000241	227595	227798	+	204	67	hypothetical protein	
smbu08	Chromosome1	smbu08GL000242	228117	228788	-	672	223	Glycine betaine/carnitine/choline transportsystem permease protein OpuCD	UniProtKB/Swiss-Prot:O34742
smbu08	Chromosome1	smbu08GL000243	228785	229702	-	918	305	Carnitine transport binding protein OpuCC	UniProtKB/Swiss-Prot:G2JZ42
smbu08	Chromosome1	smbu08GL000244	229699	230340	-	642	213	Carnitine transport permease protein OpuCB	UniProtKB/Swiss-Prot:Q9KHT8
smbu08	Chromosome1	smbu08GL000245	230344	231519	-	1176	391	Carnitine transport ATP-binding protein OpuCA	UniProtKB/Swiss-Prot:Q9KHT9
smbu08	Chromosome1	smbu08GL000246	231712	232743	+	1032	343	S-adenosylmethionine:tRNAribosyltransferase-isomerase	UniProtKB/Swiss-Prot:Q8E611
smbu08	Chromosome1	smbu08GL000247	233609	236248	+	2640	879	Calcium-transporting ATPase 1	UniProtKB/Swiss-Prot:Q73E41
smbu08	Chromosome1	smbu08GL000248	236417	237154	-	738	245	hypothetical protein	
smbu08	Chromosome1	smbu08GL000249	237331	238476	+	1146	381	Queuine tRNA-ribosyltransferase	UniProtKB/Swiss-Prot:Q38YP9
smbu08	Chromosome1	smbu08GL000250	238564	238953	+	390	129	hypothetical protein	
smbu08	Chromosome1	smbu08GL000251	239255	241855	+	2601	866	Aldehyde-alcohol dehydrogenase	UniProtKB/Swiss-Prot:A0A0H2URT2
smbu08	Chromosome1	smbu08GL000252	242085	243191	+	1107	368	hypothetical protein	
smbu08	Chromosome1	smbu08GL000253	243208	244236	+	1029	342	Uncharacterized protein YiiZ	UniProtKB/Swiss-Prot:P43020
smbu08	Chromosome1	smbu08GL000254	244242	244721	+	480	159	hypothetical protein	
smbu08	Chromosome1	smbu08GL000255	244737	245072	+	336	111	hypothetical protein	
smbu08	Chromosome1	smbu08GL000256	245038	246027	+	990	329	Uncharacterized protein YgiK	UniProtKB/Swiss-Prot:P40800
smbu08	Chromosome1	smbu08GL000257	246038	246862	+	825	274	hypothetical protein	
smbu08	Chromosome1	smbu08GL000258	247017	247925	+	909	302	hypothetical protein	
smbu08	Chromosome1	smbu08GL000259	248042	248911	-	870	289	hypothetical protein	
smbu08	Chromosome1	smbu08GL000260	249064	250524	+	1461	486	Rhamnulokinase	UniProtKB/Swiss-Prot:Q838L3
smbu08	Chromosome1	smbu08GL000261	250521	251777	+	1257	418	L-rhamnose isomerase	UniProtKB/Swiss-Prot:Q926R1
smbu08	Chromosome1	smbu08GL000262	251782	252636	+	855	284	Rhamnulose-1-phosphate aldolase	UniProtKB/Swiss-Prot:Q838L1
smbu08	Chromosome1	smbu08GL000263	252638	252949	+	312	103	L-rhamnose mutarotase	UniProtKB/Swiss-Prot:Q838L0
smbu08	Chromosome1	smbu08GL000264	253031	254182	+	1152	383	Lactaldehyde reductase	UniProtKB/Swiss-Prot:P0A9S2
smbu08	Chromosome1	smbu08GL000265	254309	255067	+	759	252	hypothetical protein	
smbu08	Chromosome1	smbu08GL000266	255158	255811	+	654	217	hypothetical protein	
smbu08	Chromosome1	smbu08GL000267	255818	256825	+	1008	335	hypothetical protein	
smbu08	Chromosome1	smbu08GL000268	256841	257683	+	843	280	4-deoxy-L-threo-5-hexosulose-uronateketol-isomerase 1	UniProtKB/Swiss-Prot:Q838L9
smbu08	Chromosome1	smbu08GL000269	257703	258506	+	804	267	2-dehydro-3-deoxy-D-gluconate 5-dehydrogenase	UniProtKB/Swiss-Prot:T2KLZ8
smbu08	Chromosome1	smbu08GL000270	258624	259679	-	1056	351	Isopentenyl-diphosphate delta-isomerase	UniProtKB/Swiss-Prot:Q837E2
smbu08	Chromosome1	smbu08GL000271	259676	260761	-	1086	361	hypothetical protein	
smbu08	Chromosome1	smbu08GL000272	260774	261751	-	978	325	hypothetical protein	
smbu08	Chromosome1	smbu08GL000273	261744	262688	-	945	314	hypothetical protein	
smbu08	Chromosome1	smbu08GL000274	262806	262928	-	123	40	hypothetical protein	
smbu08	Chromosome1	smbu08GL000275	263004	263663	+	660	219	Deoxyguanosine kinase	UniProtKB/Swiss-Prot:Q74HC2
smbu08	Chromosome1	smbu08GL000276	263747	264652	+	906	301	hypothetical protein	
smbu08	Chromosome1	smbu08GL000277	264654	265286	-	633	210	hypothetical protein	
smbu08	Chromosome1	smbu08GL000278	265308	265454	-	147	48	hypothetical protein	
smbu08	Chromosome1	smbu08GL000279	265624	266130	+	507	168	Translation initiation factor IF-3	UniProtKB/Swiss-Prot:Q837C9
smbu08	Chromosome1	smbu08GL000280	266202	266402	+	201	66	Large ribosomal subunit protein bL35	UniProtKB/Swiss-Prot:Q837C8
smbu08	Chromosome1	smbu08GL000281	266455	266814	+	360	119	Large ribosomal subunit protein bL20	UniProtKB/Swiss-Prot:Q837C7
smbu08	Chromosome1	smbu08GL000282	267053	268873	+	1821	606	hypothetical protein	
smbu08	Chromosome1	smbu08GL000283	269023	269205	-	183	60	hypothetical protein	
smbu08	Chromosome1	smbu08GL000284	269264	269812	-	549	182	hypothetical protein	
smbu08	Chromosome1	smbu08GL000285	270029	270436	-	408	135	hypothetical protein	
smbu08	Chromosome1	smbu08GL000286	270705	271094	+	390	129	hypothetical protein	
smbu08	Chromosome1	smbu08GL000287	271095	272042	+	948	315	hypothetical protein	
smbu08	Chromosome1	smbu08GL000288	272075	274219	+	2145	714	hypothetical protein	
smbu08	Chromosome1	smbu08GL000289	274293	274883	+	591	196	hypothetical protein	
smbu08	Chromosome1	smbu08GL000290	275153	275839	-	687	228	hypothetical protein	
smbu08	Chromosome1	smbu08GL000291	275974	276123	-	150	49	hypothetical protein	
smbu08	Chromosome1	smbu08GL000292	276218	276658	-	441	146	hypothetical protein	
smbu08	Chromosome1	smbu08GL000293	276662	277507	-	846	281	ADP-dependent (S)-NAD(P)H-hydrate dehydratase	UniProtKB/Swiss-Prot:Q833Y3
smbu08	Chromosome1	smbu08GL000294	277656	279074	+	1419	472	Beta-Ala-Xaa dipeptidase	UniProtKB/Swiss-Prot:P45494
smbu08	Chromosome1	smbu08GL000295	279130	280077	-	948	315	Uncharacterized protein SF2094/S2216	UniProtKB/Swiss-Prot:P37787
smbu08	Chromosome1	smbu08GL000296	280300	280650	-	351	116	hypothetical protein	
smbu08	Chromosome1	smbu08GL000297	280850	281929	+	1080	359	Glutamyl aminopeptidase	UniProtKB/Swiss-Prot:Q48677
smbu08	Chromosome1	smbu08GL000298	282072	282392	+	321	106	Thioredoxin-like protein YtpP	UniProtKB/Swiss-Prot:O34357
smbu08	Chromosome1	smbu08GL000299	282414	282878	+	465	154	Putative universal stress protein SH1215	UniProtKB/Swiss-Prot:Q4L751
smbu08	Chromosome1	smbu08GL000300	283083	283688	+	606	201	Putative tRNA-binding protein YtpR	UniProtKB/Swiss-Prot:O34943
smbu08	Chromosome1	smbu08GL000301	283794	285083	-	1290	429	Serine protease Do-like HtrA	UniProtKB/Swiss-Prot:A2RNT9
smbu08	Chromosome1	smbu08GL000302	285379	285990	+	612	203	Ribosomal RNA large subunit methyltransferase H	UniProtKB/Swiss-Prot:P59732
smbu08	Chromosome1	smbu08GL000303	286040	286888	+	849	282	hypothetical protein	
smbu08	Chromosome1	smbu08GL000304	287159	288493	-	1335	444	hypothetical protein	
smbu08	Chromosome1	smbu08GL000305	288626	288955	+	330	109	hypothetical protein	
smbu08	Chromosome1	smbu08GL000306	288982	289281	+	300	99	hypothetical protein	
smbu08	Chromosome1	smbu08GL000307	289309	289443	+	135	44	hypothetical protein	
smbu08	Chromosome1	smbu08GL000308	289455	290006	+	552	183	hypothetical protein	
smbu08	Chromosome1	smbu08GL000309	290194	290445	+	252	83	hypothetical protein	
smbu08	Chromosome1	smbu08GL000310	290805	291719	+	915	304	hypothetical protein	
smbu08	Chromosome1	smbu08GL000311	292300	292923	+	624	207	putative protein adenylyltransferase HI_0977	UniProtKB/Swiss-Prot:P44088
smbu08	Chromosome1	smbu08GL000312	293303	293752	+	450	149	hypothetical protein	
smbu08	Chromosome1	smbu08GL000313	293736	294572	-	837	278	hypothetical protein	
smbu08	Chromosome1	smbu08GL000314	295105	295392	+	288	95	hypothetical protein	
smbu08	Chromosome1	smbu08GL000315	295792	296781	+	990	329	2-dehydropantoate 2-reductase	UniProtKB/Swiss-Prot:Q9CFY8
smbu08	Chromosome1	smbu08GL000316	296794	297846	+	1053	350	hypothetical protein	
smbu08	Chromosome1	smbu08GL000317	298112	298747	+	636	211	hypothetical protein	
smbu08	Chromosome1	smbu08GL000318	298906	299319	+	414	137	Organic hydroperoxide resistance protein OhrB	UniProtKB/Swiss-Prot:P80242
smbu08	Chromosome1	smbu08GL000319	299452	300495	+	1044	347	hypothetical protein	
smbu08	Chromosome1	smbu08GL000320	300510	301073	+	564	187	hypothetical protein	
smbu08	Chromosome1	smbu08GL000321	301825	302706	-	882	293	Fructokinase	UniProtKB/Swiss-Prot:Q07211
smbu08	Chromosome1	smbu08GL000322	302728	303720	-	993	330	Sucrose operon repressor	UniProtKB/Swiss-Prot:P43472
smbu08	Chromosome1	smbu08GL000323	303724	305202	-	1479	492	Sucrose-6-phosphate hydrolase	UniProtKB/Swiss-Prot:P43471
smbu08	Chromosome1	smbu08GL000324	305281	306858	+	1578	525	PTS system sucrose-specific EIIBCA component	UniProtKB/Swiss-Prot:P43470
smbu08	Chromosome1	smbu08GL000325	306836	307387	+	552	183	PTS system glucose-specific EIIA component	UniProtKB/Swiss-Prot:Q8CZD5
smbu08	Chromosome1	smbu08GL000326	307377	308972	+	1596	531	Glucan 1,6-alpha-glucosidase	UniProtKB/Swiss-Prot:Q54796
smbu08	Chromosome1	smbu08GL000327	309167	309502	-	336	111	hypothetical protein	
smbu08	Chromosome1	smbu08GL000328	309764	311668	+	1905	634	hypothetical protein	
smbu08	Chromosome1	smbu08GL000329	311744	311974	+	231	76	hypothetical protein	
smbu08	Chromosome1	smbu08GL000330	311988	312521	+	534	177	hypothetical protein	
smbu08	Chromosome1	smbu08GL000331	312790	313485	+	696	231	hypothetical protein	
smbu08	Chromosome1	smbu08GL000332	313794	315035	+	1242	413	Serine/threonine transporter SstT	UniProtKB/Swiss-Prot:Q82ZN5
smbu08	Chromosome1	smbu08GL000333	315187	315822	+	636	211	hypothetical protein	
smbu08	Chromosome1	smbu08GL000334	316036	317682	+	1647	548	hypothetical protein	
smbu08	Chromosome1	smbu08GL000335	317679	318110	+	432	143	hypothetical protein	
smbu08	Chromosome1	smbu08GL000336	318123	318404	+	282	93	hypothetical protein	
smbu08	Chromosome1	smbu08GL000337	318409	319659	+	1251	416	hypothetical protein	
smbu08	Chromosome1	smbu08GL000338	319660	320397	+	738	245	UPF0309 protein ABC0887	UniProtKB/Swiss-Prot:Q5WJM9
smbu08	Chromosome1	smbu08GL000339	320533	321276	+	744	247	tRNA pseudouridine synthase A	UniProtKB/Swiss-Prot:A3DJK8
smbu08	Chromosome1	smbu08GL000340	321511	322314	+	804	267	Peptide methionine sulfoxide reductase MsrA	UniProtKB/Swiss-Prot:C0MBS9
smbu08	Chromosome1	smbu08GL000341	322421	323410	+	990	329	L-glyceraldehyde 3-phosphate reductase	UniProtKB/Swiss-Prot:Q8X529
smbu08	Chromosome1	smbu08GL000342	323687	324385	+	699	232	hypothetical protein	
smbu08	Chromosome1	smbu08GL000343	324550	325851	+	1302	433	hypothetical protein	
smbu08	Chromosome1	smbu08GL000344	325868	327283	+	1416	471	6-phospho-beta-glucosidase GmuD	UniProtKB/Swiss-Prot:O05508
smbu08	Chromosome1	smbu08GL000345	327662	327916	+	255	84	PTS system galactose-specific EIIB component	UniProtKB/Swiss-Prot:A2RIE6
smbu08	Chromosome1	smbu08GL000346	327941	328258	+	318	105	Lichenan-specific phosphotransferase enzyme IIAcomponent	UniProtKB/Swiss-Prot:P46319
smbu08	Chromosome1	smbu08GL000347	328287	329540	+	1254	417	hypothetical protein	
smbu08	Chromosome1	smbu08GL000348	329537	329677	-	141	46	hypothetical protein	
smbu08	Chromosome1	smbu08GL000349	329762	330220	+	459	152	hypothetical protein	
smbu08	Chromosome1	smbu08GL000350	330357	330683	-	327	108	hypothetical protein	
smbu08	Chromosome1	smbu08GL000351	330702	331835	-	1134	377	putative zinc-type alcohol dehydrogenase-likeprotein AdhB	UniProtKB/Swiss-Prot:O06012
smbu08	Chromosome1	smbu08GL000352	332099	332986	+	888	295	hypothetical protein	
smbu08	Chromosome1	smbu08GL000353	333240	333365	-	126	41	hypothetical protein	
smbu08	Chromosome1	smbu08GL000354	333390	335108	-	1719	572	Linoleate hydratase	UniProtKB/Swiss-Prot:G9MAP1
smbu08	Chromosome1	smbu08GL000355	335141	335269	-	129	42	hypothetical protein	
smbu08	Chromosome1	smbu08GL000356	335710	336075	+	366	121	hypothetical protein	
smbu08	Chromosome1	smbu08GL000357	336072	336437	+	366	121	hypothetical protein	
smbu08	Chromosome1	smbu08GL000358	336598	338025	-	1428	475	hypothetical protein	
smbu08	Chromosome1	smbu08GL000359	338450	340330	+	1881	626	L-tyrosine decarboxylase	UniProtKB/Swiss-Prot:A0A481NV25
smbu08	Chromosome1	smbu08GL000360	340637	342115	+	1479	492	hypothetical protein	
smbu08	Chromosome1	smbu08GL000361	342081	343412	+	1332	443	hypothetical protein	
smbu08	Chromosome1	smbu08GL000362	343525	346077	+	2553	850	hypothetical protein	
smbu08	Chromosome1	smbu08GL000363	346084	347523	-	1440	479	hypothetical protein	
smbu08	Chromosome1	smbu08GL000364	347667	348029	+	363	120	hypothetical protein	
smbu08	Chromosome1	smbu08GL000365	348214	349071	-	858	285	hypothetical protein	
smbu08	Chromosome1	smbu08GL000366	349191	350102	+	912	303	hypothetical protein	
smbu08	Chromosome1	smbu08GL000367	350109	351755	+	1647	548	Acetyl-S-ACP:malonate ACP transferase	UniProtKB/Swiss-Prot:O06924
smbu08	Chromosome1	smbu08GL000368	351857	352156	+	300	99	Malonate decarboxylase acyl carrier protein	UniProtKB/Swiss-Prot:C1DNP6
smbu08	Chromosome1	smbu08GL000369	352146	353822	+	1677	558	Malonyl-S-ACP:biotin-protein carboxyltransferaseMADC	UniProtKB/Swiss-Prot:O06926
smbu08	Chromosome1	smbu08GL000370	353826	354419	+	594	197	hypothetical protein	
smbu08	Chromosome1	smbu08GL000371	354443	355528	+	1086	361	hypothetical protein	
smbu08	Chromosome1	smbu08GL000372	355541	356419	+	879	292	putative2-(5''-triphosphoribosyl)-3'-dephosphocoenzyme-A synthase	UniProtKB/Swiss-Prot:A6UY04
smbu08	Chromosome1	smbu08GL000373	356531	357295	+	765	254	hypothetical protein	
smbu08	Chromosome1	smbu08GL000374	357601	357792	+	192	63	hypothetical protein	
smbu08	Chromosome1	smbu08GL000375	357792	358133	+	342	113	hypothetical protein	
smbu08	Chromosome1	smbu08GL000376	358701	358847	+	147	48	hypothetical protein	
smbu08	Chromosome1	smbu08GL000377	358864	360693	+	1830	609	hypothetical protein	
smbu08	Chromosome1	smbu08GL000378	360680	360910	+	231	76	hypothetical protein	
smbu08	Chromosome1	smbu08GL000379	360946	361248	+	303	100	hypothetical protein	
smbu08	Chromosome1	smbu08GL000380	361274	362563	+	1290	429	hypothetical protein	
smbu08	Chromosome1	smbu08GL000381	362564	362989	+	426	141	hypothetical protein	
smbu08	Chromosome1	smbu08GL000382	363012	363881	+	870	289	D-tagatose-1,6-bisphosphate aldolase subunitGatY	UniProtKB/Swiss-Prot:B4TWB0
smbu08	Chromosome1	smbu08GL000383	363883	364503	+	621	206	hypothetical protein	
smbu08	Chromosome1	smbu08GL000384	364700	365305	+	606	201	hypothetical protein	
smbu08	Chromosome1	smbu08GL000385	365441	365893	+	453	150	putative HTH-type transcriptional regulatorYybA	UniProtKB/Swiss-Prot:P37503
smbu08	Chromosome1	smbu08GL000386	365906	366427	+	522	173	Spermidine/spermine N(1)-acetyltransferase	UniProtKB/Swiss-Prot:P21340
smbu08	Chromosome1	smbu08GL000387	366445	367155	+	711	236	hypothetical protein	
smbu08	Chromosome1	smbu08GL000388	367297	367719	+	423	140	hypothetical protein	
smbu08	Chromosome1	smbu08GL000389	367748	367963	+	216	71	hypothetical protein	
smbu08	Chromosome1	smbu08GL000390	368207	369520	+	1314	437	Guanine/hypoxanthine permease PbuG	UniProtKB/Swiss-Prot:O34987
smbu08	Chromosome1	smbu08GL000391	369848	371485	+	1638	545	Glucan 1,6-alpha-glucosidase	UniProtKB/Swiss-Prot:Q54796
smbu08	Chromosome1	smbu08GL000392	371609	372067	+	459	152	hypothetical protein	
smbu08	Chromosome1	smbu08GL000393	372155	373261	+	1107	368	putative NADH-dependent flavin oxidoreductaseYqiG	UniProtKB/Swiss-Prot:P54524
smbu08	Chromosome1	smbu08GL000394	373291	373968	+	678	225	hypothetical protein	
smbu08	Chromosome1	smbu08GL000395	374313	375608	+	1296	431	hypothetical protein	
smbu08	Chromosome1	smbu08GL000396	375598	377058	+	1461	486	hypothetical protein	
smbu08	Chromosome1	smbu08GL000397	377180	378691	+	1512	503	Glycerol kinase	UniProtKB/Swiss-Prot:Q9CG64
smbu08	Chromosome1	smbu08GL000398	378705	380528	+	1824	607	Alpha-glycerophosphate oxidase	UniProtKB/Swiss-Prot:Q9CG65
smbu08	Chromosome1	smbu08GL000399	380529	381245	+	717	238	Glycerol uptake facilitator protein 3	UniProtKB/Swiss-Prot:F9UTW9
smbu08	Chromosome1	smbu08GL000400	381551	383479	+	1929	642	hypothetical protein	
smbu08	Chromosome1	smbu08GL000401	383601	384155	+	555	184	hypothetical protein	
smbu08	Chromosome1	smbu08GL000402	384316	384639	-	324	107	hypothetical protein	
smbu08	Chromosome1	smbu08GL000403	384644	384904	-	261	86	Copper-sensing transcriptional repressor CsoR	UniProtKB/Swiss-Prot:O32222
smbu08	Chromosome1	smbu08GL000404	385065	385388	+	324	107	hypothetical protein	
smbu08	Chromosome1	smbu08GL000405	385390	387045	+	1656	551	hypothetical protein	
smbu08	Chromosome1	smbu08GL000406	387128	389263	+	2136	711	hypothetical protein	
smbu08	Chromosome1	smbu08GL000407	389437	389946	+	510	169	hypothetical protein	
smbu08	Chromosome1	smbu08GL000408	389997	390626	+	630	209	hypothetical protein	
smbu08	Chromosome1	smbu08GL000409	390645	391247	+	603	200	hypothetical protein	
smbu08	Chromosome1	smbu08GL000410	391343	392212	+	870	289	hypothetical protein	
smbu08	Chromosome1	smbu08GL000411	392323	392619	-	297	98	UPF0145 protein LMOf2365_0219	UniProtKB/Swiss-Prot:Q724K5
smbu08	Chromosome1	smbu08GL000412	392745	393191	+	447	148	hypothetical protein	
smbu08	Chromosome1	smbu08GL000413	393166	394176	+	1011	336	PTS-dependent dihydroxyacetone kinase 1,dihydroxyacetone-binding subunit DhaK	UniProtKB/Swiss-Prot:Q927E6
smbu08	Chromosome1	smbu08GL000414	394205	394810	+	606	201	PEP-dependent dihydroxyacetone kinase 1,ADP-binding subunit DhaL	UniProtKB/Swiss-Prot:Q927E5
smbu08	Chromosome1	smbu08GL000415	394797	394934	-	138	45	hypothetical protein	
smbu08	Chromosome1	smbu08GL000416	394936	395595	+	660	219	hypothetical protein	
smbu08	Chromosome1	smbu08GL000417	395975	396490	+	516	171	hypothetical protein	
smbu08	Chromosome1	smbu08GL000418	396490	397848	+	1359	452	hypothetical protein	
smbu08	Chromosome1	smbu08GL000419	397865	398176	+	312	103	hypothetical protein	
smbu08	Chromosome1	smbu08GL000420	398195	398458	+	264	87	hypothetical protein	
smbu08	Chromosome1	smbu08GL000421	398868	398987	+	120	39	hypothetical protein	
smbu08	Chromosome1	smbu08GL000422	399048	399707	+	660	219	putative transcriptional regulator flp	UniProtKB/Swiss-Prot:P29284
smbu08	Chromosome1	smbu08GL000423	399785	401395	-	1611	536	hypothetical protein	
smbu08	Chromosome1	smbu08GL000424	401408	402289	-	882	293	Multidrug efflux system ATP-binding proteinRv1218c	UniProtKB/Swiss-Prot:O86311
smbu08	Chromosome1	smbu08GL000425	402542	403141	+	600	199	hypothetical protein	
smbu08	Chromosome1	smbu08GL000426	403211	404647	-	1437	478	hypothetical protein	
smbu08	Chromosome1	smbu08GL000427	405084	406340	+	1257	418	Tyrosine--tRNA ligase 1	UniProtKB/Swiss-Prot:E6ELF6
smbu08	Chromosome1	smbu08GL000428	406631	408508	+	1878	625	L-tyrosine decarboxylase	UniProtKB/Swiss-Prot:P0DTQ4
smbu08	Chromosome1	smbu08GL000429	408775	410172	+	1398	465	hypothetical protein	
smbu08	Chromosome1	smbu08GL000430	410281	411648	+	1368	455	hypothetical protein	
smbu08	Chromosome1	smbu08GL000431	411892	412488	+	597	198	hypothetical protein	
smbu08	Chromosome1	smbu08GL000432	412530	413138	+	609	202	hypothetical protein	
smbu08	Chromosome1	smbu08GL000433	413135	415132	-	1998	665	hypothetical protein	
smbu08	Chromosome1	smbu08GL000434	415449	416474	-	1026	341	hypothetical protein	
smbu08	Chromosome1	smbu08GL000435	416496	417503	-	1008	335	hypothetical protein	
smbu08	Chromosome1	smbu08GL000436	417496	418161	-	666	221	Beta-phosphoglucomutase	UniProtKB/Swiss-Prot:P71447
smbu08	Chromosome1	smbu08GL000437	418154	420448	-	2295	764	Maltose phosphorylase	UniProtKB/Swiss-Prot:E6ENP7
smbu08	Chromosome1	smbu08GL000438	420707	422872	+	2166	721	PTS system glucose-specific EIICBA component	UniProtKB/Swiss-Prot:P35595
smbu08	Chromosome1	smbu08GL000439	423061	423891	+	831	276	Maltose 6'-phosphate phosphatase	UniProtKB/Swiss-Prot:E6ENP9
smbu08	Chromosome1	smbu08GL000440	423993	425693	-	1701	566	hypothetical protein	
smbu08	Chromosome1	smbu08GL000441	426153	427313	+	1161	386	hypothetical protein	
smbu08	Chromosome1	smbu08GL000442	427329	427772	+	444	147	hypothetical protein	
smbu08	Chromosome1	smbu08GL000443	428135	428665	-	531	176	Phenolic acid decarboxylase PadC	UniProtKB/Swiss-Prot:O07006
smbu08	Chromosome1	smbu08GL000444	428770	429324	+	555	184	hypothetical protein	
smbu08	Chromosome1	smbu08GL000445	429481	429963	-	483	160	hypothetical protein	
smbu08	Chromosome1	smbu08GL000446	430092	431564	+	1473	490	putative MFS-type transporter YcnB	UniProtKB/Swiss-Prot:P94422
smbu08	Chromosome1	smbu08GL000447	431561	432271	+	711	236	hypothetical protein	
smbu08	Chromosome1	smbu08GL000448	432745	432927	+	183	60	hypothetical protein	
smbu08	Chromosome1	smbu08GL000449	433136	433555	-	420	139	Protein LpdD	UniProtKB/Swiss-Prot:F9UT68
smbu08	Chromosome1	smbu08GL000450	433557	434141	-	585	194	Flavin prenyltransferase LpdB	UniProtKB/Swiss-Prot:F9UT67
smbu08	Chromosome1	smbu08GL000451	434188	435663	-	1476	491	Gallate decarboxylase	UniProtKB/Swiss-Prot:F9US27
smbu08	Chromosome1	smbu08GL000452	435844	436155	+	312	103	hypothetical protein	
smbu08	Chromosome1	smbu08GL000453	436418	438754	-	2337	778	hypothetical protein	
smbu08	Chromosome1	smbu08GL000454	438896	439564	+	669	222	Heme response regulator HssR	UniProtKB/Swiss-Prot:Q6GE73
smbu08	Chromosome1	smbu08GL000455	439567	440610	+	1044	347	hypothetical protein	
smbu08	Chromosome1	smbu08GL000456	440844	441728	-	885	294	hypothetical protein	
smbu08	Chromosome1	smbu08GL000457	441887	442615	+	729	242	Uncharacterized protein YqgA	UniProtKB/Swiss-Prot:Q46831
smbu08	Chromosome1	smbu08GL000458	442772	443089	+	318	105	Putative DNA-binding protein YwzG	UniProtKB/Swiss-Prot:C0H3S6
smbu08	Chromosome1	smbu08GL000459	443082	443690	+	609	202	hypothetical protein	
smbu08	Chromosome1	smbu08GL000460	443705	444535	+	831	276	hypothetical protein	
smbu08	Chromosome1	smbu08GL000461	444661	445161	+	501	166	hypothetical protein	
smbu08	Chromosome1	smbu08GL000462	445209	446081	+	873	290	hypothetical protein	
smbu08	Chromosome1	smbu08GL000463	446251	446613	+	363	120	hypothetical protein	
smbu08	Chromosome1	smbu08GL000464	446622	447374	+	753	250	Bacitracin export ATP-binding protein BceA	UniProtKB/Swiss-Prot:O34697
smbu08	Chromosome1	smbu08GL000465	447388	449190	+	1803	600	hypothetical protein	
smbu08	Chromosome1	smbu08GL000466	449151	449276	+	126	41	hypothetical protein	
smbu08	Chromosome1	smbu08GL000467	449375	450472	+	1098	365	hypothetical protein	
smbu08	Chromosome1	smbu08GL000468	450520	452676	-	2157	718	hypothetical protein	
smbu08	Chromosome1	smbu08GL000469	453036	454409	-	1374	457	hypothetical protein	
smbu08	Chromosome1	smbu08GL000470	454409	454804	-	396	131	D-ribose pyranase	UniProtKB/Swiss-Prot:Q03DK3
smbu08	Chromosome1	smbu08GL000471	454826	455689	-	864	287	Ribokinase	UniProtKB/Swiss-Prot:A0A0H2WZY4
smbu08	Chromosome1	smbu08GL000472	455859	456872	-	1014	337	hypothetical protein	
smbu08	Chromosome1	smbu08GL000473	456954	457580	-	627	208	hypothetical protein	
smbu08	Chromosome1	smbu08GL000474	457696	458442	+	747	248	Putative ABC transporter ATP-binding proteinMG065 homolog	UniProtKB/Swiss-Prot:P75612
smbu08	Chromosome1	smbu08GL000475	458536	461163	+	2628	875	hypothetical protein	
smbu08	Chromosome1	smbu08GL000476	461483	463111	+	1629	542	Trehalose-6-phosphate hydrolase	UniProtKB/Swiss-Prot:P39795
smbu08	Chromosome1	smbu08GL000477	463173	464354	-	1182	393	hypothetical protein	
smbu08	Chromosome1	smbu08GL000478	464649	466127	+	1479	492	Zinc-binding lipoprotein AdcA	UniProtKB/Swiss-Prot:O05703
smbu08	Chromosome1	smbu08GL000479	466195	466923	-	729	242	hypothetical protein	
smbu08	Chromosome1	smbu08GL000480	466936	468216	-	1281	426	hypothetical protein	
smbu08	Chromosome1	smbu08GL000481	468266	468391	-	126	41	hypothetical protein	
smbu08	Chromosome1	smbu08GL000482	468357	468959	-	603	200	hypothetical protein	
smbu08	Chromosome1	smbu08GL000483	469205	469411	+	207	68	hypothetical protein	
smbu08	Chromosome1	smbu08GL000484	469608	470315	+	708	235	Deoxyguanosine kinase	UniProtKB/Swiss-Prot:P0C1G0
smbu08	Chromosome1	smbu08GL000485	470395	471090	-	696	231	hypothetical protein	
smbu08	Chromosome1	smbu08GL000486	471250	473484	+	2235	744	hypothetical protein	
smbu08	Chromosome1	smbu08GL000487	473891	474244	+	354	117	Global transcriptional regulator Spx	UniProtKB/Swiss-Prot:Q830U3
smbu08	Chromosome1	smbu08GL000488	474258	474614	+	357	118	hypothetical protein	
smbu08	Chromosome1	smbu08GL000489	480370	480840	-	471	156	Glutathione peroxidase homolog BsaA	UniProtKB/Swiss-Prot:Q8CSR9
smbu08	Chromosome1	smbu08GL000490	481001	481453	-	453	150	S-ribosylhomocysteine lyase	UniProtKB/Swiss-Prot:Q17VY9
smbu08	Chromosome1	smbu08GL000491	481631	482776	-	1146	381	Cystathionine gamma-synthase	UniProtKB/Swiss-Prot:Q1M0P5
smbu08	Chromosome1	smbu08GL000492	482789	483706	-	918	305	Cysteine synthase	UniProtKB/Swiss-Prot:P56067
smbu08	Chromosome1	smbu08GL000493	484134	484697	+	564	187	Elongation factor P	UniProtKB/Swiss-Prot:Q838Z5
smbu08	Chromosome1	smbu08GL000494	484721	484837	+	117	38	hypothetical protein	
smbu08	Chromosome1	smbu08GL000495	484895	485662	+	768	255	hypothetical protein	
smbu08	Chromosome1	smbu08GL000496	485790	487685	+	1896	631	Alkyl/aryl-sulfatase BDS1	UniProtKB/Swiss-Prot:Q08347
smbu08	Chromosome1	smbu08GL000497	487973	489232	+	1260	419	Diaminopimelate decarboxylase	UniProtKB/Swiss-Prot:P23630
smbu08	Chromosome1	smbu08GL000498	489219	490019	+	801	266	hypothetical protein	
smbu08	Chromosome1	smbu08GL000499	489995	490903	+	909	302	4-hydroxy-tetrahydrodipicolinate synthase	UniProtKB/Swiss-Prot:B0K4I3
smbu08	Chromosome1	smbu08GL000500	490900	491616	+	717	238	4-hydroxy-tetrahydrodipicolinate reductase	UniProtKB/Swiss-Prot:B1YJ40
smbu08	Chromosome1	smbu08GL000501	491622	492317	+	696	231	2,3,4,5-tetrahydropyridine-2,6-dicarboxylateN-acetyltransferase	UniProtKB/Swiss-Prot:Q88V23
smbu08	Chromosome1	smbu08GL000502	492357	493334	+	978	325	Aspartate-semialdehyde dehydrogenase	UniProtKB/Swiss-Prot:O67716
smbu08	Chromosome1	smbu08GL000503	493331	494692	+	1362	453	hypothetical protein	
smbu08	Chromosome1	smbu08GL000504	494670	495803	+	1134	377	hypothetical protein	
smbu08	Chromosome1	smbu08GL000505	495778	496947	+	1170	389	putative N-acetyl-LL-diaminopimelateaminotransferase	UniProtKB/Swiss-Prot:P16524
smbu08	Chromosome1	smbu08GL000506	497121	498500	+	1380	459	NADH peroxidase	UniProtKB/Swiss-Prot:P37062
smbu08	Chromosome1	smbu08GL000507	498780	499448	+	669	222	hypothetical protein	
smbu08	Chromosome1	smbu08GL000508	499570	499956	-	387	128	hypothetical protein	
smbu08	Chromosome1	smbu08GL000509	499928	501121	-	1194	397	Putative UV-damage repair protein UvrX	UniProtKB/Swiss-Prot:O31990
smbu08	Chromosome1	smbu08GL000510	501464	502651	-	1188	395	Galactokinase	UniProtKB/Swiss-Prot:Q9S6S2
smbu08	Chromosome1	smbu08GL000511	502658	503689	-	1032	343	hypothetical protein	
smbu08	Chromosome1	smbu08GL000512	503705	505159	-	1455	484	Lactose permease	UniProtKB/Swiss-Prot:Q48624
smbu08	Chromosome1	smbu08GL000513	505334	506239	+	906	301	hypothetical protein	
smbu08	Chromosome1	smbu08GL000514	506241	507008	+	768	255	putative NAD(P)H oxidoreductase YrkL	UniProtKB/Swiss-Prot:P54439
smbu08	Chromosome1	smbu08GL000515	507005	507175	+	171	56	hypothetical protein	
smbu08	Chromosome1	smbu08GL000516	507277	508185	+	909	302	hypothetical protein	
smbu08	Chromosome1	smbu08GL000517	508236	509606	-	1371	456	putative threonine/serine transporter YbxG	UniProtKB/Swiss-Prot:P54425
smbu08	Chromosome1	smbu08GL000518	509845	510591	+	747	248	Manganese transport system ATP-binding proteinMntB	UniProtKB/Swiss-Prot:Q8Y651
smbu08	Chromosome1	smbu08GL000519	510588	511427	+	840	279	Manganese transport system membrane proteinMntC	UniProtKB/Swiss-Prot:Q8Y652
smbu08	Chromosome1	smbu08GL000520	511428	512378	+	951	316	Metal ABC transporter substrate-bindinglipoprotein ScbA	UniProtKB/Swiss-Prot:Q53891
smbu08	Chromosome1	smbu08GL000521	512519	513271	+	753	250	hypothetical protein	
smbu08	Chromosome1	smbu08GL000522	513290	514441	+	1152	383	Epoxyqueuosine reductase	UniProtKB/Swiss-Prot:Q834R1
smbu08	Chromosome1	smbu08GL000523	514824	515432	+	609	202	hypothetical protein	
smbu08	Chromosome1	smbu08GL000524	515551	517236	+	1686	561	hypothetical protein	
smbu08	Chromosome1	smbu08GL000525	517308	518444	-	1137	378	hypothetical protein	
smbu08	Chromosome1	smbu08GL000526	518495	519868	-	1374	457	hypothetical protein	
smbu08	Chromosome1	smbu08GL000527	520259	520708	+	450	149	hypothetical protein	
smbu08	Chromosome1	smbu08GL000528	520806	521261	+	456	151	Arginine repressor	UniProtKB/Swiss-Prot:Q837Z7
smbu08	Chromosome1	smbu08GL000529	521279	522781	+	1503	500	hypothetical protein	
smbu08	Chromosome1	smbu08GL000530	522939	523082	+	144	47	hypothetical protein	
smbu08	Chromosome1	smbu08GL000531	523167	523568	+	402	133	Organic hydroperoxide resistance protein OhrB	UniProtKB/Swiss-Prot:P80242
smbu08	Chromosome1	smbu08GL000532	523630	523749	+	120	39	hypothetical protein	
smbu08	Chromosome1	smbu08GL000533	523725	525053	+	1329	442	putative pyridine nucleotide-disulfideoxidoreductase RclA	UniProtKB/Swiss-Prot:P77212
smbu08	Chromosome1	smbu08GL000534	525075	525701	+	627	208	hypothetical protein	
smbu08	Chromosome1	smbu08GL000535	525885	526466	+	582	193	putative HTH-type transcriptional regulator inlacX 3'region	UniProtKB/Swiss-Prot:P42097
smbu08	Chromosome1	smbu08GL000536	526822	527397	+	576	191	hypothetical protein	
smbu08	Chromosome1	smbu08GL000537	527603	528205	-	603	200	hypothetical protein	
smbu08	Chromosome1	smbu08GL000538	528261	528962	+	702	233	hypothetical protein	
smbu08	Chromosome1	smbu08GL000539	529035	529865	-	831	276	Uncharacterized protein YjqC	UniProtKB/Swiss-Prot:O34423
smbu08	Chromosome1	smbu08GL000540	530073	531407	+	1335	444	hypothetical protein	
smbu08	Chromosome1	smbu08GL000541	531448	532359	+	912	303	putative ABC transporter permease protein YesP	UniProtKB/Swiss-Prot:O31519
smbu08	Chromosome1	smbu08GL000542	532356	533210	+	855	284	hypothetical protein	
smbu08	Chromosome1	smbu08GL000543	533207	533827	+	621	206	hypothetical protein	
smbu08	Chromosome1	smbu08GL000544	533829	534347	+	519	172	hypothetical protein	
smbu08	Chromosome1	smbu08GL000545	534648	539156	+	4509	1502	hypothetical protein	
smbu08	Chromosome1	smbu08GL000546	539156	540469	+	1314	437	hypothetical protein	
smbu08	Chromosome1	smbu08GL000547	540462	542180	+	1719	572	hypothetical protein	
smbu08	Chromosome1	smbu08GL000548	542246	543148	+	903	300	hypothetical protein	
smbu08	Chromosome1	smbu08GL000549	543272	544006	+	735	244	Sensory transduction protein BceR	UniProtKB/Swiss-Prot:Q9K621
smbu08	Chromosome1	smbu08GL000550	544024	545049	+	1026	341	hypothetical protein	
smbu08	Chromosome1	smbu08GL000551	545165	546004	+	840	279	Putative sugar uptake protein EF_0928	UniProtKB/Swiss-Prot:Q837B5
smbu08	Chromosome1	smbu08GL000552	546041	547417	+	1377	458	Methylthioribose transporter	UniProtKB/Swiss-Prot:Q797A7
smbu08	Chromosome1	smbu08GL000553	547517	548713	-	1197	398	Uncharacterized protein Lmo1967	UniProtKB/Swiss-Prot:Q8Y5T8
smbu08	Chromosome1	smbu08GL000554	548836	549498	-	663	220	hypothetical protein	
smbu08	Chromosome1	smbu08GL000555	549675	550289	+	615	204	Methanol dehydrogenase activator	UniProtKB/Swiss-Prot:Q8KP10
smbu08	Chromosome1	smbu08GL000556	550302	550586	+	285	94	hypothetical protein	
smbu08	Chromosome1	smbu08GL000557	550605	551297	+	693	230	5'-methylthioadenosine/S-adenosylhomocysteinenucleosidase	UniProtKB/Swiss-Prot:C4L559
smbu08	Chromosome1	smbu08GL000558	551309	551854	+	546	181	putative isochorismatase family protein PncA	UniProtKB/Swiss-Prot:O32091
smbu08	Chromosome1	smbu08GL000559	552120	555389	+	3270	1089	hypothetical protein	
smbu08	Chromosome1	smbu08GL000560	555451	555567	+	117	38	hypothetical protein	
smbu08	Chromosome1	smbu08GL000561	555687	557594	-	1908	635	Neutral endopeptidase	UniProtKB/Swiss-Prot:Q07744
smbu08	Chromosome1	smbu08GL000562	557725	558600	+	876	291	hypothetical protein	
smbu08	Chromosome1	smbu08GL000563	558680	559654	+	975	324	Putative ribose-phosphate pyrophosphokinase 1	UniProtKB/Swiss-Prot:Q832Z5
smbu08	Chromosome1	smbu08GL000564	560053	561222	+	1170	389	Putative cysteine desulfurase IscS 1	UniProtKB/Swiss-Prot:O34599
smbu08	Chromosome1	smbu08GL000565	561350	561703	+	354	117	hypothetical protein	
smbu08	Chromosome1	smbu08GL000566	561812	562594	-	783	260	hypothetical protein	
smbu08	Chromosome1	smbu08GL000567	562785	563369	+	585	194	Macrolide efflux protein A	UniProtKB/Swiss-Prot:Q5XBB2
smbu08	Chromosome1	smbu08GL000568	563348	564067	+	720	239	hypothetical protein	
smbu08	Chromosome1	smbu08GL000569	564197	564784	+	588	195	hypothetical protein	
smbu08	Chromosome1	smbu08GL000570	565054	566967	-	1914	637	hypothetical protein	
smbu08	Chromosome1	smbu08GL000571	567651	567986	+	336	111	hypothetical protein	
smbu08	Chromosome1	smbu08GL000572	568087	568620	+	534	177	hypothetical protein	
smbu08	Chromosome1	smbu08GL000573	568827	569948	+	1122	373	tRNA-specific 2-thiouridylase MnmA	UniProtKB/Swiss-Prot:Q820U1
smbu08	Chromosome1	smbu08GL000574	570187	571614	+	1428	475	Arginine/ornithine antiporter	UniProtKB/Swiss-Prot:O53092
smbu08	Chromosome1	smbu08GL000575	571628	572746	+	1119	372	hypothetical protein	
smbu08	Chromosome1	smbu08GL000576	572806	574098	-	1293	430	Multidrug resistance protein MdtG	UniProtKB/Swiss-Prot:D2BX50
smbu08	Chromosome1	smbu08GL000577	574230	574808	+	579	192	hypothetical protein	
smbu08	Chromosome1	smbu08GL000578	574955	575314	+	360	119	hypothetical protein	
smbu08	Chromosome1	smbu08GL000579	575349	577319	+	1971	656	DNA topoisomerase 3	UniProtKB/Swiss-Prot:Q63GK5
smbu08	Chromosome1	smbu08GL000580	577456	577629	+	174	57	hypothetical protein	
smbu08	Chromosome1	smbu08GL000581	577657	578604	-	948	315	Bactoprenol glucosyl transferase	UniProtKB/Swiss-Prot:P57022
smbu08	Chromosome1	smbu08GL000582	578850	579314	+	465	154	Methylated-DNA--protein-cysteinemethyltransferase, constitutive	UniProtKB/Swiss-Prot:P11742
smbu08	Chromosome1	smbu08GL000583	579377	580441	-	1065	354	UPF0324 membrane protein EF_0922	UniProtKB/Swiss-Prot:Q837C1
smbu08	Chromosome1	smbu08GL000584	580916	581884	-	969	322	hypothetical protein	
smbu08	Chromosome1	smbu08GL000585	582117	582959	+	843	280	hypothetical protein	
smbu08	Chromosome1	smbu08GL000586	583153	584340	+	1188	395	hypothetical protein	
smbu08	Chromosome1	smbu08GL000587	584439	584702	+	264	87	hypothetical protein	
smbu08	Chromosome1	smbu08GL000588	584704	585042	+	339	112	hypothetical protein	UniProtKB/Swiss-Prot:B8DP97
smbu08	Chromosome1	smbu08GL000589	585437	586471	+	1035	344	Methionine import ATP-binding protein MetN 2	UniProtKB/Swiss-Prot:Q831K6
smbu08	Chromosome1	smbu08GL000590	586464	587150	+	687	228	Methionine import system permease protein MetP	UniProtKB/Swiss-Prot:O32168
smbu08	Chromosome1	smbu08GL000591	587174	588022	+	849	282	Methionine-binding lipoprotein MetQ	UniProtKB/Swiss-Prot:O32167
smbu08	Chromosome1	smbu08GL000592	588219	588992	+	774	257	putative ABC transporter ATP-binding proteinspyM18_0273	UniProtKB/Swiss-Prot:Q8P2M5
smbu08	Chromosome1	smbu08GL000593	589005	590291	+	1287	428	Iron-sulfur cluster assembly protein SufD	UniProtKB/Swiss-Prot:O32165
smbu08	Chromosome1	smbu08GL000594	590288	591523	+	1236	411	Cysteine desulfurase SufS	UniProtKB/Swiss-Prot:O32164
smbu08	Chromosome1	smbu08GL000595	591510	591980	+	471	156	Iron-sulfur cluster assembly scaffold proteinIscU	UniProtKB/Swiss-Prot:Q9A1G2
smbu08	Chromosome1	smbu08GL000596	591985	593376	+	1392	463	Iron-sulfur cluster assembly protein SufB	UniProtKB/Swiss-Prot:O32162
smbu08	Chromosome1	smbu08GL000597	593474	594616	-	1143	380	hypothetical protein	
smbu08	Chromosome1	smbu08GL000598	594667	595482	-	816	271	hypothetical protein	
smbu08	Chromosome1	smbu08GL000599	595668	595970	+	303	100	hypothetical protein	
smbu08	Chromosome1	smbu08GL000600	596126	596923	+	798	265	hypothetical protein	
smbu08	Chromosome1	smbu08GL000601	597125	599800	+	2676	891	hypothetical protein	
smbu08	Chromosome1	smbu08GL000602	599814	600032	+	219	72	hypothetical protein	
smbu08	Chromosome1	smbu08GL000603	600792	600917	+	126	41	hypothetical protein	
smbu08	Chromosome1	smbu08GL000604	601302	601478	+	177	58	hypothetical protein	
smbu08	Chromosome1	smbu08GL000605	601667	602440	-	774	257	hypothetical protein	
smbu08	Chromosome1	smbu08GL000606	602545	602790	+	246	81	hypothetical protein	
smbu08	Chromosome1	smbu08GL000607	602929	605382	+	2454	817	hypothetical protein	
smbu08	Chromosome1	smbu08GL000608	606667	606786	+	120	39	hypothetical protein	
smbu08	Chromosome1	smbu08GL000609	606988	607101	+	114	37	hypothetical protein	
smbu08	Chromosome1	smbu08GL000610	607258	607611	-	354	117	hypothetical protein	
smbu08	Chromosome1	smbu08GL000611	607773	608543	+	771	256	hypothetical protein	
smbu08	Chromosome1	smbu08GL000612	608562	609185	+	624	207	hypothetical protein	
smbu08	Chromosome1	smbu08GL000613	609565	610476	+	912	303	Foldase protein PrsA	UniProtKB/Swiss-Prot:Q837Y9
smbu08	Chromosome1	smbu08GL000614	610837	611139	+	303	100	hypothetical protein	
smbu08	Chromosome1	smbu08GL000615	611231	612118	+	888	295	hypothetical protein	
smbu08	Chromosome1	smbu08GL000616	612343	613560	-	1218	405	hypothetical protein	
smbu08	Chromosome1	smbu08GL000617	613952	616051	+	2100	699	hypothetical protein	
smbu08	Chromosome1	smbu08GL000618	616088	617119	+	1032	343	hypothetical protein	
smbu08	Chromosome1	smbu08GL000619	617313	618167	+	855	284	hypothetical protein	
smbu08	Chromosome1	smbu08GL000620	618164	618922	+	759	252	hypothetical protein	
smbu08	Chromosome1	smbu08GL000621	619008	619748	-	741	246	hypothetical protein	
smbu08	Chromosome1	smbu08GL000622	619749	621062	+	1314	437	hypothetical protein	
smbu08	Chromosome1	smbu08GL000623	621384	621611	+	228	75	putative HTH-type transcriptional regulatorYdeP	UniProtKB/Swiss-Prot:P96673
smbu08	Chromosome1	smbu08GL000624	621716	622060	+	345	114	hypothetical protein	
smbu08	Chromosome1	smbu08GL000625	622065	622841	+	777	258	Sortase A	UniProtKB/Swiss-Prot:Q8E5N2
smbu08	Chromosome1	smbu08GL000626	623151	624002	+	852	283	Transcription antiterminator LicT	UniProtKB/Swiss-Prot:P39805
smbu08	Chromosome1	smbu08GL000627	624055	625989	+	1935	644	PTS system beta-glucoside-specific EIIBCAcomponent	UniProtKB/Swiss-Prot:Q9KF90
smbu08	Chromosome1	smbu08GL000628	626003	627445	+	1443	480	Aryl-phospho-beta-D-glucosidase BglH	UniProtKB/Swiss-Prot:P40740
smbu08	Chromosome1	smbu08GL000629	627577	628254	+	678	225	hypothetical protein	
smbu08	Chromosome1	smbu08GL000630	628404	628892	+	489	162	hypothetical protein	
smbu08	Chromosome1	smbu08GL000631	629074	629232	+	159	52	hypothetical protein	
smbu08	Chromosome1	smbu08GL000632	629290	629499	-	210	69	hypothetical protein	
smbu08	Chromosome1	smbu08GL000633	629740	630315	+	576	191	hypothetical protein	
smbu08	Chromosome1	smbu08GL000634	630315	630755	+	441	146	hypothetical protein	
smbu08	Chromosome1	smbu08GL000635	630771	631472	+	702	233	Deoxyguanosine kinase	UniProtKB/Swiss-Prot:Q74HC2
smbu08	Chromosome1	smbu08GL000636	631960	632385	-	426	141	hypothetical protein	
smbu08	Chromosome1	smbu08GL000637	632615	633940	+	1326	441	hypothetical protein	
smbu08	Chromosome1	smbu08GL000638	633972	636242	+	2271	756	hypothetical protein	
smbu08	Chromosome1	smbu08GL000639	636249	637220	+	972	323	hypothetical protein	
smbu08	Chromosome1	smbu08GL000640	637241	638638	+	1398	465	6-phospho-beta-glucosidase GmuD	UniProtKB/Swiss-Prot:O05508
smbu08	Chromosome1	smbu08GL000641	638782	639417	+	636	211	hypothetical protein	
smbu08	Chromosome1	smbu08GL000642	639731	641824	+	2094	697	Lipoteichoic acid synthase 1	UniProtKB/Swiss-Prot:Q797B3
smbu08	Chromosome1	smbu08GL000643	642043	642510	+	468	155	hypothetical protein	
smbu08	Chromosome1	smbu08GL000644	642576	642908	+	333	110	hypothetical protein	
smbu08	Chromosome1	smbu08GL000645	642930	643367	-	438	145	Nucleoside diphosphate kinase	UniProtKB/Swiss-Prot:A3DDC2
smbu08	Chromosome1	smbu08GL000646	643948	644076	-	129	42	hypothetical protein	
smbu08	Chromosome1	smbu08GL000647	644055	646703	+	2649	882	Magnesium-transporting ATPase, P-type 1	UniProtKB/Swiss-Prot:P0ABB8
smbu08	Chromosome1	smbu08GL000648	646791	647462	+	672	223	hypothetical protein	
smbu08	Chromosome1	smbu08GL000649	647439	648038	-	600	199	hypothetical protein	
smbu08	Chromosome1	smbu08GL000650	648106	649185	+	1080	359	Methionine import ATP-binding protein MetN 1	UniProtKB/Swiss-Prot:Q832Y6
smbu08	Chromosome1	smbu08GL000651	649187	649867	+	681	226	D-methionine transport system permease proteinMetI	UniProtKB/Swiss-Prot:Q8ZH39
smbu08	Chromosome1	smbu08GL000652	649884	650723	+	840	279	D-methionine-binding lipoprotein MetQ	UniProtKB/Swiss-Prot:P28635
smbu08	Chromosome1	smbu08GL000653	650755	651978	+	1224	407	hypothetical protein	
smbu08	Chromosome1	smbu08GL000654	651994	652107	+	114	37	hypothetical protein	
smbu08	Chromosome1	smbu08GL000655	652382	653800	+	1419	472	hypothetical protein	
smbu08	Chromosome1	smbu08GL000656	654062	654505	-	444	147	hypothetical protein	
smbu08	Chromosome1	smbu08GL000657	654700	656040	-	1341	446	putative amino acid permease YvbW	UniProtKB/Swiss-Prot:O32257
smbu08	Chromosome1	smbu08GL000658	656300	657205	+	906	301	hypothetical protein	
smbu08	Chromosome1	smbu08GL000659	657348	658289	-	942	313	2-dehydropantoate 2-reductase	UniProtKB/Swiss-Prot:Q9CFY8
smbu08	Chromosome1	smbu08GL000660	658415	659536	+	1122	373	hypothetical protein	
smbu08	Chromosome1	smbu08GL000661	659795	661297	+	1503	500	hypothetical protein	
smbu08	Chromosome1	smbu08GL000662	661325	661891	+	567	188	hypothetical protein	
smbu08	Chromosome1	smbu08GL000663	662124	663164	+	1041	346	hypothetical protein	
smbu08	Chromosome1	smbu08GL000664	663168	664064	+	897	298	N-acetylmuramic acid 6-phosphate etherase 2	UniProtKB/Swiss-Prot:Q831R4
smbu08	Chromosome1	smbu08GL000665	664078	666060	+	1983	660	PTS system MurNAc-GlcNAc-specific EIIBCcomponent	UniProtKB/Swiss-Prot:Q8CNB2
smbu08	Chromosome1	smbu08GL000666	666873	667319	-	447	148	Putative NrdI-like protein	UniProtKB/Swiss-Prot:Q8DRF4
smbu08	Chromosome1	smbu08GL000667	667529	668953	+	1425	474	Arginine/ornithine antiporter	UniProtKB/Swiss-Prot:O53092
smbu08	Chromosome1	smbu08GL000668	668989	669108	-	120	39	hypothetical protein	
smbu08	Chromosome1	smbu08GL000669	669130	669903	-	774	257	hypothetical protein	
smbu08	Chromosome1	smbu08GL000670	669900	670805	-	906	301	hypothetical protein	
smbu08	Chromosome1	smbu08GL000671	670966	671277	-	312	103	Guanidinium exporter	UniProtKB/Swiss-Prot:Q8D1E4
smbu08	Chromosome1	smbu08GL000672	671725	672411	+	687	228	hypothetical protein	
smbu08	Chromosome1	smbu08GL000673	672413	673357	+	945	314	hypothetical protein	
smbu08	Chromosome1	smbu08GL000674	673536	674222	-	687	228	hypothetical protein	
smbu08	Chromosome1	smbu08GL000675	674230	676275	-	2046	681	hypothetical protein	
smbu08	Chromosome1	smbu08GL000676	676364	676759	-	396	131	hypothetical protein	
smbu08	Chromosome1	smbu08GL000677	677056	677700	+	645	214	Pyrrolidone-carboxylate peptidase	UniProtKB/Swiss-Prot:Q838N8
smbu08	Chromosome1	smbu08GL000678	677779	679056	+	1278	425	hypothetical protein	
smbu08	Chromosome1	smbu08GL000679	679099	679848	-	750	249	hypothetical protein	
smbu08	Chromosome1	smbu08GL000680	680180	680560	+	381	126	Uncharacterized protein YwkD	UniProtKB/Swiss-Prot:P45871
smbu08	Chromosome1	smbu08GL000681	680655	681164	+	510	169	hypothetical protein	
smbu08	Chromosome1	smbu08GL000682	681241	681420	+	180	59	hypothetical protein	
smbu08	Chromosome1	smbu08GL000683	681445	682038	+	594	197	hypothetical protein	
smbu08	Chromosome1	smbu08GL000684	682085	682600	-	516	171	hypothetical protein	
smbu08	Chromosome1	smbu08GL000685	682626	683495	-	870	289	hypothetical protein	
smbu08	Chromosome1	smbu08GL000686	683612	684301	+	690	229	Uracil-DNA glycosylase	UniProtKB/Swiss-Prot:Q836Z5
smbu08	Chromosome1	smbu08GL000687	684454	685434	+	981	326	Phosphate acetyltransferase	UniProtKB/Swiss-Prot:P39646
smbu08	Chromosome1	smbu08GL000688	685559	686032	+	474	157	tRNA threonylcarbamoyladenosine biosynthesisprotein TsaE	UniProtKB/Swiss-Prot:O05515
smbu08	Chromosome1	smbu08GL000689	686025	686549	+	525	174	hypothetical protein	
smbu08	Chromosome1	smbu08GL000690	687044	687562	-	519	172	hypothetical protein	
smbu08	Chromosome1	smbu08GL000691	688195	688956	-	762	253	Exodeoxyribonuclease	UniProtKB/Swiss-Prot:P37454
smbu08	Chromosome1	smbu08GL000692	689060	689980	+	921	306	hypothetical protein	
smbu08	Chromosome1	smbu08GL000693	690053	690988	+	936	311	UDP-N-acetylenolpyruvoylglucosamine reductase	UniProtKB/Swiss-Prot:Q830P3
smbu08	Chromosome1	smbu08GL000694	691292	692770	+	1479	492	hypothetical protein	
smbu08	Chromosome1	smbu08GL000695	692816	692944	+	129	42	hypothetical protein	
smbu08	Chromosome1	smbu08GL000696	693132	695099	+	1968	655	hypothetical protein	
smbu08	Chromosome1	smbu08GL000697	695182	695751	+	570	189	hypothetical protein	
smbu08	Chromosome1	smbu08GL000698	695926	696732	-	807	268	hypothetical protein	
smbu08	Chromosome1	smbu08GL000699	696871	698385	+	1515	504	NADH:fumarate oxidoreductase	UniProtKB/Swiss-Prot:B5XRB0
smbu08	Chromosome1	smbu08GL000700	698914	699897	-	984	327	Quinone oxidoreductase PIG3	UniProtKB/Swiss-Prot:Q53FA7
smbu08	Chromosome1	smbu08GL000701	699902	700558	-	657	218	hypothetical protein	
smbu08	Chromosome1	smbu08GL000702	700634	701290	-	657	218	Pantothenic acid transporter PanT	UniProtKB/Swiss-Prot:A2RIQ0
smbu08	Chromosome1	smbu08GL000703	701283	701834	-	552	183	putative phosphopantothenoylcysteinedecarboxylase	UniProtKB/Swiss-Prot:Q54433
smbu08	Chromosome1	smbu08GL000704	701831	702568	-	738	245	hypothetical protein	
smbu08	Chromosome1	smbu08GL000705	702565	703554	-	990	329	Putative quinone oxidoreductase YhfP	UniProtKB/Swiss-Prot:O07615
smbu08	Chromosome1	smbu08GL000706	703823	704365	+	543	180	hypothetical protein	
smbu08	Chromosome1	smbu08GL000707	704382	705467	+	1086	361	Spermidine/putrescine import ATP-binding proteinPotA	UniProtKB/Swiss-Prot:Q830W6
smbu08	Chromosome1	smbu08GL000708	705644	706285	+	642	213	hypothetical protein	
smbu08	Chromosome1	smbu08GL000709	706286	707113	+	828	275	hypothetical protein	
smbu08	Chromosome1	smbu08GL000710	707110	708183	+	1074	357	hypothetical protein	
smbu08	Chromosome1	smbu08GL000711	708719	709618	-	900	299	hypothetical protein	
smbu08	Chromosome1	smbu08GL000712	709713	709835	+	123	40	hypothetical protein	
smbu08	Chromosome1	smbu08GL000713	709849	710730	+	882	293	hypothetical protein	
smbu08	Chromosome1	smbu08GL000714	711114	711881	+	768	255	hypothetical protein	
smbu08	Chromosome1	smbu08GL000715	711862	713295	+	1434	477	hypothetical protein	
smbu08	Chromosome1	smbu08GL000716	713292	713993	+	702	233	hypothetical protein	
smbu08	Chromosome1	smbu08GL000717	714485	715624	+	1140	379	Uncharacterized protein YxjH	UniProtKB/Swiss-Prot:P42319
smbu08	Chromosome1	smbu08GL000718	715672	715785	+	114	37	hypothetical protein	
smbu08	Chromosome1	smbu08GL000719	716274	717887	-	1614	537	hypothetical protein	
smbu08	Chromosome1	smbu08GL000720	718082	720070	-	1989	662	Putative ATP-binding protein YdiF	UniProtKB/Swiss-Prot:O05519
smbu08	Chromosome1	smbu08GL000721	720242	720898	+	657	218	Redox-sensing transcriptional repressor Rex 1	UniProtKB/Swiss-Prot:Q830Y0
smbu08	Chromosome1	smbu08GL000722	720972	721331	-	360	119	hypothetical protein	
smbu08	Chromosome1	smbu08GL000723	721518	722447	+	930	309	Putative two-component membrane permease complexsubunit SMU_747c	UniProtKB/Swiss-Prot:Q8DUY3
smbu08	Chromosome1	smbu08GL000724	722458	723300	+	843	280	UPF0703 protein YcgQ	UniProtKB/Swiss-Prot:P94394
smbu08	Chromosome1	smbu08GL000725	723565	724341	+	777	258	hypothetical protein	
smbu08	Chromosome1	smbu08GL000726	724603	725082	-	480	159	hypothetical protein	
smbu08	Chromosome1	smbu08GL000727	725098	725850	-	753	250	hypothetical protein	
smbu08	Chromosome1	smbu08GL000728	726403	727128	+	726	241	hypothetical protein	
smbu08	Chromosome1	smbu08GL000729	727210	727326	+	117	38	hypothetical protein	
smbu08	Chromosome1	smbu08GL000730	727382	727648	+	267	88	UPF0297 protein EF_1202	UniProtKB/Swiss-Prot:Q836B3
smbu08	Chromosome1	smbu08GL000731	727654	728076	+	423	140	Putative pre-16S rRNA nuclease	UniProtKB/Swiss-Prot:Q836B2
smbu08	Chromosome1	smbu08GL000732	728102	728404	+	303	100	UPF0473 protein EF_1204	UniProtKB/Swiss-Prot:Q836B1
smbu08	Chromosome1	smbu08GL000733	728594	729430	+	837	278	hypothetical protein	
smbu08	Chromosome1	smbu08GL000734	729494	729928	+	435	144	hypothetical protein	
smbu08	Chromosome1	smbu08GL000735	729989	731311	-	1323	440	Citrate-sodium symporter	UniProtKB/Swiss-Prot:P21608
smbu08	Chromosome1	smbu08GL000736	731465	733105	-	1641	546	Malolactic enzyme	UniProtKB/Swiss-Prot:F9UMS6
smbu08	Chromosome1	smbu08GL000737	733438	733908	+	471	156	hypothetical protein	
smbu08	Chromosome1	smbu08GL000738	734130	735233	+	1104	367	L-lactate oxidase	UniProtKB/Swiss-Prot:O33655
smbu08	Chromosome1	smbu08GL000739	735517	736197	+	681	226	hypothetical protein	
smbu08	Chromosome1	smbu08GL000740	736275	737135	+	861	286	hypothetical protein	
smbu08	Chromosome1	smbu08GL000741	737326	737670	+	345	114	hypothetical protein	
smbu08	Chromosome1	smbu08GL000742	737654	740134	+	2481	826	hypothetical protein	
smbu08	Chromosome1	smbu08GL000743	740190	741749	+	1560	519	hypothetical protein	
smbu08	Chromosome1	smbu08GL000744	741746	743110	+	1365	454	hypothetical protein	
smbu08	Chromosome1	smbu08GL000745	743281	744351	+	1071	356	hypothetical protein	
smbu08	Chromosome1	smbu08GL000746	744366	745034	+	669	222	Putative hemin import ATP-binding protein HrtA	UniProtKB/Swiss-Prot:Q4L8L7
smbu08	Chromosome1	smbu08GL000747	745054	745632	+	579	192	hypothetical protein	
smbu08	Chromosome1	smbu08GL000748	746035	746949	+	915	304	hypothetical protein	
smbu08	Chromosome1	smbu08GL000749	747366	748307	-	942	313	Ribonuclease HIII	UniProtKB/Swiss-Prot:Q835V5
smbu08	Chromosome1	smbu08GL000750	748476	748922	+	447	148	hypothetical protein	
smbu08	Chromosome1	smbu08GL000751	748980	749528	+	549	182	hypothetical protein	
smbu08	Chromosome1	smbu08GL000752	749671	752031	+	2361	786	Endonuclease MutS2	UniProtKB/Swiss-Prot:Q835H3
smbu08	Chromosome1	smbu08GL000753	752118	752432	+	315	104	Thioredoxin	UniProtKB/Swiss-Prot:P0A4L4
smbu08	Chromosome1	smbu08GL000754	752614	754392	+	1779	592	UvrABC system protein C	UniProtKB/Swiss-Prot:Q835H1
smbu08	Chromosome1	smbu08GL000755	754536	755435	+	900	299	putative ABC transporter ATP-binding proteinBpOF4_11395	UniProtKB/Swiss-Prot:P26946
smbu08	Chromosome1	smbu08GL000756	755428	756690	+	1263	420	hypothetical protein	
smbu08	Chromosome1	smbu08GL000757	756851	758749	+	1899	632	Fructose-1,6-bisphosphatase class 3	UniProtKB/Swiss-Prot:A3CMR5
smbu08	Chromosome1	smbu08GL000758	759293	760012	-	720	239	Protein NtpR	UniProtKB/Swiss-Prot:P49865
smbu08	Chromosome1	smbu08GL000759	760349	760681	+	333	110	hypothetical protein	
smbu08	Chromosome1	smbu08GL000760	760683	762671	+	1989	662	V-type sodium ATPase subunit I	UniProtKB/Swiss-Prot:P43439
smbu08	Chromosome1	smbu08GL000761	762690	763160	+	471	156	V-type sodium ATPase subunit K	UniProtKB/Swiss-Prot:P43457
smbu08	Chromosome1	smbu08GL000762	763181	763765	+	585	194	V-type sodium ATPase subunit E	UniProtKB/Swiss-Prot:P43436
smbu08	Chromosome1	smbu08GL000763	763780	764766	+	987	328	V-type sodium ATPase subunit C	UniProtKB/Swiss-Prot:P43456
smbu08	Chromosome1	smbu08GL000764	764756	765067	+	312	103	V-type sodium ATPase subunit G	UniProtKB/Swiss-Prot:P43455
smbu08	Chromosome1	smbu08GL000765	765131	766870	+	1740	579	V-type sodium ATPase catalytic subunit A	UniProtKB/Swiss-Prot:Q08636
smbu08	Chromosome1	smbu08GL000766	766863	768239	+	1377	458	V-type ATP synthase beta chain	UniProtKB/Swiss-Prot:Q834X8
smbu08	Chromosome1	smbu08GL000767	768246	768881	+	636	211	V-type sodium ATPase subunit D	UniProtKB/Swiss-Prot:P43435
smbu08	Chromosome1	smbu08GL000768	768911	770266	+	1356	451	Potassium/sodium uptake protein NtpJ	UniProtKB/Swiss-Prot:P43440
smbu08	Chromosome1	smbu08GL000769	770465	770965	-	501	166	hypothetical protein	
smbu08	Chromosome1	smbu08GL000770	771107	771958	+	852	283	hypothetical protein	
smbu08	Chromosome1	smbu08GL000771	771955	772737	+	783	260	putative isomerase PA2770	UniProtKB/Swiss-Prot:Q9I073
smbu08	Chromosome1	smbu08GL000772	772905	773276	-	372	123	Lactoylglutathione lyase	UniProtKB/Swiss-Prot:P44638
smbu08	Chromosome1	smbu08GL000773	773410	773853	+	444	147	hypothetical protein	
smbu08	Chromosome1	smbu08GL000774	773899	774708	-	810	269	Sugar phosphatase YidA	UniProtKB/Swiss-Prot:P0A8Y7
smbu08	Chromosome1	smbu08GL000775	774727	776094	-	1368	455	Uncharacterized protein YwfO	UniProtKB/Swiss-Prot:P39651
smbu08	Chromosome1	smbu08GL000776	776078	776908	-	831	276	Octanoyl-[GcvH]:protein N-octanoyltransferase	UniProtKB/Swiss-Prot:B1YHU0
smbu08	Chromosome1	smbu08GL000777	777071	777508	+	438	145	hypothetical protein	
smbu08	Chromosome1	smbu08GL000778	777584	778204	+	621	206	putative DNA-directed RNA polymerase subunitdelta	UniProtKB/Swiss-Prot:Q88Z77
smbu08	Chromosome1	smbu08GL000779	778470	778976	+	507	168	hypothetical protein	
smbu08	Chromosome1	smbu08GL000780	778993	779892	+	900	299	hypothetical protein	
smbu08	Chromosome1	smbu08GL000781	779983	780873	+	891	296	Peptidoglycan-N-acetylglucosamine deacetylasePgdA	UniProtKB/Swiss-Prot:Q8Y9V5
smbu08	Chromosome1	smbu08GL000782	781108	782451	+	1344	447	hypothetical protein	
smbu08	Chromosome1	smbu08GL000783	782655	783692	+	1038	345	Central glycolytic genes regulator	UniProtKB/Swiss-Prot:O32253
smbu08	Chromosome1	smbu08GL000784	783733	784734	+	1002	333	Glyceraldehyde-3-phosphate dehydrogenase	UniProtKB/Swiss-Prot:P0DB18
smbu08	Chromosome1	smbu08GL000785	784844	786034	+	1191	396	Phosphoglycerate kinase	UniProtKB/Swiss-Prot:Q833I9
smbu08	Chromosome1	smbu08GL000786	786138	786893	+	756	251	Triosephosphate isomerase	UniProtKB/Swiss-Prot:Q833J0
smbu08	Chromosome1	smbu08GL000787	787009	788307	+	1299	432	Enolase	UniProtKB/Swiss-Prot:Q8DPS0
smbu08	Chromosome1	smbu08GL000788	788885	789046	+	162	53	hypothetical protein	
smbu08	Chromosome1	smbu08GL000789	789034	789411	+	378	125	hypothetical protein	
smbu08	Chromosome1	smbu08GL000790	789498	789629	+	132	43	hypothetical protein	
smbu08	Chromosome1	smbu08GL000791	789630	790769	+	1140	379	hypothetical protein	
smbu08	Chromosome1	smbu08GL000792	790834	791409	-	576	191	hypothetical protein	
smbu08	Chromosome1	smbu08GL000793	791414	792388	-	975	324	hypothetical protein	
smbu08	Chromosome1	smbu08GL000794	792647	793639	+	993	330	hypothetical protein	
smbu08	Chromosome1	smbu08GL000795	793752	794030	+	279	92	hypothetical protein	
smbu08	Chromosome1	smbu08GL000796	794163	794384	+	222	73	hypothetical protein	
smbu08	Chromosome1	smbu08GL000797	794487	795242	+	756	251	hypothetical protein	
smbu08	Chromosome1	smbu08GL000798	795245	797602	+	2358	785	Ribonuclease R 1	UniProtKB/Swiss-Prot:Q9CH00
smbu08	Chromosome1	smbu08GL000799	797609	798088	+	480	159	SsrA-binding protein	UniProtKB/Swiss-Prot:P43659
smbu08	Chromosome1	smbu08GL000800	798453	799109	+	657	218	ATP synthase subunit a	UniProtKB/Swiss-Prot:P43454
smbu08	Chromosome1	smbu08GL000801	799162	799377	+	216	71	ATP synthase subunit c	UniProtKB/Swiss-Prot:P26682
smbu08	Chromosome1	smbu08GL000802	799468	799992	+	525	174	ATP synthase subunit b	UniProtKB/Swiss-Prot:P26681
smbu08	Chromosome1	smbu08GL000803	799979	800521	+	543	180	ATP synthase subunit delta	UniProtKB/Swiss-Prot:P26680
smbu08	Chromosome1	smbu08GL000804	800535	802100	+	1566	521	ATP synthase subunit alpha	UniProtKB/Swiss-Prot:Q831A3
smbu08	Chromosome1	smbu08GL000805	802114	803016	+	903	300	ATP synthase gamma chain	UniProtKB/Swiss-Prot:P43452
smbu08	Chromosome1	smbu08GL000806	803039	804445	+	1407	468	ATP synthase subunit beta	UniProtKB/Swiss-Prot:Q831A5
smbu08	Chromosome1	smbu08GL000807	804459	804881	+	423	140	ATP synthase epsilon chain	UniProtKB/Swiss-Prot:P43453
smbu08	Chromosome1	smbu08GL000808	805521	806846	+	1326	441	UDP-N-acetylglucosamine1-carboxyvinyltransferase 2	UniProtKB/Swiss-Prot:Q831A8
smbu08	Chromosome1	smbu08GL000809	806904	807035	+	132	43	hypothetical protein	
smbu08	Chromosome1	smbu08GL000810	807266	807463	+	198	65	Putative membrane protein insertion efficiencyfactor	UniProtKB/Swiss-Prot:Q833N1
smbu08	Chromosome1	smbu08GL000811	807643	808113	+	471	156	hypothetical protein	
smbu08	Chromosome1	smbu08GL000812	808189	809079	+	891	296	hypothetical protein	
smbu08	Chromosome1	smbu08GL000813	809193	809426	+	234	77	hypothetical protein	
smbu08	Chromosome1	smbu08GL000814	809796	809966	+	171	56	hypothetical protein	
smbu08	Chromosome1	smbu08GL000815	810186	810893	+	708	235	hypothetical protein	
smbu08	Chromosome1	smbu08GL000816	810951	811595	-	645	214	IMPACT family member YvyE	UniProtKB/Swiss-Prot:P32437
smbu08	Chromosome1	smbu08GL000817	811710	812009	+	300	99	hypothetical protein	
smbu08	Chromosome1	smbu08GL000818	812117	812437	+	321	106	PTS system galactose-specific EIIB component	UniProtKB/Swiss-Prot:A2RIE6
smbu08	Chromosome1	smbu08GL000819	812518	813831	+	1314	437	hypothetical protein	
smbu08	Chromosome1	smbu08GL000820	813948	814547	+	600	199	hypothetical protein	
smbu08	Chromosome1	smbu08GL000821	814675	815226	+	552	183	Ribosome hibernation promotion factor	UniProtKB/Swiss-Prot:A0A0H3GEZ8
smbu08	Chromosome1	smbu08GL000822	815448	817982	+	2535	844	Protein translocase subunit SecA	UniProtKB/Swiss-Prot:Q834A7
smbu08	Chromosome1	smbu08GL000823	818227	819210	+	984	327	Peptide chain release factor 2	UniProtKB/Swiss-Prot:Q88YL5
smbu08	Chromosome1	smbu08GL000824	819315	820001	+	687	228	Cell division ATP-binding protein FtsE	UniProtKB/Swiss-Prot:O34814
smbu08	Chromosome1	smbu08GL000825	820057	820878	+	822	273	Cell division protein FtsX	UniProtKB/Swiss-Prot:Q04LE4
smbu08	Chromosome1	smbu08GL000826	820878	821033	+	156	51	hypothetical protein	
smbu08	Chromosome1	smbu08GL000827	821030	822478	+	1449	482	Cardiolipin synthase	UniProtKB/Swiss-Prot:A0ALI7
smbu08	Chromosome1	smbu08GL000828	822815	823672	+	858	285	Phosphate-binding protein PstS 1	UniProtKB/Swiss-Prot:Q97Q31
smbu08	Chromosome1	smbu08GL000829	823787	824707	+	921	306	putative ABC transporter permease protein YqgH	UniProtKB/Swiss-Prot:P46339
smbu08	Chromosome1	smbu08GL000830	824707	825591	+	885	294	putative ABC transporter permease protein YqgI	UniProtKB/Swiss-Prot:P46340
smbu08	Chromosome1	smbu08GL000831	825606	826412	+	807	268	Phosphate import ATP-binding protein PstB 2	UniProtKB/Swiss-Prot:Q834B3
smbu08	Chromosome1	smbu08GL000832	826428	827186	+	759	252	Phosphate import ATP-binding protein PstB 1	UniProtKB/Swiss-Prot:Q834B4
smbu08	Chromosome1	smbu08GL000833	827199	827876	+	678	225	hypothetical protein	
smbu08	Chromosome1	smbu08GL000834	828098	829132	+	1035	344	hypothetical protein	
smbu08	Chromosome1	smbu08GL000835	829129	829896	+	768	255	hypothetical protein	
smbu08	Chromosome1	smbu08GL000836	829945	831564	+	1620	539	Putative adhesin domain-containing protein LiaX	UniProtKB/Swiss-Prot:Q834B6
smbu08	Chromosome1	smbu08GL000837	831740	832048	+	309	102	hypothetical protein	
smbu08	Chromosome1	smbu08GL000838	832096	832398	+	303	100	putative membrane protein YvlD	UniProtKB/Swiss-Prot:O34648
smbu08	Chromosome1	smbu08GL000839	832564	833502	+	939	312	HPr kinase/phosphorylase	UniProtKB/Swiss-Prot:O07664
smbu08	Chromosome1	smbu08GL000840	833517	834347	+	831	276	Phosphatidylglycerol--prolipoproteindiacylglyceryl transferase	UniProtKB/Swiss-Prot:Q834C0
smbu08	Chromosome1	smbu08GL000841	834391	835416	+	1026	341	Glycerol-3-phosphate dehydrogenase [NAD(P)+]	UniProtKB/Swiss-Prot:Q834C1
smbu08	Chromosome1	smbu08GL000842	835425	836369	+	945	314	UTP--glucose-1-phosphate uridylyltransferase	UniProtKB/Swiss-Prot:P58313
smbu08	Chromosome1	smbu08GL000843	836494	836934	+	441	146	hypothetical protein	
smbu08	Chromosome1	smbu08GL000844	836937	837539	+	603	200	hypothetical protein	
smbu08	Chromosome1	smbu08GL000845	837602	838705	-	1104	367	Xaa-Pro dipeptidase	UniProtKB/Swiss-Prot:O84913
smbu08	Chromosome1	smbu08GL000846	838915	839916	+	1002	333	Catabolite control protein A	UniProtKB/Swiss-Prot:O07329
smbu08	Chromosome1	smbu08GL000847	840345	840665	+	321	106	hypothetical protein	
smbu08	Chromosome1	smbu08GL000848	840662	840919	+	258	85	hypothetical protein	
smbu08	Chromosome1	smbu08GL000849	840962	841357	+	396	131	hypothetical protein	
smbu08	Chromosome1	smbu08GL000850	841357	841608	+	252	83	hypothetical protein	
smbu08	Chromosome1	smbu08GL000851	841652	842047	+	396	131	hypothetical protein	
smbu08	Chromosome1	smbu08GL000852	842047	843282	+	1236	411	hypothetical protein	
smbu08	Chromosome1	smbu08GL000853	843311	843634	+	324	107	hypothetical protein	
smbu08	Chromosome1	smbu08GL000854	843738	843893	+	156	51	hypothetical protein	
smbu08	Chromosome1	smbu08GL000855	844056	846623	-	2568	855	hypothetical protein	
smbu08	Chromosome1	smbu08GL000856	846704	847582	+	879	292	putative endonuclease 4	UniProtKB/Swiss-Prot:Q834D0
smbu08	Chromosome1	smbu08GL000857	847793	849568	+	1776	591	hypothetical protein	
smbu08	Chromosome1	smbu08GL000858	849878	851464	-	1587	528	Divalent metal cation transporter MntH	UniProtKB/Swiss-Prot:Q93V04
smbu08	Chromosome1	smbu08GL000859	851715	851939	+	225	74	UPF0154 protein EF_1734	UniProtKB/Swiss-Prot:Q834D2
smbu08	Chromosome1	smbu08GL000860	852081	853832	+	1752	583	putative multidrug resistance ABC transporterATP-binding/permease protein YheI	UniProtKB/Swiss-Prot:O07550
smbu08	Chromosome1	smbu08GL000861	853832	855616	+	1785	594	Putative ABC transporter ATP-binding proteinexp8	UniProtKB/Swiss-Prot:P35598
smbu08	Chromosome1	smbu08GL000862	855882	856802	+	921	306	Transcription antiterminator LicT	UniProtKB/Swiss-Prot:P39805
smbu08	Chromosome1	smbu08GL000863	856899	858785	+	1887	628	PTS system beta-glucoside-specific EIIBCAcomponent	UniProtKB/Swiss-Prot:Q9KF90
smbu08	Chromosome1	smbu08GL000864	858826	859728	-	903	300	hypothetical protein	
smbu08	Chromosome1	smbu08GL000865	859958	861361	+	1404	467	putative 6-phospho-beta-glucosidase	UniProtKB/Swiss-Prot:P46320
smbu08	Chromosome1	smbu08GL000866	861361	862794	+	1434	477	6-phospho-beta-glucosidase AscB	UniProtKB/Swiss-Prot:P24240
smbu08	Chromosome1	smbu08GL000867	862939	863865	+	927	308	Thioredoxin reductase	UniProtKB/Swiss-Prot:O32823
smbu08	Chromosome1	smbu08GL000868	864079	865806	+	1728	575	Phosphoglucomutase	UniProtKB/Swiss-Prot:P18159
smbu08	Chromosome1	smbu08GL000869	865870	866172	+	303	100	HTH-type transcriptional regulator NmtR	UniProtKB/Swiss-Prot:O69711
smbu08	Chromosome1	smbu08GL000870	866267	867127	-	861	286	Putative pyruvate, phosphate dikinase regulatoryprotein 2	UniProtKB/Swiss-Prot:Q831T1
smbu08	Chromosome1	smbu08GL000871	867219	867647	+	429	142	Transcriptional regulator ZurR	UniProtKB/Swiss-Prot:P0A3E7
smbu08	Chromosome1	smbu08GL000872	867809	867985	+	177	58	Small ribosomal subunit protein bS21	UniProtKB/Swiss-Prot:Q831T3
smbu08	Chromosome1	smbu08GL000873	868042	868458	+	417	138	Uncharacterized protein YqeY	UniProtKB/Swiss-Prot:P54464
smbu08	Chromosome1	smbu08GL000874	868614	869993	-	1380	459	Branched-chain amino acid permease BrnQ	UniProtKB/Swiss-Prot:A2RJ04
smbu08	Chromosome1	smbu08GL000875	870731	871669	+	939	312	PhoH-like protein	UniProtKB/Swiss-Prot:P46343
smbu08	Chromosome1	smbu08GL000876	871693	873885	+	2193	730	hypothetical protein	
smbu08	Chromosome1	smbu08GL000877	873914	874390	+	477	158	Endoribonuclease YbeY	UniProtKB/Swiss-Prot:Q831T7
smbu08	Chromosome1	smbu08GL000878	874374	874769	+	396	131	Undecaprenol kinase	UniProtKB/Swiss-Prot:Q05888
smbu08	Chromosome1	smbu08GL000879	874784	875683	+	900	299	GTPase Era	UniProtKB/Swiss-Prot:Q831T9
smbu08	Chromosome1	smbu08GL000880	875826	876638	+	813	270	DNA repair protein RecO	UniProtKB/Swiss-Prot:Q831U0
smbu08	Chromosome1	smbu08GL000881	877006	877941	+	936	311	Glycine--tRNA ligase alpha subunit	UniProtKB/Swiss-Prot:Q831U2
smbu08	Chromosome1	smbu08GL000882	877943	880018	+	2076	691	Glycine--tRNA ligase beta subunit	UniProtKB/Swiss-Prot:Q831U3
smbu08	Chromosome1	smbu08GL000883	880403	881179	+	777	258	hypothetical protein	
smbu08	Chromosome1	smbu08GL000884	881216	882160	+	945	314	Polyisoprenyl-teichoic acid--peptidoglycanteichoic acid transferase TagU	UniProtKB/Swiss-Prot:Q836A6
smbu08	Chromosome1	smbu08GL000885	882176	882955	+	780	259	hypothetical protein	
smbu08	Chromosome1	smbu08GL000886	882968	883666	+	699	232	Tyrosine-protein kinase YwqD	UniProtKB/Swiss-Prot:P96716
smbu08	Chromosome1	smbu08GL000887	883694	884458	+	765	254	Tyrosine-protein phosphatase YwqE	UniProtKB/Swiss-Prot:P96717
smbu08	Chromosome1	smbu08GL000888	884522	885211	+	690	229	Galactosyl transferase CpsE	UniProtKB/Swiss-Prot:Q04664
smbu08	Chromosome1	smbu08GL000889	885178	886410	+	1233	410	hypothetical protein	
smbu08	Chromosome1	smbu08GL000890	886415	887707	+	1293	430	hypothetical protein	
smbu08	Chromosome1	smbu08GL000891	887889	888446	+	558	185	hypothetical protein	
smbu08	Chromosome1	smbu08GL000892	888644	888790	+	147	48	hypothetical protein	
smbu08	Chromosome1	smbu08GL000893	888819	889532	+	714	237	hypothetical protein	
smbu08	Chromosome1	smbu08GL000894	889555	890430	+	876	291	hypothetical protein	
smbu08	Chromosome1	smbu08GL000895	890453	891736	+	1284	427	hypothetical protein	
smbu08	Chromosome1	smbu08GL000896	891720	892877	+	1158	385	hypothetical protein	
smbu08	Chromosome1	smbu08GL000897	892874	894307	+	1434	477	hypothetical protein	
smbu08	Chromosome1	smbu08GL000898	894622	895524	+	903	300	hypothetical protein	
smbu08	Chromosome1	smbu08GL000899	895915	896205	+	291	96	hypothetical protein	
smbu08	Chromosome1	smbu08GL000900	896241	897077	+	837	278	hypothetical protein	
smbu08	Chromosome1	smbu08GL000901	897479	898588	+	1110	369	hypothetical protein	
smbu08	Chromosome1	smbu08GL000902	898687	899859	-	1173	390	Transposase for insertion sequence element IS256in transposon Tn4001	UniProtKB/Swiss-Prot:P59787
smbu08	Chromosome1	smbu08GL000903	900182	901177	+	996	331	hypothetical protein	
smbu08	Chromosome1	smbu08GL000904	901266	902216	-	951	316	Membrane protein insertase YidC 2	UniProtKB/Swiss-Prot:Q8DSP8
smbu08	Chromosome1	smbu08GL000905	903209	903469	-	261	86	Acylphosphatase	UniProtKB/Swiss-Prot:Q831U6
smbu08	Chromosome1	smbu08GL000906	903591	904355	+	765	254	23S rRNA(guanosine(2553)-2'-O)-methyltransferase RlmP	UniProtKB/Swiss-Prot:P94538
smbu08	Chromosome1	smbu08GL000907	904478	904981	+	504	167	hypothetical protein	
smbu08	Chromosome1	smbu08GL000908	905389	906036	+	648	215	hypothetical protein	
smbu08	Chromosome1	smbu08GL000909	906128	907468	+	1341	446	Chloride/fluoride channel protein	UniProtKB/Swiss-Prot:Q87WD2
smbu08	Chromosome1	smbu08GL000910	907495	908694	-	1200	399	hypothetical protein	
smbu08	Chromosome1	smbu08GL000911	908815	910122	-	1308	435	D-alanyl-D-alanine carboxypeptidase DacA	UniProtKB/Swiss-Prot:P08750
smbu08	Chromosome1	smbu08GL000912	910240	910362	-	123	40	hypothetical protein	
smbu08	Chromosome1	smbu08GL000913	910594	911712	+	1119	372	hypothetical protein	
smbu08	Chromosome1	smbu08GL000914	912002	912412	+	411	136	hypothetical protein	
smbu08	Chromosome1	smbu08GL000915	912773	912973	+	201	66	Cold shock-like protein CspLA	UniProtKB/Swiss-Prot:P0A356
smbu08	Chromosome1	smbu08GL000916	913120	915909	+	2790	929	hypothetical protein	
smbu08	Chromosome1	smbu08GL000917	915980	916483	+	504	167	hypothetical protein	
smbu08	Chromosome1	smbu08GL000918	916495	917694	+	1200	399	Asparagine--oxo-acid transaminase	UniProtKB/Swiss-Prot:Q8DTM1
smbu08	Chromosome1	smbu08GL000919	917734	919032	+	1299	432	Asparagine--tRNA ligase 2	UniProtKB/Swiss-Prot:Q88WA8
smbu08	Chromosome1	smbu08GL000920	919437	919823	+	387	128	hypothetical protein	
smbu08	Chromosome1	smbu08GL000921	919992	920666	+	675	224	hypothetical protein	
smbu08	Chromosome1	smbu08GL000922	920666	921004	+	339	112	hypothetical protein	
smbu08	Chromosome1	smbu08GL000923	921034	921393	+	360	119	hypothetical protein	
smbu08	Chromosome1	smbu08GL000924	921642	923678	+	2037	678	Cadmium, zinc and cobalt-transporting ATPase	UniProtKB/Swiss-Prot:O32219
smbu08	Chromosome1	smbu08GL000925	924040	925455	+	1416	471	Aspartate/glutamate permease AcaP	UniProtKB/Swiss-Prot:A2RL65
smbu08	Chromosome1	smbu08GL000926	925766	926305	+	540	179	hypothetical protein	
smbu08	Chromosome1	smbu08GL000927	926379	926819	+	441	146	Transcriptional repressor CopY	UniProtKB/Swiss-Prot:Q47839
smbu08	Chromosome1	smbu08GL000928	926832	927041	+	210	69	Copper chaperone CopZ	UniProtKB/Swiss-Prot:Q47840
smbu08	Chromosome1	smbu08GL000929	927041	929227	+	2187	728	putative copper-importing P-type ATPase A	UniProtKB/Swiss-Prot:P32113
smbu08	Chromosome1	smbu08GL000930	929247	931451	+	2205	734	Copper-exporting P-type ATPase B	UniProtKB/Swiss-Prot:P05425
smbu08	Chromosome1	smbu08GL000931	931564	932529	-	966	321	hypothetical protein	
smbu08	Chromosome1	smbu08GL000932	932572	933690	-	1119	372	hypothetical protein	
smbu08	Chromosome1	smbu08GL000933	933725	934795	-	1071	356	hypothetical protein	
smbu08	Chromosome1	smbu08GL000934	934853	935749	-	897	298	Uncharacterized protein YeaC	UniProtKB/Swiss-Prot:P94474
smbu08	Chromosome1	smbu08GL000935	936001	937293	+	1293	430	hypothetical protein	
smbu08	Chromosome1	smbu08GL000936	937367	937942	+	576	191	hypothetical protein	
smbu08	Chromosome1	smbu08GL000937	938006	938341	-	336	111	hypothetical protein	
smbu08	Chromosome1	smbu08GL000938	938579	939061	+	483	160	hypothetical protein	
smbu08	Chromosome1	smbu08GL000939	939256	940146	+	891	296	Phosphate-binding protein PstS	UniProtKB/Swiss-Prot:P46338
smbu08	Chromosome1	smbu08GL000940	940397	942865	+	2469	822	hypothetical protein	
smbu08	Chromosome1	smbu08GL000941	943041	944519	+	1479	492	putative dipeptidase	UniProtKB/Swiss-Prot:Q48841
smbu08	Chromosome1	smbu08GL000942	944614	946353	-	1740	579	hypothetical protein	
smbu08	Chromosome1	smbu08GL000943	946350	947054	-	705	234	Alkaline phosphatase synthesis transcriptionalregulatory protein PhoP	UniProtKB/Swiss-Prot:P13792
smbu08	Chromosome1	smbu08GL000944	947185	947688	+	504	167	Uncharacterized protein YbbK	UniProtKB/Swiss-Prot:Q45584
smbu08	Chromosome1	smbu08GL000945	947648	947986	+	339	112	UPF0122 protein EF_1701	UniProtKB/Swiss-Prot:Q834F4
smbu08	Chromosome1	smbu08GL000946	948007	949425	+	1419	472	Signal recognition particle protein	UniProtKB/Swiss-Prot:Q54431
smbu08	Chromosome1	smbu08GL000947	949465	950109	+	645	214	DNA-3-methyladenine glycosylase	UniProtKB/Swiss-Prot:P44321
smbu08	Chromosome1	smbu08GL000948	950128	950649	+	522	173	hypothetical protein	
smbu08	Chromosome1	smbu08GL000949	950726	951280	-	555	184	Quinone reductase	UniProtKB/Swiss-Prot:Q93T20
smbu08	Chromosome1	smbu08GL000950	951460	952572	+	1113	370	hypothetical protein	
smbu08	Chromosome1	smbu08GL000951	952574	952774	+	201	66	hypothetical protein	
smbu08	Chromosome1	smbu08GL000952	952774	953676	+	903	300	putative ABC transporter ATP-binding proteinall4389	UniProtKB/Swiss-Prot:Q05067
smbu08	Chromosome1	smbu08GL000953	953709	954443	+	735	244	hypothetical protein	
smbu08	Chromosome1	smbu08GL000954	954593	954841	+	249	82	Small ribosomal subunit protein bS16	UniProtKB/Swiss-Prot:Q834F9
smbu08	Chromosome1	smbu08GL000955	954853	955104	+	252	83	RNA-binding protein KhpA	UniProtKB/Swiss-Prot:F9UP09
smbu08	Chromosome1	smbu08GL000956	955240	956019	+	780	259	hypothetical protein	
smbu08	Chromosome1	smbu08GL000957	956183	956695	+	513	170	Ribosome maturation factor RimM	UniProtKB/Swiss-Prot:Q833P4
smbu08	Chromosome1	smbu08GL000958	956718	957446	+	729	242	tRNA (guanine-N(1)-)-methyltransferase	UniProtKB/Swiss-Prot:Q820U3
smbu08	Chromosome1	smbu08GL000959	957537	957929	+	393	130	Large ribosomal subunit protein bL19	UniProtKB/Swiss-Prot:Q833P5
smbu08	Chromosome1	smbu08GL000960	958188	958481	+	294	97	hypothetical protein	
smbu08	Chromosome1	smbu08GL000961	958569	958847	-	279	92	hypothetical protein	
smbu08	Chromosome1	smbu08GL000962	958887	959225	-	339	112	hypothetical protein	
smbu08	Chromosome1	smbu08GL000963	959558	961894	+	2337	778	hypothetical protein	
smbu08	Chromosome1	smbu08GL000964	961891	962892	+	1002	333	hypothetical protein	
smbu08	Chromosome1	smbu08GL000965	963046	963396	+	351	116	hypothetical protein	
smbu08	Chromosome1	smbu08GL000966	963441	964823	+	1383	460	hypothetical protein	
smbu08	Chromosome1	smbu08GL000967	965313	966449	+	1137	378	hypothetical protein	
smbu08	Chromosome1	smbu08GL000968	966610	967323	-	714	237	hypothetical protein	
smbu08	Chromosome1	smbu08GL000969	967693	969150	+	1458	485	hypothetical protein	
smbu08	Chromosome1	smbu08GL000970	969371	970051	+	681	226	hypothetical protein	
smbu08	Chromosome1	smbu08GL000971	970038	970853	+	816	271	hypothetical protein	
smbu08	Chromosome1	smbu08GL000972	970866	971072	+	207	68	hypothetical protein	
smbu08	Chromosome1	smbu08GL000973	971138	971404	+	267	88	hypothetical protein	
smbu08	Chromosome1	smbu08GL000974	971409	973496	+	2088	695	hypothetical protein	
smbu08	Chromosome1	smbu08GL000975	973709	974902	-	1194	397	hypothetical protein	
smbu08	Chromosome1	smbu08GL000976	975126	975503	+	378	125	HTH-type transcriptional regulator AdhR	UniProtKB/Swiss-Prot:O06008
smbu08	Chromosome1	smbu08GL000977	975523	976227	+	705	234	hypothetical protein	
smbu08	Chromosome1	smbu08GL000978	976279	976404	+	126	41	hypothetical protein	
smbu08	Chromosome1	smbu08GL000979	976638	976973	+	336	111	hypothetical protein	
smbu08	Chromosome1	smbu08GL000980	976970	977629	+	660	219	hypothetical protein	
smbu08	Chromosome1	smbu08GL000981	977671	978381	+	711	236	hypothetical protein	
smbu08	Chromosome1	smbu08GL000982	978383	979411	+	1029	342	hypothetical protein	
smbu08	Chromosome1	smbu08GL000983	979412	981511	+	2100	699	hypothetical protein	
smbu08	Chromosome1	smbu08GL000984	981711	982847	+	1137	378	hypothetical protein	
smbu08	Chromosome1	smbu08GL000985	982900	983649	-	750	249	hypothetical protein	
smbu08	Chromosome1	smbu08GL000986	983769	984941	-	1173	390	hypothetical protein	
smbu08	Chromosome1	smbu08GL000987	985052	987325	+	2274	757	hypothetical protein	
smbu08	Chromosome1	smbu08GL000988	987341	988687	+	1347	448	PTS system galactose-specific EIIC component	UniProtKB/Swiss-Prot:A2RJV0
smbu08	Chromosome1	smbu08GL000989	988687	989601	+	915	304	hypothetical protein	
smbu08	Chromosome1	smbu08GL000990	989585	990952	+	1368	455	Aryl-phospho-beta-D-glucosidase BglC	UniProtKB/Swiss-Prot:P42403
smbu08	Chromosome1	smbu08GL000991	990957	991922	+	966	321	hypothetical protein	
smbu08	Chromosome1	smbu08GL000992	992074	993516	+	1443	480	hypothetical protein	
smbu08	Chromosome1	smbu08GL000993	993485	995197	+	1713	570	hypothetical protein	
smbu08	Chromosome1	smbu08GL000994	995581	996555	+	975	324	hypothetical protein	
smbu08	Chromosome1	smbu08GL000995	996580	997332	+	753	250	Phosphonates import ATP-binding protein PhnC 2	UniProtKB/Swiss-Prot:Q8CUY0
smbu08	Chromosome1	smbu08GL000996	997344	998141	+	798	265	hypothetical protein	
smbu08	Chromosome1	smbu08GL000997	998141	999028	+	888	295	hypothetical protein	
smbu08	Chromosome1	smbu08GL000998	999055	999870	+	816	271	hypothetical protein	
smbu08	Chromosome1	smbu08GL000999	999964	1000458	+	495	164	Putative phosphinothricin acetyltransferaseYwnH	UniProtKB/Swiss-Prot:P71043
smbu08	Chromosome1	smbu08GL001000	1000829	1001722	+	894	297	Peptidoglycan-N-acetylglucosamine deacetylasePgdA	UniProtKB/Swiss-Prot:Q8Y9V5
smbu08	Chromosome1	smbu08GL001001	1001935	1002786	+	852	283	Polyisoprenyl-teichoic acid--peptidoglycanteichoic acid transferase TagU	UniProtKB/Swiss-Prot:Q836A6
smbu08	Chromosome1	smbu08GL001002	1002803	1003318	+	516	171	hypothetical protein	
smbu08	Chromosome1	smbu08GL001003	1003315	1003659	+	345	114	hypothetical protein	
smbu08	Chromosome1	smbu08GL001004	1003681	1004379	+	699	232	hypothetical protein	
smbu08	Chromosome1	smbu08GL001005	1004354	1005010	+	657	218	putative transcriptional regulatory proteinYkoG	UniProtKB/Swiss-Prot:O34903
smbu08	Chromosome1	smbu08GL001006	1005007	1006395	+	1389	462	hypothetical protein	
smbu08	Chromosome1	smbu08GL001007	1006385	1006978	+	594	197	hypothetical protein	
smbu08	Chromosome1	smbu08GL001008	1007205	1008899	+	1695	564	hypothetical protein	
smbu08	Chromosome1	smbu08GL001009	1009075	1010118	-	1044	347	HTH-type transcriptional regulator GalR	UniProtKB/Swiss-Prot:Q9ZB11
smbu08	Chromosome1	smbu08GL001010	1010292	1010687	+	396	131	hypothetical protein	
smbu08	Chromosome1	smbu08GL001011	1010716	1012524	+	1809	602	hypothetical protein	
smbu08	Chromosome1	smbu08GL001012	1012583	1013665	+	1083	360	Unsaturated chondroitin disaccharide hydrolase	UniProtKB/Swiss-Prot:Q9A0T3
smbu08	Chromosome1	smbu08GL001013	1013647	1013769	+	123	40	hypothetical protein	
smbu08	Chromosome1	smbu08GL001014	1013741	1015126	+	1386	461	hypothetical protein	
smbu08	Chromosome1	smbu08GL001015	1015137	1016006	+	870	289	hypothetical protein	
smbu08	Chromosome1	smbu08GL001016	1016102	1016680	+	579	192	hypothetical protein	
smbu08	Chromosome1	smbu08GL001017	1016886	1018550	+	1665	554	Acetolactate synthase	UniProtKB/Swiss-Prot:Q04789
smbu08	Chromosome1	smbu08GL001018	1018563	1019273	+	711	236	Alpha-acetolactate decarboxylase	UniProtKB/Swiss-Prot:P95676
smbu08	Chromosome1	smbu08GL001019	1019402	1019899	+	498	165	GAF domain-containing protein A	UniProtKB/Swiss-Prot:Q8MTJ7
smbu08	Chromosome1	smbu08GL001020	1019909	1020052	+	144	47	hypothetical protein	
smbu08	Chromosome1	smbu08GL001021	1020085	1020345	+	261	86	hypothetical protein	
smbu08	Chromosome1	smbu08GL001022	1020755	1021348	-	594	197	hypothetical protein	
smbu08	Chromosome1	smbu08GL001023	1022703	1023476	-	774	257	hypothetical protein	
smbu08	Chromosome1	smbu08GL001024	1023620	1023970	+	351	116	hypothetical protein	
smbu08	Chromosome1	smbu08GL001025	1023951	1024667	+	717	238	putative transcriptional regulatory proteinYclJ	UniProtKB/Swiss-Prot:P94413
smbu08	Chromosome1	smbu08GL001026	1024667	1026115	+	1449	482	hypothetical protein	
smbu08	Chromosome1	smbu08GL001027	1026188	1026697	-	510	169	hypothetical protein	
smbu08	Chromosome1	smbu08GL001028	1026687	1027412	-	726	241	hypothetical protein	
smbu08	Chromosome1	smbu08GL001029	1027584	1029704	-	2121	706	Lipoteichoic acid synthase 2	UniProtKB/Swiss-Prot:O34952
smbu08	Chromosome1	smbu08GL001030	1029933	1031111	+	1179	392	Putative ribosomal RNA large subunitmethyltransferase YwbD	UniProtKB/Swiss-Prot:P39587
smbu08	Chromosome1	smbu08GL001031	1031127	1031885	+	759	252	3-dehydroquinate dehydratase	UniProtKB/Swiss-Prot:Q65M66
smbu08	Chromosome1	smbu08GL001032	1031908	1032393	+	486	161	Putative Cys-tRNA(Pro)/Cys-tRNA(Cys) deacylaseEbsC	UniProtKB/Swiss-Prot:P36922
smbu08	Chromosome1	smbu08GL001033	1032464	1033717	-	1254	417	Uncharacterized protein YtfP	UniProtKB/Swiss-Prot:Q795R8
smbu08	Chromosome1	smbu08GL001034	1033834	1035183	+	1350	449	NADP-specific glutamate dehydrogenase	UniProtKB/Swiss-Prot:P31026
smbu08	Chromosome1	smbu08GL001035	1035295	1036641	+	1347	448	Glucose-6-phosphate isomerase	UniProtKB/Swiss-Prot:Q835G1
smbu08	Chromosome1	smbu08GL001036	1036745	1037971	-	1227	408	hypothetical protein	
smbu08	Chromosome1	smbu08GL001037	1038129	1038809	-	681	226	hypothetical protein	
smbu08	Chromosome1	smbu08GL001038	1038863	1039291	-	429	142	hypothetical protein	
smbu08	Chromosome1	smbu08GL001039	1039298	1039681	-	384	127	putative HTH-type transcriptional regulatorYqaE	UniProtKB/Swiss-Prot:P45902
smbu08	Chromosome1	smbu08GL001040	1039821	1040048	+	228	75	putative HTH-type transcriptional regulatorYqaF	UniProtKB/Swiss-Prot:P45903
smbu08	Chromosome1	smbu08GL001041	1040169	1040669	+	501	166	hypothetical protein	
smbu08	Chromosome1	smbu08GL001042	1040671	1040808	+	138	45	hypothetical protein	
smbu08	Chromosome1	smbu08GL001043	1040846	1041139	+	294	97	hypothetical protein	
smbu08	Chromosome1	smbu08GL001044	1041163	1041360	+	198	65	hypothetical protein	
smbu08	Chromosome1	smbu08GL001045	1041371	1042387	+	1017	338	N-acetylmuramoyl-L-alanine amidase	UniProtKB/Swiss-Prot:Q38135
smbu08	Chromosome1	smbu08GL001046	1042637	1043068	+	432	143	hypothetical protein	
smbu08	Chromosome1	smbu08GL001047	1043300	1043557	-	258	85	hypothetical protein	
smbu08	Chromosome1	smbu08GL001048	1043720	1044694	+	975	324	Conjugated bile acid hydrolase	UniProtKB/Swiss-Prot:Q06115
smbu08	Chromosome1	smbu08GL001049	1045238	1045534	-	297	98	hypothetical protein	
smbu08	Chromosome1	smbu08GL001050	1046274	1046660	-	387	128	hypothetical protein	
smbu08	Chromosome1	smbu08GL001051	1046930	1047079	-	150	49	hypothetical protein	
smbu08	Chromosome1	smbu08GL001052	1047223	1047381	-	159	52	hypothetical protein	
smbu08	Chromosome1	smbu08GL001053	1048017	1049834	-	1818	605	hypothetical protein	
smbu08	Chromosome1	smbu08GL001054	1049943	1050539	-	597	198	hypothetical protein	
smbu08	Chromosome1	smbu08GL001055	1050572	1050694	-	123	40	hypothetical protein	
smbu08	Chromosome1	smbu08GL001056	1050871	1051236	+	366	121	hypothetical protein	
smbu08	Chromosome1	smbu08GL001057	1051259	1051678	+	420	139	hypothetical protein	
smbu08	Chromosome1	smbu08GL001058	1051768	1052121	-	354	117	hypothetical protein	
smbu08	Chromosome1	smbu08GL001059	1052087	1053427	-	1341	446	hypothetical protein	
smbu08	Chromosome1	smbu08GL001060	1053683	1054249	+	567	188	hypothetical protein	
smbu08	Chromosome1	smbu08GL001061	1054831	1056666	+	1836	611	hypothetical protein	UniProtKB/Swiss-Prot:P54420
smbu08	Chromosome1	smbu08GL001062	1056748	1057194	-	447	148	Uncharacterized protein YdaT	UniProtKB/Swiss-Prot:P96595
smbu08	Chromosome1	smbu08GL001063	1057407	1057571	+	165	54	Large ribosomal subunit protein bL33C	UniProtKB/Swiss-Prot:P59628
smbu08	Chromosome1	smbu08GL001064	1057659	1058177	+	519	172	Dihydrofolate reductase	UniProtKB/Swiss-Prot:P00380
smbu08	Chromosome1	smbu08GL001065	1058251	1059243	-	993	330	hypothetical protein	
smbu08	Chromosome1	smbu08GL001066	1059364	1060179	+	816	271	Iron(3+)-hydroxamate import ATP-binding proteinFhuC	UniProtKB/Swiss-Prot:P49938
smbu08	Chromosome1	smbu08GL001067	1060176	1061165	+	990	329	hypothetical protein	
smbu08	Chromosome1	smbu08GL001068	1061183	1062172	+	990	329	Fe(3+)-citrate import system permease proteinYfmE	UniProtKB/Swiss-Prot:O34832
smbu08	Chromosome1	smbu08GL001069	1062306	1062848	+	543	180	hypothetical protein	
smbu08	Chromosome1	smbu08GL001070	1062850	1063566	+	717	238	hypothetical protein	
smbu08	Chromosome1	smbu08GL001071	1063587	1063799	+	213	70	hypothetical protein	
smbu08	Chromosome1	smbu08GL001072	1063799	1064761	+	963	320	Glucokinase	UniProtKB/Swiss-Prot:Q9KCZ4
smbu08	Chromosome1	smbu08GL001073	1064779	1065174	+	396	131	Uncharacterized protein YqhL	UniProtKB/Swiss-Prot:P54510
smbu08	Chromosome1	smbu08GL001074	1065339	1065704	+	366	121	Uncharacterized protein YeaO	UniProtKB/Swiss-Prot:P76243
smbu08	Chromosome1	smbu08GL001075	1065701	1067512	+	1812	603	hypothetical protein	
smbu08	Chromosome1	smbu08GL001076	1067575	1067751	-	177	58	hypothetical protein	
smbu08	Chromosome1	smbu08GL001077	1067989	1068978	+	990	329	UDP-glucose 4-epimerase	UniProtKB/Swiss-Prot:O84903
smbu08	Chromosome1	smbu08GL001078	1068990	1070474	+	1485	494	Galactose-1-phosphate uridylyltransferase	UniProtKB/Swiss-Prot:Q836N8
smbu08	Chromosome1	smbu08GL001079	1070499	1071479	+	981	326	HTH-type transcriptional regulator GalR	UniProtKB/Swiss-Prot:Q9ZB11
smbu08	Chromosome1	smbu08GL001080	1071634	1072395	+	762	253	tRNA threonylcarbamoyladenosine biosynthesisprotein TsaB	UniProtKB/Swiss-Prot:O05516
smbu08	Chromosome1	smbu08GL001081	1072379	1072921	+	543	180	hypothetical protein	
smbu08	Chromosome1	smbu08GL001082	1072928	1073392	+	465	154	hypothetical protein	
smbu08	Chromosome1	smbu08GL001083	1073389	1074405	+	1017	338	tRNA N6-adenosine threonylcarbamoyltransferase	UniProtKB/Swiss-Prot:Q831N0
smbu08	Chromosome1	smbu08GL001084	1074757	1075470	+	714	237	Putative tyrosine-protein kinase YveL	UniProtKB/Swiss-Prot:P71051
smbu08	Chromosome1	smbu08GL001085	1075532	1076233	-	702	233	hypothetical protein	
smbu08	Chromosome1	smbu08GL001086	1076694	1077923	+	1230	409	Arginine deiminase	UniProtKB/Swiss-Prot:Q38YQ6
smbu08	Chromosome1	smbu08GL001087	1078014	1079033	+	1020	339	Ornithine carbamoyltransferase, catabolic	UniProtKB/Swiss-Prot:Q6TK73
smbu08	Chromosome1	smbu08GL001088	1079148	1080095	+	948	315	Carbamate kinase	UniProtKB/Swiss-Prot:O53090
smbu08	Chromosome1	smbu08GL001089	1080519	1082210	+	1692	563	Arginine--tRNA ligase	UniProtKB/Swiss-Prot:Q831N1
smbu08	Chromosome1	smbu08GL001090	1082389	1083174	-	786	261	Phosphonoacetaldehyde hydrolase	UniProtKB/Swiss-Prot:A7GML9
smbu08	Chromosome1	smbu08GL001091	1083167	1084303	-	1137	378	2-aminoethylphosphonate--pyruvate transaminase	UniProtKB/Swiss-Prot:B1HPR6
smbu08	Chromosome1	smbu08GL001092	1084478	1084957	-	480	159	Arginine regulator	UniProtKB/Swiss-Prot:Q88X36
smbu08	Chromosome1	smbu08GL001093	1085196	1086098	+	903	300	Small ribosomal subunit protein uS2	UniProtKB/Swiss-Prot:Q831U9
smbu08	Chromosome1	smbu08GL001094	1086196	1087077	+	882	293	Elongation factor Ts	UniProtKB/Swiss-Prot:Q831V0
smbu08	Chromosome1	smbu08GL001095	1087183	1087935	+	753	250	Uridylate kinase	UniProtKB/Swiss-Prot:Q88VJ6
smbu08	Chromosome1	smbu08GL001096	1087938	1088495	+	558	185	Ribosome-recycling factor	UniProtKB/Swiss-Prot:Q831V2
smbu08	Chromosome1	smbu08GL001097	1088690	1089502	+	813	270	Isoprenyl transferase	UniProtKB/Swiss-Prot:Q831K9
smbu08	Chromosome1	smbu08GL001098	1089499	1090299	+	801	266	Phosphatidate cytidylyltransferase	UniProtKB/Swiss-Prot:Q4L5W3
smbu08	Chromosome1	smbu08GL001099	1090415	1091728	+	1314	437	putative protease eep	UniProtKB/Swiss-Prot:Q9RPP2
smbu08	Chromosome1	smbu08GL001100	1091811	1093505	+	1695	564	Proline--tRNA ligase	UniProtKB/Swiss-Prot:Q831W7
smbu08	Chromosome1	smbu08GL001101	1093717	1098069	+	4353	1450	DNA polymerase III PolC-type	UniProtKB/Swiss-Prot:Q88VK2
smbu08	Chromosome1	smbu08GL001102	1098243	1098686	+	444	147	Ribosome maturation factor RimP	UniProtKB/Swiss-Prot:Q835V2
smbu08	Chromosome1	smbu08GL001103	1098709	1099884	+	1176	391	Transcription termination/antiterminationprotein NusA	UniProtKB/Swiss-Prot:P32727
smbu08	Chromosome1	smbu08GL001104	1099906	1100199	+	294	97	Uncharacterized protein YlxR	UniProtKB/Swiss-Prot:P32728
smbu08	Chromosome1	smbu08GL001105	1100196	1100507	+	312	103	RNA-binding protein YlxQ	UniProtKB/Swiss-Prot:P55768
smbu08	Chromosome1	smbu08GL001106	1100520	1102820	+	2301	766	Translation initiation factor IF-2	UniProtKB/Swiss-Prot:Q835U8
smbu08	Chromosome1	smbu08GL001107	1102847	1103194	+	348	115	Ribosome-binding factor A	UniProtKB/Swiss-Prot:Q835U7
smbu08	Chromosome1	smbu08GL001108	1103302	1103421	-	120	39	hypothetical protein	
smbu08	Chromosome1	smbu08GL001109	1103641	1106004	+	2364	787	putative phosphoketolase	UniProtKB/Swiss-Prot:Q38YY6
smbu08	Chromosome1	smbu08GL001110	1106006	1106128	+	123	40	hypothetical protein	
smbu08	Chromosome1	smbu08GL001111	1106354	1107295	+	942	313	tRNA pseudouridine synthase B	UniProtKB/Swiss-Prot:A8FDD4
smbu08	Chromosome1	smbu08GL001112	1107299	1108240	+	942	313	Bifunctional riboflavin kinase/FMNadenylyltransferase	UniProtKB/Swiss-Prot:Q8Y7F2
smbu08	Chromosome1	smbu08GL001113	1108632	1109417	+	786	261	Glucose 1-dehydrogenase 2	UniProtKB/Swiss-Prot:P39483
smbu08	Chromosome1	smbu08GL001114	1109430	1110281	+	852	283	Putative sugar uptake protein lp_2594	UniProtKB/Swiss-Prot:Q88UB3
smbu08	Chromosome1	smbu08GL001115	1110403	1110765	+	363	120	hypothetical protein	
smbu08	Chromosome1	smbu08GL001116	1110782	1110982	+	201	66	hypothetical protein	
smbu08	Chromosome1	smbu08GL001117	1111343	1112647	+	1305	434	hypothetical protein	
smbu08	Chromosome1	smbu08GL001118	1112665	1113270	+	606	201	hypothetical protein	
smbu08	Chromosome1	smbu08GL001119	1113508	1113711	+	204	67	hypothetical protein	
smbu08	Chromosome1	smbu08GL001120	1114097	1114432	+	336	111	hypothetical protein	
smbu08	Chromosome1	smbu08GL001121	1114438	1114995	+	558	185	hypothetical protein	
smbu08	Chromosome1	smbu08GL001122	1115028	1115390	+	363	120	hypothetical protein	
smbu08	Chromosome1	smbu08GL001123	1115587	1116876	+	1290	429	hypothetical protein	
smbu08	Chromosome1	smbu08GL001124	1117000	1120083	+	3084	1027	hypothetical protein	
smbu08	Chromosome1	smbu08GL001125	1120204	1121187	+	984	327	hypothetical protein	
smbu08	Chromosome1	smbu08GL001126	1121218	1121415	+	198	65	hypothetical protein	
smbu08	Chromosome1	smbu08GL001127	1121530	1121814	+	285	94	hypothetical protein	
smbu08	Chromosome1	smbu08GL001128	1121834	1124338	+	2505	834	hypothetical protein	
smbu08	Chromosome1	smbu08GL001129	1124353	1126314	+	1962	653	hypothetical protein	
smbu08	Chromosome1	smbu08GL001130	1126371	1127159	+	789	262	hypothetical protein	
smbu08	Chromosome1	smbu08GL001131	1127161	1128039	+	879	292	hypothetical protein	
smbu08	Chromosome1	smbu08GL001132	1128148	1129500	+	1353	450	hypothetical protein	
smbu08	Chromosome1	smbu08GL001133	1129719	1130756	+	1038	345	Heme chaperone HemW	UniProtKB/Swiss-Prot:Q9CGF7
smbu08	Chromosome1	smbu08GL001134	1130989	1132032	+	1044	347	Heat-inducible transcription repressor HrcA	UniProtKB/Swiss-Prot:Q835R9
smbu08	Chromosome1	smbu08GL001135	1132126	1132689	+	564	187	Protein GrpE	UniProtKB/Swiss-Prot:Q835R8
smbu08	Chromosome1	smbu08GL001136	1132740	1134569	+	1830	609	Chaperone protein DnaK	UniProtKB/Swiss-Prot:Q835R7
smbu08	Chromosome1	smbu08GL001137	1134720	1135886	+	1167	388	Chaperone protein DnaJ	UniProtKB/Swiss-Prot:Q835R5
smbu08	Chromosome1	smbu08GL001138	1136247	1136780	+	534	177	hypothetical protein	
smbu08	Chromosome1	smbu08GL001139	1136800	1137426	+	627	208	hypothetical protein	
smbu08	Chromosome1	smbu08GL001140	1137429	1138367	+	939	312	hypothetical protein	
smbu08	Chromosome1	smbu08GL001141	1138494	1139231	-	738	245	Arginine transport ATP-binding protein ArtM	UniProtKB/Swiss-Prot:P54537
smbu08	Chromosome1	smbu08GL001142	1139233	1140696	-	1464	487	hypothetical protein	
smbu08	Chromosome1	smbu08GL001143	1140994	1142988	+	1995	664	UvrABC system protein B	UniProtKB/Swiss-Prot:Q837R9
smbu08	Chromosome1	smbu08GL001144	1142998	1145814	+	2817	938	UvrABC system protein A	UniProtKB/Swiss-Prot:Q88YI7
smbu08	Chromosome1	smbu08GL001145	1146077	1147342	+	1266	421	D-aspartate ligase	UniProtKB/Swiss-Prot:H8L902
smbu08	Chromosome1	smbu08GL001146	1147346	1148077	+	732	243	Aspartate racemase	UniProtKB/Swiss-Prot:P29079
smbu08	Chromosome1	smbu08GL001147	1148214	1149098	+	885	294	Nucleotide-binding protein EF_0766	UniProtKB/Swiss-Prot:Q837R5
smbu08	Chromosome1	smbu08GL001148	1149137	1150093	+	957	318	Putative gluconeogenesis factor	UniProtKB/Swiss-Prot:P0DG78
smbu08	Chromosome1	smbu08GL001149	1150127	1151062	+	936	311	putative cell division protein WhiA	UniProtKB/Swiss-Prot:Q837R3
smbu08	Chromosome1	smbu08GL001150	1151232	1153463	+	2232	743	UvrABC system protein A	UniProtKB/Swiss-Prot:O26543
smbu08	Chromosome1	smbu08GL001151	1153582	1154103	-	522	173	hypothetical protein	
smbu08	Chromosome1	smbu08GL001152	1154294	1157986	+	3693	1230	Pyruvate-flavodoxin oxidoreductase	UniProtKB/Swiss-Prot:P03833
smbu08	Chromosome1	smbu08GL001153	1158175	1159062	+	888	295	Diadenylate cyclase	UniProtKB/Swiss-Prot:A0A0H3GM48
smbu08	Chromosome1	smbu08GL001154	1159059	1160231	+	1173	390	hypothetical protein	
smbu08	Chromosome1	smbu08GL001155	1160255	1161610	+	1356	451	Phosphoglucosamine mutase	UniProtKB/Swiss-Prot:Q88YE8
smbu08	Chromosome1	smbu08GL001156	1161949	1162173	-	225	74	hypothetical protein	
smbu08	Chromosome1	smbu08GL001157	1162323	1163153	+	831	276	hypothetical protein	
smbu08	Chromosome1	smbu08GL001158	1163306	1165120	-	1815	604	Glutamine--fructose-6-phosphate aminotransferase[isomerizing]	UniProtKB/Swiss-Prot:Q8DRA8
smbu08	Chromosome1	smbu08GL001159	1165308	1165466	-	159	52	hypothetical protein	
smbu08	Chromosome1	smbu08GL001160	1165519	1165809	+	291	96	hypothetical protein	
smbu08	Chromosome1	smbu08GL001161	1165822	1166847	+	1026	341	Putative signal peptide peptidase SppA	UniProtKB/Swiss-Prot:Q9X480
smbu08	Chromosome1	smbu08GL001162	1166850	1167509	+	660	219	hypothetical protein	
smbu08	Chromosome1	smbu08GL001163	1167663	1168595	+	933	310	hypothetical protein	
smbu08	Chromosome1	smbu08GL001164	1168749	1170038	+	1290	429	Trigger factor	UniProtKB/Swiss-Prot:Q837W3
smbu08	Chromosome1	smbu08GL001165	1170254	1171504	+	1251	416	ATP-dependent Clp protease ATP-binding subunitClpX	UniProtKB/Swiss-Prot:Q833M7
smbu08	Chromosome1	smbu08GL001166	1171587	1172174	+	588	195	putative GTP-binding protein EngB	UniProtKB/Swiss-Prot:Q833M8
smbu08	Chromosome1	smbu08GL001167	1172251	1172406	-	156	51	hypothetical protein	
smbu08	Chromosome1	smbu08GL001168	1172543	1173871	+	1329	442	hypothetical protein	
smbu08	Chromosome1	smbu08GL001169	1173873	1174091	+	219	72	hypothetical protein	
smbu08	Chromosome1	smbu08GL001170	1174239	1175003	+	765	254	putative HTH-type transcriptional regulatorFruR	UniProtKB/Swiss-Prot:O31713
smbu08	Chromosome1	smbu08GL001171	1175081	1175914	+	834	277	1-phosphofructokinase	UniProtKB/Swiss-Prot:O31714
smbu08	Chromosome1	smbu08GL001172	1175932	1177863	+	1932	643	PTS system fructose-specific EIIABC component	UniProtKB/Swiss-Prot:P71012
smbu08	Chromosome1	smbu08GL001173	1177982	1179541	-	1560	519	hypothetical protein	
smbu08	Chromosome1	smbu08GL001174	1179696	1181933	+	2238	745	ATP-dependent DNA helicase PcrA	UniProtKB/Swiss-Prot:O34580
smbu08	Chromosome1	smbu08GL001175	1181947	1183986	+	2040	679	DNA ligase	UniProtKB/Swiss-Prot:Q837V6
smbu08	Chromosome1	smbu08GL001176	1184092	1184397	+	306	101	Aspartyl/glutamyl-tRNA(Asn/Gln) amidotransferasesubunit C	UniProtKB/Swiss-Prot:Q837V4
smbu08	Chromosome1	smbu08GL001177	1184397	1185869	+	1473	490	Glutamyl-tRNA(Gln) amidotransferase subunit A	UniProtKB/Swiss-Prot:Q837V3
smbu08	Chromosome1	smbu08GL001178	1185866	1187296	+	1431	476	Aspartyl/glutamyl-tRNA(Asn/Gln) amidotransferasesubunit B	UniProtKB/Swiss-Prot:Q837V2
smbu08	Chromosome1	smbu08GL001179	1187306	1188361	+	1056	351	Diacylglycerol kinase	UniProtKB/Swiss-Prot:Q8CRU5
smbu08	Chromosome1	smbu08GL001180	1188472	1189845	+	1374	457	putative RNA methyltransferase SP_1029	UniProtKB/Swiss-Prot:Q97R12
smbu08	Chromosome1	smbu08GL001181	1189848	1189976	+	129	42	hypothetical protein	
smbu08	Chromosome1	smbu08GL001182	1190546	1192330	-	1785	594	hypothetical protein	
smbu08	Chromosome1	smbu08GL001183	1192345	1194066	-	1722	573	hypothetical protein	
smbu08	Chromosome1	smbu08GL001184	1194165	1194926	+	762	253	hypothetical protein	
smbu08	Chromosome1	smbu08GL001185	1195374	1196510	+	1137	378	Uncharacterized protein YxjH	UniProtKB/Swiss-Prot:P42319
smbu08	Chromosome1	smbu08GL001186	1196587	1197597	+	1011	336	hypothetical protein	
smbu08	Chromosome1	smbu08GL001187	1197664	1198698	-	1035	344	hypothetical protein	
smbu08	Chromosome1	smbu08GL001188	1198734	1201037	+	2304	767	Alpha-galactosidase 1	UniProtKB/Swiss-Prot:P43467
smbu08	Chromosome1	smbu08GL001189	1201034	1202938	+	1905	634	Beta-galactosidase large subunit	UniProtKB/Swiss-Prot:Q48846
smbu08	Chromosome1	smbu08GL001190	1202946	1203893	+	948	315	Beta-galactosidase small subunit	UniProtKB/Swiss-Prot:O07685
smbu08	Chromosome1	smbu08GL001191	1204580	1205590	+	1011	336	Phospho-2-dehydro-3-deoxyheptonate aldolase	UniProtKB/Swiss-Prot:Q9WYH8
smbu08	Chromosome1	smbu08GL001192	1205614	1206687	+	1074	357	3-dehydroquinate synthase	UniProtKB/Swiss-Prot:F2MTI0
smbu08	Chromosome1	smbu08GL001193	1206689	1207855	+	1167	388	Chorismate synthase	UniProtKB/Swiss-Prot:Q834S2
smbu08	Chromosome1	smbu08GL001194	1207872	1208963	+	1092	363	Prephenate dehydrogenase	UniProtKB/Swiss-Prot:P20692
smbu08	Chromosome1	smbu08GL001195	1208976	1210271	+	1296	431	3-phosphoshikimate 1-carboxyvinyltransferase	UniProtKB/Swiss-Prot:P0DH70
smbu08	Chromosome1	smbu08GL001196	1210264	1210773	+	510	169	Shikimate kinase	UniProtKB/Swiss-Prot:Q834S1
smbu08	Chromosome1	smbu08GL001197	1210770	1211594	+	825	274	Prephenate dehydratase	UniProtKB/Swiss-Prot:Q9CEU2
smbu08	Chromosome1	smbu08GL001198	1211675	1213354	-	1680	559	hypothetical protein	
smbu08	Chromosome1	smbu08GL001199	1213401	1214909	-	1509	502	hypothetical protein	
smbu08	Chromosome1	smbu08GL001200	1214968	1215102	+	135	44	hypothetical protein	
smbu08	Chromosome1	smbu08GL001201	1215162	1216469	+	1308	435	hypothetical protein	
smbu08	Chromosome1	smbu08GL001202	1216466	1216579	+	114	37	hypothetical protein	
smbu08	Chromosome1	smbu08GL001203	1216606	1217475	+	870	289	Lactose transport system permease protein LacF	UniProtKB/Swiss-Prot:P29823
smbu08	Chromosome1	smbu08GL001204	1217472	1218359	+	888	295	Lactose transport system permease protein LacG	UniProtKB/Swiss-Prot:P29824
smbu08	Chromosome1	smbu08GL001205	1218527	1219210	+	684	227	hypothetical protein	
smbu08	Chromosome1	smbu08GL001206	1219207	1219980	+	774	257	hypothetical protein	
smbu08	Chromosome1	smbu08GL001207	1219977	1220375	+	399	132	hypothetical protein	
smbu08	Chromosome1	smbu08GL001208	1220559	1221230	+	672	223	hypothetical protein	
smbu08	Chromosome1	smbu08GL001209	1221346	1221729	+	384	127	hypothetical protein	
smbu08	Chromosome1	smbu08GL001210	1221699	1222409	+	711	236	2,3-bisphosphoglycerate-dependentphosphoglycerate mutase 2	UniProtKB/Swiss-Prot:Q88T35
smbu08	Chromosome1	smbu08GL001211	1222428	1223093	+	666	221	hypothetical protein	
smbu08	Chromosome1	smbu08GL001212	1223149	1223535	+	387	128	hypothetical protein	
smbu08	Chromosome1	smbu08GL001213	1223672	1225138	+	1467	488	L-cystine uptake protein TcyP	UniProtKB/Swiss-Prot:Q65M31
smbu08	Chromosome1	smbu08GL001214	1225409	1225777	+	369	122	hypothetical protein	
smbu08	Chromosome1	smbu08GL001215	1225955	1226896	+	942	313	tRNA uridine(34) hydroxylase	UniProtKB/Swiss-Prot:Q837T2
smbu08	Chromosome1	smbu08GL001216	1226953	1227696	+	744	247	hypothetical protein	
smbu08	Chromosome1	smbu08GL001217	1227840	1230020	+	2181	726	Uncharacterized protein YdcI	UniProtKB/Swiss-Prot:O31489
smbu08	Chromosome1	smbu08GL001218	1230040	1230510	+	471	156	Protein SprT-like	UniProtKB/Swiss-Prot:Q835R2
smbu08	Chromosome1	smbu08GL001219	1230538	1231299	+	762	253	hypothetical protein	
smbu08	Chromosome1	smbu08GL001220	1231430	1232764	+	1335	444	UDP-N-acetylmuramate--L-alanine ligase	UniProtKB/Swiss-Prot:Q833N6
smbu08	Chromosome1	smbu08GL001221	1233314	1233799	+	486	161	hypothetical protein	
smbu08	Chromosome1	smbu08GL001222	1233813	1234475	+	663	220	putative membrane proteinSPy_0358/M5005_Spy0301	UniProtKB/Swiss-Prot:Q9A1B9
smbu08	Chromosome1	smbu08GL001223	1234601	1237246	+	2646	881	DNA polymerase I	UniProtKB/Swiss-Prot:P59199
smbu08	Chromosome1	smbu08GL001224	1237291	1238127	+	837	278	Formamidopyrimidine-DNA glycosylase	UniProtKB/Swiss-Prot:Q837G3
smbu08	Chromosome1	smbu08GL001225	1238091	1238720	+	630	209	Dephospho-CoA kinase	UniProtKB/Swiss-Prot:Q837G2
smbu08	Chromosome1	smbu08GL001226	1238772	1239104	+	333	110	hypothetical protein	
smbu08	Chromosome1	smbu08GL001227	1239418	1239945	+	528	175	Transcriptional repressor NrdR	UniProtKB/Swiss-Prot:Q837G1
smbu08	Chromosome1	smbu08GL001228	1239968	1241341	+	1374	457	hypothetical protein	
smbu08	Chromosome1	smbu08GL001229	1241341	1242267	+	927	308	Primosomal protein DnaI	UniProtKB/Swiss-Prot:P06567
smbu08	Chromosome1	smbu08GL001230	1242396	1242836	+	441	146	hypothetical protein	
smbu08	Chromosome1	smbu08GL001231	1242979	1243680	+	702	233	tRNA (adenine(22)-N(1))-methyltransferase	UniProtKB/Swiss-Prot:P54471
smbu08	Chromosome1	smbu08GL001232	1243677	1244798	+	1122	373	GTP cyclohydrolase 1 type 2 homolog	UniProtKB/Swiss-Prot:P54472
smbu08	Chromosome1	smbu08GL001233	1244812	1246044	+	1233	410	Peptidase T	UniProtKB/Swiss-Prot:Q835J5
smbu08	Chromosome1	smbu08GL001234	1246175	1247083	+	909	302	hypothetical protein	
smbu08	Chromosome1	smbu08GL001235	1247187	1247390	+	204	67	hypothetical protein	
smbu08	Chromosome1	smbu08GL001236	1247401	1248447	+	1047	348	hypothetical protein	
smbu08	Chromosome1	smbu08GL001237	1248697	1251306	+	2610	869	Chaperone protein ClpB	UniProtKB/Swiss-Prot:Q831Y7
smbu08	Chromosome1	smbu08GL001238	1251455	1252141	-	687	228	hypothetical protein	
smbu08	Chromosome1	smbu08GL001239	1252119	1252613	-	495	164	hypothetical protein	
smbu08	Chromosome1	smbu08GL001240	1252633	1253904	-	1272	423	hypothetical protein	
smbu08	Chromosome1	smbu08GL001241	1253964	1255835	+	1872	623	Elongation factor 4	UniProtKB/Swiss-Prot:Q831Z0
smbu08	Chromosome1	smbu08GL001242	1255844	1255957	-	114	37	hypothetical protein	
smbu08	Chromosome1	smbu08GL001243	1256696	1256923	+	228	75	hypothetical protein	
smbu08	Chromosome1	smbu08GL001244	1258142	1258264	+	123	40	hypothetical protein	
smbu08	Chromosome1	smbu08GL001245	1258557	1258754	+	198	65	Cold shock-like protein CspLA	UniProtKB/Swiss-Prot:P0A355
smbu08	Chromosome1	smbu08GL001246	1259042	1259395	+	354	117	HTH-type transcriptional regulator Rv2034	UniProtKB/Swiss-Prot:O53478
smbu08	Chromosome1	smbu08GL001247	1259373	1260050	+	678	225	hypothetical protein	
smbu08	Chromosome1	smbu08GL001248	1260051	1260974	+	924	307	hypothetical protein	
smbu08	Chromosome1	smbu08GL001249	1261055	1261552	-	498	165	hypothetical protein	
smbu08	Chromosome1	smbu08GL001250	1261557	1262348	-	792	263	hypothetical protein	
smbu08	Chromosome1	smbu08GL001251	1262795	1262923	+	129	42	hypothetical protein	
smbu08	Chromosome1	smbu08GL001252	1263136	1263336	-	201	66	hypothetical protein	
smbu08	Chromosome1	smbu08GL001253	1263578	1263991	-	414	137	hypothetical protein	
smbu08	Chromosome1	smbu08GL001254	1264183	1264821	+	639	212	hypothetical protein	
smbu08	Chromosome1	smbu08GL001255	1264902	1265387	-	486	161	hypothetical protein	
smbu08	Chromosome1	smbu08GL001256	1265525	1265740	-	216	71	putative membrane protein YuzA	UniProtKB/Swiss-Prot:O32087
smbu08	Chromosome1	smbu08GL001257	1265962	1266762	+	801	266	Sorbitol-6-phosphate 2-dehydrogenase	UniProtKB/Swiss-Prot:P37079
smbu08	Chromosome1	smbu08GL001258	1266853	1267827	+	975	324	hypothetical protein	
smbu08	Chromosome1	smbu08GL001259	1267884	1268648	+	765	254	hypothetical protein	
smbu08	Chromosome1	smbu08GL001260	1268686	1269132	+	447	148	hypothetical protein	
smbu08	Chromosome1	smbu08GL001261	1269120	1269674	+	555	184	PTS system glucitol/sorbitol-specific EIICcomponent	UniProtKB/Swiss-Prot:O32332
smbu08	Chromosome1	smbu08GL001262	1269692	1270687	+	996	331	PTS system glucitol/sorbitol-specific EIIBcomponent	UniProtKB/Swiss-Prot:O32333
smbu08	Chromosome1	smbu08GL001263	1270705	1271103	+	399	132	hypothetical protein	
smbu08	Chromosome1	smbu08GL001264	1271087	1271782	+	696	231	putative fructose-6-phosphate aldolase	UniProtKB/Swiss-Prot:B8ZKS3
smbu08	Chromosome1	smbu08GL001265	1272160	1272945	+	786	261	hypothetical protein	
smbu08	Chromosome1	smbu08GL001266	1273235	1274122	-	888	295	Foldase protein PrsA	UniProtKB/Swiss-Prot:Q837Y9
smbu08	Chromosome1	smbu08GL001267	1274307	1274756	+	450	149	hypothetical protein	
smbu08	Chromosome1	smbu08GL001268	1274762	1275070	+	309	102	hypothetical protein	
smbu08	Chromosome1	smbu08GL001269	1275340	1276266	+	927	308	hypothetical protein	
smbu08	Chromosome1	smbu08GL001270	1276283	1276420	+	138	45	hypothetical protein	
smbu08	Chromosome1	smbu08GL001271	1276968	1277474	+	507	168	hypothetical protein	
smbu08	Chromosome1	smbu08GL001272	1277643	1279556	+	1914	637	hypothetical protein	
smbu08	Chromosome1	smbu08GL001273	1279561	1280562	+	1002	333	hypothetical protein	
smbu08	Chromosome1	smbu08GL001274	1280807	1281013	-	207	68	hypothetical protein	
smbu08	Chromosome1	smbu08GL001275	1281857	1282051	-	195	64	hypothetical protein	
smbu08	Chromosome1	smbu08GL001276	1282169	1282660	+	492	163	hypothetical protein	
smbu08	Chromosome1	smbu08GL001277	1282904	1283104	+	201	66	Cold shock protein 2	UniProtKB/Swiss-Prot:P96349
smbu08	Chromosome1	smbu08GL001278	1283629	1284216	+	588	195	Metal-independent carbonic anhydrase	UniProtKB/Swiss-Prot:Q8YT18
smbu08	Chromosome1	smbu08GL001279	1284392	1284757	-	366	121	hypothetical protein	
smbu08	Chromosome1	smbu08GL001280	1284835	1285080	-	246	81	hypothetical protein	
smbu08	Chromosome1	smbu08GL001281	1285150	1285335	-	186	61	hypothetical protein	
smbu08	Chromosome1	smbu08GL001282	1285561	1285884	-	324	107	hypothetical protein	
smbu08	Chromosome1	smbu08GL001283	1286531	1287055	-	525	174	hypothetical protein	
smbu08	Chromosome1	smbu08GL001284	1287074	1287883	-	810	269	hypothetical protein	
smbu08	Chromosome1	smbu08GL001285	1288157	1289074	+	918	305	General stress protein A	UniProtKB/Swiss-Prot:P25148
smbu08	Chromosome1	smbu08GL001286	1289067	1289969	+	903	300	General stress protein A	UniProtKB/Swiss-Prot:P25148
smbu08	Chromosome1	smbu08GL001287	1290002	1290352	+	351	116	hypothetical protein	
smbu08	Chromosome1	smbu08GL001288	1290401	1291324	+	924	307	hypothetical protein	
smbu08	Chromosome1	smbu08GL001289	1291404	1292297	+	894	297	putative oxidoreductase YghA	UniProtKB/Swiss-Prot:P0AG84
smbu08	Chromosome1	smbu08GL001290	1292335	1292898	+	564	187	hypothetical protein	
smbu08	Chromosome1	smbu08GL001291	1292910	1293098	+	189	62	hypothetical protein	
smbu08	Chromosome1	smbu08GL001292	1293147	1294016	+	870	289	Stress response regulator gls24 homolog	UniProtKB/Swiss-Prot:P0CZ87
smbu08	Chromosome1	smbu08GL001293	1294048	1294290	+	243	80	UPF0410 protein YwzA	UniProtKB/Swiss-Prot:O32282
smbu08	Chromosome1	smbu08GL001294	1294802	1294945	-	144	47	hypothetical protein	
smbu08	Chromosome1	smbu08GL001295	1295520	1300028	+	4509	1502	hypothetical protein	
smbu08	Chromosome1	smbu08GL001296	1300197	1301660	+	1464	487	hypothetical protein	
smbu08	Chromosome1	smbu08GL001297	1301782	1302015	-	234	77	putative HTH-type transcriptional regulatorYozG	UniProtKB/Swiss-Prot:O31834
smbu08	Chromosome1	smbu08GL001298	1302024	1302497	-	474	157	hypothetical protein	
smbu08	Chromosome1	smbu08GL001299	1303228	1304085	+	858	285	hypothetical protein	
smbu08	Chromosome1	smbu08GL001300	1304093	1304425	+	333	110	Accessory gene regulator protein A	UniProtKB/Swiss-Prot:Q5HMY2
smbu08	Chromosome1	smbu08GL001301	1304422	1304835	+	414	137	hypothetical protein	
smbu08	Chromosome1	smbu08GL001302	1304993	1305382	+	390	129	hypothetical protein	
smbu08	Chromosome1	smbu08GL001303	1305373	1305582	+	210	69	hypothetical protein	
smbu08	Chromosome1	smbu08GL001304	1305579	1305734	+	156	51	hypothetical protein	
smbu08	Chromosome1	smbu08GL001305	1305811	1305984	-	174	57	hypothetical protein	
smbu08	Chromosome1	smbu08GL001306	1306495	1306968	+	474	157	hypothetical protein	
smbu08	Chromosome1	smbu08GL001307	1306981	1307169	+	189	62	hypothetical protein	
smbu08	Chromosome1	smbu08GL001308	1307182	1307739	+	558	185	Stress response regulator gls24 homolog	UniProtKB/Swiss-Prot:P0CZ87
smbu08	Chromosome1	smbu08GL001309	1307771	1308013	+	243	80	UPF0410 protein YwzA	UniProtKB/Swiss-Prot:O32282
smbu08	Chromosome1	smbu08GL001310	1308342	1309556	+	1215	404	hypothetical protein	UniProtKB/Swiss-Prot:O26757
smbu08	Chromosome1	smbu08GL001311	1309587	1311014	+	1428	475	Glutamate/gamma-aminobutyrate antiporter	UniProtKB/Swiss-Prot:Q9CG19
smbu08	Chromosome1	smbu08GL001312	1311037	1311963	+	927	308	Glutaminase 1	UniProtKB/Swiss-Prot:Q8XMU7
smbu08	Chromosome1	smbu08GL001313	1312170	1313630	+	1461	486	hypothetical protein	
smbu08	Chromosome1	smbu08GL001314	1313863	1315626	+	1764	587	hypothetical protein	
smbu08	Chromosome1	smbu08GL001315	1315672	1316169	+	498	165	hypothetical protein	
smbu08	Chromosome1	smbu08GL001316	1316284	1316967	+	684	227	Putative N-acetylmannosamine-6-phosphate2-epimerase	UniProtKB/Swiss-Prot:Q0SWI9
smbu08	Chromosome1	smbu08GL001317	1317115	1317729	+	615	204	Uncharacterized protein YwrF	UniProtKB/Swiss-Prot:O05220
smbu08	Chromosome1	smbu08GL001318	1317745	1317951	+	207	68	hypothetical protein	
smbu08	Chromosome1	smbu08GL001319	1318448	1319629	+	1182	393	putative peptidoglycan glycosyltransferase FtsW	UniProtKB/Swiss-Prot:Q47866
smbu08	Chromosome1	smbu08GL001320	1319722	1320606	+	885	294	hypothetical protein	
smbu08	Chromosome1	smbu08GL001321	1320737	1322773	+	2037	678	hypothetical protein	UniProtKB/Swiss-Prot:P42971
smbu08	Chromosome1	smbu08GL001322	1322870	1324021	-	1152	383	Na(+)/H(+) antiporter	UniProtKB/Swiss-Prot:P26235
smbu08	Chromosome1	smbu08GL001323	1324175	1324702	-	528	175	hypothetical protein	
smbu08	Chromosome1	smbu08GL001324	1324801	1325103	-	303	100	hypothetical protein	
smbu08	Chromosome1	smbu08GL001325	1325431	1326960	-	1530	509	NADH dehydrogenase	UniProtKB/Swiss-Prot:P26829
smbu08	Chromosome1	smbu08GL001326	1326970	1327533	-	564	187	Alkyl hydroperoxide reductase C	UniProtKB/Swiss-Prot:P80239
smbu08	Chromosome1	smbu08GL001327	1327678	1328337	-	660	219	hypothetical protein	
smbu08	Chromosome1	smbu08GL001328	1328521	1330158	+	1638	545	D-mannonate oxidoreductase	UniProtKB/Swiss-Prot:Q9WXS3
smbu08	Chromosome1	smbu08GL001329	1330158	1331243	+	1086	361	Mannonate dehydratase	UniProtKB/Swiss-Prot:Q9CF50
smbu08	Chromosome1	smbu08GL001330	1331476	1332906	-	1431	476	hypothetical protein	
smbu08	Chromosome1	smbu08GL001331	1333123	1334151	+	1029	342	hypothetical protein	
smbu08	Chromosome1	smbu08GL001332	1334286	1335338	-	1053	350	Putative transport protein YdbI	UniProtKB/Swiss-Prot:P96604
smbu08	Chromosome1	smbu08GL001333	1335473	1335790	-	318	105	hypothetical protein	
smbu08	Chromosome1	smbu08GL001334	1335970	1336380	-	411	136	Organic hydroperoxide resistance protein-like 2	UniProtKB/Swiss-Prot:Q8CMV4
smbu08	Chromosome1	smbu08GL001335	1336557	1336991	-	435	144	hypothetical protein	
smbu08	Chromosome1	smbu08GL001336	1337095	1337865	-	771	256	hypothetical protein	
smbu08	Chromosome1	smbu08GL001337	1338351	1340117	+	1767	588	Intracellular maltogenic amylase	UniProtKB/Swiss-Prot:O06988
smbu08	Chromosome1	smbu08GL001338	1340195	1341478	+	1284	427	Maltodextrin-binding protein MdxE	UniProtKB/Swiss-Prot:O06989
smbu08	Chromosome1	smbu08GL001339	1341767	1342927	+	1161	386	Maltodextrin transport system permease proteinMdxF	UniProtKB/Swiss-Prot:O06990
smbu08	Chromosome1	smbu08GL001340	1342931	1343782	+	852	283	Maltodextrin transport system permease proteinMdxG	UniProtKB/Swiss-Prot:O06991
smbu08	Chromosome1	smbu08GL001341	1343795	1344610	+	816	271	hypothetical protein	
smbu08	Chromosome1	smbu08GL001342	1344761	1345927	+	1167	388	hypothetical protein	
smbu08	Chromosome1	smbu08GL001343	1346161	1346808	+	648	215	hypothetical protein	
smbu08	Chromosome1	smbu08GL001344	1346871	1347836	+	966	321	Dihydroorotate dehydrogenase A (fumarate)	UniProtKB/Swiss-Prot:Q9CFC9
smbu08	Chromosome1	smbu08GL001345	1347971	1349422	+	1452	483	hypothetical protein	
smbu08	Chromosome1	smbu08GL001346	1349444	1350280	+	837	278	putative ABC transporter extracellular-bindingprotein YckB	UniProtKB/Swiss-Prot:P42400
smbu08	Chromosome1	smbu08GL001347	1350310	1350939	+	630	209	putative amino-acid ABC transporter permeaseprotein YckA	UniProtKB/Swiss-Prot:P42399
smbu08	Chromosome1	smbu08GL001348	1351045	1351752	+	708	235	hypothetical protein	
smbu08	Chromosome1	smbu08GL001349	1351749	1352753	+	1005	334	hypothetical protein	
smbu08	Chromosome1	smbu08GL001350	1352760	1353272	+	513	170	hypothetical protein	
smbu08	Chromosome1	smbu08GL001351	1353465	1354028	-	564	187	hypothetical protein	
smbu08	Chromosome1	smbu08GL001352	1354110	1355291	-	1182	393	Nucleoside permease NupC	UniProtKB/Swiss-Prot:P39141
smbu08	Chromosome1	smbu08GL001353	1355678	1357186	-	1509	502	UPF0371 protein CLK_3516	UniProtKB/Swiss-Prot:B1KUD0
smbu08	Chromosome1	smbu08GL001354	1357345	1357536	+	192	63	hypothetical protein	
smbu08	Chromosome1	smbu08GL001355	1357750	1358667	+	918	305	hypothetical protein	
smbu08	Chromosome1	smbu08GL001356	1358660	1359733	+	1074	357	hypothetical protein	
smbu08	Chromosome1	smbu08GL001357	1359881	1360399	+	519	172	hypothetical protein	
smbu08	Chromosome1	smbu08GL001358	1360428	1360772	+	345	114	hypothetical protein	
smbu08	Chromosome1	smbu08GL001359	1360847	1361782	+	936	311	hypothetical protein	
smbu08	Chromosome1	smbu08GL001360	1361915	1362694	+	780	259	hypothetical protein	
smbu08	Chromosome1	smbu08GL001361	1362687	1363004	+	318	105	hypothetical protein	
smbu08	Chromosome1	smbu08GL001362	1363248	1364858	+	1611	536	hypothetical protein	
smbu08	Chromosome1	smbu08GL001363	1365016	1365864	+	849	282	DegV domain-containing protein lmo2514	UniProtKB/Swiss-Prot:Q8Y4D5
smbu08	Chromosome1	smbu08GL001364	1365875	1365997	-	123	40	hypothetical protein	
smbu08	Chromosome1	smbu08GL001365	1366098	1366577	+	480	159	hypothetical protein	
smbu08	Chromosome1	smbu08GL001366	1366610	1368853	+	2244	747	hypothetical protein	
smbu08	Chromosome1	smbu08GL001367	1368982	1370634	+	1653	550	putative oligo-1,6-glucosidase 3	UniProtKB/Swiss-Prot:O05242
smbu08	Chromosome1	smbu08GL001368	1370698	1371243	-	546	181	UPF0340 protein EF_1967	UniProtKB/Swiss-Prot:Q833I5
smbu08	Chromosome1	smbu08GL001369	1371265	1371750	-	486	161	hypothetical protein	
smbu08	Chromosome1	smbu08GL001370	1371740	1372567	-	828	275	hypothetical protein	
smbu08	Chromosome1	smbu08GL001371	1372566	1372814	+	249	82	hypothetical protein	
smbu08	Chromosome1	smbu08GL001372	1372821	1374326	-	1506	501	hypothetical protein	
smbu08	Chromosome1	smbu08GL001373	1374457	1375488	-	1032	343	hypothetical protein	
smbu08	Chromosome1	smbu08GL001374	1375700	1376731	+	1032	343	hypothetical protein	
smbu08	Chromosome1	smbu08GL001375	1376744	1377670	+	927	308	hypothetical protein	
smbu08	Chromosome1	smbu08GL001376	1377687	1378064	+	378	125	hypothetical protein	
smbu08	Chromosome1	smbu08GL001377	1378307	1379293	+	987	328	hypothetical protein	
smbu08	Chromosome1	smbu08GL001378	1379493	1380833	-	1341	446	hypothetical protein	
smbu08	Chromosome1	smbu08GL001379	1380838	1381512	-	675	224	Transcriptional regulatory protein CiaR	UniProtKB/Swiss-Prot:P0A4H7
smbu08	Chromosome1	smbu08GL001380	1381733	1382806	+	1074	357	hypothetical protein	
smbu08	Chromosome1	smbu08GL001381	1382812	1383498	+	687	228	Putative hemin import ATP-binding protein HrtA	UniProtKB/Swiss-Prot:Q6GE75
smbu08	Chromosome1	smbu08GL001382	1383506	1384153	+	648	215	hypothetical protein	
smbu08	Chromosome1	smbu08GL001383	1384229	1385653	-	1425	474	hypothetical protein	
smbu08	Chromosome1	smbu08GL001384	1385865	1386953	+	1089	362	hypothetical protein	
smbu08	Chromosome1	smbu08GL001385	1387022	1389253	+	2232	743	hypothetical protein	
smbu08	Chromosome1	smbu08GL001386	1389255	1390676	+	1422	473	hypothetical protein	
smbu08	Chromosome1	smbu08GL001387	1390760	1391182	+	423	140	hypothetical protein	
smbu08	Chromosome1	smbu08GL001388	1391154	1392551	+	1398	465	hypothetical protein	
smbu08	Chromosome1	smbu08GL001389	1392643	1393485	+	843	280	hypothetical protein	
smbu08	Chromosome1	smbu08GL001390	1393607	1394482	-	876	291	hypothetical protein	
smbu08	Chromosome1	smbu08GL001391	1394689	1395720	+	1032	343	putative oxidoreductase YhhX	UniProtKB/Swiss-Prot:P46853
smbu08	Chromosome1	smbu08GL001392	1395817	1396122	+	306	101	hypothetical protein	
smbu08	Chromosome1	smbu08GL001393	1396284	1398299	+	2016	671	hypothetical protein	
smbu08	Chromosome1	smbu08GL001394	1398301	1398585	+	285	94	hypothetical protein	
smbu08	Chromosome1	smbu08GL001395	1398611	1399984	+	1374	457	hypothetical protein	
smbu08	Chromosome1	smbu08GL001396	1400067	1401899	-	1833	610	hypothetical protein	
smbu08	Chromosome1	smbu08GL001397	1402104	1402988	-	885	294	hypothetical protein	
smbu08	Chromosome1	smbu08GL001398	1403021	1403311	-	291	96	hypothetical protein	
smbu08	Chromosome1	smbu08GL001399	1403512	1404483	+	972	323	hypothetical protein	
smbu08	Chromosome1	smbu08GL001400	1405042	1405290	+	249	82	hypothetical protein	
smbu08	Chromosome1	smbu08GL001401	1405361	1405693	+	333	110	hypothetical protein	
smbu08	Chromosome1	smbu08GL001402	1405719	1405961	+	243	80	hypothetical protein	
smbu08	Chromosome1	smbu08GL001403	1406085	1407029	+	945	314	L-lactate dehydrogenase 2	UniProtKB/Swiss-Prot:Q9CII4
smbu08	Chromosome1	smbu08GL001404	1407689	1408087	-	399	132	hypothetical protein	
smbu08	Chromosome1	smbu08GL001405	1408084	1408320	-	237	78	hypothetical protein	
smbu08	Chromosome1	smbu08GL001406	1408482	1408766	-	285	94	hypothetical protein	
smbu08	Chromosome1	smbu08GL001407	1408937	1411165	-	2229	742	hypothetical protein	
smbu08	Chromosome1	smbu08GL001408	1411340	1411750	-	411	136	hypothetical protein	
smbu08	Chromosome1	smbu08GL001409	1411861	1413024	-	1164	387	hypothetical protein	
smbu08	Chromosome1	smbu08GL001410	1413202	1414158	-	957	318	Shikimate dehydrogenase (NADP(+))	UniProtKB/Swiss-Prot:Q92EG7
smbu08	Chromosome1	smbu08GL001411	1414334	1415104	-	771	256	Tyrosine transport ATP-binding protein	UniProtKB/Swiss-Prot:P0DX43
smbu08	Chromosome1	smbu08GL001412	1415107	1415988	-	882	293	Tyrosine transport system permease protein	UniProtKB/Swiss-Prot:P0DX44
smbu08	Chromosome1	smbu08GL001413	1415985	1417034	-	1050	349	hypothetical protein	
smbu08	Chromosome1	smbu08GL001414	1417484	1418107	-	624	207	hypothetical protein	
smbu08	Chromosome1	smbu08GL001415	1418297	1420003	+	1707	568	Rqc2 homolog RqcH	UniProtKB/Swiss-Prot:A0A0H2ZPC8
smbu08	Chromosome1	smbu08GL001416	1420185	1421087	-	903	300	hypothetical protein	
smbu08	Chromosome1	smbu08GL001417	1421084	1421776	-	693	230	hypothetical protein	
smbu08	Chromosome1	smbu08GL001418	1421819	1422460	-	642	213	hypothetical protein	
smbu08	Chromosome1	smbu08GL001419	1422498	1422695	-	198	65	hypothetical protein	
smbu08	Chromosome1	smbu08GL001420	1422853	1423488	-	636	211	hypothetical protein	
smbu08	Chromosome1	smbu08GL001421	1423500	1426238	-	2739	912	hypothetical protein	
smbu08	Chromosome1	smbu08GL001422	1426335	1427312	-	978	325	hypothetical protein	
smbu08	Chromosome1	smbu08GL001423	1427365	1428177	-	813	270	hypothetical protein	
smbu08	Chromosome1	smbu08GL001424	1428192	1428875	-	684	227	hypothetical protein	
smbu08	Chromosome1	smbu08GL001425	1428991	1429461	-	471	156	hypothetical protein	
smbu08	Chromosome1	smbu08GL001426	1429458	1429874	-	417	138	hypothetical protein	
smbu08	Chromosome1	smbu08GL001427	1430468	1431820	-	1353	450	Orotate phosphoribosyltransferase	UniProtKB/Swiss-Prot:F2MMN7
smbu08	Chromosome1	smbu08GL001428	1431817	1432749	-	933	310	Dihydroorotate dehydrogenase B (NAD(+)),catalytic subunit	UniProtKB/Swiss-Prot:F2MMN9
smbu08	Chromosome1	smbu08GL001429	1432746	1433522	-	777	258	Dihydroorotate dehydrogenase B (NAD(+)),electron transfer subunit	UniProtKB/Swiss-Prot:P0DH76
smbu08	Chromosome1	smbu08GL001430	1433576	1436761	-	3186	1061	Carbamoyl phosphate synthase large chain	UniProtKB/Swiss-Prot:Q834E2
smbu08	Chromosome1	smbu08GL001431	1436766	1437842	-	1077	358	Carbamoyl phosphate synthase small chain	UniProtKB/Swiss-Prot:Q8DUP4
smbu08	Chromosome1	smbu08GL001432	1437847	1439127	-	1281	426	Dihydroorotase	UniProtKB/Swiss-Prot:Q834E0
smbu08	Chromosome1	smbu08GL001433	1439146	1440072	-	927	308	Aspartate carbamoyltransferase catalyticsubunit	UniProtKB/Swiss-Prot:Q9L4T8
smbu08	Chromosome1	smbu08GL001434	1440085	1441368	-	1284	427	Uracil permease	UniProtKB/Swiss-Prot:P39766
smbu08	Chromosome1	smbu08GL001435	1441382	1441921	-	540	179	Bifunctional protein pyrR	UniProtKB/Swiss-Prot:P0DH77
smbu08	Chromosome1	smbu08GL001436	1442157	1443068	-	912	303	putative RNA pseudouridine synthase YlyB	UniProtKB/Swiss-Prot:Q45480
smbu08	Chromosome1	smbu08GL001437	1443065	1443493	-	429	142	Lipoprotein signal peptidase	UniProtKB/Swiss-Prot:Q834D8
smbu08	Chromosome1	smbu08GL001438	1443534	1444232	-	699	232	hypothetical protein	
smbu08	Chromosome1	smbu08GL001439	1444219	1444605	-	387	128	hypothetical protein	
smbu08	Chromosome1	smbu08GL001440	1444779	1446449	-	1671	556	Formate--tetrahydrofolate ligase	UniProtKB/Swiss-Prot:A4W0G0
smbu08	Chromosome1	smbu08GL001441	1446623	1446862	+	240	79	Cold shock-like protein	UniProtKB/Swiss-Prot:O54310
smbu08	Chromosome1	smbu08GL001442	1446966	1447415	-	450	149	hypothetical protein	
smbu08	Chromosome1	smbu08GL001443	1447494	1447898	+	405	134	Putative hydrolase EbsB	UniProtKB/Swiss-Prot:P36921
smbu08	Chromosome1	smbu08GL001444	1447945	1449093	-	1149	382	hypothetical protein	
smbu08	Chromosome1	smbu08GL001445	1449206	1449811	-	606	201	hypothetical protein	
smbu08	Chromosome1	smbu08GL001446	1450009	1452651	-	2643	880	Alanine--tRNA ligase	UniProtKB/Swiss-Prot:Q835J8
smbu08	Chromosome1	smbu08GL001447	1452961	1453473	+	513	170	hypothetical protein	
smbu08	Chromosome1	smbu08GL001448	1453518	1454867	-	1350	449	DEAD-box ATP-dependent RNA helicase CshB	UniProtKB/Swiss-Prot:Q8Y755
smbu08	Chromosome1	smbu08GL001449	1454937	1456100	-	1164	387	hypothetical protein	
smbu08	Chromosome1	smbu08GL001450	1456229	1456552	+	324	107	hypothetical protein	
smbu08	Chromosome1	smbu08GL001451	1456592	1457995	-	1404	467	hypothetical protein	
smbu08	Chromosome1	smbu08GL001452	1458069	1458224	+	156	51	hypothetical protein	
smbu08	Chromosome1	smbu08GL001453	1458370	1459788	-	1419	472	Beta-Ala-Xaa dipeptidase	UniProtKB/Swiss-Prot:P45494
smbu08	Chromosome1	smbu08GL001454	1459877	1461226	-	1350	449	hypothetical protein	
smbu08	Chromosome1	smbu08GL001455	1461290	1462243	-	954	317	putative epimerase/dehydratase SSP2164	UniProtKB/Swiss-Prot:Q49VA1
smbu08	Chromosome1	smbu08GL001456	1462345	1463550	-	1206	401	Putative pyridoxal phosphate-dependentacyltransferase	UniProtKB/Swiss-Prot:Q8EM07
smbu08	Chromosome1	smbu08GL001457	1464031	1464723	-	693	230	hypothetical protein	
smbu08	Chromosome1	smbu08GL001458	1464795	1466291	-	1497	498	Carboxypeptidase 1	UniProtKB/Swiss-Prot:P50848
smbu08	Chromosome1	smbu08GL001459	1466337	1467503	-	1167	388	Putative RNA methyltransferase YpsC	UniProtKB/Swiss-Prot:P50840
smbu08	Chromosome1	smbu08GL001460	1468050	1468469	-	420	139	Cell cycle protein GpsB	UniProtKB/Swiss-Prot:Q8DVL1
smbu08	Chromosome1	smbu08GL001461	1468559	1469098	-	540	179	UPF0398 protein EF_1150	UniProtKB/Swiss-Prot:Q836G3
smbu08	Chromosome1	smbu08GL001462	1469162	1469809	+	648	215	Holliday junction resolvase RecU	UniProtKB/Swiss-Prot:Q88W97
smbu08	Chromosome1	smbu08GL001463	1469859	1472177	+	2319	772	Penicillin-binding protein 1A	UniProtKB/Swiss-Prot:Q04707
smbu08	Chromosome1	smbu08GL001464	1472194	1472871	-	678	225	Endonuclease III	UniProtKB/Swiss-Prot:P39788
smbu08	Chromosome1	smbu08GL001465	1472878	1473594	-	717	238	hypothetical protein	
smbu08	Chromosome1	smbu08GL001466	1473844	1475031	+	1188	395	hypothetical protein	
smbu08	Chromosome1	smbu08GL001467	1475034	1475501	-	468	155	hypothetical protein	
smbu08	Chromosome1	smbu08GL001468	1475626	1475925	-	300	99	hypothetical protein	
smbu08	Chromosome1	smbu08GL001469	1476146	1477498	-	1353	450	NADH oxidase	UniProtKB/Swiss-Prot:P37061
smbu08	Chromosome1	smbu08GL001470	1477771	1478217	-	447	148	Peroxide-responsive repressor PerR	UniProtKB/Swiss-Prot:Q5HN74
smbu08	Chromosome1	smbu08GL001471	1478456	1479382	-	927	308	Cysteine synthase	UniProtKB/Swiss-Prot:P37887
smbu08	Chromosome1	smbu08GL001472	1479523	1480365	-	843	280	Muramidase-2	UniProtKB/Swiss-Prot:P39046
smbu08	Chromosome1	smbu08GL001473	1480663	1482660	-	1998	665	Transketolase	UniProtKB/Swiss-Prot:Q5XAK5
smbu08	Chromosome1	smbu08GL001474	1482762	1483013	-	252	83	UPF0291 protein EF_1580	UniProtKB/Swiss-Prot:Q834Q9
smbu08	Chromosome1	smbu08GL001475	1483160	1483783	+	624	207	LexA repressor	UniProtKB/Swiss-Prot:Q834R0
smbu08	Chromosome1	smbu08GL001476	1483962	1484180	+	219	72	hypothetical protein	
smbu08	Chromosome1	smbu08GL001477	1484373	1484885	-	513	170	Adenine phosphoribosyltransferase	UniProtKB/Swiss-Prot:Q834G6
smbu08	Chromosome1	smbu08GL001478	1484899	1487196	-	2298	765	hypothetical protein	
smbu08	Chromosome1	smbu08GL001479	1487338	1487781	-	444	147	hypothetical protein	
smbu08	Chromosome1	smbu08GL001480	1487782	1488570	-	789	262	putative oxidoreductase YqjQ	UniProtKB/Swiss-Prot:P54554
smbu08	Chromosome1	smbu08GL001481	1488567	1489508	-	942	313	Ribonuclease Z	UniProtKB/Swiss-Prot:Q834G2
smbu08	Chromosome1	smbu08GL001482	1489683	1490288	-	606	201	hypothetical protein	
smbu08	Chromosome1	smbu08GL001483	1490435	1491742	-	1308	435	GTPase Obg	UniProtKB/Swiss-Prot:Q834V4
smbu08	Chromosome1	smbu08GL001484	1491830	1491979	+	150	49	hypothetical protein	
smbu08	Chromosome1	smbu08GL001485	1492037	1493047	+	1011	336	Glyceraldehyde-3-phosphate dehydrogenase	UniProtKB/Swiss-Prot:O32755
smbu08	Chromosome1	smbu08GL001486	1493133	1494056	-	924	307	hypothetical protein	
smbu08	Chromosome1	smbu08GL001487	1494231	1495325	-	1095	364	hypothetical protein	
smbu08	Chromosome1	smbu08GL001488	1495514	1496269	+	756	251	Putative peptidyl-prolyl cis-trans isomerase	UniProtKB/Swiss-Prot:Q2FIC1
smbu08	Chromosome1	smbu08GL001489	1496394	1496834	-	441	146	3-hydroxyacyl-[acyl-carrier-protein] dehydrataseFabZ	UniProtKB/Swiss-Prot:Q820V3
smbu08	Chromosome1	smbu08GL001490	1497053	1497808	+	756	251	Enoyl-[acyl-carrier-protein] reductase [NADH]FabI	UniProtKB/Swiss-Prot:Q820V5
smbu08	Chromosome1	smbu08GL001491	1497920	1498933	-	1014	337	Branched-chain-amino-acid aminotransferase	UniProtKB/Swiss-Prot:P54689
smbu08	Chromosome1	smbu08GL001492	1499098	1500018	+	921	306	hypothetical protein	
smbu08	Chromosome1	smbu08GL001493	1500299	1500799	-	501	166	hypothetical protein	
smbu08	Chromosome1	smbu08GL001494	1500906	1501424	-	519	172	hypothetical protein	
smbu08	Chromosome1	smbu08GL001495	1501425	1502780	-	1356	451	Ribonuclease PH	UniProtKB/Swiss-Prot:Q8EPJ5
smbu08	Chromosome1	smbu08GL001496	1502783	1503604	-	822	273	Glutamate racemase	UniProtKB/Swiss-Prot:Q836J0
smbu08	Chromosome1	smbu08GL001497	1503765	1504421	-	657	218	putative glutamine ABC transporter permeaseprotein GlnP	UniProtKB/Swiss-Prot:O34606
smbu08	Chromosome1	smbu08GL001498	1504437	1505084	-	648	215	putative glutamine ABC transporter permeaseprotein GlnM	UniProtKB/Swiss-Prot:O34671
smbu08	Chromosome1	smbu08GL001499	1505097	1505912	-	816	271	ABC transporter glutamine-binding protein GlnH	UniProtKB/Swiss-Prot:O34563
smbu08	Chromosome1	smbu08GL001500	1505926	1506663	-	738	245	Glutamine transport ATP-binding protein GlnQ	UniProtKB/Swiss-Prot:O34677
smbu08	Chromosome1	smbu08GL001501	1506908	1507927	+	1020	339	Tryptophan--tRNA ligase	UniProtKB/Swiss-Prot:P0DG61
smbu08	Chromosome1	smbu08GL001502	1508096	1510483	-	2388	795	Phenylalanine--tRNA ligase beta subunit	UniProtKB/Swiss-Prot:Q836J5
smbu08	Chromosome1	smbu08GL001503	1510521	1511564	-	1044	347	Phenylalanine--tRNA ligase alpha subunit	UniProtKB/Swiss-Prot:Q836J6
smbu08	Chromosome1	smbu08GL001504	1511876	1512220	-	345	114	HTH-type transcriptional regulator YodB	UniProtKB/Swiss-Prot:O34844
smbu08	Chromosome1	smbu08GL001505	1512286	1516008	-	3723	1240	ATP-dependent helicase/nuclease subunit A	UniProtKB/Swiss-Prot:Q836J8
smbu08	Chromosome1	smbu08GL001506	1516005	1519532	-	3528	1175	ATP-dependent helicase/deoxyribonuclease subunitB	UniProtKB/Swiss-Prot:Q836J9
smbu08	Chromosome1	smbu08GL001507	1519713	1521179	-	1467	488	Di-/tripeptide transporter	UniProtKB/Swiss-Prot:P0C2U2
smbu08	Chromosome1	smbu08GL001508	1521566	1522162	+	597	198	hypothetical protein	
smbu08	Chromosome1	smbu08GL001509	1522218	1522655	-	438	145	hypothetical protein	
smbu08	Chromosome1	smbu08GL001510	1522806	1523003	-	198	65	hypothetical protein	
smbu08	Chromosome1	smbu08GL001511	1523298	1524047	+	750	249	hypothetical protein	
smbu08	Chromosome1	smbu08GL001512	1524116	1524544	+	429	142	hypothetical protein	
smbu08	Chromosome1	smbu08GL001513	1524810	1525181	-	372	123	hypothetical protein	
smbu08	Chromosome1	smbu08GL001514	1525376	1525585	+	210	69	hypothetical protein	
smbu08	Chromosome1	smbu08GL001515	1525677	1525865	-	189	62	hypothetical protein	
smbu08	Chromosome1	smbu08GL001516	1525889	1526140	-	252	83	hypothetical protein	
smbu08	Chromosome1	smbu08GL001517	1526310	1526567	+	258	85	hypothetical protein	
smbu08	Chromosome1	smbu08GL001518	1526637	1526828	-	192	63	hypothetical protein	
smbu08	Chromosome1	smbu08GL001519	1526971	1527291	-	321	106	hypothetical protein	
smbu08	Chromosome1	smbu08GL001520	1527314	1527724	-	411	136	hypothetical protein	
smbu08	Chromosome1	smbu08GL001521	1528083	1528706	+	624	207	hypothetical protein	
smbu08	Chromosome1	smbu08GL001522	1529038	1530558	-	1521	506	hypothetical protein	
smbu08	Chromosome1	smbu08GL001523	1530856	1531356	+	501	166	hypothetical protein	
smbu08	Chromosome1	smbu08GL001524	1531545	1531889	-	345	114	Fe-S protein maturation auxiliary factor YitW	UniProtKB/Swiss-Prot:P70949
smbu08	Chromosome1	smbu08GL001525	1532042	1532962	-	921	306	UPF0750 membrane protein YitT	UniProtKB/Swiss-Prot:P39803
smbu08	Chromosome1	smbu08GL001526	1533147	1533638	+	492	163	UPF0234 protein EF_1165	UniProtKB/Swiss-Prot:Q836E9
smbu08	Chromosome1	smbu08GL001527	1533663	1536044	-	2382	793	hypothetical protein	
smbu08	Chromosome1	smbu08GL001528	1536325	1536990	+	666	221	putative metallo-hydrolase YqgX	UniProtKB/Swiss-Prot:P54501
smbu08	Chromosome1	smbu08GL001529	1537014	1537718	+	705	234	hypothetical protein	
smbu08	Chromosome1	smbu08GL001530	1537910	1538743	+	834	277	Undecaprenyl-diphosphatase	UniProtKB/Swiss-Prot:Q831R1
smbu08	Chromosome1	smbu08GL001531	1538940	1540868	+	1929	642	Zinc-transporting ATPase	UniProtKB/Swiss-Prot:O31688
smbu08	Chromosome1	smbu08GL001532	1541002	1541457	+	456	151	UPF0756 membrane protein LSA1031	UniProtKB/Swiss-Prot:Q38WU8
smbu08	Chromosome1	smbu08GL001533	1541538	1541669	+	132	43	hypothetical protein	
smbu08	Chromosome1	smbu08GL001534	1541758	1542180	+	423	140	hypothetical protein	
smbu08	Chromosome1	smbu08GL001535	1542580	1542834	+	255	84	Small ribosomal subunit protein bS20	UniProtKB/Swiss-Prot:Q831Q7
smbu08	Chromosome1	smbu08GL001536	1542923	1543966	-	1044	347	Uncharacterized protein YqeN	UniProtKB/Swiss-Prot:P54459
smbu08	Chromosome1	smbu08GL001537	1544006	1546093	-	2088	695	hypothetical protein	
smbu08	Chromosome1	smbu08GL001538	1546272	1546811	-	540	179	ComE operon protein 2	UniProtKB/Swiss-Prot:P32393
smbu08	Chromosome1	smbu08GL001539	1546992	1547669	-	678	225	ComE operon protein 1	UniProtKB/Swiss-Prot:P39694
smbu08	Chromosome1	smbu08GL001540	1548000	1548995	-	996	331	hypothetical protein	
smbu08	Chromosome1	smbu08GL001541	1549033	1549524	-	492	163	Phosphopantetheine adenylyltransferase	UniProtKB/Swiss-Prot:Q831P9
smbu08	Chromosome1	smbu08GL001542	1549521	1550081	-	561	186	Putative rRNA methyltransferase YlbH	UniProtKB/Swiss-Prot:O34331
smbu08	Chromosome1	smbu08GL001543	1550212	1550427	-	216	71	UPF0298 protein EF_2453	UniProtKB/Swiss-Prot:Q831P7
smbu08	Chromosome1	smbu08GL001544	1550540	1550914	-	375	124	hypothetical protein	
smbu08	Chromosome1	smbu08GL001545	1550961	1552085	-	1125	374	hypothetical protein	
smbu08	Chromosome1	smbu08GL001546	1552106	1555534	-	3429	1142	Pyruvate carboxylase	UniProtKB/Swiss-Prot:Q9KWU4
smbu08	Chromosome1	smbu08GL001547	1555560	1556651	-	1092	363	putative peptidoglycan glycosyltransferase FtsW	UniProtKB/Swiss-Prot:P58119
smbu08	Chromosome1	smbu08GL001548	1556726	1557028	-	303	100	UPF0358 protein EF_2458	UniProtKB/Swiss-Prot:Q831P3
smbu08	Chromosome1	smbu08GL001549	1557141	1558937	-	1797	598	putative ATP-dependent DNA helicase RecQ	UniProtKB/Swiss-Prot:O34748
smbu08	Chromosome1	smbu08GL001550	1559173	1561002	-	1830	609	Large ribosomal subunit assembly factor BipA	UniProtKB/Swiss-Prot:O07631
smbu08	Chromosome1	smbu08GL001551	1561169	1561936	-	768	255	Inositol-1-monophosphatase	UniProtKB/Swiss-Prot:Q45499
smbu08	Chromosome1	smbu08GL001552	1561942	1562217	-	276	91	UPF0223 protein EF_2462	UniProtKB/Swiss-Prot:Q831N9
smbu08	Chromosome1	smbu08GL001553	1562379	1563785	-	1407	468	Dihydrolipoyl dehydrogenase	UniProtKB/Swiss-Prot:P11959
smbu08	Chromosome1	smbu08GL001554	1563793	1565436	-	1644	547	Dihydrolipoyllysine-residue acetyltransferasecomponent of pyruvate dehydrogenase complex	UniProtKB/Swiss-Prot:P65636
smbu08	Chromosome1	smbu08GL001555	1565461	1566438	-	978	325	Pyruvate dehydrogenase E1 component subunitbeta	UniProtKB/Swiss-Prot:P21882
smbu08	Chromosome1	smbu08GL001556	1566441	1567550	-	1110	369	Pyruvate dehydrogenase E1 component subunitalpha	UniProtKB/Swiss-Prot:P60089
smbu08	Chromosome1	smbu08GL001557	1568011	1569435	-	1425	474	hypothetical protein	
smbu08	Chromosome1	smbu08GL001558	1569570	1570547	-	978	325	GMP reductase	UniProtKB/Swiss-Prot:Q831S1
smbu08	Chromosome1	smbu08GL001559	1570805	1572010	-	1206	401	Xylose transport system permease protein XylH	UniProtKB/Swiss-Prot:P45045
smbu08	Chromosome1	smbu08GL001560	1572012	1573538	-	1527	508	L-arabinose transport ATP-binding protein AraG	UniProtKB/Swiss-Prot:Q9S472
smbu08	Chromosome1	smbu08GL001561	1573592	1574515	-	924	307	Multiple sugar-binding periplasmic receptorChvE	UniProtKB/Swiss-Prot:P25548
smbu08	Chromosome1	smbu08GL001562	1574534	1574680	-	147	48	hypothetical protein	
smbu08	Chromosome1	smbu08GL001563	1574750	1574869	+	120	39	hypothetical protein	
smbu08	Chromosome1	smbu08GL001564	1574948	1575916	+	969	322	hypothetical protein	
smbu08	Chromosome1	smbu08GL001565	1575930	1577381	+	1452	483	hypothetical protein	
smbu08	Chromosome1	smbu08GL001566	1577374	1577799	+	426	141	hypothetical protein	
smbu08	Chromosome1	smbu08GL001567	1577813	1578937	+	1125	374	hypothetical protein	
smbu08	Chromosome1	smbu08GL001568	1579067	1579981	-	915	304	hypothetical protein	
smbu08	Chromosome1	smbu08GL001569	1580104	1581378	-	1275	424	Phosphoribosylamine--glycine ligase	UniProtKB/Swiss-Prot:Q92AP4
smbu08	Chromosome1	smbu08GL001570	1581394	1582929	-	1536	511	Bifunctional purine biosynthesis protein PurH	UniProtKB/Swiss-Prot:Q833Z3
smbu08	Chromosome1	smbu08GL001571	1582926	1583504	-	579	192	Phosphoribosylglycinamide formyltransferase	UniProtKB/Swiss-Prot:P12040
smbu08	Chromosome1	smbu08GL001572	1583501	1584553	-	1053	350	Phosphoribosylformylglycinamidine cyclo-ligase	UniProtKB/Swiss-Prot:B8DDZ0
smbu08	Chromosome1	smbu08GL001573	1584576	1586015	-	1440	479	Amidophosphoribosyltransferase	UniProtKB/Swiss-Prot:Q8NX91
smbu08	Chromosome1	smbu08GL001574	1586000	1588222	-	2223	740	Phosphoribosylformylglycinamidine synthasesubunit PurL	UniProtKB/Swiss-Prot:Q833Y9
smbu08	Chromosome1	smbu08GL001575	1588223	1588894	-	672	223	Phosphoribosylformylglycinamidine synthasesubunit PurQ	UniProtKB/Swiss-Prot:Q833Y8
smbu08	Chromosome1	smbu08GL001576	1588896	1589150	-	255	84	Phosphoribosylformylglycinamidine synthasesubunit PurS	UniProtKB/Swiss-Prot:P12049
smbu08	Chromosome1	smbu08GL001577	1589150	1589941	-	792	263	Phosphoribosylaminoimidazole-succinocarboxamidesynthase	UniProtKB/Swiss-Prot:Q9R7D5
smbu08	Chromosome1	smbu08GL001578	1590135	1590512	+	378	125	hypothetical protein	
smbu08	Chromosome1	smbu08GL001579	1590693	1591988	-	1296	431	Adenylosuccinate lyase	UniProtKB/Swiss-Prot:P72478
smbu08	Chromosome1	smbu08GL001580	1592001	1593113	-	1113	370	N5-carboxyaminoimidazole ribonucleotidesynthase	UniProtKB/Swiss-Prot:P12045
smbu08	Chromosome1	smbu08GL001581	1593118	1593636	-	519	172	N5-carboxyaminoimidazole ribonucleotide mutase	UniProtKB/Swiss-Prot:P12044
smbu08	Chromosome1	smbu08GL001582	1593683	1593850	+	168	55	hypothetical protein	
smbu08	Chromosome1	smbu08GL001583	1593840	1595147	-	1308	435	Xanthine permease	UniProtKB/Swiss-Prot:P42086
smbu08	Chromosome1	smbu08GL001584	1595150	1595782	-	633	210	Xanthine phosphoribosyltransferase	UniProtKB/Swiss-Prot:Q831Y0
smbu08	Chromosome1	smbu08GL001585	1596299	1597591	-	1293	430	hypothetical protein	
smbu08	Chromosome1	smbu08GL001586	1597588	1598211	-	624	207	hypothetical protein	
smbu08	Chromosome1	smbu08GL001587	1598214	1599050	-	837	278	putative ABC transporter permease protein YesQ	UniProtKB/Swiss-Prot:O31520
smbu08	Chromosome1	smbu08GL001588	1599066	1599953	-	888	295	putative ABC transporter permease protein YesP	UniProtKB/Swiss-Prot:O31519
smbu08	Chromosome1	smbu08GL001589	1599969	1601252	-	1284	427	hypothetical protein	
smbu08	Chromosome1	smbu08GL001590	1602193	1602882	-	690	229	hypothetical protein	
smbu08	Chromosome1	smbu08GL001591	1602900	1603517	-	618	205	Exo-glucosaminidase LytG	UniProtKB/Swiss-Prot:O32083
smbu08	Chromosome1	smbu08GL001592	1603527	1604351	-	825	274	hypothetical protein	
smbu08	Chromosome1	smbu08GL001593	1604344	1604877	-	534	177	hypothetical protein	
smbu08	Chromosome1	smbu08GL001594	1605060	1606037	+	978	325	hypothetical protein	
smbu08	Chromosome1	smbu08GL001595	1606342	1607286	-	945	314	hypothetical protein	
smbu08	Chromosome1	smbu08GL001596	1607403	1608005	+	603	200	hypothetical protein	
smbu08	Chromosome1	smbu08GL001597	1608091	1609590	-	1500	499	Flotillin-like protein FloT	UniProtKB/Swiss-Prot:O32076
smbu08	Chromosome1	smbu08GL001598	1609606	1610130	-	525	174	hypothetical protein	
smbu08	Chromosome1	smbu08GL001599	1610251	1610466	-	216	71	hypothetical protein	
smbu08	Chromosome1	smbu08GL001600	1610444	1611949	+	1506	501	hypothetical protein	
smbu08	Chromosome1	smbu08GL001601	1611927	1612640	+	714	237	hypothetical protein	
smbu08	Chromosome1	smbu08GL001602	1612866	1613900	-	1035	344	(R)-2-hydroxyglutarate dehydrogenase	UniProtKB/Swiss-Prot:D2RJU7
smbu08	Chromosome1	smbu08GL001603	1613907	1614380	-	474	157	hypothetical protein	
smbu08	Chromosome1	smbu08GL001604	1614381	1614962	-	582	193	hypothetical protein	
smbu08	Chromosome1	smbu08GL001605	1615315	1616463	-	1149	382	hypothetical protein	
smbu08	Chromosome1	smbu08GL001606	1616539	1617375	-	837	278	hypothetical protein	
smbu08	Chromosome1	smbu08GL001607	1617562	1618782	-	1221	406	Glutamate-pyruvate aminotransferase AlaA	UniProtKB/Swiss-Prot:P71348
smbu08	Chromosome1	smbu08GL001608	1618928	1619095	-	168	55	hypothetical protein	
smbu08	Chromosome1	smbu08GL001609	1619320	1619592	-	273	90	hypothetical protein	
smbu08	Chromosome1	smbu08GL001610	1619802	1620494	-	693	230	hypothetical protein	
smbu08	Chromosome1	smbu08GL001611	1620889	1621521	+	633	210	hypothetical protein	
smbu08	Chromosome1	smbu08GL001612	1621605	1622327	-	723	240	hypothetical protein	
smbu08	Chromosome1	smbu08GL001613	1622329	1623054	-	726	241	Formylaminopyrimidine import ATP-binding proteinThiZ	UniProtKB/Swiss-Prot:Q9K9G7
smbu08	Chromosome1	smbu08GL001614	1623066	1624058	-	993	330	hypothetical protein	
smbu08	Chromosome1	smbu08GL001615	1624073	1624816	-	744	247	hypothetical protein	
smbu08	Chromosome1	smbu08GL001616	1625057	1626379	-	1323	440	hypothetical protein	
smbu08	Chromosome1	smbu08GL001617	1626366	1627331	-	966	321	putative ergothioneine transport ATP-bindingprotein EgtUA	UniProtKB/Swiss-Prot:A0A0H2ZLL3
smbu08	Chromosome1	smbu08GL001618	1627328	1628866	-	1539	512	putative ergothioneine transporter EgtUBC	UniProtKB/Swiss-Prot:Q837Z8
smbu08	Chromosome1	smbu08GL001619	1628946	1629065	-	120	39	hypothetical protein	
smbu08	Chromosome1	smbu08GL001620	1629281	1629607	-	327	108	hypothetical protein	
smbu08	Chromosome1	smbu08GL001621	1629701	1630369	+	669	222	hypothetical protein	
smbu08	Chromosome1	smbu08GL001622	1630660	1631400	-	741	246	hypothetical protein	
smbu08	Chromosome1	smbu08GL001623	1631530	1632477	-	948	315	putative HTH-type transcriptional regulatorYvdE	UniProtKB/Swiss-Prot:O06987
smbu08	Chromosome1	smbu08GL001624	1632613	1633371	-	759	252	hypothetical protein	
smbu08	Chromosome1	smbu08GL001625	1633375	1633764	-	390	129	hypothetical protein	
smbu08	Chromosome1	smbu08GL001626	1633881	1634441	+	561	186	UPF0316 protein EF_1609	UniProtKB/Swiss-Prot:Q834N5
smbu08	Chromosome1	smbu08GL001627	1634589	1635221	+	633	210	hypothetical protein	
smbu08	Chromosome1	smbu08GL001628	1635642	1636523	-	882	293	hypothetical protein	
smbu08	Chromosome1	smbu08GL001629	1636705	1637631	-	927	308	putative manganese-dependent inorganicpyrophosphatase	UniProtKB/Swiss-Prot:Q834N3
smbu08	Chromosome1	smbu08GL001630	1637716	1638477	-	762	253	Pyruvate formate-lyase-activating enzyme	UniProtKB/Swiss-Prot:O68575
smbu08	Chromosome1	smbu08GL001631	1638721	1640952	-	2232	743	Formate acetyltransferase	UniProtKB/Swiss-Prot:Q8CTX6
smbu08	Chromosome1	smbu08GL001632	1641229	1643679	-	2451	816	DNA topoisomerase 4 subunit A	UniProtKB/Swiss-Prot:P72525
smbu08	Chromosome1	smbu08GL001633	1643691	1645769	-	2079	692	DNA topoisomerase 4 subunit B	UniProtKB/Swiss-Prot:H7C794
smbu08	Chromosome1	smbu08GL001634	1645902	1646345	-	444	147	Uncharacterized protein YneT	UniProtKB/Swiss-Prot:Q45065
smbu08	Chromosome1	smbu08GL001635	1646463	1647101	+	639	212	Glycerol-3-phosphate acyltransferase	UniProtKB/Swiss-Prot:Q834K7
smbu08	Chromosome1	smbu08GL001636	1647246	1648127	-	882	293	hypothetical protein	
smbu08	Chromosome1	smbu08GL001637	1648203	1648994	-	792	263	Global transcriptional regulator CodY	UniProtKB/Swiss-Prot:B1HQV3
smbu08	Chromosome1	smbu08GL001638	1649010	1650410	-	1401	466	ATP-dependent protease ATPase subunit HslU	UniProtKB/Swiss-Prot:Q834K4
smbu08	Chromosome1	smbu08GL001639	1650424	1650972	-	549	182	ATP-dependent protease subunit HslV	UniProtKB/Swiss-Prot:Q834K3
smbu08	Chromosome1	smbu08GL001640	1651008	1651952	-	945	314	Tyrosine recombinase XerC	UniProtKB/Swiss-Prot:A0AI80
smbu08	Chromosome1	smbu08GL001641	1652111	1653430	-	1320	439	Methylenetetrahydrofolate--tRNA-(uracil-5-)-methyltransferase TrmFO	UniProtKB/Swiss-Prot:Q834K1
smbu08	Chromosome1	smbu08GL001642	1653456	1655588	-	2133	710	DNA topoisomerase 1	UniProtKB/Swiss-Prot:Q9CG80
smbu08	Chromosome1	smbu08GL001643	1655656	1656516	-	861	286	DNA processing protein DprA	UniProtKB/Swiss-Prot:Q8DPI7
smbu08	Chromosome1	smbu08GL001644	1656569	1657336	-	768	255	Ribonuclease HII	UniProtKB/Swiss-Prot:Q834J7
smbu08	Chromosome1	smbu08GL001645	1657329	1658210	-	882	293	Ribosome biogenesis GTPase A	UniProtKB/Swiss-Prot:B7GGD6
smbu08	Chromosome1	smbu08GL001646	1658410	1658844	+	435	144	hypothetical protein	
smbu08	Chromosome1	smbu08GL001647	1658991	1659623	+	633	210	hypothetical protein	
smbu08	Chromosome1	smbu08GL001648	1659711	1660262	-	552	183	Signal peptidase I V	UniProtKB/Swiss-Prot:O07560
smbu08	Chromosome1	smbu08GL001649	1660412	1660612	-	201	66	UPF0346 protein EF_1680	UniProtKB/Swiss-Prot:Q834H2
smbu08	Chromosome1	smbu08GL001650	1660636	1661154	-	519	172	Peptide methionine sulfoxide reductase MsrA	UniProtKB/Swiss-Prot:B4U465
smbu08	Chromosome1	smbu08GL001651	1661174	1661917	-	744	247	hypothetical protein	
smbu08	Chromosome1	smbu08GL001652	1661893	1662786	-	894	297	hypothetical protein	
smbu08	Chromosome1	smbu08GL001653	1662943	1663785	-	843	280	DegV domain-containing protein SP_1112	UniProtKB/Swiss-Prot:Q97QT7
smbu08	Chromosome1	smbu08GL001654	1663915	1664568	+	654	217	Hemolysin-3	UniProtKB/Swiss-Prot:P54176
smbu08	Chromosome1	smbu08GL001655	1664633	1665151	-	519	172	Dihydrofolate reductase	UniProtKB/Swiss-Prot:P00380
smbu08	Chromosome1	smbu08GL001656	1665171	1666145	-	975	324	Thymidylate synthase	UniProtKB/Swiss-Prot:Q834R3
smbu08	Chromosome1	smbu08GL001657	1666130	1668013	-	1884	627	putative ABC transporter ATP-binding proteinYfmR	UniProtKB/Swiss-Prot:O06476
smbu08	Chromosome1	smbu08GL001658	1668172	1670250	-	2079	692	hypothetical protein	
smbu08	Chromosome1	smbu08GL001659	1670263	1670538	-	276	91	hypothetical protein	
smbu08	Chromosome1	smbu08GL001660	1671003	1671458	-	456	151	hypothetical protein	
smbu08	Chromosome1	smbu08GL001661	1671612	1672820	-	1209	402	CCA-adding enzyme	UniProtKB/Swiss-Prot:Q834S5
smbu08	Chromosome1	smbu08GL001662	1672817	1672951	-	135	44	hypothetical protein	
smbu08	Chromosome1	smbu08GL001663	1672932	1673264	-	333	110	Uncharacterized protein YpjD	UniProtKB/Swiss-Prot:P42979
smbu08	Chromosome1	smbu08GL001664	1673412	1674287	+	876	291	UPF0750 membrane protein YpjC	UniProtKB/Swiss-Prot:P42978
smbu08	Chromosome1	smbu08GL001665	1674365	1674946	-	582	193	UPF0302 protein EF_1554	UniProtKB/Swiss-Prot:Q834S9
smbu08	Chromosome1	smbu08GL001666	1674952	1676211	-	1260	419	hypothetical protein	
smbu08	Chromosome1	smbu08GL001667	1676213	1677259	-	1047	348	hypothetical protein	
smbu08	Chromosome1	smbu08GL001668	1677492	1677767	-	276	91	DNA-binding protein HU	UniProtKB/Swiss-Prot:P0C0H2
smbu08	Chromosome1	smbu08GL001669	1678010	1679320	-	1311	436	GTPase Der	UniProtKB/Swiss-Prot:Q834T4
smbu08	Chromosome1	smbu08GL001670	1679502	1680731	-	1230	409	Small ribosomal subunit protein bS1 homolog	UniProtKB/Swiss-Prot:P38494
smbu08	Chromosome1	smbu08GL001671	1680866	1681546	-	681	226	Cytidylate kinase	UniProtKB/Swiss-Prot:Q834T6
smbu08	Chromosome1	smbu08GL001672	1681595	1682230	-	636	211	hypothetical protein	
smbu08	Chromosome1	smbu08GL001673	1682296	1683699	-	1404	467	putative ATP-dependent DNA helicase RecS	UniProtKB/Swiss-Prot:P50729
smbu08	Chromosome1	smbu08GL001674	1683686	1684645	-	960	319	hypothetical protein	
smbu08	Chromosome1	smbu08GL001675	1684748	1684969	+	222	73	hypothetical protein	
smbu08	Chromosome1	smbu08GL001676	1685132	1685869	-	738	245	hypothetical protein	
smbu08	Chromosome1	smbu08GL001677	1686024	1687364	-	1341	446	hypothetical protein	
smbu08	Chromosome1	smbu08GL001678	1687597	1689120	-	1524	507	hypothetical protein	
smbu08	Chromosome1	smbu08GL001679	1689269	1689391	-	123	40	hypothetical protein	
smbu08	Chromosome1	smbu08GL001680	1689498	1690109	-	612	203	hypothetical protein	
smbu08	Chromosome1	smbu08GL001681	1690439	1691155	-	717	238	Ribosomal large subunit pseudouridine synthaseB	UniProtKB/Swiss-Prot:P35159
smbu08	Chromosome1	smbu08GL001682	1691156	1691731	-	576	191	Segregation and condensation protein B	UniProtKB/Swiss-Prot:Q834U3
smbu08	Chromosome1	smbu08GL001683	1691715	1692485	-	771	256	Segregation and condensation protein A	UniProtKB/Swiss-Prot:Q834U4
smbu08	Chromosome1	smbu08GL001684	1692482	1692853	-	372	123	hypothetical protein	
smbu08	Chromosome1	smbu08GL001685	1692872	1693759	-	888	295	Tyrosine recombinase XerD	UniProtKB/Swiss-Prot:P46352
smbu08	Chromosome1	smbu08GL001686	1693855	1694328	-	474	157	Ferric uptake regulation protein	UniProtKB/Swiss-Prot:P54574
smbu08	Chromosome1	smbu08GL001687	1694433	1695296	-	864	287	Uncharacterized protein YitL	UniProtKB/Swiss-Prot:O06747
smbu08	Chromosome1	smbu08GL001688	1695578	1697710	-	2133	710	hypothetical protein	
smbu08	Chromosome1	smbu08GL001689	1697800	1697916	-	117	38	hypothetical protein	
smbu08	Chromosome1	smbu08GL001690	1697927	1699036	-	1110	369	RNA polymerase sigma factor SigA	UniProtKB/Swiss-Prot:P52329
smbu08	Chromosome1	smbu08GL001691	1699059	1700942	-	1884	627	DNA primase	UniProtKB/Swiss-Prot:P52308
smbu08	Chromosome1	smbu08GL001692	1701082	1703439	-	2358	785	putative cation-transporting ATPase exp7	UniProtKB/Swiss-Prot:P35597
smbu08	Chromosome1	smbu08GL001693	1703586	1704446	-	861	286	hypothetical protein	
smbu08	Chromosome1	smbu08GL001694	1704504	1705136	-	633	210	Pneumococcal vaccine antigen A	UniProtKB/Swiss-Prot:Q9AHT6
smbu08	Chromosome1	smbu08GL001695	1705302	1706063	+	762	253	hypothetical protein	
smbu08	Chromosome1	smbu08GL001696	1706080	1708680	+	2601	866	hypothetical protein	
smbu08	Chromosome1	smbu08GL001697	1708870	1710057	-	1188	395	Elongation factor Tu	UniProtKB/Swiss-Prot:B5E653
smbu08	Chromosome1	smbu08GL001698	1710425	1710781	+	357	118	hypothetical protein	
smbu08	Chromosome1	smbu08GL001699	1711075	1712079	-	1005	334	hypothetical protein	
smbu08	Chromosome1	smbu08GL001700	1712245	1713096	+	852	283	Glyoxal reductase	UniProtKB/Swiss-Prot:O32210
smbu08	Chromosome1	smbu08GL001701	1713113	1713358	+	246	81	hypothetical protein	
smbu08	Chromosome1	smbu08GL001702	1713544	1714248	+	705	234	hypothetical protein	
smbu08	Chromosome1	smbu08GL001704	1714381	1714596	-	216	71	hypothetical protein	
smbu08	Chromosome1	smbu08GL001703	1714611	1714727	+	117	38	hypothetical protein	
smbu08	Chromosome1	smbu08GL001705	1715100	1715735	-	636	211	hypothetical protein	
smbu08	Chromosome1	smbu08GL001706	1715891	1718341	-	2451	816	Acetyl-CoA acetyltransferase	UniProtKB/Swiss-Prot:Q18AR0
smbu08	Chromosome1	smbu08GL001707	1718517	1719671	+	1155	384	Hydroxymethylglutaryl-CoA synthase	UniProtKB/Swiss-Prot:Q9FD71
smbu08	Chromosome1	smbu08GL001708	1719694	1720488	-	795	264	hypothetical protein	
smbu08	Chromosome1	smbu08GL001709	1720749	1723415	-	2667	888	Calcium-transporting ATPase lmo0841	UniProtKB/Swiss-Prot:Q8Y8Q5
smbu08	Chromosome1	smbu08GL001710	1723790	1725208	+	1419	472	Cardiolipin synthase	UniProtKB/Swiss-Prot:A0ALI7
smbu08	Chromosome1	smbu08GL001711	1725394	1726248	-	855	284	Hydroxymethylpyrimidine/phosphomethylpyrimidinekinase	UniProtKB/Swiss-Prot:P44697
smbu08	Chromosome1	smbu08GL001712	1727177	1727656	+	480	159	Global transcriptional regulator Spx	UniProtKB/Swiss-Prot:Q97Q26
smbu08	Chromosome1	smbu08GL001713	1727818	1728567	-	750	249	hypothetical protein	
smbu08	Chromosome1	smbu08GL001714	1728568	1728894	-	327	108	Uncharacterized protein X	UniProtKB/Swiss-Prot:P39044
smbu08	Chromosome1	smbu08GL001715	1729042	1729482	-	441	146	hypothetical protein	
smbu08	Chromosome1	smbu08GL001716	1729563	1730960	-	1398	465	6-phospho-beta-glucosidase GmuD	UniProtKB/Swiss-Prot:O05508
smbu08	Chromosome1	smbu08GL001717	1731113	1732384	+	1272	423	PTS system oligo-beta-mannoside-specific EIICcomponent	UniProtKB/Swiss-Prot:O05507
smbu08	Chromosome1	smbu08GL001718	1732512	1733231	+	720	239	HTH-type transcriptional regulator GmuR	UniProtKB/Swiss-Prot:O05509
smbu08	Chromosome1	smbu08GL001719	1733704	1734678	+	975	324	Putative ring-cleaving dioxygenase MhqA	UniProtKB/Swiss-Prot:O34689
smbu08	Chromosome1	smbu08GL001720	1734734	1735339	+	606	201	hypothetical protein	
smbu08	Chromosome1	smbu08GL001721	1735432	1736142	-	711	236	hypothetical protein	
smbu08	Chromosome1	smbu08GL001722	1736198	1736458	-	261	86	hypothetical protein	
smbu08	Chromosome1	smbu08GL001723	1736480	1737901	-	1422	473	hypothetical protein	
smbu08	Chromosome1	smbu08GL001724	1737912	1738211	-	300	99	hypothetical protein	
smbu08	Chromosome1	smbu08GL001725	1738223	1738681	-	459	152	hypothetical protein	
smbu08	Chromosome1	smbu08GL001726	1738904	1739695	+	792	263	hypothetical protein	
smbu08	Chromosome1	smbu08GL001727	1739661	1740614	+	954	317	hypothetical protein	
smbu08	Chromosome1	smbu08GL001728	1740837	1741811	-	975	324	Uncharacterized protein PA2218	UniProtKB/Swiss-Prot:Q01609
smbu08	Chromosome1	smbu08GL001729	1741926	1742360	+	435	144	hypothetical protein	
smbu08	Chromosome1	smbu08GL001730	1742484	1743524	-	1041	346	hypothetical protein	
smbu08	Chromosome1	smbu08GL001731	1743898	1744320	+	423	140	Arsenate reductase	UniProtKB/Swiss-Prot:A4INR2
smbu08	Chromosome1	smbu08GL001732	1744910	1745461	+	552	183	UPF0397 protein BPUM_3679	UniProtKB/Swiss-Prot:A8FJA6
smbu08	Chromosome1	smbu08GL001733	1745478	1747166	+	1689	562	Putative ABC transporter ATP-binding proteinEF_2153	UniProtKB/Swiss-Prot:Q832R5
smbu08	Chromosome1	smbu08GL001734	1747153	1747986	+	834	277	hypothetical protein	
smbu08	Chromosome1	smbu08GL001735	1748224	1749489	-	1266	421	hypothetical protein	
smbu08	Chromosome1	smbu08GL001736	1749646	1750482	-	837	278	hypothetical protein	
smbu08	Chromosome1	smbu08GL001737	1750518	1750808	-	291	96	hypothetical protein	
smbu08	Chromosome1	smbu08GL001738	1751397	1751591	+	195	64	hypothetical protein	
smbu08	Chromosome1	smbu08GL001739	1751819	1751953	+	135	44	hypothetical protein	
smbu08	Chromosome1	smbu08GL001740	1752054	1752998	-	945	314	Putative L-ribulose-5-phosphate 3-epimeraseSgbU	UniProtKB/Swiss-Prot:P37679
smbu08	Chromosome1	smbu08GL001741	1753003	1753677	-	675	224	3-keto-L-gulonate-6-phosphate decarboxylaseSgbH	UniProtKB/Swiss-Prot:P37678
smbu08	Chromosome1	smbu08GL001742	1753656	1753910	-	255	84	hypothetical protein	
smbu08	Chromosome1	smbu08GL001743	1753997	1755481	-	1485	494	hypothetical protein	
smbu08	Chromosome1	smbu08GL001744	1755501	1755935	-	435	144	hypothetical protein	
smbu08	Chromosome1	smbu08GL001745	1755927	1756043	+	117	38	hypothetical protein	
smbu08	Chromosome1	smbu08GL001746	1756029	1757048	-	1020	339	putative L-ascorbate-6-phosphate lactonase UlaG	UniProtKB/Swiss-Prot:B7LLX4
smbu08	Chromosome1	smbu08GL001747	1757233	1758036	+	804	267	hypothetical protein	
smbu08	Chromosome1	smbu08GL001748	1758203	1759639	-	1437	478	Aryl-phospho-beta-D-glucosidase BglA	UniProtKB/Swiss-Prot:P42973
smbu08	Chromosome1	smbu08GL001749	1759636	1761051	-	1416	471	hypothetical protein	
smbu08	Chromosome1	smbu08GL001750	1761226	1761987	-	762	253	hypothetical protein	
smbu08	Chromosome1	smbu08GL001751	1762049	1762408	-	360	119	hypothetical protein	
smbu08	Chromosome1	smbu08GL001752	1762580	1763350	+	771	256	hypothetical protein	
smbu08	Chromosome1	smbu08GL001753	1763520	1765088	+	1569	522	PTS system maltose-specific EIICB component	UniProtKB/Swiss-Prot:P19642
smbu08	Chromosome1	smbu08GL001754	1765100	1766296	+	1197	398	Protein MalY	UniProtKB/Swiss-Prot:P23256
smbu08	Chromosome1	smbu08GL001755	1766387	1767214	-	828	275	hypothetical protein	
smbu08	Chromosome1	smbu08GL001756	1767345	1767854	-	510	169	hypothetical protein	
smbu08	Chromosome1	smbu08GL001757	1767949	1768347	-	399	132	hypothetical protein	
smbu08	Chromosome1	smbu08GL001758	1768550	1768795	-	246	81	hypothetical protein	
smbu08	Chromosome1	smbu08GL001759	1768810	1770123	-	1314	437	hypothetical protein	
smbu08	Chromosome1	smbu08GL001760	1777516	1778928	-	1413	470	hypothetical protein	UniProtKB/Swiss-Prot:Q49XM6
smbu08	Chromosome1	smbu08GL001761	1779018	1779704	-	687	228	Response regulator ArlR	UniProtKB/Swiss-Prot:Q49XM7
smbu08	Chromosome1	smbu08GL001762	1779896	1781317	-	1422	473	6-phosphogluconate dehydrogenase,decarboxylating	UniProtKB/Swiss-Prot:Q9CHU6
smbu08	Chromosome1	smbu08GL001763	1781487	1781666	-	180	59	Large ribosomal subunit protein bL32C	UniProtKB/Swiss-Prot:Q836R0
smbu08	Chromosome1	smbu08GL001764	1781724	1782173	-	450	149	hypothetical protein	
smbu08	Chromosome1	smbu08GL001765	1782470	1783384	+	915	304	hypothetical protein	
smbu08	Chromosome1	smbu08GL001766	1783415	1785199	-	1785	594	Pyruvate kinase	UniProtKB/Swiss-Prot:P34038
smbu08	Chromosome1	smbu08GL001767	1785273	1786235	-	963	320	ATP-dependent 6-phosphofructokinase	UniProtKB/Swiss-Prot:Q836R3
smbu08	Chromosome1	smbu08GL001768	1786403	1789714	-	3312	1103	DNA polymerase III subunit alpha	UniProtKB/Swiss-Prot:Q9F1K0
smbu08	Chromosome1	smbu08GL001769	1789944	1790129	+	186	61	hypothetical protein	
smbu08	Chromosome1	smbu08GL001770	1790190	1791386	-	1197	398	Multi-drug resistance efflux pump PmrA homolog	UniProtKB/Swiss-Prot:P58120
smbu08	Chromosome1	smbu08GL001771	1791556	1793004	-	1449	482	Putative permease MJ0326	UniProtKB/Swiss-Prot:Q57772
smbu08	Chromosome1	smbu08GL001772	1793285	1794097	+	813	270	hypothetical protein	
smbu08	Chromosome1	smbu08GL001773	1794401	1796554	-	2154	717	Penicillin-binding protein 2B	UniProtKB/Swiss-Prot:A0A0H2ZQ75
smbu08	Chromosome1	smbu08GL001774	1796587	1796703	-	117	38	hypothetical protein	
smbu08	Chromosome1	smbu08GL001775	1796860	1797681	-	822	273	hypothetical protein	
smbu08	Chromosome1	smbu08GL001776	1797930	1799873	-	1944	647	Threonine--tRNA ligase	UniProtKB/Swiss-Prot:Q830D0
smbu08	Chromosome1	smbu08GL001777	1799870	1799983	-	114	37	hypothetical protein	
smbu08	Chromosome1	smbu08GL001778	1800209	1800424	-	216	71	putative tautomerase EF_2859	UniProtKB/Swiss-Prot:Q830C9
smbu08	Chromosome1	smbu08GL001779	1800435	1802258	-	1824	607	hypothetical protein	
smbu08	Chromosome1	smbu08GL001780	1802536	1804815	+	2280	759	hypothetical protein	
smbu08	Chromosome1	smbu08GL001781	1804898	1805545	-	648	215	hypothetical protein	
smbu08	Chromosome1	smbu08GL001782	1805724	1806443	-	720	239	putative transcriptional regulatory proteinEF_2866	UniProtKB/Swiss-Prot:Q830C3
smbu08	Chromosome1	smbu08GL001783	1806574	1807725	-	1152	383	tRNA(Met) cytidine acetate ligase	UniProtKB/Swiss-Prot:Q830C2
smbu08	Chromosome1	smbu08GL001784	1807945	1808685	-	741	246	Putative methyltransferase GWCH70_2453	UniProtKB/Swiss-Prot:C5D4V7
smbu08	Chromosome1	smbu08GL001785	1808687	1808947	-	261	86	Ribosomal silencing factor RsfS	UniProtKB/Swiss-Prot:P54457
smbu08	Chromosome1	smbu08GL001786	1809068	1809655	-	588	195	Bis(5'-nucleosyl)-tetraphosphatase, symmetrical	UniProtKB/Swiss-Prot:Q8DY32
smbu08	Chromosome1	smbu08GL001787	1809645	1810295	-	651	216	putative nicotinate-nucleotideadenylyltransferase	UniProtKB/Swiss-Prot:Q830B9
smbu08	Chromosome1	smbu08GL001788	1810305	1810616	-	312	103	putative RNA-binding protein YqeI	UniProtKB/Swiss-Prot:P54454
smbu08	Chromosome1	smbu08GL001789	1810632	1811741	-	1110	369	Uncharacterized protein YqeH	UniProtKB/Swiss-Prot:P54453
smbu08	Chromosome1	smbu08GL001790	1811738	1812265	-	528	175	putative phosphatase YqeG	UniProtKB/Swiss-Prot:P54452
smbu08	Chromosome1	smbu08GL001791	1812493	1813278	-	786	261	Acetyl-coenzyme A carboxylase carboxyltransferase subunit alpha	UniProtKB/Swiss-Prot:Q830B5
smbu08	Chromosome1	smbu08GL001792	1813271	1814140	-	870	289	Acetyl-coenzyme A carboxylase carboxyltransferase subunit beta	UniProtKB/Swiss-Prot:Q830B4
smbu08	Chromosome1	smbu08GL001793	1814141	1815520	-	1380	459	Biotin carboxylase 1	UniProtKB/Swiss-Prot:P49787
smbu08	Chromosome1	smbu08GL001794	1815528	1815947	-	420	139	3-hydroxyacyl-[acyl-carrier-protein] dehydrataseFabZ	UniProtKB/Swiss-Prot:Q820T5
smbu08	Chromosome1	smbu08GL001795	1815972	1816448	-	477	158	Biotin carboxyl carrier protein of acetyl-CoAcarboxylase	UniProtKB/Swiss-Prot:Q5XAE6
smbu08	Chromosome1	smbu08GL001796	1816451	1817686	-	1236	411	3-oxoacyl-[acyl-carrier-protein] synthase 2	UniProtKB/Swiss-Prot:O34340
smbu08	Chromosome1	smbu08GL001797	1817705	1818442	-	738	245	3-oxoacyl-[acyl-carrier-protein] reductase FabG	UniProtKB/Swiss-Prot:P0A0I0
smbu08	Chromosome1	smbu08GL001798	1818454	1819371	-	918	305	Malonyl CoA-acyl carrier protein transacylase	UniProtKB/Swiss-Prot:P71019
smbu08	Chromosome1	smbu08GL001799	1819478	1819702	-	225	74	Acyl carrier protein	UniProtKB/Swiss-Prot:Q5M183
smbu08	Chromosome1	smbu08GL001800	1819756	1820718	-	963	320	Beta-ketoacyl-[acyl-carrier-protein] synthaseIII	UniProtKB/Swiss-Prot:Q820T1
smbu08	Chromosome1	smbu08GL001801	1820728	1821168	-	441	146	hypothetical protein	
smbu08	Chromosome1	smbu08GL001802	1821474	1822439	+	966	321	hypothetical protein	
smbu08	Chromosome1	smbu08GL001803	1822496	1822681	-	186	61	hypothetical protein	
smbu08	Chromosome1	smbu08GL001804	1822812	1823699	-	888	295	putative oxidoreductase YkwC	UniProtKB/Swiss-Prot:O34948
smbu08	Chromosome1	smbu08GL001805	1823788	1825011	-	1224	407	Alpha-monoglucosyldiacylglycerol synthase	UniProtKB/Swiss-Prot:Q8CWR6
smbu08	Chromosome1	smbu08GL001806	1825028	1826074	-	1047	348	Processive diacylglycerolalpha-glucosyltransferase	UniProtKB/Swiss-Prot:Q8KQL6
smbu08	Chromosome1	smbu08GL001807	1826245	1827972	-	1728	575	Phosphoenolpyruvate-protein phosphotransferase	UniProtKB/Swiss-Prot:P23530
smbu08	Chromosome1	smbu08GL001808	1827972	1828238	-	267	88	Phosphocarrier protein HPr	UniProtKB/Swiss-Prot:P07515
smbu08	Chromosome1	smbu08GL001809	1828715	1830949	+	2235	744	ATP-dependent Clp protease ATP-binding subunitClpE	UniProtKB/Swiss-Prot:Q9CI09
smbu08	Chromosome1	smbu08GL001810	1831233	1831553	+	321	106	hypothetical protein	
smbu08	Chromosome1	smbu08GL001811	1831594	1831845	-	252	83	hypothetical protein	
smbu08	Chromosome1	smbu08GL001812	1832136	1833716	-	1581	526	Peptide chain release factor 3	UniProtKB/Swiss-Prot:Q837X4
smbu08	Chromosome1	smbu08GL001813	1834113	1835489	-	1377	458	hypothetical protein	
smbu08	Chromosome1	smbu08GL001814	1835617	1836705	-	1089	362	Putative transport protein YueF	UniProtKB/Swiss-Prot:O32095
smbu08	Chromosome1	smbu08GL001815	1836877	1837311	+	435	144	hypothetical protein	
smbu08	Chromosome1	smbu08GL001816	1837392	1837925	-	534	177	Nucleoside triphosphate/diphosphate phosphatase	UniProtKB/Swiss-Prot:Q837X8
smbu08	Chromosome1	smbu08GL001817	1838019	1839197	-	1179	392	Adenine DNA glycosylase	UniProtKB/Swiss-Prot:O31584
smbu08	Chromosome1	smbu08GL001818	1839190	1839987	-	798	265	Regulatory protein RecX	UniProtKB/Swiss-Prot:Q830R7
smbu08	Chromosome1	smbu08GL001819	1840094	1841476	+	1383	460	putative RNA methyltransferase EF_2706	UniProtKB/Swiss-Prot:Q830R6
smbu08	Chromosome1	smbu08GL001820	1841648	1842256	-	609	202	Lytic chitin monooxygenase	UniProtKB/Swiss-Prot:Q838S1
smbu08	Chromosome1	smbu08GL001821	1842384	1843931	-	1548	515	hypothetical protein	
smbu08	Chromosome1	smbu08GL001822	1844208	1844678	+	471	156	hypothetical protein	
smbu08	Chromosome1	smbu08GL001823	1844796	1845827	-	1032	343	Polyisoprenyl-teichoic acid--peptidoglycanteichoic acid transferase TagU	UniProtKB/Swiss-Prot:Q836A6
smbu08	Chromosome1	smbu08GL001824	1845844	1846329	+	486	161	hypothetical protein	
smbu08	Chromosome1	smbu08GL001825	1846380	1847840	-	1461	486	hypothetical protein	
smbu08	Chromosome1	smbu08GL001826	1847908	1848147	-	240	79	hypothetical protein	
smbu08	Chromosome1	smbu08GL001827	1848153	1849832	-	1680	559	hypothetical protein	
smbu08	Chromosome1	smbu08GL001828	1849941	1852187	-	2247	748	hypothetical protein	
smbu08	Chromosome1	smbu08GL001829	1852724	1853509	+	786	261	hypothetical protein	
smbu08	Chromosome1	smbu08GL001830	1853510	1854172	+	663	220	hypothetical protein	
smbu08	Chromosome1	smbu08GL001831	1854222	1854422	-	201	66	Cold shock-like protein CspD	UniProtKB/Swiss-Prot:Q816H3
smbu08	Chromosome1	smbu08GL001832	1854556	1855164	-	609	202	Superoxide dismutase [Fe]	UniProtKB/Swiss-Prot:Q838I4
smbu08	Chromosome1	smbu08GL001833	1855247	1855717	-	471	156	Cell wall teichoic acid glycosylation proteinGtcA	UniProtKB/Swiss-Prot:P58412
smbu08	Chromosome1	smbu08GL001834	1855794	1856732	-	939	312	hypothetical protein	
smbu08	Chromosome1	smbu08GL001835	1856824	1857627	+	804	267	hypothetical protein	
smbu08	Chromosome1	smbu08GL001836	1857846	1858793	+	948	315	hypothetical protein	
smbu08	Chromosome1	smbu08GL001837	1858853	1859146	-	294	97	hypothetical protein	
smbu08	Chromosome1	smbu08GL001838	1859163	1859828	-	666	221	Ktr system potassium uptake protein C	UniProtKB/Swiss-Prot:P39760
smbu08	Chromosome1	smbu08GL001839	1860072	1862162	-	2091	696	hypothetical protein	
smbu08	Chromosome1	smbu08GL001840	1862165	1863184	-	1020	339	hypothetical protein	
smbu08	Chromosome1	smbu08GL001841	1863361	1863993	-	633	210	Response regulator protein VraR	UniProtKB/Swiss-Prot:P0C0Z1
smbu08	Chromosome1	smbu08GL001842	1864000	1865064	-	1065	354	hypothetical protein	
smbu08	Chromosome1	smbu08GL001843	1865064	1865819	-	756	251	hypothetical protein	
smbu08	Chromosome1	smbu08GL001844	1865964	1866443	-	480	159	Transcription elongation factor GreA	UniProtKB/Swiss-Prot:Q65GT4
smbu08	Chromosome1	smbu08GL001845	1866578	1867753	-	1176	391	Endolytic murein transglycosylase	UniProtKB/Swiss-Prot:A0A0H2ZLQ1
smbu08	Chromosome1	smbu08GL001846	1867918	1869078	+	1161	386	hypothetical protein	
smbu08	Chromosome1	smbu08GL001847	1869117	1870073	-	957	318	hypothetical protein	
smbu08	Chromosome1	smbu08GL001848	1870198	1871589	-	1392	463	hypothetical protein	
smbu08	Chromosome1	smbu08GL001849	1871714	1872124	+	411	136	Glycerol-3-phosphate cytidylyltransferase	UniProtKB/Swiss-Prot:P27623
smbu08	Chromosome1	smbu08GL001850	1872498	1872713	+	216	71	hypothetical protein	
smbu08	Chromosome1	smbu08GL001851	1872970	1873170	+	201	66	hypothetical protein	
smbu08	Chromosome1	smbu08GL001852	1873660	1875087	-	1428	475	hypothetical protein	
smbu08	Chromosome1	smbu08GL001853	1875084	1876226	-	1143	380	hypothetical protein	
smbu08	Chromosome1	smbu08GL001854	1876230	1877234	-	1005	334	hypothetical protein	
smbu08	Chromosome1	smbu08GL001855	1877339	1878205	-	867	288	hypothetical protein	
smbu08	Chromosome1	smbu08GL001856	1878300	1879130	-	831	276	putative glycosyltransferase HI_1695	UniProtKB/Swiss-Prot:Q48215
smbu08	Chromosome1	smbu08GL001857	1879168	1880559	-	1392	463	hypothetical protein	
smbu08	Chromosome1	smbu08GL001858	1880762	1882900	-	2139	712	Uncharacterized protein y4gI	UniProtKB/Swiss-Prot:P55465
smbu08	Chromosome1	smbu08GL001859	1882939	1884525	-	1587	528	hypothetical protein	
smbu08	Chromosome1	smbu08GL001860	1884515	1885735	-	1221	406	Teichoic acids export ATP-binding protein TagH	UniProtKB/Swiss-Prot:Q630Y3
smbu08	Chromosome1	smbu08GL001861	1885747	1886553	-	807	268	hypothetical protein	
smbu08	Chromosome1	smbu08GL001862	1886762	1888042	-	1281	426	hypothetical protein	
smbu08	Chromosome1	smbu08GL001863	1888086	1890119	-	2034	677	hypothetical protein	
smbu08	Chromosome1	smbu08GL001864	1890154	1891005	-	852	283	Spore coat polysaccharide biosynthesis proteinSpsK	UniProtKB/Swiss-Prot:P39631
smbu08	Chromosome1	smbu08GL001865	1891103	1892131	-	1029	342	dTDP-glucose 4,6-dehydratase	UniProtKB/Swiss-Prot:P95780
smbu08	Chromosome1	smbu08GL001866	1892153	1892725	-	573	190	dTDP-4-dehydrorhamnose 3,5-epimerase	UniProtKB/Swiss-Prot:P37745
smbu08	Chromosome1	smbu08GL001867	1892739	1893605	-	867	288	Glucose-1-phosphate thymidylyltransferase	UniProtKB/Swiss-Prot:P95778
smbu08	Chromosome1	smbu08GL001868	1893705	1894358	-	654	217	hypothetical protein	
smbu08	Chromosome1	smbu08GL001869	1894417	1895244	-	828	275	hypothetical protein	
smbu08	Chromosome1	smbu08GL001870	1895244	1896044	-	801	266	hypothetical protein	
smbu08	Chromosome1	smbu08GL001871	1896037	1897077	-	1041	346	putative undecaprenyl-phosphateN-acetylglucosaminyl 1-phosphate transferase	UniProtKB/Swiss-Prot:O34753
smbu08	Chromosome1	smbu08GL001872	1897252	1898175	-	924	307	hypothetical protein	
smbu08	Chromosome1	smbu08GL001873	1898207	1898971	-	765	254	Methionine aminopeptidase A	UniProtKB/Swiss-Prot:P53579
smbu08	Chromosome1	smbu08GL001874	1899129	1899569	+	441	146	hypothetical protein	
smbu08	Chromosome1	smbu08GL001875	1899745	1900314	-	570	189	hypothetical protein	
smbu08	Chromosome1	smbu08GL001876	1900570	1901802	+	1233	410	Aminopeptidase PepS	UniProtKB/Swiss-Prot:Q9X4A7
smbu08	Chromosome1	smbu08GL001877	1901949	1902503	-	555	184	hypothetical protein	
smbu08	Chromosome1	smbu08GL001878	1903358	1903522	+	165	54	hypothetical protein	
smbu08	Chromosome1	smbu08GL001879	1903594	1904775	-	1182	393	hypothetical protein	
smbu08	Chromosome1	smbu08GL001880	1904899	1905312	-	414	137	hypothetical protein	
smbu08	Chromosome1	smbu08GL001881	1905312	1905521	-	210	69	hypothetical protein	
smbu08	Chromosome1	smbu08GL001882	1905526	1905771	-	246	81	hypothetical protein	
smbu08	Chromosome1	smbu08GL001883	1905815	1907275	-	1461	486	PTS system cellobiose-specific EIIC component	UniProtKB/Swiss-Prot:Q9CJ32
smbu08	Chromosome1	smbu08GL001884	1907383	1907724	-	342	113	Lichenan-specific phosphotransferase enzyme IIAcomponent	UniProtKB/Swiss-Prot:P46319
smbu08	Chromosome1	smbu08GL001885	1907732	1908058	-	327	108	PTS system galactose-specific EIIB component	UniProtKB/Swiss-Prot:A2RIE6
smbu08	Chromosome1	smbu08GL001886	1908201	1910903	-	2703	900	hypothetical protein	
smbu08	Chromosome1	smbu08GL001887	1910966	1912243	-	1278	425	putative ATP-dependent RNA helicase YfmL	UniProtKB/Swiss-Prot:O34750
smbu08	Chromosome1	smbu08GL001888	1912243	1913256	-	1014	337	hypothetical protein	
smbu08	Chromosome1	smbu08GL001889	1913272	1914000	-	729	242	Sugar fermentation stimulation protein homolog	UniProtKB/Swiss-Prot:P58430
smbu08	Chromosome1	smbu08GL001890	1914024	1914152	+	129	42	hypothetical protein	
smbu08	Chromosome1	smbu08GL001891	1914165	1914506	+	342	113	hypothetical protein	
smbu08	Chromosome1	smbu08GL001892	1914680	1915327	+	648	215	hypothetical protein	
smbu08	Chromosome1	smbu08GL001893	1915342	1916868	+	1527	508	Glucose-6-phosphate 1-dehydrogenase	UniProtKB/Swiss-Prot:O54537
smbu08	Chromosome1	smbu08GL001894	1916917	1919715	-	2799	932	Isoleucine--tRNA ligase	UniProtKB/Swiss-Prot:Q836V1
smbu08	Chromosome1	smbu08GL001895	1919976	1920683	-	708	235	Cell division protein DivIVA	UniProtKB/Swiss-Prot:Q8CWP9
smbu08	Chromosome1	smbu08GL001896	1920704	1921486	-	783	260	Putative RNA-binding protein YlmH	UniProtKB/Swiss-Prot:P71020
smbu08	Chromosome1	smbu08GL001897	1921535	1921756	-	222	73	hypothetical protein	
smbu08	Chromosome1	smbu08GL001898	1921837	1922436	-	600	199	Cell division protein SepF	UniProtKB/Swiss-Prot:Q836V4
smbu08	Chromosome1	smbu08GL001899	1922450	1923127	-	678	225	Pyridoxal phosphate homeostasis protein	UniProtKB/Swiss-Prot:O31727
smbu08	Chromosome1	smbu08GL001900	1923144	1924385	-	1242	413	Cell division protein FtsZ	UniProtKB/Swiss-Prot:O08458
smbu08	Chromosome1	smbu08GL001901	1924408	1925733	-	1326	441	Cell division protein FtsA	UniProtKB/Swiss-Prot:O07672
smbu08	Chromosome1	smbu08GL001902	1925889	1927121	-	1233	410	hypothetical protein	
smbu08	Chromosome1	smbu08GL001903	1927136	1928224	-	1089	362	UDP-N-acetylglucosamine--N-acetylmuramyl-(pentapeptide) pyrophosphoryl-undecaprenolN-acetylglucosamine transferase	UniProtKB/Swiss-Prot:O07670
smbu08	Chromosome1	smbu08GL001904	1928250	1929611	-	1362	453	UDP-N-acetylmuramoylalanine--D-glutamate ligase	UniProtKB/Swiss-Prot:O07669
smbu08	Chromosome1	smbu08GL001905	1929625	1930587	-	963	320	Phospho-N-acetylmuramoyl-pentapeptide-transferase	UniProtKB/Swiss-Prot:O07668
smbu08	Chromosome1	smbu08GL001906	1930613	1932775	-	2163	720	Penicillin-binding protein 2X	UniProtKB/Swiss-Prot:P59676
smbu08	Chromosome1	smbu08GL001907	1932806	1933210	-	405	134	Cell division protein FtsL	UniProtKB/Swiss-Prot:F3Y9Q5
smbu08	Chromosome1	smbu08GL001908	1933212	1934171	-	960	319	Ribosomal RNA small subunit methyltransferase H	UniProtKB/Swiss-Prot:O07665
smbu08	Chromosome1	smbu08GL001909	1934192	1934623	-	432	143	Transcriptional regulator MraZ	UniProtKB/Swiss-Prot:O34913
smbu08	Chromosome1	smbu08GL001910	1934793	1935038	-	246	81	hypothetical protein	
smbu08	Chromosome1	smbu08GL001911	1935275	1936288	+	1014	337	hypothetical protein	
smbu08	Chromosome1	smbu08GL001912	1936361	1936477	+	117	38	hypothetical protein	
smbu08	Chromosome1	smbu08GL001913	1936533	1938215	-	1683	560	DNA repair protein RecN	UniProtKB/Swiss-Prot:P17894
smbu08	Chromosome1	smbu08GL001914	1938233	1938682	-	450	149	Arginine repressor	UniProtKB/Swiss-Prot:Q8VL04
smbu08	Chromosome1	smbu08GL001915	1938789	1939607	-	819	272	Putative rRNA methyltransferase YqxC	UniProtKB/Swiss-Prot:P19672
smbu08	Chromosome1	smbu08GL001916	1939616	1940506	-	891	296	Farnesyl diphosphate synthase	UniProtKB/Swiss-Prot:Q08291
smbu08	Chromosome1	smbu08GL001917	1940508	1940732	-	225	74	Exodeoxyribonuclease 7 small subunit	UniProtKB/Swiss-Prot:Q836W5
smbu08	Chromosome1	smbu08GL001918	1940737	1942074	-	1338	445	Exodeoxyribonuclease 7 large subunit	UniProtKB/Swiss-Prot:Q836W6
smbu08	Chromosome1	smbu08GL001919	1942075	1942929	-	855	284	Bifunctional protein FolD	UniProtKB/Swiss-Prot:Q836W7
smbu08	Chromosome1	smbu08GL001920	1943026	1943475	-	450	149	Transcription antitermination protein NusB	UniProtKB/Swiss-Prot:Q836W8
smbu08	Chromosome1	smbu08GL001921	1943468	1943893	-	426	141	Uncharacterized protein YqhY	UniProtKB/Swiss-Prot:P54519
smbu08	Chromosome1	smbu08GL001922	1944140	1945204	-	1065	354	putative peptidase YqhT	UniProtKB/Swiss-Prot:P54518
smbu08	Chromosome1	smbu08GL001923	1945377	1945622	-	246	81	hypothetical protein	
smbu08	Chromosome1	smbu08GL001924	1945760	1946134	-	375	124	hypothetical protein	
smbu08	Chromosome1	smbu08GL001925	1946217	1947149	-	933	310	PTS system mannose-specific EIID component	UniProtKB/Swiss-Prot:P69807
smbu08	Chromosome1	smbu08GL001926	1947152	1947955	-	804	267	PTS system mannose-specific EIIC component	UniProtKB/Swiss-Prot:P69803
smbu08	Chromosome1	smbu08GL001927	1947988	1948977	-	990	329	PTS system mannose-specific EIIAB component	UniProtKB/Swiss-Prot:Q5XAF5
smbu08	Chromosome1	smbu08GL001928	1949080	1949571	-	492	163	PTS system mannose-specific EIIAB component	UniProtKB/Swiss-Prot:P69799
smbu08	Chromosome1	smbu08GL001929	1949762	1952569	-	2808	935	hypothetical protein	
smbu08	Chromosome1	smbu08GL001930	1952724	1952837	+	114	37	hypothetical protein	
smbu08	Chromosome1	smbu08GL001931	1953004	1953297	-	294	97	Large ribosomal subunit protein bL27	UniProtKB/Swiss-Prot:Q836X4
smbu08	Chromosome1	smbu08GL001932	1953310	1953654	-	345	114	hypothetical protein	
smbu08	Chromosome1	smbu08GL001933	1953682	1953990	-	309	102	Large ribosomal subunit protein bL21	UniProtKB/Swiss-Prot:Q836X6
smbu08	Chromosome1	smbu08GL001934	1954276	1954917	+	642	213	hypothetical protein	
smbu08	Chromosome1	smbu08GL001935	1954979	1956610	-	1632	543	hypothetical protein	
smbu08	Chromosome1	smbu08GL001936	1956731	1957183	-	453	150	Uncharacterized protein YpaA	UniProtKB/Swiss-Prot:Q02009
smbu08	Chromosome1	smbu08GL001937	1957634	1958317	-	684	227	hypothetical protein	
smbu08	Chromosome1	smbu08GL001938	1958445	1958972	-	528	175	hypothetical protein	
smbu08	Chromosome1	smbu08GL001939	1959255	1961018	+	1764	587	hypothetical protein	
smbu08	Chromosome1	smbu08GL001940	1961065	1962069	-	1005	334	Lipoate-protein ligase LplJ	UniProtKB/Swiss-Prot:O07608
smbu08	Chromosome1	smbu08GL001941	1962080	1962823	-	744	247	putative metallo-hydrolase YhfI	UniProtKB/Swiss-Prot:O07607
smbu08	Chromosome1	smbu08GL001942	1962890	1963693	-	804	267	hypothetical protein	
smbu08	Chromosome1	smbu08GL001943	1963693	1964775	-	1083	360	Putative aminopeptidase YsdC	UniProtKB/Swiss-Prot:P94521
smbu08	Chromosome1	smbu08GL001944	1964917	1966182	-	1266	421	Protein DltD	UniProtKB/Swiss-Prot:P55154
smbu08	Chromosome1	smbu08GL001945	1966185	1966418	-	234	77	D-alanyl carrier protein	UniProtKB/Swiss-Prot:Q830N2
smbu08	Chromosome1	smbu08GL001946	1966463	1967665	-	1203	400	Teichoic acid D-alanyltransferase	UniProtKB/Swiss-Prot:P35855
smbu08	Chromosome1	smbu08GL001947	1967665	1969179	-	1515	504	D-alanine--D-alanyl carrier protein ligase	UniProtKB/Swiss-Prot:Q88VM6
smbu08	Chromosome1	smbu08GL001948	1969190	1969339	-	150	49	hypothetical protein	
smbu08	Chromosome1	smbu08GL001949	1969409	1969624	-	216	71	hypothetical protein	
smbu08	Chromosome1	smbu08GL001950	1969745	1971787	-	2043	680	hypothetical protein	
smbu08	Chromosome1	smbu08GL001951	1971777	1972580	-	804	267	Bacitracin export ATP-binding protein BceA	UniProtKB/Swiss-Prot:Q9K619
smbu08	Chromosome1	smbu08GL001952	1972864	1975053	+	2190	729	Anaerobic ribonucleoside-triphosphate reductase	UniProtKB/Swiss-Prot:P28903
smbu08	Chromosome1	smbu08GL001953	1975491	1976093	+	603	200	Anaerobic ribonucleoside-triphosphatereductase-activating protein	UniProtKB/Swiss-Prot:Q9CM94
smbu08	Chromosome1	smbu08GL001954	1976147	1977268	-	1122	373	DNA polymerase IV	UniProtKB/Swiss-Prot:A4VZ21
smbu08	Chromosome1	smbu08GL001955	1977377	1978249	-	873	290	Ribosomal RNA small subunit methyltransferase I	UniProtKB/Swiss-Prot:Q9A186
smbu08	Chromosome1	smbu08GL001956	1978318	1978665	-	348	115	Initiation-control protein YabA	UniProtKB/Swiss-Prot:Q830M0
smbu08	Chromosome1	smbu08GL001957	1978658	1979488	-	831	276	Stage 0 sporulation protein YaaT	UniProtKB/Swiss-Prot:P37541
smbu08	Chromosome1	smbu08GL001958	1979518	1980456	-	939	312	DNA polymerase III subunit delta'	UniProtKB/Swiss-Prot:P37540
smbu08	Chromosome1	smbu08GL001959	1980470	1980799	-	330	109	Cyclic di-AMP receptor A	UniProtKB/Swiss-Prot:P37538
smbu08	Chromosome1	smbu08GL001960	1980814	1981458	-	645	214	Thymidylate kinase	UniProtKB/Swiss-Prot:Q830L6
smbu08	Chromosome1	smbu08GL001961	1981522	1982118	-	597	198	Recombination protein RecR	UniProtKB/Swiss-Prot:Q830L4
smbu08	Chromosome1	smbu08GL001962	1982143	1982457	-	315	104	Nucleoid-associated protein EF_2780	UniProtKB/Swiss-Prot:Q830K2
smbu08	Chromosome1	smbu08GL001963	1982478	1984223	-	1746	581	DNA polymerase III subunit gamma/tau	UniProtKB/Swiss-Prot:P09122
smbu08	Chromosome1	smbu08GL001964	1984405	1985685	+	1281	426	hypothetical protein	
smbu08	Chromosome1	smbu08GL001965	1985701	1986894	+	1194	397	hypothetical protein	
smbu08	Chromosome1	smbu08GL001966	1986891	1987688	+	798	265	hypothetical protein	
smbu08	Chromosome1	smbu08GL001967	1987699	1987914	+	216	71	hypothetical protein	
smbu08	Chromosome1	smbu08GL001968	1988071	1988766	-	696	231	Lactate racemization regulatory protein	UniProtKB/Swiss-Prot:F9USS8
smbu08	Chromosome1	smbu08GL001969	1988920	1989198	+	279	92	hypothetical protein	
smbu08	Chromosome1	smbu08GL001970	1989217	1990425	+	1209	402	hypothetical protein	
smbu08	Chromosome1	smbu08GL001971	1990502	1990876	-	375	124	hypothetical protein	
smbu08	Chromosome1	smbu08GL001972	1991024	1991245	-	222	73	hypothetical protein	
smbu08	Chromosome1	smbu08GL001973	1991238	1992488	-	1251	416	hypothetical protein	
smbu08	Chromosome1	smbu08GL001974	1993213	1993521	-	309	102	hypothetical protein	
smbu08	Chromosome1	smbu08GL001975	1993564	1994139	-	576	191	hypothetical protein	
smbu08	Chromosome1	smbu08GL001976	1994173	1994583	-	411	136	hypothetical protein	
smbu08	Chromosome1	smbu08GL001977	1994596	1995309	-	714	237	hypothetical protein	
smbu08	Chromosome1	smbu08GL001978	1995476	1995805	-	330	109	hypothetical protein	
smbu08	Chromosome1	smbu08GL001979	1996171	1996485	-	315	104	hypothetical protein	
smbu08	Chromosome1	smbu08GL001980	1996788	1997759	+	972	323	hypothetical protein	
smbu08	Chromosome1	smbu08GL001981	1997851	1998114	-	264	87	Large ribosomal subunit protein bL31B	UniProtKB/Swiss-Prot:Q836E3
smbu08	Chromosome1	smbu08GL001982	1998213	1999508	-	1296	431	Transcription termination factor Rho	UniProtKB/Swiss-Prot:Q03222
smbu08	Chromosome1	smbu08GL001983	1999505	2000776	-	1272	423	UDP-N-acetylglucosamine1-carboxyvinyltransferase 1	UniProtKB/Swiss-Prot:Q836E5
smbu08	Chromosome1	smbu08GL001984	2000941	2001810	-	870	289	Fructose-bisphosphate aldolase	UniProtKB/Swiss-Prot:P0CZ58
smbu08	Chromosome1	smbu08GL001985	2001913	2002125	+	213	70	hypothetical protein	
smbu08	Chromosome1	smbu08GL001986	2002102	2003712	-	1611	536	CTP synthase	UniProtKB/Swiss-Prot:Q836G5
smbu08	Chromosome1	smbu08GL001987	2004247	2005587	-	1341	446	Glutamine synthetase	UniProtKB/Swiss-Prot:P60890
smbu08	Chromosome1	smbu08GL001988	2005615	2006007	-	393	130	HTH-type transcriptional regulator GlnR	UniProtKB/Swiss-Prot:P37582
smbu08	Chromosome1	smbu08GL001989	2006220	2007449	-	1230	409	GTPase HflX	UniProtKB/Swiss-Prot:P94478
smbu08	Chromosome1	smbu08GL001990	2007451	2008368	-	918	305	tRNA dimethylallyltransferase	UniProtKB/Swiss-Prot:Q820U0
smbu08	Chromosome1	smbu08GL001991	2008372	2009109	-	738	245	Glycerophosphodiester phosphodiesterase	UniProtKB/Swiss-Prot:A0A8F4N283
smbu08	Chromosome1	smbu08GL001992	2009200	2009697	-	498	165	hypothetical protein	
smbu08	Chromosome1	smbu08GL001993	2009907	2010500	+	594	197	ATP-dependent Clp protease proteolytic subunit	UniProtKB/Swiss-Prot:Q837R0
smbu08	Chromosome1	smbu08GL001994	2010602	2011087	-	486	161	Carbonic anhydrase	UniProtKB/Swiss-Prot:Q5KW03
smbu08	Chromosome1	smbu08GL001995	2011237	2011434	-	198	65	hypothetical protein	
smbu08	Chromosome1	smbu08GL001996	2011529	2013289	-	1761	586	Fatty acid ABC transporter ATP-binding/permeaseprotein	UniProtKB/Swiss-Prot:P63398
smbu08	Chromosome1	smbu08GL001997	2013286	2014992	-	1707	568	hypothetical protein	UniProtKB/Swiss-Prot:P9WQJ0
smbu08	Chromosome1	smbu08GL001998	2015409	2015621	+	213	70	DNA-directed RNA polymerase subunit epsilon	UniProtKB/Swiss-Prot:Q82ZX4
smbu08	Chromosome1	smbu08GL001999	2015623	2017302	+	1680	559	Ribonuclease J 1	UniProtKB/Swiss-Prot:Q8K5W8
smbu08	Chromosome1	smbu08GL002000	2017560	2017760	-	201	66	Cold shock-like protein CspLA	UniProtKB/Swiss-Prot:P0A355
smbu08	Chromosome1	smbu08GL002001	2017910	2018602	-	693	230	UPF0758 protein EF_2926	UniProtKB/Swiss-Prot:Q82ZX1
smbu08	Chromosome1	smbu08GL002002	2018657	2019310	-	654	217	hypothetical protein	
smbu08	Chromosome1	smbu08GL002003	2019300	2020769	-	1470	489	Dihydrofolate synthase/folylpolyglutamatesynthase	UniProtKB/Swiss-Prot:Q05865
smbu08	Chromosome1	smbu08GL002004	2020810	2023455	-	2646	881	Valine--tRNA ligase	UniProtKB/Swiss-Prot:Q82ZW6
smbu08	Chromosome1	smbu08GL002005	2023848	2024495	-	648	215	Redox-sensing transcriptional repressor Rex 2	UniProtKB/Swiss-Prot:Q82ZW4
smbu08	Chromosome1	smbu08GL002006	2024759	2025952	-	1194	397	putative tRNA sulfurtransferase	UniProtKB/Swiss-Prot:Q82ZW3
smbu08	Chromosome1	smbu08GL002007	2025986	2027128	-	1143	380	NifS/IcsS protein homolog	UniProtKB/Swiss-Prot:P31672
smbu08	Chromosome1	smbu08GL002008	2027115	2027231	-	117	38	hypothetical protein	
smbu08	Chromosome1	smbu08GL002009	2027294	2029015	-	1722	573	Septation ring formation regulator EzrA	UniProtKB/Swiss-Prot:Q838R5
smbu08	Chromosome1	smbu08GL002010	2029214	2029774	-	561	186	hypothetical protein	
smbu08	Chromosome1	smbu08GL002011	2029800	2030639	-	840	279	hypothetical protein	
smbu08	Chromosome1	smbu08GL002012	2030673	2031506	-	834	277	hypothetical protein	
smbu08	Chromosome1	smbu08GL002013	2031737	2032705	+	969	322	hypothetical protein	
smbu08	Chromosome1	smbu08GL002014	2032860	2033603	-	744	247	hypothetical protein	
smbu08	Chromosome1	smbu08GL002015	2033613	2034446	-	834	277	putative ketoamine kinase HMPREF0351_12196	UniProtKB/Swiss-Prot:Q3XZZ9
smbu08	Chromosome1	smbu08GL002016	2034653	2035981	-	1329	442	Aminopeptidase C	UniProtKB/Swiss-Prot:Q56115
smbu08	Chromosome1	smbu08GL002017	2036268	2036441	+	174	57	hypothetical protein	
smbu08	Chromosome1	smbu08GL002018	2036475	2036624	-	150	49	hypothetical protein	
smbu08	Chromosome1	smbu08GL002019	2037304	2037453	+	150	49	hypothetical protein	
smbu08	Chromosome1	smbu08GL002020	2037738	2037908	+	171	56	hypothetical protein	
smbu08	Chromosome1	smbu08GL002021	2038031	2038405	-	375	124	hypothetical protein	
smbu08	Chromosome1	smbu08GL002022	2038718	2040145	-	1428	475	6-phospho-beta-glucosidase BglA	UniProtKB/Swiss-Prot:Q46829
smbu08	Chromosome1	smbu08GL002023	2040157	2042013	-	1857	618	PTS system beta-glucoside-specific EIIBCAcomponent	UniProtKB/Swiss-Prot:P40739
smbu08	Chromosome1	smbu08GL002024	2042006	2042851	-	846	281	hypothetical protein	
smbu08	Chromosome1	smbu08GL002025	2043171	2043968	-	798	265	hypothetical protein	
smbu08	Chromosome1	smbu08GL002026	2043986	2045071	-	1086	361	Putative agmatine deiminase 1	UniProtKB/Swiss-Prot:Q725C6
smbu08	Chromosome1	smbu08GL002027	2045228	2046217	-	990	329	Carbamate kinase 1	UniProtKB/Swiss-Prot:P0A2X7
smbu08	Chromosome1	smbu08GL002028	2046214	2048694	-	2481	826	Putative agmatine deiminase	UniProtKB/Swiss-Prot:Q8RPX2
smbu08	Chromosome1	smbu08GL002029	2048805	2049839	-	1035	344	Putrescine carbamoyltransferase	UniProtKB/Swiss-Prot:C1KV77
smbu08	Chromosome1	smbu08GL002030	2050814	2050957	-	144	47	hypothetical protein	
smbu08	Chromosome1	smbu08GL002031	2057050	2057163	+	114	37	hypothetical protein	
smbu08	Chromosome1	smbu08GL002032	2057172	2057543	-	372	123	hypothetical protein	
smbu08	Chromosome1	smbu08GL002033	2057610	2057990	-	381	126	General stress protein 13	UniProtKB/Swiss-Prot:P80870
smbu08	Chromosome1	smbu08GL002034	2058054	2059247	+	1194	397	Cystathionine beta-lyase PatB	UniProtKB/Swiss-Prot:Q08432
smbu08	Chromosome1	smbu08GL002035	2059323	2059907	-	585	194	Putative peptidyl-prolyl cis-trans isomerase	UniProtKB/Swiss-Prot:Q2FIC1
smbu08	Chromosome1	smbu08GL002036	2060118	2061116	+	999	332	Ferredoxin--NADP reductase	UniProtKB/Swiss-Prot:Q82ZZ8
smbu08	Chromosome1	smbu08GL002037	2061228	2061737	+	510	169	Uncharacterized protein YutG	UniProtKB/Swiss-Prot:O32124
smbu08	Chromosome1	smbu08GL002038	2061764	2062423	-	660	219	hypothetical protein	
smbu08	Chromosome1	smbu08GL002039	2062425	2063189	-	765	254	Acid sugar phosphatase	UniProtKB/Swiss-Prot:Q7A1D4
smbu08	Chromosome1	smbu08GL002040	2063197	2063874	-	678	225	hypothetical protein	
smbu08	Chromosome1	smbu08GL002041	2063911	2065296	-	1386	461	hypothetical protein	
smbu08	Chromosome1	smbu08GL002042	2065644	2066141	-	498	165	tRNA-specific adenosine deaminase	UniProtKB/Swiss-Prot:P21335
smbu08	Chromosome1	smbu08GL002043	2066248	2067105	+	858	285	hypothetical protein	
smbu08	Chromosome1	smbu08GL002044	2067186	2067554	-	369	122	hypothetical protein	
smbu08	Chromosome1	smbu08GL002045	2067597	2068967	-	1371	456	hypothetical protein	
smbu08	Chromosome1	smbu08GL002046	2069045	2069578	-	534	177	hypothetical protein	
smbu08	Chromosome1	smbu08GL002047	2069901	2071391	+	1491	496	hypothetical protein	
smbu08	Chromosome1	smbu08GL002048	2071549	2072256	-	708	235	Putative membrane protease YugP	UniProtKB/Swiss-Prot:O05248
smbu08	Chromosome1	smbu08GL002049	2072335	2072613	-	279	92	Protein YjdM	UniProtKB/Swiss-Prot:P0AFJ3
smbu08	Chromosome1	smbu08GL002050	2072785	2073747	-	963	320	putative bifunctional oligoribonuclease and PAPphosphatase NrnA	UniProtKB/Swiss-Prot:Q8DTN6
smbu08	Chromosome1	smbu08GL002051	2073762	2075093	-	1332	443	Uncharacterized protein YtoI	UniProtKB/Swiss-Prot:O34921
smbu08	Chromosome1	smbu08GL002052	2075101	2075781	-	681	226	UPF0173 metal-dependent hydrolase EF_1371	UniProtKB/Swiss-Prot:Q835K6
smbu08	Chromosome1	smbu08GL002053	2075995	2076474	-	480	159	hypothetical protein	
smbu08	Chromosome1	smbu08GL002054	2076602	2078281	-	1680	559	Ribonuclease J 2	UniProtKB/Swiss-Prot:Q8K7S6
smbu08	Chromosome1	smbu08GL002055	2078820	2080325	+	1506	501	putative ABC transporter permease YclI	UniProtKB/Swiss-Prot:P94412
smbu08	Chromosome1	smbu08GL002056	2080338	2081000	+	663	220	putative ABC transporter ATP-binding proteinYclH	UniProtKB/Swiss-Prot:P94411
smbu08	Chromosome1	smbu08GL002057	2081100	2081303	-	204	67	UPF0337 protein EF_1180	UniProtKB/Swiss-Prot:Q836D5
smbu08	Chromosome1	smbu08GL002058	2081415	2082599	-	1185	394	Isoaspartyl dipeptidase	UniProtKB/Swiss-Prot:P39377
smbu08	Chromosome1	smbu08GL002059	2082760	2084556	-	1797	598	Putative basic amino acid antiporter YfcC	UniProtKB/Swiss-Prot:P39263
smbu08	Chromosome1	smbu08GL002060	2085272	2085886	-	615	204	UPF0309 protein lmo0025	UniProtKB/Swiss-Prot:Q8YAT8
smbu08	Chromosome1	smbu08GL002061	2086493	2086870	-	378	125	hypothetical protein	
smbu08	Chromosome1	smbu08GL002062	2087171	2088052	-	882	293	UTP--glucose-1-phosphate uridylyltransferase 2	UniProtKB/Swiss-Prot:P0DG73
smbu08	Chromosome1	smbu08GL002063	2088095	2089150	-	1056	351	Glycerol-3-phosphate dehydrogenase [NAD(P)+]	UniProtKB/Swiss-Prot:Q834C1
smbu08	Chromosome1	smbu08GL002064	2089844	2090641	-	798	265	hypothetical protein	
smbu08	Chromosome1	smbu08GL002065	2090607	2091116	+	510	169	hypothetical protein	
smbu08	Chromosome1	smbu08GL002066	2091248	2091892	+	645	214	Lytic chitin monooxygenase	UniProtKB/Swiss-Prot:Q838S1
smbu08	Chromosome1	smbu08GL002067	2091956	2092960	-	1005	334	hypothetical protein	
smbu08	Chromosome1	smbu08GL002068	2092973	2094022	-	1050	349	hypothetical protein	
smbu08	Chromosome1	smbu08GL002069	2094039	2094785	-	747	248	PTS system sorbose-specific EIID component	UniProtKB/Swiss-Prot:P37083
smbu08	Chromosome1	smbu08GL002070	2094847	2095626	-	780	259	hypothetical protein	
smbu08	Chromosome1	smbu08GL002071	2095643	2096113	-	471	156	hypothetical protein	
smbu08	Chromosome1	smbu08GL002072	2096125	2096544	-	420	139	hypothetical protein	
smbu08	Chromosome1	smbu08GL002073	2096624	2099329	-	2706	901	hypothetical protein	
smbu08	Chromosome1	smbu08GL002074	2099673	2099819	+	147	48	hypothetical protein	
smbu08	Chromosome1	smbu08GL002075	2100069	2100698	-	630	209	hypothetical protein	
smbu08	Chromosome1	smbu08GL002076	2100971	2101156	-	186	61	hypothetical protein	
smbu08	Chromosome1	smbu08GL002077	2101291	2103006	+	1716	571	hypothetical protein	
smbu08	Chromosome1	smbu08GL002078	2103009	2104772	+	1764	587	putative ABC transporter ATP-binding proteinTM_0288	UniProtKB/Swiss-Prot:Q9WYC4
smbu08	Chromosome1	smbu08GL002079	2104812	2105357	-	546	181	hypothetical protein	
smbu08	Chromosome1	smbu08GL002080	2105671	2106093	-	423	140	Methylglyoxal synthase	UniProtKB/Swiss-Prot:Q837A4
smbu08	Chromosome1	smbu08GL002081	2106302	2107411	+	1110	369	Multiple sugar-binding transport ATP-bindingprotein MsmK	UniProtKB/Swiss-Prot:Q00752
smbu08	Chromosome1	smbu08GL002082	2107530	2108159	-	630	209	Niacin transporter NiaX	UniProtKB/Swiss-Prot:A2RKV5
smbu08	Chromosome1	smbu08GL002083	2108473	2109357	-	885	294	Ribosomal RNA small subunit methyltransferase A	UniProtKB/Swiss-Prot:Q837A7
smbu08	Chromosome1	smbu08GL002084	2109350	2109919	-	570	189	Ribonuclease M5	UniProtKB/Swiss-Prot:Q837A8
smbu08	Chromosome1	smbu08GL002085	2109912	2110688	-	777	258	putative metal-dependent hydrolase YabD	UniProtKB/Swiss-Prot:P37545
smbu08	Chromosome1	smbu08GL002086	2110687	2110836	+	150	49	hypothetical protein	
smbu08	Chromosome1	smbu08GL002087	2110843	2112171	-	1329	442	Serine/threonine exchanger SteT	UniProtKB/Swiss-Prot:O34739
smbu08	Chromosome1	smbu08GL002088	2112340	2112927	+	588	195	hypothetical protein	
smbu08	Chromosome1	smbu08GL002089	2113405	2115414	-	2010	669	Methionine--tRNA ligase	UniProtKB/Swiss-Prot:Q837B3
smbu08	Chromosome1	smbu08GL002090	2115683	2115961	+	279	92	hypothetical protein	
smbu08	Chromosome1	smbu08GL002091	2116059	2116880	+	822	273	ADP-ribose pyrophosphatase	UniProtKB/Swiss-Prot:Q58549
smbu08	Chromosome1	smbu08GL002092	2117163	2118173	-	1011	336	hypothetical protein	
smbu08	Chromosome1	smbu08GL002093	2118185	2119138	-	954	317	Oligopeptide transport ATP-binding protein OppF	UniProtKB/Swiss-Prot:P24137
smbu08	Chromosome1	smbu08GL002094	2119128	2120198	-	1071	356	Oligopeptide transport ATP-binding protein OppD	UniProtKB/Swiss-Prot:P24136
smbu08	Chromosome1	smbu08GL002095	2120204	2121247	-	1044	347	Dipeptide transport system permease proteinDppC	UniProtKB/Swiss-Prot:A2RI76
smbu08	Chromosome1	smbu08GL002096	2121248	2122189	-	942	313	Oligopeptide transport system permease proteinOppB	UniProtKB/Swiss-Prot:P24138
smbu08	Chromosome1	smbu08GL002097	2122273	2122620	+	348	115	hypothetical protein	
smbu08	Chromosome1	smbu08GL002098	2122690	2124351	-	1662	553	hypothetical protein	
smbu08	Chromosome1	smbu08GL002099	2124722	2125270	-	549	182	Aminoglycoside N(6')-acetyltransferase type 1	UniProtKB/Swiss-Prot:P10051
smbu08	Chromosome1	smbu08GL002100	2125418	2125540	-	123	40	hypothetical protein	
smbu08	Chromosome1	smbu08GL002101	2125820	2126923	+	1104	367	hypothetical protein	
smbu08	Chromosome1	smbu08GL002102	2127116	2128183	-	1068	355	putative dual-specificity RNA methyltransferaseRlmN	UniProtKB/Swiss-Prot:Q833B6
smbu08	Chromosome1	smbu08GL002103	2128417	2130864	-	2448	815	DNA translocase FtsK	UniProtKB/Swiss-Prot:Q88V72
smbu08	Chromosome1	smbu08GL002104	2131053	2132489	-	1437	478	Aryl-phospho-beta-D-glucosidase BglC	UniProtKB/Swiss-Prot:P42403
smbu08	Chromosome1	smbu08GL002105	2132644	2133459	-	816	271	hypothetical protein	
smbu08	Chromosome1	smbu08GL002106	2133477	2134112	-	636	211	Glutamine transport ATP-binding protein GlnQ	UniProtKB/Swiss-Prot:P10346
smbu08	Chromosome1	smbu08GL002107	2134131	2134844	-	714	237	Arginine transport system permease protein ArtQ	UniProtKB/Swiss-Prot:P54536
smbu08	Chromosome1	smbu08GL002108	2134835	2135005	+	171	56	hypothetical protein	
smbu08	Chromosome1	smbu08GL002109	2135252	2135737	+	486	161	hypothetical protein	
smbu08	Chromosome1	smbu08GL002110	2136168	2138444	-	2277	758	Collagen adhesin	UniProtKB/Swiss-Prot:Q53654
smbu08	Chromosome1	smbu08GL002111	2138511	2138864	-	354	117	hypothetical protein	
smbu08	Chromosome1	smbu08GL002112	2139359	2139658	-	300	99	hypothetical protein	
smbu08	Chromosome1	smbu08GL002113	2139990	2140232	+	243	80	hypothetical protein	
smbu08	Chromosome1	smbu08GL002114	2140371	2141000	-	630	209	Uracil phosphoribosyltransferase	UniProtKB/Swiss-Prot:Q831G0
smbu08	Chromosome1	smbu08GL002115	2141134	2142081	-	948	315	Putative alpha/beta hydrolase R526	UniProtKB/Swiss-Prot:Q5UQ83
smbu08	Chromosome1	smbu08GL002116	2142235	2143479	-	1245	414	Serine hydroxymethyltransferase	UniProtKB/Swiss-Prot:Q831F9
smbu08	Chromosome1	smbu08GL002117	2143496	2143648	-	153	50	hypothetical protein	
smbu08	Chromosome1	smbu08GL002118	2143645	2144670	-	1026	341	Threonylcarbamoyl-AMP synthase	UniProtKB/Swiss-Prot:P39153
smbu08	Chromosome1	smbu08GL002119	2144864	2145703	-	840	279	Release factor glutamine methyltransferase	UniProtKB/Swiss-Prot:Q831F7
smbu08	Chromosome1	smbu08GL002120	2145696	2146769	-	1074	357	Peptide chain release factor 1	UniProtKB/Swiss-Prot:B8DBG6
smbu08	Chromosome1	smbu08GL002121	2146772	2147356	-	585	194	Thymidine kinase	UniProtKB/Swiss-Prot:Q831F5
smbu08	Chromosome1	smbu08GL002122	2147677	2148279	+	603	200	hypothetical protein	
smbu08	Chromosome1	smbu08GL002123	2148289	2148408	+	120	39	hypothetical protein	
smbu08	Chromosome1	smbu08GL002124	2148401	2148970	-	570	189	Signal peptidase I	UniProtKB/Swiss-Prot:P59662
smbu08	Chromosome1	smbu08GL002125	2149144	2149881	-	738	245	hypothetical protein	
smbu08	Chromosome1	smbu08GL002126	2149908	2150387	-	480	159	hypothetical protein	
smbu08	Chromosome1	smbu08GL002127	2150512	2151249	-	738	245	Epoxyqueuosine reductase QueH	UniProtKB/Swiss-Prot:A0A0H3JUG6
smbu08	Chromosome1	smbu08GL002128	2151254	2151415	-	162	53	hypothetical protein	
smbu08	Chromosome1	smbu08GL002129	2151410	2152810	+	1401	466	Ktr system potassium uptake protein D	UniProtKB/Swiss-Prot:O31658
smbu08	Chromosome1	smbu08GL002130	2153031	2154383	+	1353	450	Lipid II isoglutaminyl synthase(glutamine-hydrolyzing) subunit MurT	UniProtKB/Swiss-Prot:Q8DNZ9
smbu08	Chromosome1	smbu08GL002131	2154376	2155074	+	699	232	Lipid II isoglutaminyl synthase(glutamine-hydrolyzing) subunit GatD	UniProtKB/Swiss-Prot:Q8DNZ8
smbu08	Chromosome1	smbu08GL002132	2155136	2156287	-	1152	383	Mannitol-1-phosphate 5-dehydrogenase	UniProtKB/Swiss-Prot:P27543
smbu08	Chromosome1	smbu08GL002133	2156300	2156737	-	438	145	Mannitol-specific phosphotransferase enzyme IIAcomponent	UniProtKB/Swiss-Prot:P27547
smbu08	Chromosome1	smbu08GL002134	2156752	2158518	-	1767	588	PTS system mannitol-specific EIICB component	UniProtKB/Swiss-Prot:Q8DR34
smbu08	Chromosome1	smbu08GL002135	2158782	2159459	+	678	225	hypothetical protein	
smbu08	Chromosome1	smbu08GL002136	2159462	2159872	+	411	136	hypothetical protein	
smbu08	Chromosome1	smbu08GL002137	2159897	2160589	+	693	230	hypothetical protein	
smbu08	Chromosome1	smbu08GL002138	2160788	2161228	-	441	146	Mannitol-specific phosphotransferase enzyme IIAcomponent	UniProtKB/Swiss-Prot:Q02420
smbu08	Chromosome1	smbu08GL002139	2161239	2163272	-	2034	677	hypothetical protein	
smbu08	Chromosome1	smbu08GL002140	2163274	2164989	-	1716	571	PTS system mannitol-specific EIICB component	UniProtKB/Swiss-Prot:Q9K678
smbu08	Chromosome1	smbu08GL002141	2165070	2166008	-	939	312	Mannose-6-phosphate isomerase	UniProtKB/Swiss-Prot:Q59935
smbu08	Chromosome1	smbu08GL002142	2166059	2167108	-	1050	349	hypothetical protein	
smbu08	Chromosome1	smbu08GL002143	2167293	2168162	-	870	289	hypothetical protein	
smbu08	Chromosome1	smbu08GL002144	2168367	2170259	-	1893	630	Fatty acid ABC transporter ATP-binding/permeaseprotein	UniProtKB/Swiss-Prot:P9WQJ3
smbu08	Chromosome1	smbu08GL002145	2170256	2171983	-	1728	575	putative ABC transporter ATP-binding proteinMT1311	UniProtKB/Swiss-Prot:P9WQJ0
smbu08	Chromosome1	smbu08GL002146	2171999	2172649	-	651	216	hypothetical protein	
smbu08	Chromosome1	smbu08GL002147	2172853	2173149	+	297	98	hypothetical protein	
smbu08	Chromosome1	smbu08GL002148	2173325	2173945	+	621	206	FMN-dependent NADH:quinone oxidoreductase	UniProtKB/Swiss-Prot:Q831B2
smbu08	Chromosome1	smbu08GL002149	2174034	2175200	-	1167	388	Putative transport protein YubA	UniProtKB/Swiss-Prot:O32086
smbu08	Chromosome1	smbu08GL002150	2175212	2175592	-	381	126	hypothetical protein	
smbu08	Chromosome1	smbu08GL002151	2175693	2176715	+	1023	340	Uncharacterized protein llmg_2431	UniProtKB/Swiss-Prot:O86281
smbu08	Chromosome1	smbu08GL002152	2176734	2176895	+	162	53	hypothetical protein	
smbu08	Chromosome1	smbu08GL002153	2177152	2177586	-	435	144	hypothetical protein	
smbu08	Chromosome1	smbu08GL002154	2177696	2179555	-	1860	619	hypothetical protein	
smbu08	Chromosome1	smbu08GL002155	2179556	2179678	+	123	40	hypothetical protein	
smbu08	Chromosome1	smbu08GL002156	2179673	2180833	-	1161	386	hypothetical protein	
smbu08	Chromosome1	smbu08GL002157	2181141	2182565	-	1425	474	L-arabinose isomerase 2	UniProtKB/Swiss-Prot:Q65J10
smbu08	Chromosome1	smbu08GL002158	2182581	2183255	-	675	224	L-ribulose-5-phosphate 4-epimerase	UniProtKB/Swiss-Prot:Q9S469
smbu08	Chromosome1	smbu08GL002159	2183236	2184897	-	1662	553	hypothetical protein	
smbu08	Chromosome1	smbu08GL002160	2185116	2186516	+	1401	466	D-xylose transporter	UniProtKB/Swiss-Prot:O52733
smbu08	Chromosome1	smbu08GL002161	2186524	2186640	+	117	38	hypothetical protein	
smbu08	Chromosome1	smbu08GL002162	2186674	2187753	-	1080	359	Arabinose metabolism transcriptional repressor	UniProtKB/Swiss-Prot:Q9S470
smbu08	Chromosome1	smbu08GL002163	2187839	2188798	-	960	319	Extracellularexo-alpha-(1->5)-L-arabinofuranosidase	UniProtKB/Swiss-Prot:Q82P90
smbu08	Chromosome1	smbu08GL002164	2188810	2190333	-	1524	507	Intracellularexo-alpha-(1->5)-L-arabinofuranosidase 1	UniProtKB/Swiss-Prot:P94531
smbu08	Chromosome1	smbu08GL002165	2190343	2190906	-	564	187	hypothetical protein	
smbu08	Chromosome1	smbu08GL002166	2190912	2191775	-	864	287	hypothetical protein	
smbu08	Chromosome1	smbu08GL002167	2191789	2192706	-	918	305	hypothetical protein	
smbu08	Chromosome1	smbu08GL002168	2192860	2194131	-	1272	423	hypothetical protein	
smbu08	Chromosome1	smbu08GL002169	2194121	2195557	-	1437	478	Intracellularexo-alpha-(1->5)-L-arabinofuranosidase	UniProtKB/Swiss-Prot:Q9XBQ3
smbu08	Chromosome1	smbu08GL002170	2195835	2196725	+	891	296	hypothetical protein	
smbu08	Chromosome1	smbu08GL002171	2196801	2197625	-	825	274	NH(3)-dependent NAD(+) synthetase	UniProtKB/Swiss-Prot:Q9CGJ4
smbu08	Chromosome1	smbu08GL002172	2197637	2199109	-	1473	490	Nicotinate phosphoribosyltransferase	UniProtKB/Swiss-Prot:O32090
smbu08	Chromosome1	smbu08GL002173	2199289	2200284	-	996	331	hypothetical protein	
smbu08	Chromosome1	smbu08GL002174	2200424	2201083	-	660	219	hypothetical protein	
smbu08	Chromosome1	smbu08GL002175	2201070	2201594	-	525	174	hypothetical protein	
smbu08	Chromosome1	smbu08GL002176	2201632	2201865	-	234	77	hypothetical protein	
smbu08	Chromosome1	smbu08GL002177	2202002	2204752	-	2751	916	hypothetical protein	
smbu08	Chromosome1	smbu08GL002178	2205238	2206779	+	1542	513	hypothetical protein	
smbu08	Chromosome1	smbu08GL002179	2207381	2207737	-	357	118	hypothetical protein	
smbu08	Chromosome1	smbu08GL002180	2207882	2208712	+	831	276	hypothetical protein	
smbu08	Chromosome1	smbu08GL002181	2208828	2209751	-	924	307	Catabolite control protein B	UniProtKB/Swiss-Prot:P37517
smbu08	Chromosome1	smbu08GL002182	2209766	2210038	-	273	90	hypothetical protein	
smbu08	Chromosome1	smbu08GL002183	2210121	2211578	-	1458	485	PTS system cellobiose-specific EIIC component	UniProtKB/Swiss-Prot:Q9CJ32
smbu08	Chromosome1	smbu08GL002184	2211858	2213483	-	1626	541	Chaperonin GroEL	UniProtKB/Swiss-Prot:Q8KJ20
smbu08	Chromosome1	smbu08GL002185	2213535	2213819	-	285	94	Co-chaperonin GroES	UniProtKB/Swiss-Prot:Q93EU7
smbu08	Chromosome1	smbu08GL002186	2214149	2214706	+	558	185	hypothetical protein	
smbu08	Chromosome1	smbu08GL002187	2214783	2216081	-	1299	432	hypothetical protein	
smbu08	Chromosome1	smbu08GL002188	2216250	2216879	+	630	209	Uncharacterized protein YwnB	UniProtKB/Swiss-Prot:P71037
smbu08	Chromosome1	smbu08GL002189	2216979	2217788	-	810	269	Exodeoxyribonuclease WalJ	UniProtKB/Swiss-Prot:A0A0H2ZQT7
smbu08	Chromosome1	smbu08GL002190	2217843	2218712	-	870	289	hypothetical protein	
smbu08	Chromosome1	smbu08GL002191	2218713	2220035	-	1323	440	hypothetical protein	
smbu08	Chromosome1	smbu08GL002192	2220026	2221861	-	1836	611	Sensor histidine kinase WalK	UniProtKB/Swiss-Prot:Q45614
smbu08	Chromosome1	smbu08GL002193	2221866	2222570	-	705	234	Transcriptional regulatory protein WalR	UniProtKB/Swiss-Prot:P37478
smbu08	Chromosome1	smbu08GL002194	2222760	2223620	-	861	286	hypothetical protein	
smbu08	Chromosome1	smbu08GL002195	2223610	2224197	-	588	195	hypothetical protein	
smbu08	Chromosome1	smbu08GL002196	2224804	2226531	-	1728	575	Glycine betaine/carnitine transport permeaseprotein GbuB	UniProtKB/Swiss-Prot:Q9RR45
smbu08	Chromosome1	smbu08GL002197	2226524	2227717	-	1194	397	Glycine betaine transport ATP-binding proteinOpuAA	UniProtKB/Swiss-Prot:Q9KIF7
smbu08	Chromosome1	smbu08GL002198	2227905	2228549	-	645	214	hypothetical protein	
smbu08	Chromosome1	smbu08GL002199	2228643	2228777	-	135	44	hypothetical protein	
smbu08	Chromosome1	smbu08GL002200	2228779	2230911	-	2133	710	hypothetical protein	
smbu08	Chromosome1	smbu08GL002201	2230908	2231423	-	516	171	hypothetical protein	
smbu08	Chromosome1	smbu08GL002202	2231526	2231660	-	135	44	hypothetical protein	
smbu08	Chromosome1	smbu08GL002203	2231828	2232007	+	180	59	Glutaredoxin-like protein NrdH	UniProtKB/Swiss-Prot:Q9CGW5
smbu08	Chromosome1	smbu08GL002204	2231964	2232125	-	162	53	hypothetical protein	
smbu08	Chromosome1	smbu08GL002205	2232154	2234325	+	2172	723	Ribonucleoside-diphosphate reductase subunitalpha 1	UniProtKB/Swiss-Prot:P0CG99
smbu08	Chromosome1	smbu08GL002206	2234375	2235340	+	966	321	Ribonucleoside-diphosphate reductase subunitbeta	UniProtKB/Swiss-Prot:Q9CBQ2
smbu08	Chromosome1	smbu08GL002207	2235387	2237804	-	2418	805	hypothetical protein	
smbu08	Chromosome1	smbu08GL002208	2237940	2238740	-	801	266	hypothetical protein	
smbu08	Chromosome1	smbu08GL002209	2238733	2239530	-	798	265	hypothetical protein	
smbu08	Chromosome1	smbu08GL002210	2239554	2240447	-	894	297	hypothetical protein	
smbu08	Chromosome1	smbu08GL002211	2240694	2241353	-	660	219	D-allulose-6-phosphate 3-epimerase	UniProtKB/Swiss-Prot:P32719
smbu08	Chromosome1	smbu08GL002212	2241440	2242537	-	1098	365	hypothetical protein	
smbu08	Chromosome1	smbu08GL002213	2242557	2242904	-	348	115	hypothetical protein	
smbu08	Chromosome1	smbu08GL002214	2242894	2243346	-	453	150	hypothetical protein	
smbu08	Chromosome1	smbu08GL002215	2243362	2243676	-	315	104	hypothetical protein	UniProtKB/Swiss-Prot:P69810
smbu08	Chromosome1	smbu08GL002216	2243673	2244080	-	408	135	hypothetical protein	
smbu08	Chromosome1	smbu08GL002217	2244070	2245554	-	1485	494	hypothetical protein	
smbu08	Chromosome1	smbu08GL002218	2245830	2246537	+	708	235	hypothetical protein	
smbu08	Chromosome1	smbu08GL002219	2246664	2247827	+	1164	387	Unsaturated chondroitin disaccharide hydrolase	UniProtKB/Swiss-Prot:Q8DR77
smbu08	Chromosome1	smbu08GL002220	2247843	2249630	+	1788	595	Beta-galactosidase	UniProtKB/Swiss-Prot:P48982
smbu08	Chromosome1	smbu08GL002221	2249757	2250590	-	834	277	hypothetical protein	
smbu08	Chromosome1	smbu08GL002222	2250577	2252313	-	1737	578	hypothetical protein	
smbu08	Chromosome1	smbu08GL002223	2252694	2253833	-	1140	379	hypothetical protein	
smbu08	Chromosome1	smbu08GL002224	2254012	2254716	-	705	234	hypothetical protein	
smbu08	Chromosome1	smbu08GL002225	2254984	2255802	-	819	272	Glucosamine-6-phosphate deaminase	UniProtKB/Swiss-Prot:P59687
smbu08	Chromosome1	smbu08GL002226	2255919	2257451	+	1533	510	putative ABC transporter ATP-binding proteinYfmM	UniProtKB/Swiss-Prot:O34512
smbu08	Chromosome1	smbu08GL002227	2257507	2258697	-	1191	396	hypothetical protein	
smbu08	Chromosome1	smbu08GL002228	2258779	2259468	-	690	229	hypothetical protein	
smbu08	Chromosome1	smbu08GL002229	2259575	2259943	-	369	122	Large ribosomal subunit protein bL12	UniProtKB/Swiss-Prot:Q830Q8
smbu08	Chromosome1	smbu08GL002230	2259996	2260499	-	504	167	Large ribosomal subunit protein uL10	UniProtKB/Swiss-Prot:Q830Q7
smbu08	Chromosome1	smbu08GL002231	2260909	2261598	-	690	229	Large ribosomal subunit protein uL1	UniProtKB/Swiss-Prot:Q830Q6
smbu08	Chromosome1	smbu08GL002232	2261702	2262124	-	423	140	Large ribosomal subunit protein uL11	UniProtKB/Swiss-Prot:Q830Q5
smbu08	Chromosome1	smbu08GL002233	2262459	2263136	+	678	225	putative L-serine dehydratase, beta chain	UniProtKB/Swiss-Prot:O34635
smbu08	Chromosome1	smbu08GL002234	2263149	2264021	+	873	290	putative L-serine dehydratase, alpha chain	UniProtKB/Swiss-Prot:O34607
smbu08	Chromosome1	smbu08GL002235	2264114	2265232	-	1119	372	L-lactate oxidase	UniProtKB/Swiss-Prot:C0XIJ3
smbu08	Chromosome1	smbu08GL002236	2265306	2266193	-	888	295	hypothetical protein	
smbu08	Chromosome1	smbu08GL002237	2266277	2266822	-	546	181	Transcription termination/antiterminationprotein NusG	UniProtKB/Swiss-Prot:Q06795
smbu08	Chromosome1	smbu08GL002238	2266923	2267093	-	171	56	hypothetical protein	
smbu08	Chromosome1	smbu08GL002239	2267114	2267266	-	153	50	Large ribosomal subunit protein bL33B	UniProtKB/Swiss-Prot:P59627
smbu08	Chromosome1	smbu08GL002240	2267428	2268072	+	645	214	hypothetical protein	
smbu08	Chromosome1	smbu08GL002241	2268128	2268631	-	504	167	hypothetical protein	
smbu08	Chromosome1	smbu08GL002242	2269230	2270192	+	963	320	hypothetical protein	
smbu08	Chromosome1	smbu08GL002243	2270424	2272994	-	2571	856	ATP-dependent RecD-like DNA helicase	UniProtKB/Swiss-Prot:O34481
smbu08	Chromosome1	smbu08GL002244	2273014	2273673	-	660	219	hypothetical protein	
smbu08	Chromosome1	smbu08GL002245	2273722	2274243	-	522	173	Putative tRNA(cytidine(34)-2'-O)-methyltransferase	UniProtKB/Swiss-Prot:A2RKW7
smbu08	Chromosome1	smbu08GL002246	2274446	2275312	-	867	288	hypothetical protein	
smbu08	Chromosome1	smbu08GL002247	2275421	2276062	+	642	213	PF03932 family protein CutC	UniProtKB/Swiss-Prot:Q830V2
smbu08	Chromosome1	smbu08GL002248	2276122	2277483	-	1362	453	Magnesium transporter MgtE	UniProtKB/Swiss-Prot:Q830V1
smbu08	Chromosome1	smbu08GL002249	2277501	2278400	-	900	299	putative RNA pseudouridine synthase YjbO	UniProtKB/Swiss-Prot:O31613
smbu08	Chromosome1	smbu08GL002250	2278402	2279199	-	798	265	NAD kinase	UniProtKB/Swiss-Prot:Q830V0
smbu08	Chromosome1	smbu08GL002251	2279174	2279911	-	738	245	GTP pyrophosphokinase YjbM	UniProtKB/Swiss-Prot:O31611
smbu08	Chromosome1	smbu08GL002252	2280012	2280587	+	576	191	hypothetical protein	
smbu08	Chromosome1	smbu08GL002253	2280705	2281382	+	678	225	hypothetical protein	
smbu08	Chromosome1	smbu08GL002254	2281454	2283262	-	1809	602	Group B oligopeptidase PepB	UniProtKB/Swiss-Prot:Q8E0C9
smbu08	Chromosome1	smbu08GL002255	2283358	2283471	-	114	37	hypothetical protein	
smbu08	Chromosome1	smbu08GL002256	2283441	2284496	-	1056	351	hypothetical protein	
smbu08	Chromosome1	smbu08GL002257	2284537	2285190	-	654	217	Adapter protein MecA	UniProtKB/Swiss-Prot:Q830U4
smbu08	Chromosome1	smbu08GL002258	2285521	2285862	-	342	113	Global transcriptional regulator Spx	UniProtKB/Swiss-Prot:Q830U3
smbu08	Chromosome1	smbu08GL002259	2286699	2287391	+	693	230	hypothetical protein	
smbu08	Chromosome1	smbu08GL002260	2287537	2290731	-	3195	1064	hypothetical protein	
smbu08	Chromosome1	smbu08GL002261	2290750	2293878	-	3129	1042	hypothetical protein	
smbu08	Chromosome1	smbu08GL002262	2293885	2295006	-	1122	373	hypothetical protein	
smbu08	Chromosome1	smbu08GL002264	2295194	2295442	-	249	82	hypothetical protein	
smbu08	Chromosome1	smbu08GL002263	2295486	2295716	+	231	76	hypothetical protein	
smbu08	Chromosome1	smbu08GL002265	2295946	2296680	+	735	244	putative RNA methyltransferase YabB	UniProtKB/Swiss-Prot:P37543
smbu08	Chromosome1	smbu08GL002266	2296820	2296954	+	135	44	hypothetical protein	
smbu08	Chromosome1	smbu08GL002267	2297023	2298906	-	1884	627	hypothetical protein	
smbu08	Chromosome1	smbu08GL002268	2299173	2300048	-	876	291	hypothetical protein	
smbu08	Chromosome1	smbu08GL002269	2300157	2301926	-	1770	589	Aspartate--tRNA ligase	UniProtKB/Swiss-Prot:Q833I2
smbu08	Chromosome1	smbu08GL002270	2301940	2303232	-	1293	430	Histidine--tRNA ligase	UniProtKB/Swiss-Prot:Q833I1
smbu08	Chromosome1	smbu08GL002271	2303585	2304574	+	990	329	Aldo-keto reductase IolS	UniProtKB/Swiss-Prot:P46336
smbu08	Chromosome1	smbu08GL002272	2304662	2305921	-	1260	419	hypothetical protein	
smbu08	Chromosome1	smbu08GL002273	2306092	2306538	-	447	148	D-aminoacyl-tRNA deacylase	UniProtKB/Swiss-Prot:Q833H9
smbu08	Chromosome1	smbu08GL002274	2306550	2308910	-	2361	786	GTP pyrophosphokinase	UniProtKB/Swiss-Prot:O54408
smbu08	Chromosome1	smbu08GL002275	2308995	2309759	-	765	254	Ribosomal RNA small subunit methyltransferase E	UniProtKB/Swiss-Prot:P54461
smbu08	Chromosome1	smbu08GL002276	2309760	2310707	-	948	315	Ribosomal protein L11 methyltransferase	UniProtKB/Swiss-Prot:Q820A9
smbu08	Chromosome1	smbu08GL002277	2310720	2311208	-	489	162	hypothetical protein	
smbu08	Chromosome1	smbu08GL002278	2311174	2311854	-	681	226	Putative 3-methyladenine DNA glycosylase	UniProtKB/Swiss-Prot:Q833H5
smbu08	Chromosome1	smbu08GL002279	2311890	2313269	+	1380	459	putative AAA domain-containing protein YrvN	UniProtKB/Swiss-Prot:O34528
smbu08	Chromosome1	smbu08GL002280	2313700	2313897	+	198	65	hypothetical protein	
smbu08	Chromosome1	smbu08GL002281	2313970	2314440	+	471	156	Putative universal stress protein SH1215	UniProtKB/Swiss-Prot:Q4L751
smbu08	Chromosome1	smbu08GL002282	2314694	2315878	-	1185	394	Acetate kinase	UniProtKB/Swiss-Prot:Q833H0
smbu08	Chromosome1	smbu08GL002283	2315903	2316910	-	1008	335	hypothetical protein	
smbu08	Chromosome1	smbu08GL002284	2317083	2317271	-	189	62	hypothetical protein	
smbu08	Chromosome1	smbu08GL002285	2317414	2317785	-	372	123	hypothetical protein	
smbu08	Chromosome1	smbu08GL002286	2317802	2318056	-	255	84	hypothetical protein	
smbu08	Chromosome1	smbu08GL002287	2318121	2318591	-	471	156	hypothetical protein	
smbu08	Chromosome1	smbu08GL002288	2318566	2318844	-	279	92	Competence protein ComGC	UniProtKB/Swiss-Prot:A0A0H2URU9
smbu08	Chromosome1	smbu08GL002289	2318841	2319806	-	966	321	hypothetical protein	
smbu08	Chromosome1	smbu08GL002290	2319847	2320851	-	1005	334	Competence protein ComGA	UniProtKB/Swiss-Prot:Q8DN86
smbu08	Chromosome1	smbu08GL002291	2320893	2322635	+	1743	580	Adenine deaminase	UniProtKB/Swiss-Prot:B2V525
smbu08	Chromosome1	smbu08GL002292	2322749	2323411	-	663	220	tRNA (guanine-N(7)-)-methyltransferase	UniProtKB/Swiss-Prot:P59719
smbu08	Chromosome1	smbu08GL002293	2323480	2324262	-	783	260	hypothetical protein	
smbu08	Chromosome1	smbu08GL002294	2324465	2325676	-	1212	403	hypothetical protein	
smbu08	Chromosome1	smbu08GL002295	2325669	2326358	-	690	229	ABC-type transporter ATP-binding protein EcsA	UniProtKB/Swiss-Prot:P55339
smbu08	Chromosome1	smbu08GL002296	2326526	2326978	+	453	150	Protein hit	UniProtKB/Swiss-Prot:O07513
smbu08	Chromosome1	smbu08GL002297	2326971	2327318	+	348	115	hypothetical protein	
smbu08	Chromosome1	smbu08GL002298	2327484	2328506	+	1023	340	Foldase protein PrsA	UniProtKB/Swiss-Prot:Q837Y9
smbu08	Chromosome1	smbu08GL002299	2328574	2329518	-	945	314	3'-5' exoribonuclease YhaM	UniProtKB/Swiss-Prot:A7GLX6
smbu08	Chromosome1	smbu08GL002300	2329502	2332222	-	2721	906	hypothetical protein	
smbu08	Chromosome1	smbu08GL002301	2332219	2333439	-	1221	406	hypothetical protein	
smbu08	Chromosome1	smbu08GL002302	2333637	2334482	-	846	281	hypothetical protein	
smbu08	Chromosome1	smbu08GL002303	2334766	2335056	+	291	96	hypothetical protein	
smbu08	Chromosome1	smbu08GL002304	2335092	2335928	+	837	278	hypothetical protein	
smbu08	Chromosome1	smbu08GL002305	2341619	2342929	-	1311	436	hypothetical protein	
smbu08	Chromosome1	smbu08GL002306	2342941	2344359	-	1419	472	hypothetical protein	
smbu08	Chromosome1	smbu08GL002307	2344599	2346167	-	1569	522	Beta-xylosidase	UniProtKB/Swiss-Prot:P07129
smbu08	Chromosome1	smbu08GL002308	2346171	2346614	-	444	147	hypothetical protein	
smbu08	Chromosome1	smbu08GL002309	2346578	2347495	-	918	305	hypothetical protein	
smbu08	Chromosome1	smbu08GL002310	2347498	2348289	-	792	263	Putative hydrolase YtaP	UniProtKB/Swiss-Prot:O34973
smbu08	Chromosome1	smbu08GL002311	2348363	2349700	-	1338	445	hypothetical protein	
smbu08	Chromosome1	smbu08GL002312	2349703	2350806	-	1104	367	hypothetical protein	
smbu08	Chromosome1	smbu08GL002313	2350880	2352385	-	1506	501	Polygalacturonan/rhamnogalacturonan-bindingprotein YtcQ	UniProtKB/Swiss-Prot:Q795R2
smbu08	Chromosome1	smbu08GL002314	2352351	2352572	-	222	73	hypothetical protein	
smbu08	Chromosome1	smbu08GL002315	2352635	2353045	-	411	136	hypothetical protein	
smbu08	Chromosome1	smbu08GL002316	2353067	2354041	-	975	324	Polygalacturonan/rhamnogalacturonan transportsystem permease protein YteP	UniProtKB/Swiss-Prot:C0SPB3
smbu08	Chromosome1	smbu08GL002317	2354339	2355211	+	873	290	Polygalacturonan/rhamnogalacturonan transportsystem permease protein YtcP	UniProtKB/Swiss-Prot:P53561
smbu08	Chromosome1	smbu08GL002318	2355441	2357639	-	2199	732	hypothetical protein	
smbu08	Chromosome1	smbu08GL002319	2357870	2358862	+	993	330	putative HTH-type transcriptional repressorExuR	UniProtKB/Swiss-Prot:Q9JMQ1
smbu08	Chromosome1	smbu08GL002320	2358922	2360343	+	1422	473	Altronate oxidoreductase	UniProtKB/Swiss-Prot:Q97L67
smbu08	Chromosome1	smbu08GL002321	2360360	2361835	+	1476	491	Altronate dehydratase	UniProtKB/Swiss-Prot:O34673
smbu08	Chromosome1	smbu08GL002322	2361874	2363268	+	1395	464	Uronate isomerase	UniProtKB/Swiss-Prot:A8FHC4
smbu08	Chromosome1	smbu08GL002323	2363427	2364110	+	684	227	hypothetical protein	UniProtKB/Swiss-Prot:O31523
smbu08	Chromosome1	smbu08GL002324	2364112	2364948	+	837	278	hypothetical protein	
smbu08	Chromosome1	smbu08GL002325	2364959	2366713	+	1755	584	hypothetical protein	
smbu08	Chromosome1	smbu08GL002326	2366988	2367329	-	342	113	UPF0342 protein EF_0681	UniProtKB/Swiss-Prot:Q837Z3
smbu08	Chromosome1	smbu08GL002327	2367397	2369568	-	2172	723	Penicillin-binding protein 2a	UniProtKB/Swiss-Prot:Q8DNB6
smbu08	Chromosome1	smbu08GL002328	2369779	2370636	+	858	285	putative RNA pseudouridine synthase slr1629	UniProtKB/Swiss-Prot:P74346
smbu08	Chromosome1	smbu08GL002329	2370703	2371560	-	858	285	Putative fructokinase	UniProtKB/Swiss-Prot:O05510
smbu08	Chromosome1	smbu08GL002330	2371561	2374248	-	2688	895	Putative mannosylglycerate hydrolase	UniProtKB/Swiss-Prot:Q9KER1
smbu08	Chromosome1	smbu08GL002331	2374261	2375550	-	1290	429	hypothetical protein	
smbu08	Chromosome1	smbu08GL002332	2375700	2376746	+	1047	348	hypothetical protein	
smbu08	Chromosome1	smbu08GL002333	2376748	2378901	+	2154	717	hypothetical protein	
smbu08	Chromosome1	smbu08GL002334	2379272	2380708	-	1437	478	hypothetical protein	
smbu08	Chromosome1	smbu08GL002335	2380720	2382444	-	1725	574	hypothetical protein	
smbu08	Chromosome1	smbu08GL002336	2382437	2383069	-	633	210	hypothetical protein	
smbu08	Chromosome1	smbu08GL002337	2383307	2384767	-	1461	486	Carbohydrate ABC transporter substrate-bindingprotein	UniProtKB/Swiss-Prot:A0A0H2UMY0
smbu08	Chromosome1	smbu08GL002338	2384802	2385572	-	771	256	Polygalacturonan/rhamnogalacturonan transportsystem permease protein YtcP	UniProtKB/Swiss-Prot:P53561
smbu08	Chromosome1	smbu08GL002339	2385610	2385783	+	174	57	hypothetical protein	
smbu08	Chromosome1	smbu08GL002340	2385734	2386681	-	948	315	hypothetical protein	
smbu08	Chromosome1	smbu08GL002341	2387403	2388170	-	768	255	putative RNA pseudouridine synthase YtzG	UniProtKB/Swiss-Prot:O32068
smbu08	Chromosome1	smbu08GL002342	2388171	2389817	-	1647	548	hypothetical protein	
smbu08	Chromosome1	smbu08GL002343	2389996	2390586	+	591	196	hypothetical protein	
smbu08	Chromosome1	smbu08GL002344	2390678	2392183	+	1506	501	UDP-N-acetylmuramoyl-L-alanyl-D-glutamate--L-lysine ligase	UniProtKB/Swiss-Prot:Q838A4
smbu08	Chromosome1	smbu08GL002345	2392405	2392704	+	300	99	hypothetical protein	
smbu08	Chromosome1	smbu08GL002346	2392923	2394278	-	1356	451	hypothetical protein	
smbu08	Chromosome1	smbu08GL002347	2394278	2394802	-	525	174	hypothetical protein	
smbu08	Chromosome1	smbu08GL002348	2394818	2395144	-	327	108	Lichenan-specific phosphotransferase enzyme IIAcomponent	UniProtKB/Swiss-Prot:P46319
smbu08	Chromosome1	smbu08GL002349	2395157	2397136	-	1980	659	hypothetical protein	
smbu08	Chromosome1	smbu08GL002350	2397157	2397471	-	315	104	Lichenan-specific phosphotransferase enzyme IIBcomponent	UniProtKB/Swiss-Prot:P46318
smbu08	Chromosome1	smbu08GL002351	2397696	2398766	-	1071	356	hypothetical protein	
smbu08	Chromosome1	smbu08GL002352	2398947	2401361	-	2415	804	Leucine--tRNA ligase	UniProtKB/Swiss-Prot:Q837N5
smbu08	Chromosome1	smbu08GL002353	2401783	2403789	-	2007	668	Muramidase-2	UniProtKB/Swiss-Prot:P39046
smbu08	Chromosome1	smbu08GL002354	2404159	2404815	+	657	218	hypothetical protein	
smbu08	Chromosome1	smbu08GL002355	2404815	2405771	+	957	318	Uncharacterized protein YtqA	UniProtKB/Swiss-Prot:O35008
smbu08	Chromosome1	smbu08GL002356	2405771	2406337	+	567	188	tRNA (mnm(5)s(2)U34)-methyltransferase	UniProtKB/Swiss-Prot:O34614
smbu08	Chromosome1	smbu08GL002357	2406542	2408311	-	1770	589	hypothetical protein	
smbu08	Chromosome1	smbu08GL002358	2408314	2410026	-	1713	570	hypothetical protein	
smbu08	Chromosome1	smbu08GL002359	2410141	2410806	+	666	221	hypothetical protein	
smbu08	Chromosome1	smbu08GL002360	2410876	2411664	-	789	262	hypothetical protein	
smbu08	Chromosome1	smbu08GL002361	2411747	2413219	-	1473	490	hypothetical protein	
smbu08	Chromosome1	smbu08GL002362	2413350	2414543	-	1194	397	S-adenosylmethionine synthase	UniProtKB/Swiss-Prot:Q837P9
smbu08	Chromosome1	smbu08GL002363	2422131	2422250	+	120	39	hypothetical protein	
smbu08	Chromosome1	smbu08GL002364	2422747	2424243	-	1497	498	Lysine--tRNA ligase	UniProtKB/Swiss-Prot:Q839A8
smbu08	Chromosome1	smbu08GL002365	2424354	2425358	-	1005	334	putative tRNA-dihydrouridine synthase 1	UniProtKB/Swiss-Prot:P37567
smbu08	Chromosome1	smbu08GL002366	2425359	2426246	-	888	295	33 kDa chaperonin	UniProtKB/Swiss-Prot:Q839B0
smbu08	Chromosome1	smbu08GL002367	2426463	2428574	-	2112	703	ATP-dependent zinc metalloprotease FtsH	UniProtKB/Swiss-Prot:Q88Z31
smbu08	Chromosome1	smbu08GL002368	2428664	2429209	-	546	181	Hypoxanthine-guanine phosphoribosyltransferase	UniProtKB/Swiss-Prot:Q839B2
smbu08	Chromosome1	smbu08GL002369	2429209	2430663	-	1455	484	tRNA(Ile)-lysidine synthase	UniProtKB/Swiss-Prot:Q839B3
smbu08	Chromosome1	smbu08GL002370	2430775	2431245	-	471	156	Uncharacterized protein YabR	UniProtKB/Swiss-Prot:P37560
smbu08	Chromosome1	smbu08GL002371	2431291	2431731	-	441	146	hypothetical protein	
smbu08	Chromosome1	smbu08GL002372	2431784	2432053	-	270	89	Uncharacterized protein SP_0007	UniProtKB/Swiss-Prot:P64405
smbu08	Chromosome1	smbu08GL002373	2432064	2433659	-	1596	531	hypothetical protein	
smbu08	Chromosome1	smbu08GL002374	2433674	2437195	-	3522	1173	Transcription-repair-coupling factor	UniProtKB/Swiss-Prot:P37474
smbu08	Chromosome1	smbu08GL002375	2437212	2437805	-	594	197	Peptidyl-tRNA hydrolase	UniProtKB/Swiss-Prot:Q839C0
smbu08	Chromosome1	smbu08GL002376	2438125	2439099	+	975	324	L-lactate dehydrogenase 1	UniProtKB/Swiss-Prot:Q839C1
smbu08	Chromosome1	smbu08GL002377	2439269	2440666	+	1398	465	hypothetical protein	
smbu08	Chromosome1	smbu08GL002378	2440748	2441503	-	756	251	putative transcriptional regulatory proteinEF_0663	UniProtKB/Swiss-Prot:Q838A9
smbu08	Chromosome1	smbu08GL002379	2441549	2442055	-	507	168	hypothetical protein	
smbu08	Chromosome1	smbu08GL002380	2442177	2443976	+	1800	599	hypothetical protein	
smbu08	Chromosome1	smbu08GL002381	2444045	2445562	-	1518	505	Protein P54	UniProtKB/Swiss-Prot:P13692
smbu08	Chromosome1	smbu08GL002382	2445856	2446365	-	510	169	hypothetical protein	
smbu08	Chromosome1	smbu08GL002383	2446369	2447223	-	855	284	hypothetical protein	
smbu08	Chromosome1	smbu08GL002384	2447379	2448017	-	639	212	hypothetical protein	
smbu08	Chromosome1	smbu08GL002385	2448018	2448668	-	651	216	Ribulose-phosphate 3-epimerase	UniProtKB/Swiss-Prot:O34557
smbu08	Chromosome1	smbu08GL002386	2448681	2449580	-	900	299	Small ribosomal subunit biogenesis GTPase RsgA	UniProtKB/Swiss-Prot:Q82ZE1
smbu08	Chromosome1	smbu08GL002387	2449777	2451846	-	2070	689	Serine/threonine-protein kinase PrkC	UniProtKB/Swiss-Prot:O34507
smbu08	Chromosome1	smbu08GL002388	2451843	2452583	-	741	246	Serine/threonine phosphatase stp	UniProtKB/Swiss-Prot:Q92AI7
smbu08	Chromosome1	smbu08GL002389	2452596	2453954	-	1359	452	putative ribosomal RNA small subunitmethyltransferase B	UniProtKB/Swiss-Prot:P94464
smbu08	Chromosome1	smbu08GL002390	2453954	2454874	-	921	306	Methionyl-tRNA formyltransferase	UniProtKB/Swiss-Prot:Q82ZD8
smbu08	Chromosome1	smbu08GL002391	2454885	2455376	-	492	163	Peptide deformylase	UniProtKB/Swiss-Prot:Q3AC18
smbu08	Chromosome1	smbu08GL002392	2455391	2457799	-	2409	802	Primosomal protein N'	UniProtKB/Swiss-Prot:P94461
smbu08	Chromosome1	smbu08GL002393	2458052	2458267	-	216	71	DNA-directed RNA polymerase subunit omega	UniProtKB/Swiss-Prot:Q82ZD6
smbu08	Chromosome1	smbu08GL002394	2458362	2458976	-	615	204	Guanylate kinase	UniProtKB/Swiss-Prot:Q82ZD5
smbu08	Chromosome1	smbu08GL002395	2459341	2459646	-	306	101	hypothetical protein	
smbu08	Chromosome1	smbu08GL002396	2459643	2460533	-	891	296	hypothetical protein	
smbu08	Chromosome1	smbu08GL002397	2460553	2460771	-	219	72	Uncharacterized protein TP_0352	UniProtKB/Swiss-Prot:O83371
smbu08	Chromosome1	smbu08GL002398	2460741	2462462	-	1722	573	hypothetical protein	
smbu08	Chromosome1	smbu08GL002399	2462695	2463471	+	777	258	hypothetical protein	
smbu08	Chromosome1	smbu08GL002400	2463554	2464156	-	603	200	Thiamine transporter ThiT	UniProtKB/Swiss-Prot:Q037U3
smbu08	Chromosome1	smbu08GL002401	2464297	2465292	-	996	331	Ribose-phosphate pyrophosphokinase 2	UniProtKB/Swiss-Prot:Q82ZA5
smbu08	Chromosome1	smbu08GL002402	2465362	2466639	-	1278	425	Bifunctional protein GlmU	UniProtKB/Swiss-Prot:Q839U1
smbu08	Chromosome1	smbu08GL002403	2467116	2467934	-	819	272	Pur operon repressor	UniProtKB/Swiss-Prot:P65832
smbu08	Chromosome1	smbu08GL002404	2468101	2468925	-	825	274	High-affinity zinc uptake system membraneprotein ZnuB	UniProtKB/Swiss-Prot:O34610
smbu08	Chromosome1	smbu08GL002405	2468898	2469578	-	681	226	Zinc transport system ATP-binding protein AdcC	UniProtKB/Swiss-Prot:P0A2U6
smbu08	Chromosome1	smbu08GL002406	2469600	2470538	-	939	312	Zinc-binding lipoprotein AdcA	UniProtKB/Swiss-Prot:O05703
smbu08	Chromosome1	smbu08GL002407	2470785	2471636	-	852	283	4-diphosphocytidyl-2-C-methyl-D-erythritolkinase	UniProtKB/Swiss-Prot:Q839U9
smbu08	Chromosome1	smbu08GL002408	2471790	2474273	-	2484	827	hypothetical protein	
smbu08	Chromosome1	smbu08GL002409	2474450	2475307	+	858	285	hypothetical protein	
smbu08	Chromosome1	smbu08GL002410	2475389	2476945	-	1557	518	Ribonuclease Y	UniProtKB/Swiss-Prot:Q82Z99
smbu08	Chromosome1	smbu08GL002411	2477367	2478413	-	1047	348	Protein RecA	UniProtKB/Swiss-Prot:P42444
smbu08	Chromosome1	smbu08GL002412	2478522	2479763	-	1242	413	Putative competence-damage inducible protein	UniProtKB/Swiss-Prot:Q82Z98
smbu08	Chromosome1	smbu08GL002413	2479934	2480455	-	522	173	CDP-diacylglycerol--glycerol-3-phosphate3-phosphatidyltransferase	UniProtKB/Swiss-Prot:P46322
smbu08	Chromosome1	smbu08GL002414	2480406	2480636	+	231	76	hypothetical protein	
smbu08	Chromosome1	smbu08GL002415	2480721	2481656	-	936	311	hypothetical protein	
smbu08	Chromosome1	smbu08GL002416	2482013	2483299	-	1287	428	putative zinc protease YmfH	UniProtKB/Swiss-Prot:O31766
smbu08	Chromosome1	smbu08GL002417	2483292	2484560	-	1269	422	hypothetical protein	
smbu08	Chromosome1	smbu08GL002418	2484811	2485272	+	462	153	Large-conductance mechanosensitive channel	UniProtKB/Swiss-Prot:Q82ZB4
smbu08	Chromosome1	smbu08GL002419	2485331	2485822	-	492	163	hypothetical protein	
smbu08	Chromosome1	smbu08GL002420	2485870	2486115	-	246	81	Protein Veg	UniProtKB/Swiss-Prot:P37466
smbu08	Chromosome1	smbu08GL002421	2486230	2486808	-	579	192	hypothetical protein	
smbu08	Chromosome1	smbu08GL002422	2486885	2487415	-	531	176	Uncharacterized protein YacP	UniProtKB/Swiss-Prot:P37574
smbu08	Chromosome1	smbu08GL002423	2487419	2488279	-	861	286	Putative TrmH family tRNA/rRNA methyltransferaseYacO	UniProtKB/Swiss-Prot:Q06753
smbu08	Chromosome1	smbu08GL002424	2488272	2488667	-	396	131	Mini-ribonuclease 3	UniProtKB/Swiss-Prot:Q839V4
smbu08	Chromosome1	smbu08GL002425	2488664	2490076	-	1413	470	Cysteine--tRNA ligase	UniProtKB/Swiss-Prot:Q839V5
smbu08	Chromosome1	smbu08GL002426	2490073	2490609	-	537	178	Serine acetyltransferase	UniProtKB/Swiss-Prot:A8F961
smbu08	Chromosome1	smbu08GL002427	2490932	2492392	-	1461	486	Glutamate--tRNA ligase	UniProtKB/Swiss-Prot:Q839V7
smbu08	Chromosome1	smbu08GL002428	2492562	2493719	-	1158	385	putative PIN and TRAM-domain containing proteinLin0266	UniProtKB/Swiss-Prot:Q92F41
smbu08	Chromosome1	smbu08GL002429	2493753	2495150	-	1398	465	DNA repair protein RadA	UniProtKB/Swiss-Prot:Q5XDZ7
smbu08	Chromosome1	smbu08GL002430	2495186	2495713	-	528	175	Deoxyuridine 5'-triphosphatenucleotidohydrolase	UniProtKB/Swiss-Prot:Q9CJ30
smbu08	Chromosome1	smbu08GL002431	2495943	2496749	+	807	268	Glutamate 5-kinase	UniProtKB/Swiss-Prot:Q839W2
smbu08	Chromosome1	smbu08GL002432	2496746	2497993	+	1248	415	Gamma-glutamyl phosphate reductase	UniProtKB/Swiss-Prot:Q839W3
smbu08	Chromosome1	smbu08GL002433	2498069	2498413	+	345	114	hypothetical protein	
smbu08	Chromosome1	smbu08GL002434	2498541	2498867	-	327	108	hypothetical protein	
smbu08	Chromosome1	smbu08GL002435	2498939	2499115	+	177	58	hypothetical protein	
smbu08	Chromosome1	smbu08GL002436	2499239	2500468	-	1230	409	Multidrug efflux protein YfmO	UniProtKB/Swiss-Prot:O06473
smbu08	Chromosome1	smbu08GL002437	2500588	2501073	+	486	161	hypothetical protein	
smbu08	Chromosome1	smbu08GL002438	2501274	2501756	-	483	160	Uncharacterized protein YybC	UniProtKB/Swiss-Prot:P37501
smbu08	Chromosome1	smbu08GL002439	2501767	2503245	-	1479	492	Erythromycin resistance ATP-binding proteinMsrA	UniProtKB/Swiss-Prot:P23212
smbu08	Chromosome1	smbu08GL002440	2503246	2503368	+	123	40	hypothetical protein	
smbu08	Chromosome1	smbu08GL002441	2503599	2504228	-	630	209	Putative NAD(P)H nitroreductase YdgI	UniProtKB/Swiss-Prot:P96707
smbu08	Chromosome1	smbu08GL002442	2504212	2504676	-	465	154	hypothetical protein	
smbu08	Chromosome1	smbu08GL002443	2504825	2507953	+	3129	1042	hypothetical protein	
smbu08	Chromosome1	smbu08GL002444	2508370	2509638	-	1269	422	putative N-acetylmuramidase	UniProtKB/Swiss-Prot:P0C2T5
smbu08	Chromosome1	smbu08GL002445	2509991	2510863	+	873	290	hypothetical protein	
smbu08	Chromosome1	smbu08GL002446	2510881	2512818	+	1938	645	PTS system N-acetylglucosamine-specific EIICBAcomponent	UniProtKB/Swiss-Prot:P09323
smbu08	Chromosome1	smbu08GL002447	2513154	2514014	-	861	286	hypothetical protein	
smbu08	Chromosome1	smbu08GL002448	2514128	2514595	+	468	155	Putative HTH-type transcriptional regulatorYwnA	UniProtKB/Swiss-Prot:P71036
smbu08	Chromosome1	smbu08GL002449	2514737	2515228	-	492	163	hypothetical protein	
smbu08	Chromosome1	smbu08GL002450	2515318	2516214	-	897	298	putative HTH-type transcriptional regulatorYdeE	UniProtKB/Swiss-Prot:P96662
smbu08	Chromosome1	smbu08GL002451	2516200	2516331	+	132	43	hypothetical protein	
smbu08	Chromosome1	smbu08GL002452	2516546	2516677	-	132	43	hypothetical protein	
smbu08	Chromosome1	smbu08GL002453	2516781	2518217	+	1437	478	hypothetical protein	
smbu08	Chromosome1	smbu08GL002454	2518312	2519793	-	1482	493	Xylulose kinase	UniProtKB/Swiss-Prot:Q9CFG8
smbu08	Chromosome1	smbu08GL002455	2519856	2520689	-	834	277	hypothetical protein	
smbu08	Chromosome1	smbu08GL002456	2520682	2521596	-	915	304	hypothetical protein	
smbu08	Chromosome1	smbu08GL002457	2521637	2522935	-	1299	432	hypothetical protein	
smbu08	Chromosome1	smbu08GL002458	2522932	2524542	-	1611	536	Beta-xylosidase	UniProtKB/Swiss-Prot:P94489
smbu08	Chromosome1	smbu08GL002459	2524556	2528290	-	3735	1244	Ftsk domain-containing protein CA_C3709	UniProtKB/Swiss-Prot:Q04351
smbu08	Chromosome1	smbu08GL002460	2528277	2529446	-	1170	389	hypothetical protein	
smbu08	Chromosome1	smbu08GL002461	2529443	2529721	-	279	92	hypothetical protein	
smbu08	Chromosome1	smbu08GL002462	2529723	2530232	-	510	169	hypothetical protein	
smbu08	Chromosome1	smbu08GL002463	2530229	2533690	-	3462	1153	hypothetical protein	
smbu08	Chromosome1	smbu08GL002464	2533807	2534100	-	294	97	Uncharacterized protein CA_C3713	UniProtKB/Swiss-Prot:P34159
smbu08	Chromosome1	smbu08GL002465	2534660	2535547	-	888	295	hypothetical protein	
smbu08	Chromosome1	smbu08GL002466	2536001	2536714	+	714	237	hypothetical protein	
smbu08	Chromosome1	smbu08GL002467	2536701	2537024	+	324	107	hypothetical protein	
smbu08	Chromosome1	smbu08GL002468	2537109	2538146	-	1038	345	Zinc-type alcohol dehydrogenase-like proteinSERP1785	UniProtKB/Swiss-Prot:Q5HM44
smbu08	Chromosome1	smbu08GL002469	2538471	2539454	-	984	327	putative tRNA-dihydrouridine synthase 2	UniProtKB/Swiss-Prot:O31546
smbu08	Chromosome1	smbu08GL002470	2539459	2539575	+	117	38	hypothetical protein	
smbu08	Chromosome1	smbu08GL002471	2539744	2540514	-	771	256	Inner membrane transport permease YadH	UniProtKB/Swiss-Prot:P0AFN8
smbu08	Chromosome1	smbu08GL002472	2540507	2541442	-	936	311	putative ABC transporter ATP-binding proteinYadG	UniProtKB/Swiss-Prot:P36879
smbu08	Chromosome1	smbu08GL002473	2541533	2541655	+	123	40	hypothetical protein	
smbu08	Chromosome1	smbu08GL002474	2541758	2543407	-	1650	549	hypothetical protein	
smbu08	Chromosome1	smbu08GL002475	2543524	2546127	-	2604	867	hypothetical protein	
smbu08	Chromosome1	smbu08GL002476	2546139	2547188	-	1050	349	PTS system fructose-specific EIIB'BC component	UniProtKB/Swiss-Prot:P23387
smbu08	Chromosome1	smbu08GL002477	2547214	2547528	-	315	104	PTS system fructose-like EIIB component 2	UniProtKB/Swiss-Prot:P69818
smbu08	Chromosome1	smbu08GL002478	2547544	2547990	-	447	148	hypothetical protein	
smbu08	Chromosome1	smbu08GL002479	2547991	2549913	-	1923	640	hypothetical protein	
smbu08	Chromosome1	smbu08GL002480	2550140	2551000	-	861	286	hypothetical protein	
smbu08	Chromosome1	smbu08GL002481	2551029	2551709	-	681	226	putative transcriptional regulatory proteinYrkP	UniProtKB/Swiss-Prot:P54443
smbu08	Chromosome1	smbu08GL002482	2551710	2552492	-	783	260	hypothetical protein	
smbu08	Chromosome1	smbu08GL002483	2552485	2553402	-	918	305	Bacitracin transport ATP-binding protein BcrA	UniProtKB/Swiss-Prot:P42332
smbu08	Chromosome1	smbu08GL002484	2553565	2554935	-	1371	456	hypothetical protein	
smbu08	Chromosome1	smbu08GL002485	2555001	2555927	+	927	308	hypothetical protein	
smbu08	Chromosome1	smbu08GL002486	2556167	2558296	-	2130	709	hypothetical protein	
smbu08	Chromosome1	smbu08GL002487	2558463	2558996	+	534	177	hypothetical protein	
smbu08	Chromosome1	smbu08GL002488	2559036	2559815	-	780	259	hypothetical protein	
smbu08	Chromosome1	smbu08GL002489	2560075	2560467	-	393	130	Small ribosomal subunit protein uS9	UniProtKB/Swiss-Prot:Q82Z47
smbu08	Chromosome1	smbu08GL002490	2560483	2560911	-	429	142	Large ribosomal subunit protein uL13	UniProtKB/Swiss-Prot:Q03EE8
smbu08	Chromosome1	smbu08GL002491	2561194	2561661	-	468	155	DNA protection during starvation protein	UniProtKB/Swiss-Prot:Q9KWH3
smbu08	Chromosome1	smbu08GL002492	2561781	2563319	-	1539	512	Gluconokinase	UniProtKB/Swiss-Prot:P12011
smbu08	Chromosome1	smbu08GL002493	2563399	2564046	+	648	215	hypothetical protein	
smbu08	Chromosome1	smbu08GL002494	2564156	2564683	-	528	175	Peptide methionine sulfoxide reductase MsrA	UniProtKB/Swiss-Prot:Q92AE8
smbu08	Chromosome1	smbu08GL002495	2564884	2566116	+	1233	410	hypothetical protein	
smbu08	Chromosome1	smbu08GL002496	2566418	2570092	-	3675	1224	DNA-directed RNA polymerase subunit beta'	UniProtKB/Swiss-Prot:Q82Z41
smbu08	Chromosome1	smbu08GL002497	2570150	2573701	-	3552	1183	DNA-directed RNA polymerase subunit beta	UniProtKB/Swiss-Prot:Q82Z40
smbu08	Chromosome1	smbu08GL002498	2574493	2575461	+	969	322	Tyrosine-binding protein	UniProtKB/Swiss-Prot:P0DX45
smbu08	Chromosome1	smbu08GL002499	2575479	2576384	+	906	301	Tyrosine transport system permease protein	UniProtKB/Swiss-Prot:P0DX44
smbu08	Chromosome1	smbu08GL002500	2576381	2577187	+	807	268	Tyrosine transport ATP-binding protein	UniProtKB/Swiss-Prot:P0DX43
smbu08	Chromosome1	smbu08GL002501	2577322	2578311	+	990	329	hypothetical protein	
smbu08	Chromosome1	smbu08GL002502	2578768	2578893	-	126	41	hypothetical protein	
smbu08	Chromosome1	smbu08GL002503	2579173	2579418	-	246	81	hypothetical protein	
smbu08	Chromosome1	smbu08GL002504	2579669	2579791	+	123	40	hypothetical protein	
smbu08	Chromosome1	smbu08GL002505	2579793	2580569	+	777	258	hypothetical protein	
smbu08	Chromosome1	smbu08GL002506	2580657	2585996	-	5340	1779	hypothetical protein	
smbu08	Chromosome1	smbu08GL002507	2586117	2586521	-	405	134	hypothetical protein	
smbu08	Chromosome1	smbu08GL002508	2586526	2587119	-	594	197	hypothetical protein	
smbu08	Chromosome1	smbu08GL002509	2587174	2587575	-	402	133	hypothetical protein	
smbu08	Chromosome1	smbu08GL002510	2588098	2588592	-	495	164	hypothetical protein	
smbu08	Chromosome1	smbu08GL002511	2588880	2590781	+	1902	633	hypothetical protein	
smbu08	Chromosome1	smbu08GL002512	2590935	2591906	-	972	323	hypothetical protein	
smbu08	Chromosome1	smbu08GL002513	2591944	2592510	-	567	188	hypothetical protein	
smbu08	Chromosome1	smbu08GL002514	2592524	2592940	-	417	138	hypothetical protein	
smbu08	Chromosome1	smbu08GL002515	2593395	2595329	-	1935	644	hypothetical protein	
smbu08	Chromosome1	smbu08GL002516	2595610	2596566	+	957	318	hypothetical protein	
smbu08	Chromosome1	smbu08GL002517	2596704	2597759	+	1056	351	hypothetical protein	
smbu08	Chromosome1	smbu08GL002518	2597772	2598725	+	954	317	hypothetical protein	
smbu08	Chromosome1	smbu08GL002519	2598913	2600373	-	1461	486	hypothetical protein	
smbu08	Chromosome1	smbu08GL002520	2600447	2602945	-	2499	832	hypothetical protein	
smbu08	Chromosome1	smbu08GL002521	2602960	2603100	-	141	46	hypothetical protein	
smbu08	Chromosome1	smbu08GL002522	2603557	2604513	-	957	318	hypothetical protein	
smbu08	Chromosome1	smbu08GL002523	2604647	2604982	-	336	111	hypothetical protein	
smbu08	Chromosome1	smbu08GL002524	2605652	2607124	+	1473	490	hypothetical protein	
smbu08	Chromosome1	smbu08GL002525	2607218	2608564	-	1347	448	Glutathione reductase	UniProtKB/Swiss-Prot:Q60151
smbu08	Chromosome1	smbu08GL002526	2608698	2609951	-	1254	417	tRNA hydroxylation protein P1	UniProtKB/Swiss-Prot:O32034
smbu08	Chromosome1	smbu08GL002527	2609957	2610880	-	924	307	hypothetical protein	
smbu08	Chromosome1	smbu08GL002528	2611101	2613587	-	2487	828	Chaperone protein ClpB	UniProtKB/Swiss-Prot:Q8EU05
smbu08	Chromosome1	smbu08GL002529	2613594	2613995	-	402	133	Transcriptional regulator CtsR	UniProtKB/Swiss-Prot:Q88XZ6
smbu08	Chromosome1	smbu08GL002530	2620138	2620317	-	180	59	hypothetical protein	
smbu08	Chromosome1	smbu08GL002531	2620689	2621378	+	690	229	Regulatory protein VanR	UniProtKB/Swiss-Prot:Q06239
smbu08	Chromosome1	smbu08GL002532	2621365	2622573	+	1209	402	hypothetical protein	
smbu08	Chromosome1	smbu08GL002533	2622867	2624138	+	1272	423	Serine--tRNA ligase 2	UniProtKB/Swiss-Prot:Q82YY9
smbu08	Chromosome1	smbu08GL002534	2624674	2626158	-	1485	494	Inosine-5'-monophosphate dehydrogenase	UniProtKB/Swiss-Prot:P0C0H7
smbu08	Chromosome1	smbu08GL002535	2626589	2627284	-	696	231	hypothetical protein	
smbu08	Chromosome1	smbu08GL002536	2627374	2628474	-	1101	366	Ribosome-binding ATPase YchF	UniProtKB/Swiss-Prot:P37518
smbu08	Chromosome1	smbu08GL002537	2628483	2628674	-	192	63	Uncharacterized protein YyzM	UniProtKB/Swiss-Prot:C0H3V8
smbu08	Chromosome1	smbu08GL002538	2628695	2629585	-	891	296	Stage 0 sporulation protein J	UniProtKB/Swiss-Prot:P26497
smbu08	Chromosome1	smbu08GL002539	2629572	2630339	-	768	255	Sporulation initiation inhibitor protein Soj	UniProtKB/Swiss-Prot:P37522
smbu08	Chromosome1	smbu08GL002540	2630351	2631079	-	729	242	Ribosomal RNA small subunit methyltransferase G	UniProtKB/Swiss-Prot:Q82YY1
smbu08	Chromosome1	smbu08GL002541	2631298	2633199	-	1902	633	tRNA uridine 5-carboxymethylaminomethylmodification enzyme MnmG	UniProtKB/Swiss-Prot:Q82YX0
smbu08	Chromosome1	smbu08GL002542	2633216	2634673	-	1458	485	tRNA modification GTPase MnmE	UniProtKB/Swiss-Prot:Q820T0
smbu08	Chromosome1	smbu08GL002543	2634982	2635296	+	315	104	hypothetical protein	
smbu08	Chromosome1	smbu08GL002544	2635466	2636224	-	759	252	RNA-binding protein KhpB	UniProtKB/Swiss-Prot:F9ULM5
smbu08	Chromosome1	smbu08GL002545	2636242	2637033	-	792	263	Membrane protein insertase YidC	UniProtKB/Swiss-Prot:Q82YV1
smbu08	Chromosome1	smbu08GL002546	2637057	2637413	-	357	118	Ribonuclease P protein component	UniProtKB/Swiss-Prot:Q82YV0
smbu08	Chromosome1	smbu08GL002547	2637531	2637674	-	144	47	Large ribosomal subunit protein bL34	UniProtKB/Swiss-Prot:Q82YU9
smbu08	Plasmid1	smbu08GL002548	1244	2065	-	822	273	hypothetical protein	
smbu08	Plasmid1	smbu08GL002549	2116	2370	-	255	84	hypothetical protein	
smbu08	Plasmid1	smbu08GL002550	2897	3592	+	696	231	hypothetical protein	
smbu08	Plasmid1	smbu08GL002551	3689	4045	-	357	118	hypothetical protein	
smbu08	Plasmid1	smbu08GL002552	4045	4383	-	339	112	hypothetical protein	
smbu08	Plasmid1	smbu08GL002553	5249	5830	+	582	193	hypothetical protein	
smbu08	Plasmid1	smbu08GL002554	5872	6675	+	804	267	Putative transposase InsK for insertion sequenceelement IS150	UniProtKB/Swiss-Prot:P19769
smbu08	Plasmid1	smbu08GL002555	6981	7943	-	963	320	Sucrose operon repressor	UniProtKB/Swiss-Prot:Q54430
smbu08	Plasmid1	smbu08GL002556	7945	9327	-	1383	460	Sucrose-6-phosphate hydrolase	UniProtKB/Swiss-Prot:P13522
smbu08	Plasmid1	smbu08GL002557	9518	11515	+	1998	665	PTS system sucrose-specific EIIBCA component	UniProtKB/Swiss-Prot:P12655
smbu08	Plasmid1	smbu08GL002558	11773	12651	+	879	292	Fructokinase	UniProtKB/Swiss-Prot:Q07211
smbu08	Plasmid1	smbu08GL002559	13027	13944	+	918	305	hypothetical protein	
smbu08	Plasmid1	smbu08GL002560	14225	15415	-	1191	396	Transposase for insertion sequence elementIS905	UniProtKB/Swiss-Prot:P35881
smbu08	Plasmid1	smbu08GL002561	15486	16028	-	543	180	hypothetical protein	
smbu08	Plasmid1	smbu08GL002562	16504	16665	+	162	53	hypothetical protein	
smbu08	Plasmid1	smbu08GL002563	16986	17867	-	882	293	Maltose 6'-phosphate phosphatase	UniProtKB/Swiss-Prot:E6ENP9
smbu08	Plasmid1	smbu08GL002564	18023	20206	-	2184	727	PTS system glucose-specific EIICBA component	UniProtKB/Swiss-Prot:P35595
smbu08	Plasmid1	smbu08GL002565	20466	22760	+	2295	764	Maltose phosphorylase	UniProtKB/Swiss-Prot:E6ENP7
smbu08	Plasmid1	smbu08GL002566	22753	23418	+	666	221	Beta-phosphoglucomutase	UniProtKB/Swiss-Prot:P71447
smbu08	Plasmid1	smbu08GL002567	23411	24445	+	1035	344	hypothetical protein	
smbu08	Plasmid1	smbu08GL002568	24514	25020	+	507	168	HTH-type transcriptional regulator MalR	UniProtKB/Swiss-Prot:P0A4T2
smbu08	Plasmid1	smbu08GL002569	25024	25533	+	510	169	hypothetical protein	
smbu08	Plasmid1	smbu08GL002570	25837	26013	-	177	58	hypothetical protein	
smbu08	Plasmid1	smbu08GL002571	26041	26499	-	459	152	Transposase for insertion sequence element IS257in transposon Tn4003	UniProtKB/Swiss-Prot:P14506
smbu08	Plasmid1	smbu08GL002572	27088	27948	+	861	286	Uncharacterized protein YpfJ	UniProtKB/Swiss-Prot:P64431
smbu08	Plasmid1	smbu08GL002573	28287	28451	+	165	54	hypothetical protein	
smbu08	Plasmid1	smbu08GL002574	28488	28619	+	132	43	hypothetical protein	
smbu08	Plasmid1	smbu08GL002575	28623	29036	+	414	137	hypothetical protein	
smbu08	Plasmid1	smbu08GL002576	28997	29773	+	777	258	hypothetical protein	
smbu08	Plasmid1	smbu08GL002577	29845	31470	-	1626	541	hypothetical protein	
smbu08	Plasmid1	smbu08GL002578	31952	32410	+	459	152	hypothetical protein	
smbu08	Plasmid1	smbu08GL002579	32727	33308	-	582	193	hypothetical protein	
smbu08	Plasmid1	smbu08GL002580	33327	34673	-	1347	448	UPF0210 protein lmo0534	UniProtKB/Swiss-Prot:Q8Y9J3
smbu08	Plasmid1	smbu08GL002581	34685	34951	-	267	88	UPF0237 protein lmo0533	UniProtKB/Swiss-Prot:Q8Y9J4
smbu08	Plasmid1	smbu08GL002582	35054	35722	-	669	222	2,3-bisphosphoglycerate-dependentphosphoglycerate mutase	UniProtKB/Swiss-Prot:Q9JTF2
smbu08	Plasmid1	smbu08GL002583	35798	36046	+	249	82	hypothetical protein	
smbu08	Plasmid1	smbu08GL002584	36103	36927	+	825	274	hypothetical protein	
smbu08	Plasmid1	smbu08GL002585	37077	37640	-	564	187	hypothetical protein	
smbu08	Plasmid1	smbu08GL002586	37900	38448	-	549	182	hypothetical protein	
smbu08	Plasmid1	smbu08GL002587	38449	39306	-	858	285	hypothetical protein	
smbu08	Plasmid1	smbu08GL002588	39592	39879	-	288	95	hypothetical protein	
smbu08	Plasmid1	smbu08GL002589	39869	40198	-	330	109	hypothetical protein	
smbu08	Plasmid1	smbu08GL002590	40547	40810	-	264	87	hypothetical protein	
smbu08	Plasmid1	smbu08GL002591	41044	41184	+	141	46	hypothetical protein	
smbu08	Plasmid1	smbu08GL002592	41194	41952	+	759	252	hypothetical protein	
smbu08	Plasmid1	smbu08GL002593	41955	43130	-	1176	391	hypothetical protein	
smbu08	Plasmid1	smbu08GL002594	43133	45199	-	2067	688	Alpha-galactosidase AgaA	UniProtKB/Swiss-Prot:Q9ALJ4
smbu08	Plasmid1	smbu08GL002595	45479	46333	-	855	284	hypothetical protein	
smbu08	Plasmid1	smbu08GL002596	46415	47323	-	909	302	hypothetical protein	
smbu08	Plasmid1	smbu08GL002597	47417	47842	-	426	141	hypothetical protein	
smbu08	Plasmid1	smbu08GL002598	47848	48378	-	531	176	Transposase for insertion sequence element IS257in transposon Tn4003	UniProtKB/Swiss-Prot:P14506
smbu08	Plasmid1	smbu08GL002599	48491	48781	+	291	96	hypothetical protein	
smbu08	Plasmid1	smbu08GL002600	48817	49653	+	837	278	hypothetical protein	
smbu08	Plasmid1	smbu08GL002601	49797	50234	-	438	145	hypothetical protein	
smbu08	Plasmid1	smbu08GL002602	50243	51850	-	1608	535	Divalent metal cation transporter MntH	UniProtKB/Swiss-Prot:Q38UX8
smbu08	Plasmid1	smbu08GL002603	52017	52925	-	909	302	hypothetical protein	
smbu08	Plasmid1	smbu08GL002604	53251	53415	+	165	54	Bacteriocin enterocin-P	UniProtKB/Swiss-Prot:O30434
smbu08	Plasmid1	smbu08GL002605	53425	53691	+	267	88	Sakacin-A immunity factor	UniProtKB/Swiss-Prot:Q48864
smbu08	Plasmid1	smbu08GL002606	54036	56303	+	2268	755	hypothetical protein	
smbu08	Plasmid1	smbu08GL002607	56481	57389	+	909	302	hypothetical protein	
smbu08	Plasmid1	smbu08GL002608	57781	58284	+	504	167	General stress protein 18	UniProtKB/Swiss-Prot:P80876
smbu08	Plasmid1	smbu08GL002609	58546	59037	-	492	163	hypothetical protein	
smbu08	Plasmid1	smbu08GL002610	59776	61032	+	1257	418	hypothetical protein	
smbu08	Plasmid1	smbu08GL002611	61188	61601	-	414	137	hypothetical protein	
smbu08	Plasmid1	smbu08GL002612	61784	62254	+	471	156	hypothetical protein	
smbu08	Plasmid1	smbu08GL002613	62392	63279	+	888	295	Uncharacterized protein YeaE	UniProtKB/Swiss-Prot:P76234
smbu08	Plasmid1	smbu08GL002614	63490	63630	+	141	46	hypothetical protein	
smbu08	Plasmid1	smbu08GL002615	63660	64289	+	630	209	hypothetical protein	
smbu08	Plasmid1	smbu08GL002616	64495	65181	-	687	228	Transposase for insertion sequence-like elementIS431mec	UniProtKB/Swiss-Prot:P0C1L0
smbu08	Plasmid1	smbu08GL002617	65654	66094	-	441	146	hypothetical protein	
smbu08	Plasmid1	smbu08GL002618	66338	66628	+	291	96	hypothetical protein	
smbu08	Plasmid1	smbu08GL002619	66664	67500	+	837	278	hypothetical protein	
smbu08	Plasmid1	smbu08GL002620	67890	69098	-	1209	402	hypothetical protein	
smbu08	Plasmid1	smbu08GL002621	69392	69856	-	465	154	hypothetical protein	
smbu08	Plasmid1	smbu08GL002622	69938	70624	-	687	228	Transposase for insertion sequence-like elementIS431mec	UniProtKB/Swiss-Prot:P0C1L0
smbu08	Plasmid1	smbu08GL002623	71094	71411	-	318	105	hypothetical protein	
smbu08	Plasmid1	smbu08GL002624	71412	71666	-	255	84	hypothetical protein	
smbu08	Plasmid1	smbu08GL002625	71926	72066	-	141	46	hypothetical protein	
smbu08	Plasmid1	smbu08GL002626	73956	74996	+	1041	346	hypothetical protein	
smbu08	Plasmid1	smbu08GL002627	75995	76168	+	174	57	hypothetical protein	
smbu08	Plasmid1	smbu08GL002628	76591	78000	+	1410	469	hypothetical protein	
smbu08	Plasmid1	smbu08GL002629	78008	80215	+	2208	735	hypothetical protein	
smbu08	Plasmid1	smbu08GL002630	80231	80380	+	150	49	hypothetical protein	
smbu08	Plasmid1	smbu08GL002631	80461	81057	+	597	198	hypothetical protein	
smbu08	Plasmid1	smbu08GL002632	81070	81969	+	900	299	hypothetical protein	
smbu08	Plasmid1	smbu08GL002633	82114	82380	+	267	88	Single-stranded DNA-binding protein 2	UniProtKB/Swiss-Prot:Q9CDM9
smbu08	Plasmid1	smbu08GL002634	82883	83005	-	123	40	hypothetical protein	
smbu08	Plasmid1	smbu08GL002635	83265	83420	+	156	51	hypothetical protein	
smbu08	Plasmid1	smbu08GL002636	84070	84321	+	252	83	hypothetical protein	
smbu08	Plasmid1	smbu08GL002637	84337	84774	+	438	145	hypothetical protein	
smbu08	Plasmid1	smbu08GL002638	85243	85380	+	138	45	hypothetical protein	
smbu08	Plasmid1	smbu08GL002639	85416	85850	+	435	144	hypothetical protein	
smbu08	Plasmid1	smbu08GL002640	85922	86098	+	177	58	hypothetical protein	
smbu08	Plasmid1	smbu08GL002641	86108	86341	+	234	77	hypothetical protein	
smbu08	Plasmid1	smbu08GL002642	86663	86866	+	204	67	Bacteriocin hiracin-JM79	UniProtKB/Swiss-Prot:Q0Z8B6
smbu08	Plasmid1	smbu08GL002643	87118	87408	+	291	96	hypothetical protein	
smbu08	Plasmid1	smbu08GL002644	87444	88280	+	837	278	hypothetical protein	
smbu08	Plasmid1	smbu08GL002645	88696	89604	+	909	302	hypothetical protein	
smbu08	Plasmid1	smbu08GL002646	89660	90157	+	498	165	hypothetical protein	
smbu08	Plasmid1	smbu08GL002647	90194	90889	-	696	231	hypothetical protein	
smbu08	Plasmid1	smbu08GL002648	91185	91487	-	303	100	hypothetical protein	
smbu08	Plasmid1	smbu08GL002649	91635	92504	+	870	289	hypothetical protein	
smbu08	Plasmid1	smbu08GL002650	92941	94119	+	1179	392	Transposase for insertion sequence elementIS905	UniProtKB/Swiss-Prot:P35881
smbu08	Plasmid1	smbu08GL002651	94281	95711	+	1431	476	hypothetical protein	
smbu08	Plasmid1	smbu08GL002652	95708	96331	-	624	207	Putative transposon Tn552 DNA-invertase bin3	UniProtKB/Swiss-Prot:P20384
smbu08	Plasmid1	smbu08GL002653	96649	96987	+	339	112	hypothetical protein	
smbu08	Plasmid1	smbu08GL002654	96987	97862	+	876	291	hypothetical protein	
smbu08	Plasmid1	smbu08GL002655	97903	98193	+	291	96	hypothetical protein	
smbu08	Plasmid1	smbu08GL002656	98229	99065	+	837	278	hypothetical protein	
smbu08	Plasmid1	smbu08GL002657	99095	99853	-	759	252	hypothetical protein	
smbu08	Plasmid1	smbu08GL002658	99858	100625	-	768	255	Lactose phosphotransferase system repressor	UniProtKB/Swiss-Prot:P18816
smbu08	Plasmid1	smbu08GL002659	101104	101538	+	435	144	Galactose-6-phosphate isomerase subunit LacA	UniProtKB/Swiss-Prot:P23494
smbu08	Plasmid1	smbu08GL002660	101555	102070	+	516	171	Galactose-6-phosphate isomerase subunit LacB	UniProtKB/Swiss-Prot:P23495
smbu08	Plasmid1	smbu08GL002661	102081	103013	+	933	310	Tagatose-6-phosphate kinase	UniProtKB/Swiss-Prot:P23391
smbu08	Plasmid1	smbu08GL002662	103016	103996	+	981	326	Tagatose 1,6-diphosphate aldolase	UniProtKB/Swiss-Prot:P26593
smbu08	Plasmid1	smbu08GL002663	104024	104341	+	318	105	PTS system lactose-specific EIIA component	UniProtKB/Swiss-Prot:P23532
smbu08	Plasmid1	smbu08GL002664	104341	106047	+	1707	568	PTS system lactose-specific EIICB component	UniProtKB/Swiss-Prot:P23531
smbu08	Plasmid1	smbu08GL002665	106189	107595	+	1407	468	6-phospho-beta-galactosidase	UniProtKB/Swiss-Prot:P11546
smbu08	Plasmid1	smbu08GL002666	107911	108810	+	900	299	Protein LacX, plasmid	UniProtKB/Swiss-Prot:P23496
smbu08	Plasmid1	smbu08GL002667	109282	109926	-	645	214	hypothetical protein	
smbu08	Plasmid1	smbu08GL002668	109963	110118	-	156	51	hypothetical protein	
smbu08	Plasmid1	smbu08GL002669	110154	110444	-	291	96	hypothetical protein	
smbu08	Plasmid1	smbu08GL002670	110626	110751	-	126	41	hypothetical protein	
smbu08	Plasmid1	smbu08GL002671	111028	111921	-	894	297	hypothetical protein	
smbu08	Plasmid1	smbu08GL002672	111996	112499	-	504	167	LexA repressor	UniProtKB/Swiss-Prot:Q8FPF5
smbu08	Plasmid1	smbu08GL002673	112462	112698	+	237	78	hypothetical protein	
smbu08	Plasmid1	smbu08GL002674	112934	115048	+	2115	704	ATP-dependent Clp protease ATP-binding subunitClpL	UniProtKB/Swiss-Prot:Q06716
smbu08	Plasmid1	smbu08GL002675	115616	115852	+	237	78	hypothetical protein	
smbu08	Plasmid1	smbu08GL002676	116071	116262	+	192	63	hypothetical protein	
smbu08	Plasmid1	smbu08GL002677	116420	116572	+	153	50	hypothetical protein	
smbu08	Plasmid1	smbu08GL002678	116780	117190	+	411	136	hypothetical protein	
smbu08	Plasmid1	smbu08GL002679	117514	118125	+	612	203	Protein RepS	UniProtKB/Swiss-Prot:P14752
smbu08	Plasmid1	smbu08GL002680	118169	118363	+	195	64	hypothetical protein	
smbu08	Plasmid1	smbu08GL002681	118377	118517	+	141	46	hypothetical protein	
smbu08	Plasmid1	smbu08GL002682	118531	119001	+	471	156	hypothetical protein	
smbu08	Plasmid1	smbu08GL002683	119262	120335	+	1074	357	hypothetical protein	
smbu08	Plasmid1	smbu08GL002684	121802	122224	+	423	140	Uncharacterized protein YrkC	UniProtKB/Swiss-Prot:P54430
smbu08	Plasmid1	smbu08GL002685	122308	122961	+	654	217	putative iron export ATP-binding protein FetA	UniProtKB/Swiss-Prot:P77279
smbu08	Plasmid1	smbu08GL002686	122958	123722	+	765	254	putative iron export permease protein FetB	UniProtKB/Swiss-Prot:P77307
smbu08	Plasmid1	smbu08GL002687	123797	123910	+	114	37	hypothetical protein	
smbu08	Plasmid1	smbu08GL002688	124133	124435	+	303	100	hypothetical protein	
smbu08	Plasmid1	smbu08GL002689	125044	125451	-	408	135	hypothetical protein	
smbu08	Plasmid1	smbu08GL002690	125448	125681	-	234	77	hypothetical protein	
smbu08	Plasmid1	smbu08GL002691	125994	127088	+	1095	364	Tyrosine recombinase XerS	UniProtKB/Swiss-Prot:Q3K1A9
smbu08	Plasmid1	smbu08GL002692	127151	127768	-	618	205	putative integrase/recombinase YoeC	UniProtKB/Swiss-Prot:O35009
smbu08	Plasmid1	smbu08GL002693	128176	128787	-	612	203	Transposase for insertion sequence elementIS905	UniProtKB/Swiss-Prot:P35881
smbu08	Plasmid2	smbu08GL002694	1680	2771	-	1092	363	hypothetical protein	
smbu08	Plasmid2	smbu08GL002695	2971	3990	-	1020	339	N-acetylmuramoyl-L-alanine amidase	UniProtKB/Swiss-Prot:Q38135
smbu08	Plasmid2	smbu08GL002696	4001	4198	-	198	65	hypothetical protein	
smbu08	Plasmid2	smbu08GL002697	4214	4456	-	243	80	hypothetical protein	
smbu08	Plasmid2	smbu08GL002698	4491	4628	-	138	45	hypothetical protein	
smbu08	Plasmid2	smbu08GL002699	4630	5076	-	447	148	hypothetical protein	
smbu08	Plasmid2	smbu08GL002700	5088	7274	-	2187	728	hypothetical protein	
smbu08	Plasmid2	smbu08GL002701	7274	8326	-	1053	350	hypothetical protein	
smbu08	Plasmid2	smbu08GL002702	8327	9346	-	1020	339	hypothetical protein	
smbu08	Plasmid2	smbu08GL002703	9355	10182	-	828	275	hypothetical protein	
smbu08	Plasmid2	smbu08GL002704	10172	14653	-	4482	1493	hypothetical protein	
smbu08	Plasmid2	smbu08GL002705	14666	15286	-	621	206	hypothetical protein	
smbu08	Plasmid2	smbu08GL002706	15291	15671	-	381	126	hypothetical protein	
smbu08	Plasmid2	smbu08GL002707	16044	16511	-	468	155	hypothetical protein	
smbu08	Plasmid2	smbu08GL002708	16524	16850	-	327	108	hypothetical protein	
smbu08	Plasmid2	smbu08GL002709	16916	17173	-	258	85	hypothetical protein	
smbu08	Plasmid2	smbu08GL002710	17595	17990	-	396	131	hypothetical protein	
smbu08	Plasmid2	smbu08GL002711	18028	18246	-	219	72	hypothetical protein	
smbu08	Plasmid2	smbu08GL002712	18291	19163	-	873	290	hypothetical protein	
smbu08	Plasmid2	smbu08GL002713	19182	19766	-	585	194	hypothetical protein	
smbu08	Plasmid2	smbu08GL002714	19868	21004	-	1137	378	Structural protein	UniProtKB/Swiss-Prot:Q04765
smbu08	Plasmid2	smbu08GL002715	21007	22815	-	1809	602	hypothetical protein	
smbu08	Plasmid2	smbu08GL002716	22809	24134	-	1326	441	hypothetical protein	
smbu08	Plasmid2	smbu08GL002717	24100	24840	-	741	246	Uncharacterized protein YqaS	UniProtKB/Swiss-Prot:P45915
smbu08	Plasmid2	smbu08GL002718	24853	25005	-	153	50	hypothetical protein	
smbu08	Plasmid2	smbu08GL002719	25614	25727	+	114	37	hypothetical protein	
smbu08	Plasmid2	smbu08GL002720	26212	26370	-	159	52	hypothetical protein	
smbu08	Plasmid2	smbu08GL002721	26854	27495	-	642	213	hypothetical protein	
smbu08	Plasmid2	smbu08GL002722	27544	27723	-	180	59	hypothetical protein	
smbu08	Plasmid2	smbu08GL002723	27789	28085	-	297	98	hypothetical protein	
smbu08	Plasmid2	smbu08GL002724	28085	28222	-	138	45	hypothetical protein	
smbu08	Plasmid2	smbu08GL002725	28288	28491	-	204	67	hypothetical protein	
smbu08	Plasmid2	smbu08GL002726	28488	28601	-	114	37	hypothetical protein	
smbu08	Plasmid2	smbu08GL002727	28661	29380	-	720	239	hypothetical protein	
smbu08	Plasmid2	smbu08GL002728	29368	29685	-	318	105	hypothetical protein	
smbu08	Plasmid2	smbu08GL002729	29682	29843	-	162	53	hypothetical protein	
smbu08	Plasmid2	smbu08GL002730	29858	30223	-	366	121	hypothetical protein	
smbu08	Plasmid2	smbu08GL002731	30210	31013	-	804	267	hypothetical protein	
smbu08	Plasmid2	smbu08GL002732	31152	32042	-	891	296	Uncharacterized protein YqaK	UniProtKB/Swiss-Prot:P45908
smbu08	Plasmid2	smbu08GL002733	32044	33000	-	957	318	Uncharacterized protein YqaJ	UniProtKB/Swiss-Prot:P45907
smbu08	Plasmid2	smbu08GL002734	33122	33289	-	168	55	hypothetical protein	
smbu08	Plasmid2	smbu08GL002735	33304	33588	-	285	94	hypothetical protein	
smbu08	Plasmid2	smbu08GL002736	33588	34133	-	546	181	hypothetical protein	
smbu08	Plasmid2	smbu08GL002737	34197	34349	-	153	50	hypothetical protein	
smbu08	Plasmid2	smbu08GL002738	34387	34608	+	222	73	hypothetical protein	
smbu08	Plasmid2	smbu08GL002739	34616	34885	-	270	89	hypothetical protein	
smbu08	Plasmid2	smbu08GL002740	35066	35281	-	216	71	hypothetical protein	
smbu08	Plasmid2	smbu08GL002741	35460	35852	+	393	130	HTH-type transcriptional repressor RghR	UniProtKB/Swiss-Prot:O32236
smbu08	Plasmid2	smbu08GL002742	35859	36287	+	429	142	hypothetical protein	
smbu08	Plasmid2	smbu08GL002743	36531	37124	+	594	197	hypothetical protein	
smbu08	Plasmid2	smbu08GL002744	37307	38443	+	1137	378	hypothetical protein	
smbu08	Plasmid2	smbu08GL002745	40399	41490	-	1092	363	hypothetical protein	
smbu08	Plasmid2	smbu08GL002746	41690	42709	-	1020	339	N-acetylmuramoyl-L-alanine amidase	UniProtKB/Swiss-Prot:Q38135
smbu08	Plasmid2	smbu08GL002747	42720	42917	-	198	65	hypothetical protein	
smbu08	Plasmid2	smbu08GL002748	42933	43175	-	243	80	hypothetical protein	
smbu08	Plasmid2	smbu08GL002749	43210	43347	-	138	45	hypothetical protein	
smbu08	Plasmid2	smbu08GL002750	43349	43795	-	447	148	hypothetical protein	
smbu08	Plasmid2	smbu08GL002751	43807	45993	-	2187	728	hypothetical protein	
smbu08	Plasmid2	smbu08GL002752	45993	47045	-	1053	350	hypothetical protein	
smbu08	Plasmid2	smbu08GL002753	47046	48065	-	1020	339	hypothetical protein	
smbu08	Plasmid2	smbu08GL002754	48074	48901	-	828	275	hypothetical protein	
smbu08	Plasmid2	smbu08GL002755	48891	53372	-	4482	1493	hypothetical protein	
smbu08	Plasmid2	smbu08GL002756	53385	54005	-	621	206	hypothetical protein	
smbu08	Plasmid2	smbu08GL002757	54010	54390	-	381	126	hypothetical protein	
smbu08	Plasmid2	smbu08GL002758	54763	55230	-	468	155	hypothetical protein	
smbu08	Plasmid2	smbu08GL002759	55243	55569	-	327	108	hypothetical protein	
smbu08	Plasmid2	smbu08GL002760	55635	55892	-	258	85	hypothetical protein	
smbu08	Plasmid2	smbu08GL002761	56314	56709	-	396	131	hypothetical protein	
smbu08	Plasmid2	smbu08GL002762	56747	56965	-	219	72	hypothetical protein	
smbu08	Plasmid2	smbu08GL002763	57010	57882	-	873	290	hypothetical protein	
smbu08	Plasmid2	smbu08GL002764	57901	58485	-	585	194	hypothetical protein	
smbu08	Plasmid2	smbu08GL002765	58587	59723	-	1137	378	Structural protein	UniProtKB/Swiss-Prot:Q04765
smbu08	Plasmid2	smbu08GL002766	59726	61534	-	1809	602	hypothetical protein	
smbu08	Plasmid2	smbu08GL002767	61528	62853	-	1326	441	hypothetical protein	
smbu08	Plasmid2	smbu08GL002768	62819	63559	-	741	246	Uncharacterized protein YqaS	UniProtKB/Swiss-Prot:P45915
smbu08	Plasmid2	smbu08GL002769	63572	63724	-	153	50	hypothetical protein	
smbu08	Plasmid2	smbu08GL002770	64333	64446	+	114	37	hypothetical protein	
smbu08	Plasmid2	smbu08GL002771	64931	65089	-	159	52	hypothetical protein	
smbu08	Plasmid2	smbu08GL002772	65573	66214	-	642	213	hypothetical protein	
smbu08	Plasmid2	smbu08GL002773	66263	66442	-	180	59	hypothetical protein	
smbu08	Plasmid2	smbu08GL002774	66508	66804	-	297	98	hypothetical protein	
smbu08	Plasmid2	smbu08GL002775	66804	66941	-	138	45	hypothetical protein	
smbu08	Plasmid2	smbu08GL002776	67007	67210	-	204	67	hypothetical protein	
smbu08	Plasmid2	smbu08GL002777	67207	67320	-	114	37	hypothetical protein	
smbu08	Plasmid2	smbu08GL002778	67380	68099	-	720	239	hypothetical protein	
smbu08	Plasmid2	smbu08GL002779	68087	68404	-	318	105	hypothetical protein	
smbu08	Plasmid2	smbu08GL002780	68401	68562	-	162	53	hypothetical protein	
smbu08	Plasmid2	smbu08GL002781	68577	68942	-	366	121	hypothetical protein	
smbu08	Plasmid2	smbu08GL002782	68929	69732	-	804	267	hypothetical protein	
smbu08	Plasmid2	smbu08GL002783	69871	70761	-	891	296	Uncharacterized protein YqaK	UniProtKB/Swiss-Prot:P45908
smbu08	Plasmid2	smbu08GL002784	70763	71719	-	957	318	Uncharacterized protein YqaJ	UniProtKB/Swiss-Prot:P45907
smbu08	Plasmid2	smbu08GL002785	71841	72008	-	168	55	hypothetical protein	
smbu08	Plasmid2	smbu08GL002786	72023	72307	-	285	94	hypothetical protein	
smbu08	Plasmid2	smbu08GL002787	72307	72852	-	546	181	hypothetical protein	
smbu08	Plasmid2	smbu08GL002788	72916	73068	-	153	50	hypothetical protein	
smbu08	Plasmid2	smbu08GL002789	73106	73327	+	222	73	hypothetical protein	
smbu08	Plasmid2	smbu08GL002790	73335	73604	-	270	89	hypothetical protein	
smbu08	Plasmid2	smbu08GL002791	73785	74000	-	216	71	hypothetical protein	
smbu08	Plasmid2	smbu08GL002792	74179	74571	+	393	130	HTH-type transcriptional repressor RghR	UniProtKB/Swiss-Prot:O32236
smbu08	Plasmid2	smbu08GL002793	74578	75006	+	429	142	hypothetical protein	
smbu08	Plasmid2	smbu08GL002794	75249	75842	+	594	197	hypothetical protein	
smbu08	Plasmid2	smbu08GL002795	76025	77161	+	1137	378	hypothetical protein	
