pident	alen	mm	gapopen	qs	qe	ss	se	evalue	bits
99.652	5461	15	4	2051439	2056898	480317	474860	0.0	9976.0
99.652	5461	15	4	474860	480317	2095617	2090158	0.0	9976.0
99.68	5306	13	3	2615033	2620337	2374901	2380203	0.0	9701.0
99.68	5306	13	3	2336182	2341484	2653752	2659056	0.0	9701.0
99.748	5163	12	1	2417046	2422207	1810526	1815688	0.0	9461.0
99.748	5163	12	1	1771807	1776969	2455765	2460926	0.0	9461.0
99.574	3986	5	3	2614327	2618312	2455080	2459053	0.0	7256.0
99.574	3986	5	3	2416361	2420334	2653046	2657031	0.0	7256.0
99.848	3298	3	2	2051355	2054652	1810451	1813746	0.0	6061.0
99.848	3298	3	2	1771732	1775027	2090074	2093371	0.0	6061.0
99.818	3289	6	0	2615024	2618312	1810526	1813814	0.0	6041.0
99.818	3289	6	0	1771807	1775095	2653743	2657031	0.0	6041.0
99.909	3280	3	0	2417055	2420334	2374901	2378180	0.0	6041.0
99.909	3280	3	0	2336182	2339461	2455774	2459053	0.0	6041.0
99.878	3280	4	0	2336182	2339461	1810535	1813814	0.0	6035.0
99.878	3280	4	0	1771816	1775095	2374901	2378180	0.0	6035.0
99.908	3257	2	1	2336138	2339393	480361	477105	0.0	5997.0
99.908	3257	2	1	477105	480361	2378112	2374857	0.0	5997.0
99.845	3223	3	2	2615024	2618244	2090149	2093371	0.0	5923.0
99.845	3223	3	2	2051430	2054652	2653743	2656963	0.0	5923.0
99.783	3223	5	2	2417046	2420266	2090149	2093371	0.0	5912.0
99.783	3223	5	2	2051430	2054652	2455765	2458985	0.0	5912.0
99.907	3214	1	2	2336182	2339393	2090158	2093371	0.0	5917.0
99.907	3214	1	2	2051439	2054652	2374901	2378112	0.0	5917.0
99.938	3213	1	1	2615033	2618244	480317	477105	0.0	5921.0
99.938	3213	1	1	477105	480317	2656963	2653752	0.0	5921.0
99.876	3213	3	1	2417055	2420266	480317	477105	0.0	5910.0
99.876	3213	3	1	477105	480317	2458985	2455774	0.0	5910.0
99.813	3213	5	1	1771816	1775027	480317	477105	0.0	5899.0
99.813	3213	5	1	477105	480317	1813746	1810535	0.0	5899.0
98.83	2136	17	6	2618245	2620376	476989	474858	0.0	3799.0
99.435	2125	7	5	2618245	2620367	2093487	2095608	0.0	3853.0
99.435	2125	7	5	2054768	2056889	2656964	2659086	0.0	3853.0
99.011	2123	15	5	474871	476989	2659084	2656964	0.0	3799.0
99.62	2105	5	3	2339394	2341495	476989	474885	0.0	3840.0
98.337	2105	26	8	2618318	2620415	2459156	2461258	0.0	3685.0
98.337	2105	26	8	2420437	2422539	2657037	2659134	0.0	3685.0
99.522	2093	8	2	2339394	2341484	2093487	2095579	0.0	3808.0
99.522	2093	8	2	2054768	2056860	2378113	2380203	0.0	3808.0
99.809	2092	3	1	474898	476989	2380203	2378113	0.0	3840.0
99.319	2057	12	2	2420437	2422492	2093560	2095615	0.0	3720.0
99.319	2057	12	2	2054841	2056896	2459156	2461211	0.0	3720.0
99.028	2057	17	3	2420437	2422492	476916	474862	0.0	3685.0
99.028	2057	17	3	474862	476916	2461211	2459156	0.0	3685.0
99.455	2019	10	1	2420437	2422455	2378186	2380203	0.0	3666.0
99.455	2019	10	1	2339467	2341484	2459156	2461174	0.0	3666.0
99.831	1773	1	2	1775198	1776969	476916	475145	0.0	3256.0
99.831	1773	1	2	475145	476916	1815688	1813917	0.0	3256.0
99.887	1772	1	1	2054841	2056611	1813917	1815688	0.0	3260.0
99.887	1772	1	1	2339467	2341237	1813917	1815688	0.0	3260.0
99.887	1772	1	1	1775198	1776969	2093560	2095330	0.0	3260.0
99.887	1772	1	1	1775198	1776969	2378186	2379956	0.0	3260.0
99.718	1772	4	1	2618318	2620088	1813917	1815688	0.0	3243.0
99.718	1772	4	1	1775198	1776969	2657037	2658807	0.0	3243.0
99.419	1376	7	1	1749518	1750893	293608	294982	0.0	2495.0
99.419	1376	7	1	293608	294982	1788237	1789612	0.0	2495.0
99.781	1367	3	0	2334690	2336056	1789603	1788237	0.0	2508.0
99.781	1367	3	0	1749518	1750884	2374775	2373409	0.0	2508.0
99.707	1367	4	0	895839	897205	294974	293608	0.0	2503.0
99.707	1367	4	0	293608	294974	897205	895839	0.0	2503.0
99.634	1366	5	0	1749518	1750883	897205	895840	0.0	2495.0
99.634	1366	5	0	895840	897205	1789602	1788237	0.0	2495.0
99.414	1366	8	0	2334691	2336056	294973	293608	0.0	2479.0
99.414	1366	8	0	2334691	2336056	895840	897205	0.0	2479.0
99.414	1366	8	0	895840	897205	2373410	2374775	0.0	2479.0
99.414	1366	8	0	293608	294973	2374775	2373410	0.0	2479.0
88.431	1262	142	4	1041163	1042421	1290174	1291434	0.0	1519.0
79.709	1237	211	32	840322	841539	841014	842229	0.0	857.0
79.66	1234	217	27	841014	842229	840322	841539	0.0	857.0
76.547	1228	255	26	1708870	1710081	78971	77761	0.0	641.0
76.509	1226	259	23	77761	78971	1748800	1747589	0.0	641.0
99.627	1073	1	3	894464	895534	887729	888800	0.0	1956.0
99.627	1073	1	3	887729	888800	894464	895534	0.0	1956.0
97.389	881	21	2	1000843	1001722	779994	780873	0.0	1498.0
97.389	881	21	2	779994	780873	1000843	1001722	0.0	1498.0
91.834	796	61	2	411680	412471	169431	170226	0.0	1107.0
91.834	796	61	2	169431	170226	411680	412471	0.0	1107.0
97.795	771	7	3	1620763	1621533	1566676	1567436	0.0	1321.0
97.795	771	7	3	1527957	1528717	1659482	1660252	0.0	1321.0
78.313	747	156	6	1307257	1308000	1332253	1332996	1.23e-131	477.0
78.313	747	156	6	1293534	1294277	1345976	1346719	1.23e-131	477.0
88.443	623	58	9	412515	413136	411877	412486	0.0	739.0
88.443	623	58	9	411877	412486	412515	413136	0.0	739.0
91.311	610	34	14	412517	413121	169631	170226	0.0	815.0
91.311	610	34	14	169631	170226	412517	413121	0.0	815.0
84.983	606	66	15	1044958	1045542	1293468	1294069	4.21e-166	592.0
75.681	514	94	30	2624137	2624632	2246042	2245542	1.37e-56	228.0
75.681	514	94	30	2206823	2207323	2663351	2662856	1.37e-56	228.0
87.945	506	61	0	1040316	1040821	1289389	1289894	9.06e-168	597.0
82.485	491	75	7	2589967	2590453	2628632	2629115	2.1e-114	420.0
82.485	491	75	7	2589913	2590396	2628686	2629172	2.1e-114	420.0
81.148	488	74	9	2590050	2590534	2628634	2629106	4.62e-101	375.0
81.148	488	74	9	2589915	2590387	2628769	2629253	4.62e-101	375.0
76.102	431	75	27	746953	747371	174392	173978	2.98e-48	200.0
76.047	430	77	25	173978	174392	747371	746953	2.98e-48	200.0
83.607	427	47	21	14746	15159	9116	8700	3.57e-102	379.0
85.343	423	40	20	14746	15156	16740	17152	7.57e-114	418.0
76.359	423	66	29	16735	17140	580496	580901	3.86e-47	196.0
85.308	422	42	18	16740	17152	14746	15156	7.57e-114	418.0
76.303	422	68	28	580496	580901	16735	17140	3.86e-47	196.0
83.933	417	46	19	8709	9116	15150	14746	3.57e-102	379.0
78.125	416	68	21	14753	15157	173990	174393	4.89e-61	243.0
85.783	415	49	7	173989	174396	9109	8698	9.72e-118	431.0
85.783	415	49	7	8698	9109	174396	173989	9.72e-118	431.0
78.072	415	70	19	173990	174393	14753	15157	4.89e-61	243.0
82.367	414	59	14	746951	747359	15157	14753	1.01e-92	348.0
82.367	414	59	14	14753	15157	747359	746951	1.01e-92	348.0
96.078	408	14	2	16740	17145	9116	8709	0.0	664.0
96.078	408	14	2	8709	9116	17145	16740	0.0	664.0
87.16	405	44	6	173989	174388	16746	17147	2.07e-124	453.0
87.16	405	44	6	16746	17147	173989	174388	2.07e-124	453.0
92.875	393	26	2	902775	903167	902498	902888	1.97e-159	569.0
92.875	393	26	2	902498	902888	902775	903167	1.97e-159	569.0
88.041	393	43	4	2507973	2508361	580509	580901	3.45e-127	462.0
88.041	393	43	4	580509	580901	2546692	2547080	3.45e-127	462.0
79.521	376	57	19	2624261	2624626	688194	687829	2.92e-63	250.0
79.521	376	57	19	687829	688194	2663345	2662980	2.92e-63	250.0
84.636	371	49	8	687829	688193	432659	432291	3.6e-97	363.0
84.636	371	49	8	432291	432659	688193	687829	3.6e-97	363.0
82.48	371	57	7	2386776	2387141	2245920	2245553	7.9e-84	318.0
82.48	371	57	7	2206834	2207201	2425860	2425495	7.9e-84	318.0
83.651	367	54	4	2590075	2590441	2628632	2628992	1.69e-90	340.0
83.651	367	54	4	2589913	2590273	2628794	2629160	1.69e-90	340.0
90.437	366	34	1	698402	698767	687017	686653	9.52e-133	481.0
90.437	366	34	1	686653	687017	698767	698402	9.52e-133	481.0
77.41	363	52	23	1232858	1233212	2417962	2417622	6.46e-45	189.0
77.348	362	54	21	2378903	2379243	1233212	1232858	6.46e-45	189.0
81.395	344	52	5	1850503	1850846	1888904	1889235	2.24e-69	270.0
89.645	338	33	2	432288	432624	97162	97498	3.5e-117	429.0
89.645	338	33	2	97162	97498	432288	432624	3.5e-117	429.0
88.131	337	32	8	2624134	2624466	333391	333059	1.28e-106	394.0
88.131	337	32	8	333059	333391	2663185	2662853	1.28e-106	394.0
82.985	335	37	14	332981	333303	173978	174304	8.01e-74	285.0
82.985	335	37	14	173978	174304	332981	333303	8.01e-74	285.0
77.711	332	54	16	580509	580829	432690	432368	8.36e-44	185.0
86.544	327	32	11	687753	688073	686696	687016	2.8e-93	350.0
86.544	327	32	11	686696	687016	687753	688073	2.8e-93	350.0
78.261	322	59	11	1232898	1233213	758842	759158	3.86e-47	196.0
78.261	322	59	11	758842	759158	1232898	1233213	3.86e-47	196.0
78.37	319	58	10	2624188	2624501	2425547	2425859	3.86e-47	196.0
78.37	319	58	10	2386828	2387140	2662907	2663220	3.86e-47	196.0
89.557	316	27	5	2624189	2624501	2245866	2245554	3.55e-107	396.0
89.557	316	27	5	2206835	2207147	2663220	2662908	3.55e-107	396.0
81.587	315	37	21	2206789	2207091	432703	432398	1.76e-60	241.0
81.587	315	37	21	432398	432703	2245810	2245508	1.76e-60	241.0
81.35	311	44	12	2206790	2207093	16737	17040	1.76e-60	241.0
81.35	311	44	12	16737	17040	2245509	2245812	1.76e-60	241.0
92.208	308	23	1	2243388	2243695	2281308	2281614	7.51e-119	435.0
92.208	308	23	1	2242589	2242895	2282107	2282414	7.51e-119	435.0
90.554	307	20	9	2206790	2207093	173982	174282	9.86e-108	398.0
90.554	307	20	9	173982	174282	2245509	2245812	9.86e-108	398.0
86.184	304	25	16	747067	747361	686909	686614	3.67e-82	313.0
86.184	304	25	16	686614	686909	747361	747067	3.67e-82	313.0
80.0	300	47	12	2206798	2207091	9109	8817	4.96e-51	209.0
80.537	298	47	10	2566133	2566423	2537663	2537956	8.24e-54	219.0
80.537	298	47	10	2498944	2499237	2604852	2605142	8.24e-54	219.0
80.808	297	35	19	559694	559979	2537666	2537951	3.83e-52	213.0
77.104	297	52	16	2206860	2207147	97503	97214	1.82e-35	158.0
77.104	297	52	16	97214	97503	2245866	2245579	1.82e-35	158.0
80.743	296	37	19	2498947	2499232	559694	559979	3.83e-52	213.0
79.054	296	42	15	2512854	2513141	173983	174266	8.36e-44	185.0
79.054	296	42	15	173983	174266	2551573	2551860	8.36e-44	185.0
86.102	295	32	8	559690	559978	9121	8830	4.75e-81	309.0
86.102	295	32	8	8830	9121	559978	559690	4.75e-81	309.0
84.407	295	29	16	2566135	2566418	849567	849855	1.73e-70	274.0
84.407	295	29	16	849567	849855	2604854	2605137	1.73e-70	274.0
85.616	292	36	6	2498948	2499236	14745	15033	7.95e-79	302.0
85.616	292	36	6	14745	15033	2537667	2537955	7.95e-79	302.0
92.44	291	19	2	415121	415411	171225	171512	3.52e-112	412.0
92.44	291	19	2	171225	171512	415121	415411	3.52e-112	412.0
80.345	290	46	10	8830	9116	2245793	2245512	4.96e-51	209.0
87.108	287	30	6	559697	559978	16741	17025	7.9e-84	318.0
87.108	287	30	6	16741	17025	559697	559978	7.9e-84	318.0
86.76	287	25	10	2206806	2207091	333004	333278	1.71e-80	307.0
86.76	287	25	10	333004	333278	2245525	2245810	1.71e-80	307.0
89.51	286	26	3	1606042	1606326	759158	758876	4.65e-96	359.0
89.51	286	26	3	758876	759158	1645045	1644761	4.65e-96	359.0
85.512	283	36	4	1975048	1975328	398477	398756	1.72e-75	291.0
85.512	283	36	4	398477	398756	2013767	2014047	1.72e-75	291.0
88.889	279	29	2	398479	398757	15029	14753	4.69e-91	342.0
88.889	279	29	2	14753	15029	398757	398479	4.69e-91	342.0
84.588	279	41	2	2498956	2499232	398757	398479	4.82e-71	276.0
84.588	279	41	2	398479	398757	2537951	2537675	4.82e-71	276.0
82.796	279	29	9	580553	580829	2417962	2417701	1.06e-57	231.0
98.561	278	2	2	2415792	2416068	2453846	2454122	1.58e-135	490.0
98.561	278	2	2	2415127	2415403	2454511	2454787	1.58e-135	490.0
88.448	277	30	1	1975052	1975328	2537950	2537676	2.82e-88	333.0
83.394	277	27	17	2206943	2207209	758902	759169	6.32e-60	239.0
83.394	277	27	17	758902	759169	2245662	2245928	6.32e-60	239.0
82.971	276	28	9	2378985	2379243	580826	580553	1.06e-57	231.0
83.273	275	34	12	747067	747334	698510	698779	4.89e-61	243.0
83.273	275	34	12	698510	698779	747067	747334	4.89e-61	243.0
98.12	266	5	0	2137030	2137295	2175188	2175453	9.58e-128	464.0
98.12	266	5	0	2136469	2136734	2175749	2176014	9.58e-128	464.0
93.609	266	16	1	964981	965246	686752	687016	3.55e-107	396.0
93.609	266	16	1	686752	687016	964981	965246	3.55e-107	396.0
94.297	263	15	0	964984	965246	698665	698403	2.12e-109	403.0
94.297	263	15	0	698403	698665	965246	964984	2.12e-109	403.0
93.536	263	17	0	758902	759164	2663112	2662850	4.59e-106	392.0
91.985	262	19	2	2498992	2499252	97405	97145	2.78e-98	366.0
86.641	262	28	6	333131	333387	1645020	1644761	2.88e-73	283.0
80.916	262	37	13	746958	747214	526472	526725	1.39e-46	195.0
80.916	262	37	13	526472	526725	746958	747214	1.39e-46	195.0
92.72	261	19	0	2207065	2207325	97420	97160	1.28e-101	377.0
91.571	261	16	6	964988	965246	687817	688073	6.02e-95	355.0
91.571	261	16	6	687817	688073	964988	965246	6.02e-95	355.0
89.655	261	21	6	698403	698661	688073	687817	1.31e-86	327.0
89.655	261	21	6	687817	688073	698661	698403	1.31e-86	327.0
89.272	261	24	3	2624136	2624393	1644760	1645019	1.7e-85	324.0
89.272	261	24	3	1606041	1606300	2662855	2663112	1.7e-85	324.0
88.889	261	21	7	758901	759157	333131	333387	1.02e-82	315.0
88.889	261	21	7	333131	333387	758901	759157	1.02e-82	315.0
90.0	260	22	2	2498981	2499238	2014023	2013766	2.82e-88	333.0
96.525	259	8	1	1232953	1233210	1232831	1233089	1.26e-116	427.0
96.525	259	8	1	1232831	1233089	1232953	1233210	1.26e-116	427.0
86.873	259	27	6	1606045	1606301	333384	333131	2.88e-73	283.0
93.023	258	18	0	97163	97420	2246041	2245784	1.28e-101	377.0
81.395	258	35	11	2624128	2624379	171503	171753	1.07e-47	198.0
81.395	258	35	11	171503	171753	2662847	2663098	1.07e-47	198.0
94.163	257	15	0	2624137	2624393	759158	758902	4.59e-106	392.0
91.829	257	18	3	2624247	2624501	174280	174025	6.02e-95	355.0
91.829	257	18	3	174025	174280	2663220	2662966	6.02e-95	355.0
88.672	256	29	0	2207065	2207320	432546	432291	3.67e-82	313.0
88.672	256	29	0	432291	432546	2246039	2245784	3.67e-82	313.0
85.156	256	33	5	196299	196552	428123	427871	1.75e-65	257.0
87.451	255	29	3	427871	428124	2425749	2425497	1.72e-75	291.0
80.709	254	32	15	698400	698644	559983	559738	1.08e-42	182.0
80.709	254	32	15	559738	559983	698644	698400	1.08e-42	182.0
92.885	253	16	2	97154	97405	2537962	2537711	2.78e-98	366.0
87.747	253	30	1	2207080	2207331	398720	398468	1.33e-76	294.0
87.747	253	30	1	398468	398720	2246050	2245799	1.33e-76	294.0
85.375	253	32	5	427874	428123	196549	196299	1.75e-65	257.0
83.794	253	30	11	2206835	2207080	747201	746953	3.81e-57	230.0
83.794	253	30	11	746953	747201	2245799	2245554	3.81e-57	230.0
82.143	252	34	10	2566180	2566425	2245799	2246045	6.41e-50	206.0
82.143	252	34	10	2207080	2207326	2604899	2605144	6.41e-50	206.0
82.143	252	31	7	14912	15150	577577	577327	2.31e-49	204.0
82.143	252	30	8	16908	17145	577577	577327	8.3e-49	202.0
82.47	251	37	6	171506	171753	15157	14911	3.83e-52	213.0
82.47	251	37	6	14911	15157	171753	171506	3.83e-52	213.0
82.072	251	33	5	577327	577577	15150	14912	2.31e-49	204.0
82.47	251	27	15	1286132	1286373	559980	559738	2.31e-49	204.0
82.47	251	27	15	559738	559980	1325092	1324851	2.31e-49	204.0
82.072	251	32	9	577327	577577	17145	16908	8.3e-49	202.0
82.072	251	29	13	686776	687017	559738	559981	2.98e-48	200.0
82.072	251	29	13	559738	559981	686776	687017	2.98e-48	200.0
81.673	251	34	10	746956	747201	559981	559738	1.07e-47	198.0
81.673	251	34	10	559738	559981	747201	746956	1.07e-47	198.0
83.2	250	27	14	965005	965246	559738	559980	1.07e-52	215.0
83.2	250	27	14	559738	559980	965005	965246	1.07e-52	215.0
81.6	250	39	6	171507	171753	17152	16907	2.98e-48	200.0
81.6	250	39	6	16907	17152	171753	171507	2.98e-48	200.0
93.173	249	16	1	1286126	1286373	965253	965005	1e-97	364.0
93.173	249	16	1	965005	965253	1325092	1324845	1e-97	364.0
89.96	249	21	4	1794156	1794402	687954	688200	7.9e-84	318.0
89.96	249	21	4	687954	688200	1832875	1833121	7.9e-84	318.0
87.952	249	27	3	2386784	2387030	428118	427871	1.72e-75	291.0
87.149	249	29	3	97158	97405	15035	14789	3.73e-72	279.0
87.149	249	29	3	14789	15035	97405	97158	3.73e-72	279.0
93.952	248	13	1	174148	174393	171753	171506	1.66e-100	374.0
93.952	248	13	1	171506	171753	174393	174148	1.66e-100	374.0
90.323	248	21	3	1286132	1286378	688073	687828	6.1e-85	322.0
90.323	248	21	3	687828	688073	1325097	1324851	6.1e-85	322.0
89.516	248	24	2	2507999	2508245	427877	428123	3.67e-82	313.0
89.516	248	24	2	427877	428123	2546718	2546964	3.67e-82	313.0
88.71	248	24	3	919040	919285	1833108	1832863	2.86e-78	300.0
84.677	248	28	10	746958	747201	174266	174025	6.32e-60	239.0
84.677	248	28	10	174025	174266	747201	746958	6.32e-60	239.0
82.661	248	34	9	758916	759158	171753	171510	1.38e-51	211.0
82.661	248	34	9	171510	171753	759158	758916	1.38e-51	211.0
81.855	248	38	6	2566180	2566422	97405	97160	8.3e-49	202.0
81.855	248	38	6	97160	97405	2605141	2604899	8.3e-49	202.0
80.645	248	40	7	1975048	1975293	688196	687955	8.36e-44	185.0
80.645	248	40	7	687955	688196	2014012	2013767	8.36e-44	185.0
88.664	247	27	1	398474	398720	97160	97405	2.86e-78	300.0
88.664	247	27	1	97160	97405	398474	398720	2.86e-78	300.0
83.806	247	24	6	2508014	2508259	2417962	2417731	2.29e-54	220.0
83.806	247	24	6	2379012	2379243	2546978	2546733	2.29e-54	220.0
82.996	247	33	9	2624261	2624501	746958	747201	1.07e-52	215.0
91.87	246	18	2	2624258	2624502	526469	526713	4.69e-91	342.0
91.87	246	18	2	526469	526713	2662977	2663221	4.69e-91	342.0
90.65	246	21	2	1286128	1286373	687019	686776	4.72e-86	326.0
90.65	246	21	2	686776	687019	1325092	1324847	4.72e-86	326.0
90.244	246	23	1	2207080	2207324	2014012	2013767	2.2e-84	320.0
90.244	246	23	1	1975048	1975293	2246043	2245799	2.2e-84	320.0
89.431	246	24	2	2508000	2508245	2425741	2425498	4.75e-81	309.0
87.805	246	30	0	2466874	2467119	2663222	2662977	6.19e-75	289.0
86.992	246	28	3	849614	849858	8948	8706	1.73e-70	274.0
86.992	246	28	3	8706	8948	849858	849614	1.73e-70	274.0
82.927	246	35	7	746958	747201	2662980	2663220	1.07e-52	215.0
91.02	245	21	1	2566180	2566424	2546847	2547090	3.65e-87	329.0
91.02	245	21	1	2508128	2508371	2604899	2605143	3.65e-87	329.0
80.816	245	37	8	2624261	2624500	2551860	2551621	3.01e-43	183.0
80.816	245	37	7	2512902	2513141	2663219	2662980	3.01e-43	183.0
93.033	244	15	2	965005	965247	432654	432412	6.02e-95	355.0
93.033	244	15	2	432412	432654	965247	965005	6.02e-95	355.0
90.984	244	19	3	687955	688195	919274	919031	4.72e-86	326.0
88.934	244	25	2	1794157	1794398	919274	919031	2.86e-78	300.0
87.295	244	27	4	580544	580785	196540	196299	4.82e-71	276.0
87.295	244	27	4	196299	196540	580785	580544	4.82e-71	276.0
83.197	244	33	8	2566180	2566419	687955	688194	2.96e-53	217.0
83.197	244	33	8	687955	688194	2604899	2605138	2.96e-53	217.0
91.358	243	21	0	580543	580785	427881	428123	2.82e-88	333.0
91.358	243	21	0	427881	428123	580543	580785	2.82e-88	333.0
91.358	243	18	3	686776	687016	432654	432413	3.65e-87	329.0
91.358	243	18	3	432413	432654	687016	686776	3.65e-87	329.0
90.123	243	24	0	2386899	2387141	559979	559737	2.84e-83	316.0
90.123	243	24	0	559737	559979	2425860	2425618	2.84e-83	316.0
89.712	243	23	2	2386782	2387022	2546961	2546719	4.75e-81	309.0
88.066	243	29	0	2624261	2624503	2505835	2505593	6.19e-75	289.0
82.305	243	40	3	559738	559979	2663220	2662980	1.78e-50	207.0
93.802	242	14	1	526472	526712	174266	174025	3.6e-97	363.0
93.802	242	14	1	174025	174266	526712	526472	3.6e-97	363.0
93.388	242	14	2	2206835	2207075	526712	526472	1.67e-95	357.0
93.388	242	14	2	526472	526712	2245794	2245554	1.67e-95	357.0
92.975	242	17	0	1286132	1286373	432413	432654	2.16e-94	353.0
92.975	242	17	0	432413	432654	1324851	1325092	2.16e-94	353.0
92.562	242	18	0	1286132	1286373	698403	698644	1.01e-92	348.0
92.562	242	18	0	698403	698644	1324851	1325092	1.01e-92	348.0
89.669	242	25	0	2466876	2467117	2245554	2245795	4.75e-81	309.0
89.669	242	25	0	2206835	2207076	2505595	2505836	4.75e-81	309.0
88.843	242	26	1	2466876	2467116	174025	174266	3.7e-77	296.0
88.843	242	26	1	174025	174266	2505595	2505835	3.7e-77	296.0
86.364	242	32	1	1975052	1975293	432291	432531	3.75e-67	263.0
86.364	242	32	1	432291	432531	2013771	2014012	3.75e-67	263.0
86.364	242	30	3	849614	849855	16907	17145	1.35e-66	261.0
86.364	242	30	3	16907	17145	849614	849855	1.35e-66	261.0
85.95	242	33	1	2207080	2207321	14789	15029	1.75e-65	257.0
85.95	242	33	1	14789	15029	2245799	2246040	1.75e-65	257.0
83.884	242	26	13	849614	849850	580668	580901	8.24e-54	219.0
83.884	242	26	13	580668	580901	849614	849850	8.24e-54	219.0
95.021	241	12	0	432291	432531	398480	398720	3.57e-102	379.0
95.021	241	12	0	398480	398720	432291	432531	3.57e-102	379.0
92.531	241	17	1	432291	432531	15028	14789	1.3e-91	344.0
92.531	241	17	1	14789	15028	432531	432291	1.3e-91	344.0
87.967	241	29	0	2466886	2467126	526702	526462	8.01e-74	285.0
86.722	241	31	1	2498992	2499231	432531	432291	2.9e-68	267.0
86.722	241	31	1	432291	432531	2537950	2537711	2.9e-68	267.0
94.142	239	13	1	759040	759278	686655	686892	3.6e-97	363.0
94.142	239	13	1	686655	686892	759040	759278	3.6e-97	363.0
88.703	239	26	1	759040	759278	698765	698528	1.72e-75	291.0
88.703	239	26	1	698528	698765	759278	759040	1.72e-75	291.0
79.498	239	37	12	902699	902930	687958	688191	5.06e-36	159.0
79.498	239	37	12	687958	688191	902699	902930	5.06e-36	159.0
89.451	237	21	4	687858	688091	97503	97268	3.7e-77	296.0
89.451	237	21	4	97268	97503	688091	687858	3.7e-77	296.0
91.915	235	16	3	919040	919274	688186	687955	4.72e-86	326.0
88.511	235	27	0	526468	526702	2505839	2505605	8.01e-74	285.0
87.234	235	23	7	747067	747299	687966	687737	1.35e-66	261.0
87.234	235	23	7	687737	687966	747299	747067	1.35e-66	261.0
80.851	235	36	8	2566169	2566397	919285	919054	5.03e-41	176.0
94.017	234	14	0	2566180	2566413	580668	580901	6.02e-95	355.0
94.017	234	14	0	580668	580901	2604899	2605132	6.02e-95	355.0
91.453	234	19	1	2378900	2379132	97160	97393	2.2e-84	320.0
91.453	234	19	1	97160	97393	2417619	2417851	2.2e-84	320.0
83.761	234	22	4	2379026	2379243	428124	427891	1.78e-50	207.0
83.761	234	22	4	427891	428124	2417962	2417745	1.78e-50	207.0
92.275	233	18	0	1565195	1565427	1603566	1603798	1.01e-87	331.0
92.275	233	18	0	1564847	1565079	1603914	1604146	1.01e-87	331.0
91.845	233	18	1	2207093	2207325	2417850	2417619	1.7e-85	324.0
85.345	232	28	6	2378904	2379132	15029	14801	8.18e-59	235.0
85.345	232	28	6	14801	15029	2417851	2417623	8.18e-59	235.0
92.174	230	17	1	2378903	2379131	2246041	2245812	1.7e-85	324.0
91.739	230	17	2	2499004	2499232	2417851	2417623	7.9e-84	318.0
91.739	230	17	2	2378904	2379132	2537951	2537723	7.9e-84	318.0
89.13	230	23	2	2378905	2379132	2013771	2014000	8.01e-74	285.0
89.13	230	23	2	1975052	1975281	2417624	2417851	8.01e-74	285.0
84.783	230	22	11	2566203	2566426	275098	274876	8.24e-54	219.0
84.783	230	22	11	274876	275098	2605145	2604922	8.24e-54	219.0
84.375	224	30	5	1606033	1606253	155056	155277	1.07e-52	215.0
84.375	224	30	5	155056	155277	1644752	1644972	1.07e-52	215.0
84.375	224	23	11	2508151	2508369	275098	274882	4.96e-51	209.0
84.375	224	23	11	274882	275098	2547088	2546870	4.96e-51	209.0
82.511	223	26	11	759060	759278	687736	687949	3.01e-43	183.0
82.511	223	26	11	687736	687949	759060	759278	3.01e-43	183.0
81.614	223	32	8	919066	919285	2605104	2604888	5.03e-41	176.0
88.688	221	22	3	1794178	1794397	758816	759034	2.9e-68	267.0
88.688	221	22	3	758816	759034	1832897	1833116	2.9e-68	267.0
80.909	220	39	3	1975052	1975271	759033	758817	2.34e-39	171.0
80.909	220	39	3	758817	759033	2013990	2013771	2.34e-39	171.0
93.151	219	13	2	758817	759034	687977	688194	2.2e-84	320.0
93.151	219	13	2	687977	688194	758817	759034	2.2e-84	320.0
94.495	218	12	0	965030	965247	97503	97286	2.18e-89	337.0
94.495	218	12	0	97286	97503	965247	965030	2.18e-89	337.0
83.945	218	27	7	2207060	2207274	580648	580860	8.3e-49	202.0
83.945	218	27	7	580648	580860	2245779	2245993	8.3e-49	202.0
82.569	218	30	6	686759	686973	2425874	2425662	8.36e-44	185.0
91.705	217	18	0	698403	698619	97287	97503	7.95e-79	302.0
91.705	217	18	0	97287	97503	698403	698619	7.95e-79	302.0
91.244	217	18	1	686801	687016	97503	97287	1.33e-76	294.0
91.244	217	18	1	97287	97503	687016	686801	1.33e-76	294.0
88.94	217	22	2	925496	925710	432491	432707	2.9e-68	267.0
88.94	217	22	2	432491	432707	925496	925710	2.9e-68	267.0
83.796	216	33	2	1975101	1975316	1833066	1832853	2.31e-49	204.0
83.796	216	33	2	1794134	1794347	2014035	2013820	2.31e-49	204.0
89.767	215	17	5	274882	275092	849859	849646	2.24e-69	270.0
85.581	215	25	6	758948	759158	155277	155065	2.29e-54	220.0
85.581	215	25	6	155065	155277	759158	758948	2.29e-54	220.0
85.116	215	22	10	2206789	2206997	925706	925496	1.38e-51	211.0
94.366	213	12	0	1286132	1286344	97287	97499	1.31e-86	327.0
94.366	213	12	0	97287	97499	1324851	1325063	1.31e-86	327.0
85.915	213	30	0	1528495	1528707	515221	515433	1.37e-56	228.0
85.915	213	30	0	515221	515433	1567214	1567426	1.37e-56	228.0
86.385	213	20	8	580696	580904	275094	274887	1.77e-55	224.0
85.446	213	31	0	1621310	1621522	515221	515433	6.37e-55	222.0
85.446	213	31	0	515221	515433	1660029	1660241	6.37e-55	222.0
90.094	212	16	5	849649	849859	275089	274882	2.24e-69	270.0
93.839	211	13	0	448964	449174	2089542	2089332	7.9e-84	318.0
86.73	211	24	3	2507963	2508169	2026430	2026640	1.06e-57	231.0
86.73	211	24	3	1987711	1987921	2546682	2546888	1.06e-57	231.0
86.73	211	22	6	758950	759156	20752	20960	3.81e-57	230.0
86.73	211	22	6	20752	20960	758950	759156	3.81e-57	230.0
83.886	211	30	3	580653	580860	97420	97211	1.07e-47	198.0
82.938	211	30	5	2386948	2387155	686966	686759	8.36e-44	185.0
87.143	210	21	6	2206791	2206996	559694	559901	2.94e-58	233.0
87.143	210	21	6	559694	559901	2245510	2245715	2.94e-58	233.0
86.667	210	19	8	274890	275094	580901	580696	1.77e-55	224.0
86.19	210	22	7	2206943	2207147	1645019	1644812	2.29e-54	220.0
88.462	208	21	3	2466911	2467117	333059	333264	1.05e-62	248.0
88.462	208	21	3	333059	333264	2505630	2505836	1.05e-62	248.0
84.135	208	29	3	97214	97420	580857	580653	1.07e-47	198.0
82.692	208	24	8	965055	965256	196489	196288	1.81e-40	174.0
82.692	208	24	8	196288	196489	965256	965055	1.81e-40	174.0
89.855	207	18	3	526472	526677	333263	333059	3.75e-67	263.0
89.855	207	18	3	333059	333263	526677	526472	3.75e-67	263.0
82.609	207	31	5	155067	155270	20960	20756	1.4e-41	178.0
82.609	207	31	5	20756	20960	155270	155067	1.4e-41	178.0
81.159	207	32	6	1325197	1325400	559651	559853	5.06e-36	159.0
86.893	206	21	5	2624139	2624340	20960	20757	4.92e-56	226.0
86.893	206	21	5	20757	20960	2663059	2662858	4.92e-56	226.0
82.039	206	33	4	919082	919285	14981	14778	6.51e-40	172.0
82.039	206	33	4	14778	14981	919285	919082	6.51e-40	172.0
81.068	206	34	5	559651	559853	1363916	1364119	5.06e-36	159.0
93.659	205	10	3	919040	919244	759026	758825	2.21e-79	303.0
93.659	205	10	3	758825	759026	919244	919040	2.21e-79	303.0
88.293	205	19	5	919082	919284	398528	398729	1.76e-60	241.0
88.293	205	19	5	398528	398729	919082	919284	1.76e-60	241.0
87.805	205	13	10	759080	759278	747283	747085	3.81e-57	230.0
87.805	205	13	10	747085	747283	759278	759080	3.81e-57	230.0
91.176	204	15	3	1710810	1711010	2110264	2110061	1.73e-70	274.0
90.148	203	13	7	559702	559901	173989	174187	1.75e-65	257.0
90.148	203	13	7	173989	174187	559702	559901	1.75e-65	257.0
88.177	203	17	7	274874	275074	17154	16957	8.18e-59	235.0
88.177	203	17	7	16957	17154	275074	274874	8.18e-59	235.0
95.05	202	10	0	2050625	2050826	449162	448961	7.9e-84	318.0
85.644	202	17	3	577327	577528	274885	275074	8.3e-49	202.0
85.644	202	17	3	274885	275074	577327	577528	8.3e-49	202.0
91.542	201	14	3	2071345	2071545	1749726	1749529	1.73e-70	274.0
89.95	199	17	3	849566	849764	653806	654001	2.26e-64	254.0
89.95	199	17	3	653806	654001	849566	849764	2.26e-64	254.0
87.437	199	20	5	274878	275074	15156	14961	1.77e-55	224.0
87.437	199	20	5	14961	15156	275074	274878	1.77e-55	224.0
85.787	197	24	4	2499038	2499232	2445066	2445260	6.41e-50	206.0
85.787	197	24	4	2406347	2406541	2537757	2537951	6.41e-50	206.0
83.249	197	22	7	686826	687016	196489	196298	2.34e-39	171.0
86.735	196	19	6	698575	698767	428074	427883	1.38e-51	211.0
86.735	196	19	7	427883	428074	698767	698575	1.38e-51	211.0
86.224	196	21	4	274882	275074	8706	8898	1.78e-50	207.0
86.224	196	21	4	8706	8898	274882	275074	1.78e-50	207.0
84.694	196	20	9	687955	688145	580668	580858	2.32e-44	187.0
84.694	196	20	9	580668	580858	687955	688145	2.32e-44	187.0
88.718	195	15	6	559684	559873	432710	432518	1.06e-57	231.0
88.718	195	15	6	432518	432710	559873	559684	1.06e-57	231.0
86.154	195	23	4	919082	919274	432339	432531	1.78e-50	207.0
86.154	195	23	4	432339	432531	919082	919274	1.78e-50	207.0
85.128	195	23	6	687832	688022	559737	559929	1.39e-46	195.0
85.128	195	23	6	559737	559929	687832	688022	1.39e-46	195.0
83.077	195	26	6	196298	196489	687016	686826	2.34e-39	171.0
83.077	195	21	10	2366702	2366891	805089	804902	3.03e-38	167.0
83.077	195	21	10	804902	805089	2405610	2405421	3.03e-38	167.0
83.505	194	26	6	687955	688144	14789	14980	5.03e-41	176.0
83.505	194	26	6	14789	14980	687955	688144	5.03e-41	176.0
93.782	193	10	2	2392721	2392913	2174611	2174801	6.19e-75	289.0
93.782	193	10	2	2135892	2136082	2431440	2431632	6.19e-75	289.0
84.974	193	25	4	2626315	2626505	2026622	2026432	4.99e-46	193.0
95.789	190	8	0	2392733	2392922	1869679	1869868	1.71e-80	307.0
95.789	190	8	0	1830960	1831149	2431452	2431641	1.71e-80	307.0
85.263	190	24	4	1987716	1987903	2665221	2665034	4.99e-46	193.0
93.122	189	8	3	432518	432706	174161	173978	6.24e-70	272.0
93.122	189	8	3	173978	174161	432706	432518	6.24e-70	272.0
89.362	188	15	5	925523	925709	174161	173978	1.06e-57	231.0
89.362	188	15	5	173978	174161	925709	925523	1.06e-57	231.0
96.791	187	6	0	2254792	2254978	1538760	1538946	3.67e-82	313.0
96.791	187	6	0	1500041	1500227	2293511	2293697	3.67e-82	313.0
94.652	187	7	3	2254800	2254984	2174801	2174616	2.23e-74	287.0
94.652	187	7	3	2135897	2136082	2293703	2293519	2.23e-74	287.0
89.84	187	15	4	2626327	2626511	849748	849564	2.27e-59	237.0
95.699	186	7	1	2392730	2392915	1640914	1640730	1.03e-77	298.0
95.699	186	7	1	1602011	1602195	2431634	2431449	1.03e-77	298.0
95.161	186	6	3	2392734	2392918	2293697	2293514	1.72e-75	291.0
94.624	186	8	2	1830964	1831148	1469099	1468915	2.23e-74	287.0
87.634	186	17	6	925523	925706	2245689	2245508	1.38e-51	211.0
95.135	185	8	1	1710812	1710995	1654020	1653836	1.72e-75	291.0
95.135	185	7	2	2254801	2254984	2110089	2110272	1.72e-75	291.0
95.135	185	7	2	2071370	2071553	2293520	2293703	1.72e-75	291.0
92.973	185	11	2	2089393	2089577	1749522	1749704	8.07e-69	268.0
92.973	185	11	2	1710803	1710985	2128112	2128296	8.07e-69	268.0
82.162	185	29	4	1987708	1987891	653804	653985	6.55e-35	156.0
96.739	184	3	2	1615131	1615314	2431627	2431447	2.21e-79	303.0
95.652	184	8	0	2071360	2071543	1653837	1654020	3.7e-77	296.0
95.652	184	8	0	1615118	1615301	2110079	2110262	3.7e-77	296.0
95.109	184	9	0	432518	432701	16920	16737	1.72e-75	291.0
89.13	184	18	2	925523	925704	16920	16737	1.37e-56	228.0
84.239	184	22	7	2507962	2508138	2008239	2008422	6.51e-40	172.0
84.239	184	22	7	1969520	1969703	2546681	2546857	6.51e-40	172.0
96.721	183	5	1	2392733	2392914	1654026	1653844	2.21e-79	303.0
95.628	183	8	0	2071365	2071547	1869862	1869680	1.33e-76	294.0
95.628	183	8	0	1830961	1831143	2110266	2110084	1.33e-76	294.0
95.628	183	5	3	2254798	2254978	2431634	2431453	1.72e-75	291.0
95.082	183	7	2	1430199	1430380	1869864	1869683	2.23e-74	287.0
93.989	183	11	0	2392732	2392914	1749525	1749707	1.34e-71	278.0
93.989	183	11	0	1710806	1710988	2431451	2431633	1.34e-71	278.0
87.978	183	19	3	925523	925702	8935	9117	3.83e-52	213.0
87.978	183	19	3	8935	9117	925523	925702	3.83e-52	213.0
96.703	182	4	2	1615125	1615306	1640731	1640910	7.95e-79	302.0
96.703	182	4	2	1602012	1602191	1653844	1654025	7.95e-79	302.0
95.604	182	6	2	1500049	1500229	1190543	1190363	1.72e-75	291.0
95.604	182	7	1	1615120	1615301	1749711	1749531	1.72e-75	291.0
95.604	182	6	2	2254801	2254981	2128296	2128116	1.72e-75	291.0
95.604	182	6	2	2089397	2089577	2293700	2293520	1.72e-75	291.0
94.505	182	8	2	2392734	2392914	1538947	1538767	3.73e-72	279.0
94.505	182	8	2	1500048	1500228	2431633	2431453	3.73e-72	279.0
95.58	181	8	0	16740	16920	432698	432518	1.72e-75	291.0
95.028	181	9	0	2135901	2136081	2128116	2128296	8.01e-74	285.0
95.028	181	9	0	2089397	2089577	2174620	2174800	8.01e-74	285.0
95.028	181	7	2	2392737	2392917	1469099	1468921	2.88e-73	283.0
95.028	181	8	1	1615122	1615301	1538763	1538943	2.88e-73	283.0
95.028	181	8	1	1500044	1500224	1653841	1654020	2.88e-73	283.0
92.818	181	12	1	1710808	1710987	1538947	1538767	1.35e-66	261.0
92.818	181	12	1	1500048	1500228	1749706	1749527	1.35e-66	261.0
90.608	181	13	4	849570	849748	2665224	2665046	2.27e-59	237.0
89.503	181	17	2	16740	16920	925701	925523	1.37e-56	228.0
88.95	181	19	1	1233033	1233212	555508	555688	6.37e-55	222.0
88.95	181	19	1	555508	555688	1233033	1233212	6.37e-55	222.0
87.293	181	20	3	2406366	2406543	2013947	2013767	2.31e-49	204.0
87.293	181	20	3	1975048	1975228	2445262	2445085	2.31e-49	204.0
86.74	181	20	4	1987731	1987909	698793	698615	1.07e-47	198.0
97.778	180	3	1	1830963	1831142	1654022	1653844	4.75e-81	309.0
97.778	180	3	1	1615125	1615303	1869861	1869682	4.75e-81	309.0
96.667	180	4	2	2089400	2089577	1654025	1653846	1.03e-77	298.0
96.667	180	4	2	1615127	1615306	2128296	2128119	1.03e-77	298.0
94.444	180	8	2	2071365	2071543	1468920	1469098	4.82e-71	276.0
94.444	180	8	2	1430201	1430379	2110084	2110262	4.82e-71	276.0
93.889	180	10	1	2254799	2254978	1749706	1749528	2.24e-69	270.0
93.889	180	10	1	1710809	1710987	2293697	2293518	2.24e-69	270.0
92.222	180	12	2	2626327	2626505	686787	686609	2.26e-64	254.0
86.111	180	16	9	804911	805085	432536	432711	8.36e-44	185.0
86.111	180	16	9	432536	432711	804911	805085	8.36e-44	185.0
84.444	180	24	3	2507963	2508139	653807	653985	1.81e-40	174.0
84.444	180	24	3	653807	653985	2546682	2546858	1.81e-40	174.0
97.207	179	5	0	432518	432696	8935	9113	2.21e-79	303.0
97.207	179	5	0	8935	9113	432518	432696	2.21e-79	303.0
96.089	179	7	0	2089403	2089581	2110263	2110085	4.79e-76	292.0
96.089	179	5	2	2254800	2254977	1190543	1190366	1.72e-75	291.0
96.089	179	5	2	1190366	1190543	1538945	1538768	1.72e-75	291.0
96.089	179	5	2	1190366	1190543	2293696	2293519	1.72e-75	291.0
94.413	179	8	2	1710812	1710989	1469098	1468921	1.73e-70	274.0
94.413	179	9	1	2135905	2136082	1538946	1538768	1.73e-70	274.0
94.413	179	8	2	1430202	1430379	1749708	1749531	1.73e-70	274.0
94.413	179	9	1	1830965	1831143	1749531	1749708	1.73e-70	274.0
94.413	179	9	1	1710812	1710989	1869684	1869862	1.73e-70	274.0
94.413	179	9	1	1500050	1500228	2128296	2128119	1.73e-70	274.0
94.413	179	9	1	1500049	1500227	2174801	2174624	1.73e-70	274.0
89.944	179	12	6	1612666	1612841	1108314	1108489	4.92e-56	226.0
89.944	179	12	6	1108314	1108489	1651385	1651560	4.92e-56	226.0
88.268	179	18	3	653810	653985	2665224	2665046	1.38e-51	211.0
87.151	179	23	0	1232911	1233089	555508	555686	2.31e-49	204.0
87.151	179	23	0	555508	555686	1232911	1233089	2.31e-49	204.0
86.592	179	18	6	2206789	2206963	805078	804902	4.99e-46	193.0
86.592	179	18	6	804902	805078	2245682	2245508	4.99e-46	193.0
86.034	179	19	5	2624137	2624312	726040	726215	2.32e-44	187.0
86.034	179	19	5	726040	726215	759158	758983	2.32e-44	187.0
96.629	178	5	1	1830964	1831141	1640907	1640731	1.33e-76	294.0
96.629	178	4	2	2254799	2254975	1653844	1654020	1.33e-76	294.0
96.629	178	5	1	1602012	1602188	1869860	1869683	1.33e-76	294.0
96.629	178	4	2	1615125	1615301	2293518	2293694	1.33e-76	294.0
96.067	178	7	0	2089400	2089577	1640910	1640733	1.72e-75	291.0
96.067	178	7	0	1602014	1602191	2128296	2128119	1.72e-75	291.0
96.067	178	6	1	2135906	2136082	1190366	1190543	6.19e-75	289.0
96.067	178	6	1	1615125	1615302	1468923	1469099	6.19e-75	289.0
96.067	178	6	1	2254798	2254975	1640730	1640906	6.19e-75	289.0
96.067	178	6	1	1430204	1430380	1653844	1654021	6.19e-75	289.0
96.067	178	5	2	2254799	2254975	1869860	1869684	6.19e-75	289.0
96.067	178	6	1	1190366	1190543	2174625	2174801	6.19e-75	289.0
96.067	178	6	1	1602011	1602187	2293517	2293694	6.19e-75	289.0
96.067	178	5	2	1830965	1831141	2293694	2293518	6.19e-75	289.0
95.506	178	6	2	1430205	1430380	2431633	2431456	2.88e-73	283.0
94.944	178	9	0	2135905	2136082	1749528	1749705	3.73e-72	279.0
94.944	178	9	0	1710809	1710986	2174624	2174801	3.73e-72	279.0
94.944	178	7	2	1602012	1602188	1468923	1469099	1.34e-71	278.0
94.944	178	7	2	1830965	1831141	1538943	1538767	1.34e-71	278.0
94.944	178	7	2	1430204	1430380	1640731	1640907	1.34e-71	278.0
94.944	178	7	2	1500048	1500224	1869860	1869684	1.34e-71	278.0
94.382	178	9	1	1710810	1710986	1190366	1190543	6.24e-70	272.0
94.382	178	9	1	1190366	1190543	1749529	1749705	6.24e-70	272.0
94.382	178	7	3	2254799	2254975	1468923	1469098	2.24e-69	270.0
94.382	178	7	3	1430204	1430379	2293518	2293694	2.24e-69	270.0
93.258	178	9	3	1500048	1500224	1468923	1469098	4.85e-66	259.0
93.258	178	9	3	1430204	1430379	1538767	1538943	4.85e-66	259.0
90.449	178	16	1	925523	925700	559873	559697	2.94e-58	233.0
90.449	178	16	1	559697	559873	925700	925523	2.94e-58	233.0
88.202	178	20	1	2406366	2406542	2417799	2417622	1.38e-51	211.0
88.202	178	20	1	2378903	2379080	2445261	2445085	1.38e-51	211.0
85.955	178	21	4	726040	726215	2662856	2663031	2.32e-44	187.0
85.393	178	19	7	1325231	1325403	9128	8953	1.4e-41	178.0
97.175	177	3	2	1615126	1615301	1190543	1190368	1.03e-77	298.0
97.175	177	3	2	2392738	2392913	1190368	1190543	1.03e-77	298.0
97.175	177	3	2	1190368	1190543	1654020	1653845	1.03e-77	298.0
97.175	177	3	2	1190368	1190543	2431457	2431632	1.03e-77	298.0
96.61	177	5	1	2071370	2071545	1190542	1190366	4.79e-76	292.0
96.61	177	4	2	1830965	1831140	1190368	1190543	4.79e-76	292.0
96.61	177	4	2	1190368	1190543	1869684	1869859	4.79e-76	292.0
96.61	177	5	1	1190366	1190542	2110264	2110089	4.79e-76	292.0
94.915	177	8	1	1602012	1602187	1538767	1538943	4.82e-71	276.0
94.915	177	8	1	2071370	2071545	1538769	1538945	4.82e-71	276.0
94.915	177	8	1	1500048	1500224	1640731	1640906	4.82e-71	276.0
94.915	177	8	1	1500050	1500226	2110089	2110264	4.82e-71	276.0
94.915	177	6	3	1430205	1430379	1190543	1190368	1.73e-70	274.0
94.915	177	6	3	1190368	1190543	1469098	1468924	1.73e-70	274.0
88.701	177	15	5	2207065	2207240	687941	688113	1.38e-51	211.0
88.701	177	15	5	687941	688113	2245784	2245959	1.38e-51	211.0
85.876	177	23	2	758983	759158	726215	726040	2.32e-44	187.0
85.876	177	18	6	804911	805084	16902	16730	1.08e-42	182.0
85.876	177	18	6	16730	16902	805084	804911	1.08e-42	182.0
84.181	177	22	5	804902	805076	559866	559694	3.03e-38	167.0
97.727	176	3	1	2135908	2136082	1654020	1653845	7.95e-79	302.0
97.727	176	3	1	1615126	1615301	2174801	2174627	7.95e-79	302.0
96.591	176	6	0	2071369	2071544	2128297	2128122	4.79e-76	292.0
96.591	176	5	1	2089403	2089577	1190367	1190542	1.72e-75	291.0
96.591	176	5	1	1602013	1602187	1190543	1190368	1.72e-75	291.0
96.591	176	5	1	1190368	1190543	1640906	1640732	1.72e-75	291.0
96.591	176	5	1	1190367	1190542	2128122	2128296	1.72e-75	291.0
96.023	176	7	0	2135906	2136081	2110264	2110089	2.23e-74	287.0
96.023	176	7	0	2071370	2071545	2174800	2174625	2.23e-74	287.0
96.023	176	6	1	2135908	2136082	1869684	1869859	8.01e-74	285.0
96.023	176	6	1	1830965	1831140	2174627	2174801	8.01e-74	285.0
94.886	176	9	0	1710812	1710987	1640906	1640731	4.82e-71	276.0
94.886	176	9	0	1602012	1602187	1749706	1749531	4.82e-71	276.0
94.886	176	8	1	2089403	2089577	1538944	1538769	1.73e-70	274.0
94.318	176	8	2	2135908	2136082	1469098	1468924	8.07e-69	268.0
94.318	176	8	2	1430205	1430379	2174801	2174627	8.07e-69	268.0
90.909	176	15	1	726041	726215	333387	333212	8.18e-59	235.0
90.909	176	15	1	333212	333387	726215	726041	8.18e-59	235.0
83.523	176	24	4	2507984	2508158	20822	20993	5.06e-36	159.0
83.523	176	24	4	20822	20993	2546703	2546877	5.06e-36	159.0
96.0	175	7	0	2135908	2136082	1640906	1640732	8.01e-74	285.0
96.0	175	7	0	1602013	1602187	2174801	2174627	8.01e-74	285.0
94.857	175	7	2	2089404	2089577	1469098	1468925	6.24e-70	272.0
94.857	175	7	2	1430206	1430379	2128296	2128123	6.24e-70	272.0
90.857	175	12	4	2598733	2598904	473490	473663	1.06e-57	231.0
90.857	175	12	4	473490	473663	2637452	2637623	1.06e-57	231.0
90.286	175	15	2	1612659	1612832	498690	498517	1.37e-56	228.0
90.286	175	15	2	498517	498690	1651551	1651378	1.37e-56	228.0
87.429	175	19	3	2406371	2406543	2245869	2246042	1.07e-47	198.0
87.429	175	19	3	2207150	2207323	2445090	2445262	1.07e-47	198.0
85.714	175	18	7	8956	9128	1364119	1363950	1.4e-41	178.0
96.552	174	6	0	2071370	2071543	1640733	1640906	6.19e-75	289.0
96.552	174	6	0	1602014	1602187	2110089	2110262	6.19e-75	289.0
93.103	174	10	2	686615	686787	2665218	2665046	2.26e-64	254.0
87.931	174	19	2	498516	498688	473487	473659	2.31e-49	204.0
87.931	174	19	2	473487	473659	498516	498688	2.31e-49	204.0
87.356	174	21	1	686598	686771	653799	653971	1.07e-47	198.0
87.356	174	21	1	653799	653971	686598	686771	1.07e-47	198.0
85.057	174	15	10	2499068	2499236	333224	333391	3.03e-38	167.0
85.057	174	15	10	333224	333391	2537787	2537955	3.03e-38	167.0
90.751	173	14	2	1612657	1612828	1418195	1418024	3.81e-57	230.0
90.751	173	14	2	1379305	1379476	1651547	1651376	3.81e-57	230.0
84.971	173	19	7	726042	726209	20960	20790	8.42e-39	169.0
84.971	173	19	7	20790	20960	726209	726042	8.42e-39	169.0
97.093	172	5	0	2089404	2089575	1869684	1869855	1.72e-75	291.0
97.093	172	5	0	2392738	2392909	2110262	2110091	1.72e-75	291.0
97.093	172	5	0	1830965	1831136	2128123	2128294	1.72e-75	291.0
97.093	172	5	0	2392738	2392909	2128123	2128294	1.72e-75	291.0
97.093	172	5	0	2071372	2071543	2431628	2431457	1.72e-75	291.0
97.093	172	5	0	2089404	2089575	2431457	2431628	1.72e-75	291.0
90.116	172	14	3	473488	473658	186790	186621	2.29e-54	220.0
90.116	172	14	2	2566126	2566296	1759287	1759456	2.29e-54	220.0
90.116	172	14	2	1720568	1720737	2604845	2605015	2.29e-54	220.0
89.535	172	15	3	498517	498687	186790	186621	1.07e-52	215.0
89.535	172	15	3	186621	186790	498687	498517	1.07e-52	215.0
88.953	172	18	1	747190	747360	398587	398758	1.38e-51	211.0
88.953	172	18	1	398587	398758	747190	747360	1.38e-51	211.0
88.372	172	17	3	2598732	2598903	348047	348215	2.31e-49	204.0
88.372	172	17	3	348047	348215	2637451	2637622	2.31e-49	204.0
87.209	172	18	3	2366730	2366898	432688	432518	4.99e-46	193.0
87.209	172	18	3	432518	432688	2405617	2405449	4.99e-46	193.0
87.209	172	13	5	673358	673522	186791	186622	2.32e-44	187.0
87.209	172	13	5	186622	186791	673522	673358	2.32e-44	187.0
85.465	172	20	5	925539	925707	804910	805079	1.81e-40	174.0
85.465	172	20	5	804910	805079	925539	925707	1.81e-40	174.0
83.721	172	23	4	2507972	2508139	849578	849748	1.82e-35	158.0
83.721	172	23	4	849578	849748	2546691	2546858	1.82e-35	158.0
88.889	171	18	1	2366751	2366920	174013	174183	4.96e-51	209.0
88.889	171	18	1	174013	174183	2405470	2405639	4.96e-51	209.0
88.304	171	14	6	432539	432706	1364119	1363952	2.98e-48	200.0
84.795	171	20	5	559700	559866	805070	804902	3.03e-38	167.0
92.941	170	9	3	2598733	2598901	186788	186621	1.36e-61	244.0
92.941	170	9	3	186621	186788	2637620	2637452	1.36e-61	244.0
87.059	170	17	5	804911	805079	174143	173978	2.32e-44	187.0
87.059	170	17	5	173978	174143	805079	804911	2.32e-44	187.0
85.882	170	17	7	2207156	2207323	758994	759158	1.81e-40	174.0
85.882	170	17	7	758994	759158	2245875	2246042	1.81e-40	174.0
90.533	169	13	3	2481677	2481843	1418182	1418015	2.29e-54	220.0
90.533	169	13	3	1379296	1379463	2520562	2520396	2.29e-54	220.0
88.166	169	17	3	1695398	1695563	432703	432535	1.07e-47	198.0
88.166	169	17	3	432535	432703	1734282	1734117	1.07e-47	198.0
88.166	169	15	4	1612662	1612828	348214	348049	3.86e-47	196.0
88.166	169	15	4	348049	348214	1651547	1651381	3.86e-47	196.0
87.574	169	18	3	348048	348214	186788	186621	4.99e-46	193.0
87.574	169	18	3	186621	186788	348214	348048	4.99e-46	193.0
87.574	169	17	4	1975170	1975338	1764112	1763948	4.99e-46	193.0
87.574	169	17	4	1725229	1725393	2014057	2013889	4.99e-46	193.0
92.857	168	10	2	2598734	2598900	1651547	1651381	4.89e-61	243.0
92.857	168	10	2	1612662	1612828	2637619	2637453	4.89e-61	243.0
92.857	168	9	3	1379303	1379468	186789	186623	1.76e-60	241.0
92.857	168	9	3	186623	186789	1418187	1418022	1.76e-60	241.0
90.476	168	13	3	1379303	1379468	498518	498684	8.24e-54	219.0
90.476	168	13	3	498518	498684	1418022	1418187	8.24e-54	219.0
87.5	168	14	3	422870	423031	1832999	1832833	2.32e-44	187.0
86.905	168	19	3	2366716	2366882	1734117	1734282	8.36e-44	185.0
86.905	168	19	3	1695398	1695563	2405435	2405601	8.36e-44	185.0
95.21	167	6	2	1720571	1720737	747371	747207	3.75e-67	263.0
95.21	167	6	2	747207	747371	1759456	1759290	3.75e-67	263.0
91.018	167	11	3	905009	905173	186786	186622	6.37e-55	222.0
91.018	167	10	5	1108314	1108476	186624	186789	2.29e-54	220.0
91.018	167	10	5	186624	186789	1108314	1108476	2.29e-54	220.0
88.623	167	15	4	1325240	1325403	432701	432536	2.98e-48	200.0
86.826	167	20	2	1695398	1695562	925706	925540	8.36e-44	185.0
86.826	167	20	2	925540	925706	1734281	1734117	8.36e-44	185.0
86.228	167	18	5	2624136	2624300	1233214	1233051	5.03e-41	176.0
85.629	167	19	4	2566134	2566298	2578297	2578460	2.34e-39	171.0
85.629	167	19	4	2539578	2539741	2604853	2605017	2.34e-39	171.0
90.964	166	14	1	1612666	1612830	905171	905006	6.37e-55	222.0
90.964	166	10	5	1612668	1612832	473649	473488	8.24e-54	219.0
90.964	166	10	5	473488	473649	1651551	1651387	8.24e-54	219.0
88.554	166	19	0	2366755	2366920	2245546	2245711	8.3e-49	202.0
88.554	166	19	0	2206827	2206992	2405474	2405639	8.3e-49	202.0
88.554	166	16	3	1108314	1108476	498683	498518	1.07e-47	198.0
88.554	166	16	3	498518	498683	1108476	1108314	1.07e-47	198.0
87.952	166	15	4	2624139	2624300	2537951	2537787	1.8e-45	191.0
87.952	166	15	4	2499068	2499232	2663019	2662858	1.8e-45	191.0
86.747	166	19	3	905009	905173	348050	348213	1.08e-42	182.0
86.747	166	19	3	348050	348213	905009	905173	1.08e-42	182.0
86.145	166	17	2	1850687	1850846	1888902	1889067	1.81e-40	174.0
92.727	165	12	0	905009	905173	498521	498685	6.32e-60	239.0
92.727	165	12	0	498521	498685	905009	905173	6.32e-60	239.0
92.727	165	11	1	1987756	1987919	427881	428045	2.27e-59	237.0
92.727	165	10	2	1379303	1379467	1108476	1108314	2.27e-59	237.0
92.727	165	10	2	1108314	1108476	1418186	1418022	2.27e-59	237.0
92.727	165	11	1	427881	428045	2026475	2026638	2.27e-59	237.0
89.697	165	14	3	1379306	1379468	905009	905172	1.78e-50	207.0
89.697	165	14	3	905009	905172	1418025	1418187	1.78e-50	207.0
89.697	165	14	2	2498944	2499107	1759294	1759456	1.78e-50	207.0
89.697	165	14	2	1720575	1720737	2537663	2537826	1.78e-50	207.0
87.879	165	18	2	2207080	2207243	919274	919111	4.99e-46	193.0
86.667	165	21	1	2386855	2387018	2026640	2026476	1.08e-42	182.0
86.667	165	21	1	1987757	1987921	2425737	2425574	1.08e-42	182.0
93.293	164	9	2	2598733	2598896	1108475	1108314	1.76e-60	241.0
92.073	164	11	2	2624138	2624300	555688	555526	3.81e-57	230.0
91.463	164	12	2	925496	925658	686938	686776	1.77e-55	224.0
91.463	164	12	2	686776	686938	925658	925496	1.77e-55	224.0
91.463	164	11	3	965005	965167	925658	925497	6.37e-55	222.0
91.463	164	11	3	925497	925658	965167	965005	6.37e-55	222.0
89.634	164	16	1	2624339	2624501	559901	559738	1.78e-50	207.0
89.024	164	16	2	559738	559901	526712	526551	8.3e-49	202.0
89.024	164	16	2	526551	526712	559901	559738	8.3e-49	202.0
89.024	164	15	3	2499068	2499230	1644925	1644764	2.98e-48	200.0
89.024	164	15	3	1606045	1606206	2537949	2537787	2.98e-48	200.0
87.195	164	14	4	398598	398759	1764112	1763954	3.89e-42	180.0
93.252	163	10	1	2566136	2566298	828071	827910	6.32e-60	239.0
93.252	163	10	1	827910	828071	2605017	2604855	6.32e-60	239.0
92.025	163	12	1	2566137	2566298	14745	14907	1.37e-56	228.0
92.025	163	12	1	14745	14907	2604856	2605017	1.37e-56	228.0
92.025	163	10	3	1612671	1612833	186632	186791	4.92e-56	226.0
92.025	163	10	3	186632	186791	1651390	1651552	4.92e-56	226.0
91.411	163	13	1	905009	905171	1651546	1651385	6.37e-55	222.0
90.184	163	15	1	2626343	2626505	653971	653810	1.38e-51	211.0
90.184	163	13	3	1108314	1108473	905171	905009	4.96e-51	209.0
90.184	163	13	3	905009	905171	1108473	1108314	4.96e-51	209.0
88.957	163	18	0	925497	925659	687994	687832	8.3e-49	202.0
88.957	163	18	0	687832	687994	925659	925497	8.3e-49	202.0
88.957	163	14	4	698633	698793	2026610	2026450	1.07e-47	198.0
88.344	163	18	1	2566136	2566298	1763947	1764108	1.39e-46	195.0
88.344	163	18	1	1725228	1725389	2604855	2605017	1.39e-46	195.0
87.117	163	16	3	1725235	1725393	398759	398598	3.89e-42	180.0
85.276	163	20	4	2624140	2624300	1233089	1232929	1.09e-37	165.0
91.358	162	9	4	688042	688199	526625	526465	2.96e-53	217.0
90.123	162	15	1	1606166	1606326	919031	919192	4.96e-51	209.0
90.123	162	15	1	919031	919192	1644885	1645045	4.96e-51	209.0
90.123	162	14	1	1725228	1725387	1759295	1759456	4.96e-51	209.0
90.123	162	14	1	1720576	1720737	1763947	1764106	4.96e-51	209.0
88.272	162	17	2	919114	919274	2245959	2245799	4.99e-46	193.0
88.272	162	12	3	1794120	1794280	423025	422870	2.32e-44	187.0
88.272	162	11	6	827912	828071	422876	423031	2.32e-44	187.0
88.272	162	11	6	422876	423031	827912	828071	2.32e-44	187.0
87.037	162	14	7	333146	333303	171753	171595	5.03e-41	176.0
87.037	162	14	7	171595	171753	333303	333146	5.03e-41	176.0
86.42	162	20	2	2206790	2206950	1363959	1364119	5.03e-41	176.0
86.42	162	20	2	1325240	1325400	2245509	2245669	5.03e-41	176.0
86.42	162	14	4	1725228	1725387	423031	422876	2.34e-39	171.0
86.42	162	14	4	422876	423031	1764106	1763947	2.34e-39	171.0
85.802	162	16	6	804911	805069	8953	9110	1.09e-37	165.0
85.802	162	16	6	8953	9110	804911	805069	1.09e-37	165.0
100.0	161	0	0	2415629	2415789	2453607	2453767	1.03e-77	298.0
100.0	161	0	0	2414888	2415048	2454348	2454508	1.03e-77	298.0
98.758	161	0	1	1770916	1771076	1809199	1809357	8.01e-74	285.0
98.758	161	0	1	1770480	1770638	1809635	1809795	8.01e-74	285.0
95.031	161	8	0	2598733	2598893	1418023	1418183	2.26e-64	254.0
95.031	161	8	0	1379304	1379464	2637452	2637612	2.26e-64	254.0
93.789	161	8	2	1108317	1108475	2637612	2637452	1.76e-60	241.0
91.304	161	12	2	2481677	2481837	1108318	1108476	8.24e-54	219.0
91.304	161	12	2	1108318	1108476	2520396	2520556	8.24e-54	219.0
91.875	160	11	2	186629	186786	905168	905009	6.37e-55	222.0
91.875	160	10	3	2481679	2481837	186632	186789	2.29e-54	220.0
91.875	160	10	3	186633	186790	473646	473488	2.29e-54	220.0
91.875	160	10	3	186632	186789	2520398	2520556	2.29e-54	220.0
90.625	160	14	1	2481677	2481835	1651388	1651547	1.38e-51	211.0
90.625	160	14	1	1612669	1612828	2520396	2520554	1.38e-51	211.0
90.0	160	15	1	2481679	2481837	498677	498518	6.41e-50	206.0
90.0	160	15	1	498518	498677	2520556	2520398	6.41e-50	206.0
89.375	160	12	4	1082234	1082389	16882	16724	3.86e-47	196.0
89.375	160	12	4	16724	16882	1082389	1082234	3.86e-47	196.0
88.125	160	17	2	1725236	1725393	747360	747201	6.46e-45	189.0
88.125	160	17	2	747201	747360	1764112	1763955	6.46e-45	189.0
88.125	160	16	3	1325249	1325407	173990	174147	2.32e-44	187.0
88.125	160	16	3	173990	174147	1363968	1364126	2.32e-44	187.0
87.5	160	18	2	2626327	2626485	698633	698791	3.01e-43	183.0
87.5	160	18	2	698633	698791	2665046	2665204	3.01e-43	183.0
91.195	159	13	1	849576	849734	686614	686771	1.07e-52	215.0
91.195	159	13	1	686614	686771	849576	849734	1.07e-52	215.0
90.566	159	13	1	1725237	1725393	14753	14911	4.96e-51	209.0
90.566	159	13	1	14753	14911	1763956	1764112	4.96e-51	209.0
86.792	159	18	3	1286217	1286374	526557	526713	1.81e-40	174.0
86.792	159	18	3	526557	526713	1324936	1325093	1.81e-40	174.0
91.772	158	13	0	1379303	1379460	473489	473646	2.29e-54	220.0
91.772	158	13	0	473489	473646	1418022	1418179	2.29e-54	220.0
91.139	158	11	3	2598735	2598890	905009	905165	1.38e-51	211.0
91.139	158	11	3	905009	905165	2637454	2637609	1.38e-51	211.0
90.506	158	12	3	2481679	2481834	905165	905009	6.41e-50	206.0
90.506	158	12	3	905009	905165	2520553	2520398	6.41e-50	206.0
87.975	158	18	1	726039	726195	559982	559825	8.36e-44	185.0
87.975	158	18	1	559825	559982	726195	726039	8.36e-44	185.0
87.342	158	18	2	2566285	2566441	577461	577305	3.89e-42	180.0
87.342	158	18	2	577305	577461	2605160	2605004	3.89e-42	180.0
87.342	158	17	3	1325245	1325400	16743	16899	1.4e-41	178.0
87.342	158	17	3	16743	16899	1363964	1364119	1.4e-41	178.0
84.81	158	23	1	698634	698790	2008422	2008265	1.82e-35	158.0
90.446	157	12	3	905009	905164	473492	473646	2.31e-49	204.0
90.446	157	12	3	473492	473646	905009	905164	2.31e-49	204.0
87.898	157	17	2	673347	673503	1108489	1108335	3.01e-43	183.0
91.667	156	13	0	1720582	1720737	14750	14905	2.96e-53	217.0
91.667	156	13	0	14750	14905	1759301	1759456	2.96e-53	217.0
87.821	156	18	1	1720586	1720740	2014047	2013892	1.08e-42	182.0
92.258	155	9	3	526472	526625	688194	688042	2.96e-53	217.0
88.387	155	17	1	1695410	1695563	9106	8952	8.36e-44	185.0
88.387	155	17	1	8952	9106	1734282	1734129	8.36e-44	185.0
87.097	155	16	4	1082234	1082384	804930	805084	6.51e-40	172.0
87.097	155	16	4	804930	805084	1082234	1082384	6.51e-40	172.0
89.61	154	11	3	577311	577464	174399	174251	1.8e-45	191.0
89.61	154	11	3	174251	174399	577464	577311	1.8e-45	191.0
90.196	153	10	4	2508233	2508383	171647	171498	1.39e-46	195.0
88.235	153	17	1	1975176	1975328	1759456	1759305	1.08e-42	182.0
98.026	152	3	0	964988	965139	747218	747067	1.04e-67	265.0
98.026	152	3	0	747067	747218	965139	964988	1.04e-67	265.0
92.105	152	9	2	2566270	2566419	2026632	2026782	1.38e-51	211.0
92.105	152	9	2	1987913	1988063	2604989	2605138	1.38e-51	211.0
88.158	152	15	3	687967	688116	2417851	2417701	1.4e-41	178.0
87.5	152	16	3	2378899	2379048	333392	333242	6.51e-40	172.0
87.5	152	16	3	2566192	2566341	2417851	2417701	6.51e-40	172.0
90.066	151	10	5	2566287	2566433	747093	746944	1.8e-45	191.0
90.066	151	10	5	746944	747093	2605152	2605006	1.8e-45	191.0
88.742	151	14	3	964992	965141	526725	526577	1.08e-42	182.0
88.742	151	14	3	526577	526725	965141	964992	1.08e-42	182.0
86.755	151	17	3	698508	698657	526577	526725	1.09e-37	165.0
86.755	151	17	3	526577	526725	698508	698657	1.09e-37	165.0
86.093	151	18	3	653852	654001	14911	15059	5.06e-36	159.0
86.093	151	18	3	14911	15059	653852	654001	5.06e-36	159.0
93.333	150	9	1	1606151	1606300	2245810	2245662	2.29e-54	220.0
92.0	150	11	1	1612686	1612835	673503	673355	4.96e-51	209.0
92.0	150	11	1	673355	673503	1651554	1651405	4.96e-51	209.0
91.333	150	11	1	174133	174280	1645019	1644870	2.31e-49	204.0
90.0	150	11	4	2206788	2206935	1082380	1082233	1.8e-45	191.0
90.0	150	11	4	1082233	1082380	2245654	2245507	1.8e-45	191.0
87.333	150	16	3	827903	828051	2578466	2578319	8.42e-39	169.0
91.946	149	10	2	2466986	2467133	688064	688211	1.78e-50	207.0
91.946	149	11	1	2089393	2089541	1323117	1322970	1.78e-50	207.0
91.946	149	11	1	1284251	1284398	2128260	2128112	1.78e-50	207.0
91.946	149	10	2	688064	688211	2505705	2505852	1.78e-50	207.0
90.604	149	14	0	2626315	2626463	428029	427881	1.07e-47	198.0
90.604	149	14	0	427881	428029	2665182	2665034	1.07e-47	198.0
89.262	149	12	4	1987928	1988075	171647	171502	3.01e-43	183.0
89.262	149	12	3	1082234	1082379	432556	432703	3.01e-43	183.0
89.262	149	12	3	432556	432703	1082234	1082379	3.01e-43	183.0
88.591	149	14	3	2378985	2379132	688113	687967	1.4e-41	178.0
88.591	149	14	2	2593114	2593260	2026783	2026636	1.4e-41	178.0
88.591	149	14	2	1987917	1988064	2631979	2631833	1.4e-41	178.0
87.919	149	17	1	2508233	2508380	15017	15165	1.81e-40	174.0
87.919	149	17	1	687821	687968	526725	526577	1.81e-40	174.0
87.919	149	17	1	526577	526725	687968	687821	1.81e-40	174.0
87.919	149	17	1	15017	15165	2546952	2547099	1.81e-40	174.0
87.919	149	15	3	2378985	2379132	2605057	2604911	6.51e-40	172.0
85.906	149	20	1	1969555	1969703	698781	698634	1.82e-35	158.0
85.906	149	18	3	2626315	2626462	196394	196540	6.55e-35	156.0
96.622	148	5	0	432278	432425	17038	16891	3.78e-62	246.0
96.622	148	5	0	16891	17038	432425	432278	3.78e-62	246.0
91.892	148	12	0	2366751	2366898	559726	559873	1.78e-50	207.0
91.892	148	12	0	559726	559873	2405470	2405617	1.78e-50	207.0
91.892	148	11	1	758902	759048	174133	174280	6.41e-50	206.0
91.892	148	11	1	174133	174280	758902	759048	6.41e-50	206.0
90.541	148	12	2	2626315	2626462	2425592	2425737	1.39e-46	195.0
90.541	148	12	2	2386873	2387018	2665034	2665181	1.39e-46	195.0
89.865	148	12	3	1082234	1082379	925560	925706	2.32e-44	187.0
89.865	148	12	3	925560	925706	1082234	1082379	2.32e-44	187.0
89.189	148	14	2	1108347	1108492	673491	673344	3.01e-43	183.0
97.279	147	4	0	432278	432424	8817	8963	2.92e-63	250.0
97.279	147	4	0	8817	8963	432278	432424	2.92e-63	250.0
92.517	147	10	1	2566167	2566312	2042815	2042961	4.96e-51	209.0
92.517	147	10	1	2004096	2004242	2604886	2605031	4.96e-51	209.0
91.837	147	9	3	2378903	2379048	759157	759013	8.3e-49	202.0
90.476	147	13	1	673359	673504	498517	498663	4.99e-46	193.0
90.476	147	13	1	498517	498663	673359	673504	4.99e-46	193.0
89.116	147	10	5	628263	628409	653971	653831	1.4e-41	178.0
87.755	147	15	3	2539603	2539747	828048	827903	8.42e-39	169.0
93.151	146	8	2	2392730	2392875	1323113	1322970	3.83e-52	213.0
93.151	146	8	2	1284251	1284394	2431594	2431449	3.83e-52	213.0
93.151	146	7	2	1987913	1988057	580758	580901	1.38e-51	211.0
93.151	146	7	2	580758	580901	2026632	2026776	1.38e-51	211.0
91.096	146	10	3	171503	171647	2547095	2546952	1.39e-46	195.0
90.411	146	14	0	2593115	2593260	2605138	2604993	4.99e-46	193.0
90.411	146	14	0	2566274	2566419	2631979	2631834	4.99e-46	193.0
90.411	146	12	2	673359	673503	473488	473632	1.8e-45	191.0
90.411	146	12	2	473488	473632	673359	673503	1.8e-45	191.0
89.726	146	10	4	274878	275020	171507	171650	1.08e-42	182.0
89.726	146	10	4	171507	171650	274878	275020	1.08e-42	182.0
89.726	146	9	5	1987930	1988071	747093	746950	1.08e-42	182.0
89.041	146	14	2	2481693	2481837	673504	673360	3.89e-42	180.0
89.041	146	14	2	673360	673504	2520556	2520412	3.89e-42	180.0
88.356	146	14	2	2508226	2508369	2026640	2026784	6.51e-40	172.0
88.356	146	14	2	1987921	1988065	2546945	2547088	6.51e-40	172.0
94.483	145	8	0	1615164	1615308	1322970	1323114	1.77e-55	224.0
94.483	145	8	0	1284251	1284395	1653883	1654027	1.77e-55	224.0
93.793	145	6	3	1082234	1082378	174123	173982	1.07e-52	215.0
93.793	145	6	3	173982	174123	1082378	1082234	1.07e-52	215.0
93.103	145	7	2	2624366	2624509	965141	964999	4.96e-51	209.0
93.103	145	7	2	964999	965141	2663228	2663085	4.96e-51	209.0
88.966	145	14	2	2366755	2366898	9078	8935	1.4e-41	178.0
88.966	145	14	2	2366755	2366898	16777	16920	1.4e-41	178.0
88.966	145	14	2	16777	16920	2405474	2405617	1.4e-41	178.0
88.966	145	14	2	8935	9078	2405617	2405474	1.4e-41	178.0
88.966	145	13	3	1233072	1233214	2662998	2662855	5.03e-41	176.0
88.276	145	15	2	1379303	1379446	673360	673503	6.51e-40	172.0
88.276	145	15	2	673360	673503	1418022	1418165	6.51e-40	172.0
88.276	145	14	3	2406406	2406549	2662992	2662850	2.34e-39	171.0
87.586	145	17	1	2507996	2508139	686643	686787	3.03e-38	167.0
87.586	145	17	1	686643	686787	2546715	2546858	3.03e-38	167.0
89.583	144	9	5	653834	653971	628406	628263	1.4e-41	178.0
96.503	143	5	0	759015	759157	555546	555688	2.27e-59	237.0
96.503	143	5	0	555546	555688	759015	759157	2.27e-59	237.0
93.706	143	7	2	1720599	1720740	828050	827909	3.83e-52	213.0
92.308	143	10	1	2566157	2566298	398744	398602	8.3e-49	202.0
92.308	143	10	1	398602	398744	2605017	2604876	8.3e-49	202.0
91.608	143	12	0	2050816	2050958	448267	448125	1.07e-47	198.0
91.608	143	12	0	448125	448267	2089677	2089535	1.07e-47	198.0
91.608	143	12	0	580762	580904	2631979	2631837	1.07e-47	198.0
91.608	143	11	1	827910	828051	398602	398744	3.86e-47	196.0
91.608	143	11	1	2513008	2513149	688060	688202	3.86e-47	196.0
91.608	143	11	1	398602	398744	827910	828051	3.86e-47	196.0
91.608	143	11	1	688060	688202	2551727	2551868	3.86e-47	196.0
90.21	143	12	1	1606041	1606183	555689	555549	8.36e-44	185.0
90.21	143	12	1	555549	555689	1644902	1644760	8.36e-44	185.0
89.51	143	15	0	2366756	2366898	925665	925523	1.08e-42	182.0
89.51	143	15	0	925523	925665	2405617	2405475	1.08e-42	182.0
95.775	142	6	0	555547	555688	2662998	2662857	3.81e-57	230.0
93.662	142	8	1	964981	965121	759137	759278	1.38e-51	211.0
93.662	142	8	1	759137	759278	964981	965121	1.38e-51	211.0
92.958	142	10	0	1710808	1710949	1323111	1322970	1.78e-50	207.0
92.958	142	10	0	1284251	1284392	1749668	1749527	1.78e-50	207.0
92.958	142	7	3	2566285	2566425	17014	17153	2.31e-49	204.0
92.958	142	7	3	17014	17153	2605004	2605144	2.31e-49	204.0
92.254	142	11	0	174251	174392	275020	274879	8.3e-49	202.0
91.549	142	12	0	1725249	1725390	828050	827909	3.86e-47	196.0
91.549	142	12	0	827909	828050	1764109	1763968	3.86e-47	196.0
90.845	142	9	3	1987928	1988068	275017	274879	2.32e-44	187.0
90.141	142	10	3	746952	747093	274878	275015	1.08e-42	182.0
90.141	142	10	3	274878	275015	746952	747093	1.08e-42	182.0
88.732	142	15	1	333251	333392	2417758	2417618	6.51e-40	172.0
88.732	142	13	3	2624134	2624273	2445265	2445125	2.34e-39	171.0
88.028	142	16	1	686646	686787	427877	428017	3.03e-38	167.0
88.028	142	16	1	427877	428017	686646	686787	3.03e-38	167.0
97.163	141	4	0	2254838	2254978	1322970	1323110	6.32e-60	239.0
97.163	141	4	0	1284251	1284391	2293557	2293697	6.32e-60	239.0
95.035	141	7	0	1500088	1500228	1322971	1323111	6.37e-55	222.0
95.035	141	7	0	1284252	1284392	1538807	1538947	6.37e-55	222.0
94.326	141	8	0	2135905	2136045	1323110	1322970	2.96e-53	217.0
94.326	141	8	0	1284251	1284391	2174764	2174624	2.96e-53	217.0
93.617	141	9	0	2566158	2566298	747345	747205	1.38e-51	211.0
93.617	141	9	0	747205	747345	2605017	2604877	1.38e-51	211.0
92.199	141	10	1	526573	526712	16924	16784	1.07e-47	198.0
92.199	141	10	1	16784	16924	526712	526573	1.07e-47	198.0
90.78	141	10	3	1975047	1975187	759159	759022	8.36e-44	185.0
90.78	141	10	3	759022	759159	2013906	2013766	8.36e-44	185.0
90.071	141	12	2	2508233	2508372	174254	174393	1.08e-42	182.0
90.071	141	12	2	174254	174393	2546952	2547091	1.08e-42	182.0
89.362	141	15	0	1232949	1233089	759015	759155	1.4e-41	178.0
89.362	141	15	0	759015	759155	1232949	1233089	1.4e-41	178.0
87.943	141	16	1	1841501	1841640	1082234	1082374	1.09e-37	165.0
87.943	141	16	1	1082234	1082374	1880220	1880359	1.09e-37	165.0
87.943	141	15	2	1232950	1233089	2662998	2662859	1.09e-37	165.0
94.286	140	7	1	1284252	1284390	1190505	1190366	3.83e-52	213.0
94.286	140	7	1	1190366	1190505	1323109	1322971	3.83e-52	213.0
94.286	140	6	2	827912	828050	1759456	1759318	3.83e-52	213.0
93.571	140	9	0	2071406	2071545	1322970	1323109	4.96e-51	209.0
93.571	140	9	0	1284251	1284390	2110125	2110264	4.96e-51	209.0
92.857	140	10	0	2566285	2566424	15017	15156	2.31e-49	204.0
92.857	140	10	0	15017	15156	2605004	2605143	2.31e-49	204.0
92.143	140	11	0	2593121	2593260	580901	580762	1.07e-47	198.0
91.429	140	9	2	2624137	2624273	2013767	2013906	6.46e-45	189.0
91.429	140	9	2	1975048	1975187	2662856	2662992	6.46e-45	189.0
90.714	140	9	4	746939	747077	348031	348167	3.01e-43	183.0
90.714	140	9	4	348031	348167	746939	747077	3.01e-43	183.0
90.714	140	7	5	746956	747093	2026784	2026649	1.08e-42	182.0
87.143	140	15	3	2508233	2508371	17014	17151	6.55e-35	156.0
92.806	139	10	0	274882	275020	174389	174251	8.3e-49	202.0
92.806	139	8	2	2499098	2499235	20826	20963	2.98e-48	200.0
92.806	139	8	2	20826	20963	2537817	2537954	2.98e-48	200.0
92.086	139	9	2	849613	849750	20839	20976	1.39e-46	195.0
92.086	139	9	2	20839	20976	849613	849750	1.39e-46	195.0
91.367	139	11	1	526575	526712	8933	9071	6.46e-45	189.0
91.367	139	10	2	1794157	1794294	97405	97268	6.46e-45	189.0
91.367	139	11	1	919136	919274	97268	97405	6.46e-45	189.0
91.367	139	11	1	8933	9071	526575	526712	6.46e-45	189.0
91.367	139	11	1	2406409	2406547	559847	559984	6.46e-45	189.0
91.367	139	11	1	97268	97405	919136	919274	6.46e-45	189.0
91.367	139	10	2	97268	97405	1833013	1832876	6.46e-45	189.0
91.367	139	11	1	559847	559984	2445128	2445266	6.46e-45	189.0
91.367	139	8	3	274882	275017	2026784	2026647	2.32e-44	187.0
90.647	139	12	1	2366763	2366900	747201	747063	3.01e-43	183.0
90.647	139	11	2	2406406	2406544	1233078	1233214	3.01e-43	183.0
90.647	139	11	2	171510	171647	2026784	2026647	3.01e-43	183.0
90.647	139	12	1	747063	747201	2405619	2405482	3.01e-43	183.0
90.647	139	11	2	1233078	1233214	2445125	2445263	3.01e-43	183.0
89.928	139	10	3	1987928	1988065	174254	174389	5.03e-41	176.0
89.928	139	10	3	174254	174389	2026647	2026784	5.03e-41	176.0
88.489	139	14	2	2499099	2499236	196553	196416	3.03e-38	167.0
88.489	139	14	2	333254	333391	196553	196416	3.03e-38	167.0
88.489	139	14	2	196416	196553	333391	333254	3.03e-38	167.0
88.489	139	14	2	196416	196553	2537955	2537818	3.03e-38	167.0
97.101	138	2	2	965005	965141	174025	174161	1.06e-57	231.0
97.101	138	2	2	174025	174161	965005	965141	1.06e-57	231.0
94.928	138	7	0	1830965	1831102	1323107	1322970	2.96e-53	217.0
94.928	138	7	0	1284251	1284388	1869821	1869684	2.96e-53	217.0
94.203	138	8	0	577327	577464	171513	171650	1.38e-51	211.0
94.203	138	8	0	2207060	2207197	427986	428123	1.38e-51	211.0
94.203	138	8	0	171513	171650	577327	577464	1.38e-51	211.0
94.203	138	8	0	427986	428123	2245779	2245916	1.38e-51	211.0
94.203	138	6	2	698508	698644	174161	174025	4.96e-51	209.0
94.203	138	6	2	174025	174161	698644	698508	4.96e-51	209.0
93.478	138	9	0	758901	759038	526605	526468	6.41e-50	206.0
93.478	138	9	0	526468	526605	759038	758901	6.41e-50	206.0
93.478	138	9	0	1602050	1602187	1322970	1323107	6.41e-50	206.0
93.478	138	9	0	1284251	1284388	1640769	1640906	6.41e-50	206.0
93.478	138	7	2	965005	965141	9071	8935	2.31e-49	204.0
93.478	138	7	2	965005	965141	16784	16920	2.31e-49	204.0
93.478	138	7	2	555552	555687	20823	20960	2.31e-49	204.0
93.478	138	8	1	2386896	2387032	97161	97298	2.31e-49	204.0
93.478	138	7	2	20823	20960	555552	555687	2.31e-49	204.0
93.478	138	7	2	16784	16920	965005	965141	2.31e-49	204.0
93.478	138	7	2	8935	9071	965141	965005	2.31e-49	204.0
93.478	138	8	1	97161	97298	2425615	2425751	2.31e-49	204.0
92.754	138	9	1	1987928	1988065	15017	15153	1.07e-47	198.0
92.754	138	9	1	653851	653987	20839	20976	1.07e-47	198.0
92.754	138	9	1	20839	20976	653851	653987	1.07e-47	198.0
92.754	138	9	1	919140	919277	747190	747326	1.07e-47	198.0
92.754	138	9	1	747190	747326	919140	919277	1.07e-47	198.0
92.754	138	9	1	15017	15153	2026647	2026784	1.07e-47	198.0
92.754	138	7	3	686776	686911	174025	174161	3.86e-47	196.0
92.754	138	7	3	174025	174161	686776	686911	3.86e-47	196.0
92.029	138	9	2	698508	698644	16920	16784	4.99e-46	193.0
92.029	138	10	1	687832	687968	174024	174161	4.99e-46	193.0
92.029	138	10	1	174024	174161	687832	687968	4.99e-46	193.0
92.029	138	9	2	2206834	2206970	687832	687968	4.99e-46	193.0
92.029	138	9	2	16784	16920	698644	698508	4.99e-46	193.0
92.029	138	9	2	687832	687968	2245553	2245689	4.99e-46	193.0
91.304	138	11	1	2406406	2406543	759022	759158	2.32e-44	187.0
91.304	138	11	1	759022	759158	2445125	2445262	2.32e-44	187.0
91.304	138	9	3	686776	686911	16784	16920	8.36e-44	185.0
91.304	138	9	3	16784	16920	686776	686911	8.36e-44	185.0
91.304	138	7	3	1987928	1988064	17014	17147	3.01e-43	183.0
91.304	138	7	3	17014	17147	2026647	2026783	3.01e-43	183.0
90.58	138	12	1	687832	687968	9072	8935	1.08e-42	182.0
90.58	138	11	2	698508	698644	8935	9071	1.08e-42	182.0
90.58	138	11	1	2207185	2207322	555553	555688	1.08e-42	182.0
90.58	138	12	1	8935	9072	687968	687832	1.08e-42	182.0
90.58	138	11	2	1733234	1733370	688196	688060	1.08e-42	182.0
90.58	138	11	2	8935	9071	698508	698644	1.08e-42	182.0
90.58	138	11	2	688060	688196	1772089	1771953	1.08e-42	182.0
90.58	138	11	1	555553	555688	2245904	2246041	1.08e-42	182.0
90.58	138	9	4	422876	423012	2546963	2546829	3.89e-42	180.0
89.855	138	13	1	2378903	2379039	1644761	1644898	5.03e-41	176.0
89.855	138	13	1	1606042	1606179	2417622	2417758	5.03e-41	176.0
89.855	138	11	3	686776	686911	9071	8935	1.81e-40	174.0
89.855	138	11	2	1082234	1082369	8973	9109	1.81e-40	174.0
89.855	138	11	3	8935	9071	686911	686776	1.81e-40	174.0
89.855	138	11	2	8973	9109	1082234	1082369	1.81e-40	174.0
89.855	138	11	3	20839	20974	2665182	2665046	1.81e-40	174.0
89.13	138	14	1	687832	687968	16783	16920	2.34e-39	171.0
89.13	138	14	1	16783	16920	687832	687968	2.34e-39	171.0
96.35	137	4	1	2378903	2379039	555688	555553	1.77e-55	224.0
96.35	137	4	1	555553	555688	2417758	2417622	1.77e-55	224.0
95.62	137	6	0	1286237	1286373	174161	174025	2.29e-54	220.0
95.62	137	6	0	174025	174161	1325092	1324956	2.29e-54	220.0
95.62	137	5	1	2624366	2624501	698508	698644	8.24e-54	219.0
95.62	137	5	1	698508	698644	2663085	2663220	8.24e-54	219.0
94.891	137	5	1	2499096	2499232	555553	555687	3.83e-52	213.0
94.891	137	5	1	555553	555687	2537815	2537951	3.83e-52	213.0
94.161	137	7	1	2206835	2206970	965005	965141	1.78e-50	207.0
94.161	137	7	1	965005	965141	2245554	2245689	1.78e-50	207.0
93.431	137	8	1	1233075	1233210	1232831	1232967	8.3e-49	202.0
93.431	137	8	1	1232831	1232967	1233075	1233210	8.3e-49	202.0
93.431	137	8	1	759022	759157	2417758	2417622	8.3e-49	202.0
93.431	137	8	1	2624138	2624273	2417622	2417758	8.3e-49	202.0
93.431	137	8	1	2378903	2379039	2662857	2662992	8.3e-49	202.0
92.701	137	10	0	559847	559983	2417755	2417619	1.07e-47	198.0
92.701	137	9	1	1975048	1975184	559982	559847	3.86e-47	196.0
92.701	137	8	2	2499096	2499232	759022	759156	3.86e-47	196.0
92.701	137	9	1	2366763	2366898	965005	965141	3.86e-47	196.0
92.701	137	9	1	559847	559982	2013903	2013767	3.86e-47	196.0
92.701	137	9	1	965005	965141	2405482	2405617	3.86e-47	196.0
92.701	137	8	2	759022	759156	2537815	2537951	3.86e-47	196.0
91.971	137	11	0	1286237	1286373	8935	9071	4.99e-46	193.0
91.971	137	11	0	1286237	1286373	16920	16784	4.99e-46	193.0
91.971	137	11	0	698400	698536	428127	427991	4.99e-46	193.0
91.971	137	11	0	8935	9071	1324956	1325092	4.99e-46	193.0
91.971	137	11	0	16784	16920	1325092	1324956	4.99e-46	193.0
91.971	137	10	1	526577	526712	432518	432654	1.8e-45	191.0
91.971	137	10	1	432518	432654	526577	526712	1.8e-45	191.0
91.971	137	10	1	2206835	2206970	698644	698508	1.8e-45	191.0
91.971	137	10	1	698508	698644	2245689	2245554	1.8e-45	191.0
90.511	137	12	1	2406406	2406542	555553	555688	3.89e-42	180.0
90.511	137	12	1	555553	555688	2445125	2445261	3.89e-42	180.0
89.781	137	14	0	2366762	2366898	687832	687968	5.03e-41	176.0
89.781	137	14	0	687832	687968	2405481	2405617	5.03e-41	176.0
89.051	137	14	1	1325249	1325385	1082368	1082233	8.42e-39	169.0
89.051	137	14	1	1082233	1082368	1364104	1363968	8.42e-39	169.0
89.051	137	11	3	1987928	1988062	577461	577327	3.03e-38	167.0
89.051	137	11	3	577327	577461	2026781	2026647	3.03e-38	167.0
88.321	137	16	0	1232831	1232967	759019	759155	1.09e-37	165.0
88.321	137	16	0	759019	759155	1232831	1232967	1.09e-37	165.0
88.321	137	14	1	2513008	2513142	1645021	1644885	3.92e-37	163.0
88.321	137	14	1	1606166	1606302	2551861	2551727	3.92e-37	163.0
94.853	136	5	2	747067	747201	16918	16784	1.38e-51	211.0
94.853	136	5	2	747067	747201	432520	432654	1.38e-51	211.0
94.853	136	5	2	432520	432654	747067	747201	1.38e-51	211.0
94.853	136	5	2	16784	16918	747201	747067	1.38e-51	211.0
94.118	136	8	0	2624366	2624501	686911	686776	1.78e-50	207.0
94.118	136	8	0	2206835	2206970	686776	686911	1.78e-50	207.0
94.118	136	8	0	686776	686911	2245554	2245689	1.78e-50	207.0
94.118	136	8	0	686776	686911	2663220	2663085	1.78e-50	207.0
93.382	136	9	0	2466986	2467121	758904	759039	8.3e-49	202.0
93.382	136	9	0	758904	759039	2505705	2505840	8.3e-49	202.0
93.382	136	7	2	747067	747201	8937	9071	2.98e-48	200.0
93.382	136	7	1	1975052	1975187	555686	555553	2.98e-48	200.0
93.382	136	7	2	8937	9071	747067	747201	2.98e-48	200.0
93.382	136	7	1	555553	555686	2013906	2013771	2.98e-48	200.0
93.382	136	6	3	436162	436295	171511	171645	1.07e-47	198.0
93.382	136	6	3	688061	688195	333131	333264	1.07e-47	198.0
93.382	136	6	3	171511	171645	436162	436295	1.07e-47	198.0
93.382	136	6	2	1987930	1988064	436295	436162	1.07e-47	198.0
93.382	136	6	3	333131	333264	688061	688195	1.07e-47	198.0
93.382	136	6	2	436162	436295	2026783	2026649	1.07e-47	198.0
92.647	136	9	1	2466986	2467120	1645017	1644882	1.39e-46	195.0
91.176	136	12	0	2366763	2366898	686776	686911	8.36e-44	185.0
91.176	136	12	0	580653	580788	1324984	1324849	8.36e-44	185.0
91.176	136	12	0	686776	686911	2405482	2405617	8.36e-44	185.0
91.176	136	11	1	2508114	2508248	1324984	1324849	3.01e-43	183.0
90.441	136	11	2	2466986	2467119	919164	919029	1.4e-41	178.0
90.441	136	11	2	919029	919164	2505838	2505705	1.4e-41	178.0
89.706	136	12	2	1606042	1606176	559981	559847	6.51e-40	172.0
89.706	136	12	2	2206943	2207076	919166	919031	6.51e-40	172.0
89.706	136	12	2	559847	559981	1644895	1644761	6.51e-40	172.0
88.971	136	13	2	1733236	1733370	759034	758900	3.03e-38	167.0
88.971	136	13	2	758900	759034	1772089	1771955	3.03e-38	167.0
88.971	136	12	3	1794263	1794397	526605	526472	1.09e-37	165.0
88.971	136	12	3	925525	925658	747067	747201	1.09e-37	165.0
88.971	136	12	3	747067	747201	925525	925658	1.09e-37	165.0
88.971	136	12	3	526472	526605	1833116	1832982	1.09e-37	165.0
88.971	136	12	3	2206943	2207076	1832983	1833117	1.09e-37	165.0
88.971	136	12	3	1794264	1794398	2245662	2245795	1.09e-37	165.0
88.235	136	13	3	1232956	1233089	2417758	2417624	5.06e-36	159.0
94.815	135	7	0	841704	841838	840322	840456	1.38e-51	211.0
94.815	135	7	0	840322	840456	841704	841838	1.38e-51	211.0
94.815	135	7	0	2207065	2207199	965113	965247	1.38e-51	211.0
94.815	135	7	0	965113	965247	2245784	2245918	1.38e-51	211.0
93.333	135	9	0	1286239	1286373	747067	747201	2.98e-48	200.0
93.333	135	9	0	747067	747201	1324958	1325092	2.98e-48	200.0
93.333	135	8	1	759025	759158	559847	559981	1.07e-47	198.0
93.333	135	8	1	559847	559981	759025	759158	1.07e-47	198.0
93.333	135	6	2	673345	673479	171498	171629	3.86e-47	196.0
93.333	135	6	2	171498	171629	673345	673479	3.86e-47	196.0
92.593	135	10	0	398480	398614	17025	16891	1.39e-46	195.0
92.593	135	10	0	16891	17025	398614	398480	1.39e-46	195.0
92.593	135	9	1	1695432	1695565	174012	174146	4.99e-46	193.0
92.593	135	9	1	2624137	2624270	559981	559847	4.99e-46	193.0
92.593	135	9	1	174012	174146	1734151	1734284	4.99e-46	193.0
92.593	135	9	1	559847	559981	2662989	2662856	4.99e-46	193.0
91.852	135	10	1	2378904	2379037	20960	20826	2.32e-44	187.0
91.852	135	10	1	20826	20960	2417756	2417623	2.32e-44	187.0
91.111	135	10	2	1975052	1975185	20959	20826	1.08e-42	182.0
91.111	135	10	2	20826	20959	2013904	2013771	1.08e-42	182.0
91.111	135	9	2	2566285	2566418	8841	8709	3.89e-42	180.0
91.111	135	9	2	8709	8841	2605137	2605004	3.89e-42	180.0
90.37	135	12	1	2406408	2406541	20826	20960	5.03e-41	176.0
90.37	135	12	1	2566285	2566419	174254	174387	5.03e-41	176.0
90.37	135	11	2	1233081	1233213	559847	559981	5.03e-41	176.0
90.37	135	11	2	559847	559981	1233081	1233213	5.03e-41	176.0
90.37	135	12	1	20826	20960	2445127	2445260	5.03e-41	176.0
90.37	135	12	1	174254	174387	2605004	2605138	5.03e-41	176.0
90.37	135	9	3	1987946	1988080	1108359	1108489	1.81e-40	174.0
90.37	135	9	3	1108359	1108489	2026665	2026799	1.81e-40	174.0
89.63	135	14	0	1975053	1975187	1644764	1644898	6.51e-40	172.0
89.63	135	14	0	1606045	1606179	2013772	2013906	6.51e-40	172.0
89.63	135	13	1	2508233	2508366	577461	577327	2.34e-39	171.0
89.63	135	13	1	2406406	2406540	1232956	1233089	2.34e-39	171.0
89.63	135	13	1	1232956	1233089	2445125	2445259	2.34e-39	171.0
89.63	135	13	1	577327	577461	2547085	2546952	2.34e-39	171.0
89.63	135	10	4	580668	580799	747323	747190	8.42e-39	169.0
88.148	135	14	2	1232972	1233104	698767	698633	5.06e-36	159.0
88.148	135	15	1	2406406	2406540	1232834	1232967	5.06e-36	159.0
88.148	135	14	2	698633	698767	1233104	1232972	5.06e-36	159.0
88.148	135	15	1	1232834	1232967	2445125	2445259	5.06e-36	159.0
95.522	134	6	0	436162	436295	15152	15019	1.07e-52	215.0
95.522	134	6	0	15019	15152	436295	436162	1.07e-52	215.0
95.522	134	6	0	2206943	2207076	688062	688195	1.07e-52	215.0
95.522	134	6	0	688062	688195	2245662	2245795	1.07e-52	215.0
94.776	134	6	1	559847	559980	555556	555688	1.78e-50	207.0
94.776	134	6	1	555556	555688	559847	559980	1.78e-50	207.0
94.03	134	8	0	2593114	2593247	15152	15019	2.31e-49	204.0
94.03	134	8	0	747190	747323	97272	97405	2.31e-49	204.0
94.03	134	8	0	1606167	1606300	174266	174133	2.31e-49	204.0
94.03	134	8	0	2207065	2207198	698536	698403	2.31e-49	204.0
94.03	134	8	0	97272	97405	747190	747323	2.31e-49	204.0
94.03	134	8	0	2207065	2207198	1324984	1324851	2.31e-49	204.0
94.03	134	8	0	1286132	1286265	2245917	2245784	2.31e-49	204.0
94.03	134	8	0	698403	698536	2245917	2245784	2.31e-49	204.0
94.03	134	8	0	15019	15152	2631966	2631833	2.31e-49	204.0
94.03	134	7	1	559847	559979	20827	20960	8.3e-49	202.0
94.03	134	7	1	20827	20960	559847	559979	8.3e-49	202.0
93.284	134	9	0	2378903	2379036	559980	559847	1.07e-47	198.0
93.284	134	9	0	2207080	2207213	747323	747190	1.07e-47	198.0
93.284	134	8	1	2207065	2207198	686884	687016	3.86e-47	196.0
93.284	134	8	1	686884	687016	2245784	2245917	3.86e-47	196.0
92.537	134	10	0	398480	398613	8830	8963	4.99e-46	193.0
92.537	134	10	0	8830	8963	398480	398613	4.99e-46	193.0
92.537	134	8	1	436162	436295	17147	17016	1.8e-45	191.0
92.537	134	9	1	436162	436295	174388	174256	1.8e-45	191.0
92.537	134	9	1	436162	436295	274883	275015	1.8e-45	191.0
92.537	134	9	1	274883	275015	436162	436295	1.8e-45	191.0
92.537	134	9	1	174256	174388	436295	436162	1.8e-45	191.0
91.791	134	11	0	747190	747323	432398	432531	2.32e-44	187.0
91.791	134	11	0	432398	432531	747190	747323	2.32e-44	187.0
91.791	134	10	1	688062	688194	174133	174266	8.36e-44	185.0
91.791	134	10	1	174133	174266	688062	688194	8.36e-44	185.0
91.045	134	11	1	2626327	2626459	759173	759040	3.89e-42	180.0
91.045	134	11	1	2513010	2513142	2505703	2505836	3.89e-42	180.0
91.045	134	11	1	2466984	2467117	2551729	2551861	3.89e-42	180.0
91.045	134	11	1	759040	759173	2665178	2665046	3.89e-42	180.0
90.299	134	13	0	559847	559980	333254	333387	5.03e-41	176.0
90.299	134	13	0	333254	333387	559847	559980	5.03e-41	176.0
90.299	134	12	1	559847	559979	196553	196420	1.81e-40	174.0
90.299	134	11	2	1975052	1975184	196421	196553	1.81e-40	174.0
90.299	134	12	1	196420	196553	559979	559847	1.81e-40	174.0
90.299	134	11	2	196421	196553	2013771	2013903	1.81e-40	174.0
89.552	134	14	0	2508235	2508368	436295	436162	2.34e-39	171.0
89.552	134	14	0	436162	436295	2547087	2546954	2.34e-39	171.0
89.552	134	13	1	2624261	2624393	1833116	1832983	8.42e-39	169.0
89.552	134	13	1	1794264	1794397	2663112	2662980	8.42e-39	169.0
88.806	134	14	1	726040	726172	2445262	2445129	3.92e-37	163.0
94.737	133	6	1	580773	580904	577461	577329	6.41e-50	206.0
93.233	133	9	0	2566287	2566419	436295	436163	3.86e-47	196.0
93.233	133	9	0	436163	436295	2605138	2605006	3.86e-47	196.0
93.233	133	8	1	580773	580904	171647	171515	1.39e-46	195.0
93.233	133	8	1	1606166	1606298	2505836	2505705	1.39e-46	195.0
92.481	133	10	0	1286133	1286265	428123	427991	1.8e-45	191.0
92.481	133	10	0	97288	97420	428123	427991	1.8e-45	191.0
92.481	133	9	1	577327	577459	436164	436295	6.46e-45	189.0
92.481	133	9	1	436164	436295	577327	577459	6.46e-45	189.0
91.729	133	11	0	965113	965245	427991	428123	8.36e-44	185.0
91.729	133	11	0	1286133	1286265	580785	580653	8.36e-44	185.0
91.729	133	11	0	698404	698536	580785	580653	8.36e-44	185.0
91.729	133	11	0	2004110	2004242	580668	580800	8.36e-44	185.0
91.729	133	11	0	580653	580785	698536	698404	8.36e-44	185.0
91.729	133	11	0	427991	428123	965113	965245	8.36e-44	185.0
91.729	133	11	0	580668	580800	2042829	2042961	8.36e-44	185.0
91.729	133	10	1	2508114	2508245	698536	698404	3.01e-43	183.0
91.729	133	10	1	1286133	1286265	2546964	2546833	3.01e-43	183.0
91.729	133	10	1	698404	698536	2546964	2546833	3.01e-43	183.0
90.977	133	12	0	965113	965245	580653	580785	3.89e-42	180.0
90.977	133	12	0	580653	580785	965113	965245	3.89e-42	180.0
90.977	133	11	1	2206944	2207076	1772085	1771954	1.4e-41	178.0
90.977	133	11	1	1733235	1733366	2245795	2245663	1.4e-41	178.0
90.226	133	12	1	686884	687015	580653	580785	6.51e-40	172.0
90.226	133	12	1	580653	580785	686884	687015	6.51e-40	172.0
90.226	133	10	2	580773	580904	8841	8711	2.34e-39	171.0
93.939	132	8	0	746947	747078	673351	673482	2.98e-48	200.0
93.939	132	8	0	673351	673482	746947	747078	2.98e-48	200.0
93.939	132	7	1	2466986	2467117	1772084	1771954	1.07e-47	198.0
93.939	132	7	1	1733235	1733365	2505836	2505705	1.07e-47	198.0
93.182	132	9	0	2508114	2508245	686884	687015	1.39e-46	195.0
93.182	132	9	0	686884	687015	2546833	2546964	1.39e-46	195.0
93.182	132	8	1	580773	580904	174254	174384	4.99e-46	193.0
93.182	132	8	1	174254	174384	580773	580904	4.99e-46	193.0
91.667	132	10	1	2004096	2004227	14776	14906	1.08e-42	182.0
91.667	132	10	1	2624261	2624392	1771955	1772085	1.08e-42	182.0
91.667	132	10	1	14776	14906	2042815	2042946	1.08e-42	182.0
91.667	132	10	1	686884	687015	2425628	2425498	1.08e-42	182.0
91.667	132	10	1	1733236	1733366	2662980	2663111	1.08e-42	182.0
90.909	132	11	1	427871	428001	333255	333386	5.03e-41	176.0
90.909	132	11	1	333255	333386	427871	428001	5.03e-41	176.0
90.909	132	8	4	2004098	2004227	919285	919156	1.81e-40	174.0
90.909	132	8	4	919156	919285	2042946	2042817	1.81e-40	174.0
90.152	132	12	1	1733236	1733366	526472	526603	2.34e-39	171.0
90.152	132	12	1	526472	526603	1771955	1772085	2.34e-39	171.0
89.394	132	13	1	559848	559979	427871	428001	1.09e-37	165.0
89.394	132	13	1	1232959	1233089	559847	559978	1.09e-37	165.0
89.394	132	13	1	427871	428001	559848	559979	1.09e-37	165.0
89.394	132	12	2	2508010	2508139	759042	759173	1.09e-37	165.0
89.394	132	13	1	559847	559978	1232959	1233089	1.09e-37	165.0
89.394	132	12	2	759042	759173	2546729	2546858	1.09e-37	165.0
93.893	131	8	0	747193	747323	2245929	2245799	1.07e-47	198.0
93.893	131	7	1	1612711	1612841	171629	171500	3.86e-47	196.0
91.603	131	8	3	804902	805031	686904	686776	1.4e-41	178.0
91.603	131	8	3	686776	686904	805031	804902	1.4e-41	178.0
90.84	131	10	2	1975167	1975296	827902	828031	1.81e-40	174.0
90.84	131	11	1	919155	919285	827910	828039	1.81e-40	174.0
90.84	131	11	1	827910	828039	919155	919285	1.81e-40	174.0
90.84	131	10	2	827902	828031	2013886	2014015	1.81e-40	174.0
90.076	131	11	2	673353	673482	17156	17027	8.42e-39	169.0
90.076	131	11	2	17027	17156	673482	673353	8.42e-39	169.0
90.076	131	12	1	2206825	2206954	1640735	1640605	8.42e-39	169.0
88.55	131	13	2	2508243	2508371	673488	673358	1.82e-35	158.0
88.55	131	13	2	673358	673488	2547090	2546962	1.82e-35	158.0
96.154	130	5	0	580775	580904	436295	436166	3.83e-52	213.0
95.385	130	5	1	577332	577461	580901	580773	6.41e-50	206.0
93.846	130	6	2	746946	747075	436152	436279	1.39e-46	195.0
93.846	130	7	1	171518	171647	580901	580773	1.39e-46	195.0
93.846	130	6	2	436152	436279	746946	747075	1.39e-46	195.0
93.077	130	9	0	2207195	2207324	155193	155064	1.8e-45	191.0
93.077	130	9	0	155064	155193	2246043	2245914	1.8e-45	191.0
90.769	130	9	2	8714	8841	580901	580773	2.34e-39	171.0
89.231	130	11	3	2378911	2379039	1233083	1232956	5.06e-36	159.0
95.349	129	6	0	580773	580901	15017	15145	6.41e-50	206.0
95.349	129	6	0	15017	15145	580773	580901	6.41e-50	206.0
95.349	129	4	2	1108356	1108482	747078	746950	2.31e-49	204.0
95.349	129	4	2	746950	747078	1108482	1108356	2.31e-49	204.0
93.023	129	8	1	1720621	1720749	686898	687025	2.32e-44	187.0
93.023	129	8	1	686898	687025	1759340	1759468	2.32e-44	187.0
92.248	129	9	1	2386782	2386909	687012	686884	1.08e-42	182.0
91.473	129	10	1	827898	828025	196286	196414	5.03e-41	176.0
91.473	129	10	1	196286	196414	827898	828025	5.03e-41	176.0
91.473	129	7	4	1082243	1082369	559828	559702	1.81e-40	174.0
91.473	129	7	4	559702	559828	1082369	1082243	1.81e-40	174.0
89.147	129	12	2	2539623	2539750	1324969	1324842	5.06e-36	159.0
89.147	129	9	5	919040	919167	333255	333131	6.55e-35	156.0
96.875	128	4	0	1612708	1612835	747078	746951	1.07e-52	215.0
96.875	128	4	0	746951	747078	1651554	1651427	1.07e-52	215.0
96.094	128	3	1	686652	686779	155186	155061	1.78e-50	207.0
90.625	128	10	2	2481719	2481846	174272	174397	8.42e-39	169.0
90.625	128	10	2	2481714	2481841	275004	274879	8.42e-39	169.0
90.625	128	11	1	1601889	1602016	2245670	2245544	8.42e-39	169.0
90.625	128	10	2	274879	275004	2520560	2520433	8.42e-39	169.0
90.625	128	10	2	174272	174397	2520438	2520565	8.42e-39	169.0
89.844	128	11	2	919040	919167	526480	526605	3.92e-37	163.0
89.844	128	11	2	526480	526605	919040	919167	3.92e-37	163.0
96.85	127	4	0	2499106	2499232	155193	155067	3.83e-52	213.0
96.85	127	4	0	436169	436295	580901	580775	3.83e-52	213.0
96.85	127	4	0	155067	155193	2537951	2537825	3.83e-52	213.0
96.85	127	3	1	2004102	2004227	828037	827911	1.38e-51	211.0
96.85	127	3	1	827911	828037	2042946	2042821	1.38e-51	211.0
94.488	127	5	2	1612708	1612833	17027	17152	1.39e-46	195.0
94.488	127	6	1	2566299	2566425	186667	186792	1.39e-46	195.0
94.488	127	5	2	17027	17152	1651427	1651552	1.39e-46	195.0
94.488	127	6	1	186667	186792	2605018	2605144	1.39e-46	195.0
92.913	127	7	2	1108355	1108479	577447	577321	3.01e-43	183.0
92.126	127	8	2	2508000	2508125	559856	559981	1.4e-41	178.0
92.126	127	8	2	2624269	2624393	919040	919166	1.4e-41	178.0
92.126	127	8	2	559856	559981	2546719	2546844	1.4e-41	178.0
92.126	127	8	2	919040	919166	2662988	2663112	1.4e-41	178.0
91.339	127	10	1	919040	919166	174258	174133	6.51e-40	172.0
91.339	127	10	1	174133	174258	919166	919040	6.51e-40	172.0
91.339	127	9	2	919040	919166	2245786	2245662	6.51e-40	172.0
90.551	127	12	0	1987818	1987944	213169	213043	8.42e-39	169.0
89.764	127	11	2	1379296	1379421	8700	8825	1.41e-36	161.0
89.764	127	11	2	8700	8825	1418015	1418140	1.41e-36	161.0
89.764	127	11	2	2508247	2508371	1651426	1651552	1.41e-36	161.0
89.764	127	11	2	1612707	1612833	2546966	2547090	1.41e-36	161.0
96.032	126	4	1	686647	686772	559856	559980	2.31e-49	204.0
96.032	126	4	1	559856	559980	686647	686772	2.31e-49	204.0
94.444	126	7	0	398603	398728	2042946	2042821	1.39e-46	195.0
94.444	126	6	1	2593111	2593235	2520559	2520434	4.99e-46	193.0
94.444	126	6	1	2481715	2481840	2631954	2631830	4.99e-46	193.0
93.651	126	6	1	2566179	2566302	2425616	2425491	2.32e-44	187.0
92.857	126	8	1	673363	673488	577327	577451	1.08e-42	182.0
92.857	126	8	1	577327	577451	673363	673488	1.08e-42	182.0
91.27	126	8	2	174272	174394	1418140	1418015	8.42e-39	169.0
97.6	125	3	0	2466997	2467121	171754	171630	1.07e-52	215.0
97.6	125	3	0	171630	171754	2505840	2505716	1.07e-52	215.0
96.8	125	3	1	186668	186791	17027	17151	1.78e-50	207.0
96.8	125	3	1	17027	17151	186668	186791	1.78e-50	207.0
96.0	125	4	1	746957	747081	17147	17024	8.3e-49	202.0
95.2	125	6	0	2004110	2004234	428006	428130	1.07e-47	198.0
95.2	125	6	0	428006	428130	2042829	2042953	1.07e-47	198.0
95.2	125	5	1	2378899	2379023	155063	155186	3.86e-47	196.0
95.2	125	5	1	171506	171629	1651554	1651430	3.86e-47	196.0
95.2	125	5	1	155063	155186	2417618	2417742	3.86e-47	196.0
93.6	125	6	2	1612713	1612835	577441	577317	8.36e-44	185.0
93.6	125	5	3	1108363	1108485	171625	171502	3.01e-43	183.0
93.6	125	5	3	171502	171625	1108485	1108363	3.01e-43	183.0
92.8	125	8	1	2508122	2508245	398727	398603	3.89e-42	180.0
92.8	125	8	1	398603	398727	2546964	2546841	3.89e-42	180.0
89.6	125	13	0	2508247	2508371	186667	186791	5.06e-36	159.0
89.6	125	13	0	186667	186791	2546966	2547090	5.06e-36	159.0
95.968	124	5	0	1045896	1046019	1036564	1036687	8.3e-49	202.0
95.968	124	5	0	1036564	1036687	1045896	1046019	8.3e-49	202.0
95.968	124	4	1	746950	747073	171505	171627	2.98e-48	200.0
95.968	124	4	1	171505	171627	746950	747073	2.98e-48	200.0
95.161	124	6	0	2499113	2499236	653852	653975	3.86e-47	196.0
95.161	124	6	0	653852	653975	2537832	2537955	3.86e-47	196.0
94.355	124	5	2	1612713	1612836	15037	15158	6.46e-45	189.0
94.355	124	5	2	15037	15158	1651432	1651555	6.46e-45	189.0
93.548	124	8	0	849736	849859	186667	186790	8.36e-44	185.0
93.548	124	8	0	186667	186790	849736	849859	8.36e-44	185.0
93.548	124	6	2	1108359	1108481	15035	15157	3.01e-43	183.0
93.548	124	7	1	2499113	2499235	849614	849737	3.01e-43	183.0
93.548	124	6	2	15035	15157	1108359	1108481	3.01e-43	183.0
93.548	124	7	1	849614	849737	2537832	2537954	3.01e-43	183.0
92.742	124	7	2	1108355	1108476	849736	849859	1.4e-41	178.0
92.742	124	7	2	746956	747078	849859	849737	1.4e-41	178.0
92.742	124	7	2	849736	849859	1108355	1108476	1.4e-41	178.0
91.935	124	9	1	1379303	1379425	849859	849736	6.51e-40	172.0
91.935	124	8	2	2386776	2386897	919152	919275	6.51e-40	172.0
91.935	124	9	1	849736	849859	1418144	1418022	6.51e-40	172.0
91.935	124	8	2	919152	919275	2425495	2425616	6.51e-40	172.0
91.129	124	11	0	213046	213169	2026660	2026537	8.42e-39	169.0
91.129	124	10	1	1379302	1379425	274881	275003	3.03e-38	167.0
91.129	124	10	1	274881	275003	1418021	1418144	3.03e-38	167.0
90.323	124	10	2	580783	580904	673488	673365	1.41e-36	161.0
98.374	123	2	0	686650	686772	555566	555688	2.96e-53	217.0
98.374	123	2	0	555566	555688	686650	686772	2.96e-53	217.0
97.561	123	2	1	746956	747078	186789	186668	4.96e-51	209.0
97.561	123	2	1	186668	186789	747078	746956	4.96e-51	209.0
96.748	123	4	0	526468	526590	171631	171753	6.41e-50	206.0
96.748	123	4	0	171631	171753	526468	526590	6.41e-50	206.0
95.935	123	4	1	746956	747078	473489	473610	1.07e-47	198.0
95.935	123	4	1	473489	473610	746956	747078	1.07e-47	198.0
95.935	123	4	1	1379303	1379424	746956	747078	1.07e-47	198.0
95.935	123	4	1	746956	747078	1418022	1418143	1.07e-47	198.0
95.122	123	6	0	559860	559982	155186	155064	1.39e-46	195.0
95.122	123	6	0	155064	155186	559982	559860	1.39e-46	195.0
95.122	123	6	0	746953	747075	577321	577443	1.39e-46	195.0
95.122	123	6	0	2624138	2624260	686772	686650	1.39e-46	195.0
95.122	123	6	0	577321	577443	746953	747075	1.39e-46	195.0
95.122	123	6	0	686650	686772	2662979	2662857	1.39e-46	195.0
95.122	123	5	1	827907	828028	428128	428006	4.99e-46	193.0
95.122	123	5	1	2481716	2481837	747078	746956	4.99e-46	193.0
95.122	123	5	1	428006	428128	828028	827907	4.99e-46	193.0
95.122	123	5	1	746956	747078	2520556	2520435	4.99e-46	193.0
94.309	123	6	1	274882	275003	186789	186667	2.32e-44	187.0
94.309	123	6	1	186667	186789	275003	274882	2.32e-44	187.0
94.309	123	6	1	2386776	2386897	398599	398721	2.32e-44	187.0
94.309	123	6	1	2566180	2566301	965128	965250	2.32e-44	187.0
94.309	123	6	1	398599	398721	2425495	2425616	2.32e-44	187.0
94.309	123	6	1	965128	965250	2604899	2605020	2.32e-44	187.0
93.496	123	7	1	686650	686771	20838	20960	1.08e-42	182.0
93.496	123	7	1	20838	20960	686650	686771	1.08e-42	182.0
93.496	123	6	2	1695444	1695565	965005	965126	1.08e-42	182.0
93.496	123	6	2	965005	965126	1734163	1734284	1.08e-42	182.0
92.683	123	9	0	1725271	1725393	97405	97283	1.4e-41	178.0
92.683	123	9	0	2207080	2207202	1763990	1764112	1.4e-41	178.0
92.683	123	9	0	97283	97405	1764112	1763990	1.4e-41	178.0
92.683	123	9	0	1725271	1725393	2245799	2245921	1.4e-41	178.0
92.683	123	8	1	2378904	2379025	849734	849612	5.03e-41	176.0
92.683	123	8	1	849612	849734	2417744	2417623	5.03e-41	176.0
91.87	123	8	2	1725271	1725391	428006	428128	2.34e-39	171.0
91.87	123	8	2	1695444	1695565	747201	747080	2.34e-39	171.0
91.87	123	9	1	1601885	1602007	747081	747202	2.34e-39	171.0
91.87	123	9	1	1601885	1602007	965125	965004	2.34e-39	171.0
91.87	123	9	1	747081	747202	1640604	1640726	2.34e-39	171.0
91.87	123	9	1	965004	965125	1640726	1640604	2.34e-39	171.0
91.87	123	8	2	747080	747201	1734284	1734163	2.34e-39	171.0
91.87	123	8	2	428006	428128	1763990	1764110	2.34e-39	171.0
91.87	123	7	2	1612713	1612835	174274	174393	8.42e-39	169.0
91.87	123	7	2	174274	174393	1651432	1651554	8.42e-39	169.0
91.057	123	11	0	1325285	1325407	747201	747079	3.03e-38	167.0
91.057	123	11	0	747079	747201	1364126	1364004	3.03e-38	167.0
90.244	123	11	1	1233091	1233212	686650	686772	5.06e-36	159.0
90.244	123	11	1	686650	686772	1233091	1233212	5.06e-36	159.0
97.541	122	3	0	746956	747077	498518	498639	4.96e-51	209.0
97.541	122	3	0	2378903	2379024	686772	686651	4.96e-51	209.0
97.541	122	3	0	498518	498639	746956	747077	4.96e-51	209.0
97.541	122	3	0	686651	686772	2417743	2417622	4.96e-51	209.0
96.721	122	3	1	17027	17147	747078	746957	8.3e-49	202.0
95.902	122	5	0	2593114	2593235	186788	186667	1.07e-47	198.0
95.902	122	5	0	186667	186788	2631954	2631833	1.07e-47	198.0
95.902	122	4	1	2598733	2598853	746957	747078	3.86e-47	196.0
95.902	122	4	1	746957	747078	2637452	2637572	3.86e-47	196.0
95.082	122	6	0	428006	428127	698521	698400	4.99e-46	193.0
95.082	122	6	0	2626343	2626464	2417623	2417744	4.99e-46	193.0
95.082	122	6	0	2378904	2379025	2665062	2665183	4.99e-46	193.0
95.082	122	5	1	2593114	2593234	746957	747078	1.8e-45	191.0
95.082	122	5	1	746957	747078	2631833	2631953	1.8e-45	191.0
94.262	122	7	0	2593114	2593235	1418023	1418144	2.32e-44	187.0
94.262	122	7	0	1379304	1379425	2631833	2631954	2.32e-44	187.0
94.262	122	7	0	2598733	2598854	2631833	2631954	2.32e-44	187.0
94.262	122	7	0	2593114	2593235	2637452	2637573	2.32e-44	187.0
94.262	122	4	3	1720621	1720741	687955	688074	3.01e-43	183.0
94.262	122	3	4	577327	577447	1108473	1108355	3.01e-43	183.0
94.262	122	4	3	687955	688074	1759340	1759460	3.01e-43	183.0
93.443	122	6	2	1108359	1108479	174272	174392	3.89e-42	180.0
93.443	122	6	2	686898	687017	428006	428127	3.89e-42	180.0
93.443	122	7	1	849613	849734	555567	555687	3.89e-42	180.0
93.443	122	6	2	428006	428127	686898	687017	3.89e-42	180.0
93.443	122	7	1	555567	555687	849613	849734	3.89e-42	180.0
93.443	122	7	1	2593114	2593235	1108475	1108355	3.89e-42	180.0
93.443	122	6	2	174272	174392	1108359	1108479	3.89e-42	180.0
93.443	122	7	1	2593115	2593235	1651547	1651426	3.89e-42	180.0
93.443	122	7	1	1108355	1108475	2631954	2631833	3.89e-42	180.0
93.443	122	7	1	1612707	1612828	2631954	2631834	3.89e-42	180.0
92.623	122	9	0	2566298	2566419	2520433	2520554	5.03e-41	176.0
92.623	122	9	0	2481714	2481835	2605017	2605138	5.03e-41	176.0
92.623	122	8	1	2626343	2626463	20960	20839	1.81e-40	174.0
91.803	122	7	2	2481719	2481838	2026665	2026785	3.03e-38	167.0
91.803	122	7	2	1987946	1988066	2520438	2520557	3.03e-38	167.0
90.984	122	10	1	2508253	2508373	498635	498514	3.92e-37	163.0
90.984	122	10	1	2624139	2624259	849734	849613	3.92e-37	163.0
90.984	122	10	1	849613	849734	2662978	2662858	3.92e-37	163.0
90.164	122	11	1	2379012	2379132	747190	747311	1.82e-35	158.0
90.164	122	11	1	747190	747311	2417731	2417851	1.82e-35	158.0
97.521	121	3	0	155066	155186	686772	686652	1.78e-50	207.0
96.694	121	4	0	186671	186791	15035	15155	8.3e-49	202.0
96.694	121	4	0	15035	15155	186671	186791	8.3e-49	202.0
96.694	121	4	0	155066	155186	555688	555568	8.3e-49	202.0
95.868	121	5	0	1379304	1379424	17147	17027	3.86e-47	196.0
95.868	121	5	0	2626343	2626463	555687	555567	3.86e-47	196.0
95.868	121	5	0	2566180	2566300	1324969	1324849	3.86e-47	196.0
95.868	121	5	0	17027	17147	1418143	1418023	3.86e-47	196.0
95.868	121	5	0	1286130	1286250	2605019	2604899	3.86e-47	196.0
95.868	121	5	0	555567	555687	2665182	2665062	3.86e-47	196.0
95.041	121	6	0	2481716	2481836	17027	17147	1.8e-45	191.0
95.041	121	6	0	653851	653971	555567	555687	1.8e-45	191.0
95.041	121	6	0	555567	555687	653851	653971	1.8e-45	191.0
95.041	121	6	0	827908	828028	698401	698521	1.8e-45	191.0
95.041	121	6	0	698401	698521	827908	828028	1.8e-45	191.0
95.041	121	6	0	2004110	2004230	1324969	1324849	1.8e-45	191.0
95.041	121	6	0	17027	17147	2520435	2520555	1.8e-45	191.0
95.041	121	6	0	2626343	2626463	2662858	2662978	1.8e-45	191.0
95.041	121	6	0	2624139	2624259	2665062	2665182	1.8e-45	191.0
95.041	121	5	1	1108356	1108475	17027	17147	6.46e-45	189.0
95.041	121	5	1	1720621	1720740	428006	428126	6.46e-45	189.0
95.041	121	5	1	17027	17147	1108356	1108475	6.46e-45	189.0
95.041	121	5	1	428006	428126	1759340	1759459	6.46e-45	189.0
94.215	121	7	0	577327	577447	1651546	1651426	8.36e-44	185.0
94.215	121	6	1	498519	498639	17147	17028	3.01e-43	183.0
94.215	121	6	1	17028	17147	498639	498519	3.01e-43	183.0
94.215	121	6	1	2566299	2566419	1108355	1108474	3.01e-43	183.0
94.215	121	6	1	1108355	1108474	2605018	2605138	3.01e-43	183.0
93.388	121	8	0	2207202	2207322	686652	686772	3.89e-42	180.0
93.388	121	8	0	2566299	2566419	1418144	1418024	3.89e-42	180.0
93.388	121	8	0	686652	686772	2245921	2246041	3.89e-42	180.0
93.388	121	8	0	2598734	2598854	2605138	2605018	3.89e-42	180.0
93.388	121	8	0	1379305	1379425	2605138	2605018	3.89e-42	180.0
93.388	121	8	0	2566299	2566419	2637573	2637453	3.89e-42	180.0
93.388	121	7	1	577327	577447	186786	186667	1.4e-41	178.0
93.388	121	7	1	577327	577447	473492	473611	1.4e-41	178.0
93.388	121	7	1	849614	849734	559860	559979	1.4e-41	178.0
93.388	121	7	1	473492	473611	577327	577447	1.4e-41	178.0
93.388	121	7	1	186667	186786	577447	577327	1.4e-41	178.0
93.388	121	6	2	849740	849859	747075	746956	1.4e-41	178.0
93.388	121	6	2	804911	805031	747083	747201	1.4e-41	178.0
93.388	121	6	2	747083	747201	804911	805031	1.4e-41	178.0
93.388	121	6	2	965005	965123	805031	804911	1.4e-41	178.0
93.388	121	7	1	559860	559979	849614	849734	1.4e-41	178.0
93.388	121	6	2	804911	805031	965123	965005	1.4e-41	178.0
92.562	121	9	0	686652	686772	1644881	1644761	1.81e-40	174.0
92.562	121	7	1	673356	673476	274878	274996	6.51e-40	172.0
92.562	121	7	1	274878	274996	673356	673476	6.51e-40	172.0
92.562	121	8	1	2207202	2207321	849614	849734	6.51e-40	172.0
92.562	121	8	1	849614	849734	2245921	2246040	6.51e-40	172.0
91.736	121	9	1	849614	849734	155186	155067	3.03e-38	167.0
91.736	121	8	1	1612714	1612834	274996	274878	3.03e-38	167.0
91.736	121	9	1	2481715	2481834	577447	577327	3.03e-38	167.0
91.736	121	9	1	1379306	1379425	577327	577447	3.03e-38	167.0
91.736	121	9	1	1975173	1975293	687017	686898	3.03e-38	167.0
91.736	121	9	1	155067	155186	849734	849614	3.03e-38	167.0
91.736	121	9	1	577327	577447	1418025	1418144	3.03e-38	167.0
91.736	121	9	1	686898	687017	2014012	2013892	3.03e-38	167.0
91.736	121	9	1	577327	577447	2520553	2520434	3.03e-38	167.0
90.909	121	11	0	498517	498637	2071578	2071458	3.92e-37	163.0
90.909	121	10	1	673357	673477	15156	15037	1.41e-36	161.0
90.909	121	10	1	15037	15156	673477	673357	1.41e-36	161.0
90.909	121	10	1	2624382	2624501	1640605	1640725	1.41e-36	161.0
90.909	121	10	1	1601886	1602006	2663101	2663220	1.41e-36	161.0
90.083	121	10	1	174274	174392	673477	673357	6.55e-35	156.0
98.333	120	2	0	2499113	2499232	686652	686771	1.38e-51	211.0
98.333	120	2	0	686652	686771	2537832	2537951	1.38e-51	211.0
97.5	120	3	0	827909	828028	687017	686898	6.41e-50	206.0
97.5	120	3	0	686898	687017	828028	827909	6.41e-50	206.0
96.667	120	4	0	653852	653971	559860	559979	2.98e-48	200.0
96.667	120	4	0	559860	559979	653852	653971	2.98e-48	200.0
95.833	120	5	0	2004108	2004227	398722	398603	1.39e-46	195.0
95.833	120	5	0	2626343	2626462	559979	559860	1.39e-46	195.0
95.833	120	5	0	2626343	2626462	2537951	2537832	1.39e-46	195.0
95.833	120	5	0	2499113	2499232	2665181	2665062	1.39e-46	195.0
95.833	120	5	0	559860	559979	2665181	2665062	1.39e-46	195.0
95.0	120	6	0	746956	747075	8706	8825	6.46e-45	189.0
95.0	120	6	0	698648	698767	333387	333268	6.46e-45	189.0
95.0	120	6	0	905006	905125	577324	577443	6.46e-45	189.0
95.0	120	6	0	333268	333387	698767	698648	6.46e-45	189.0
95.0	120	6	0	8706	8825	746956	747075	6.46e-45	189.0
95.0	120	6	0	577324	577443	905006	905125	6.46e-45	189.0
95.0	120	4	2	827910	828028	688073	687955	2.32e-44	187.0
95.0	120	4	2	687955	688073	828028	827910	2.32e-44	187.0
94.167	120	6	1	186673	186791	171627	171508	1.08e-42	182.0
94.167	120	6	1	1987946	1988065	186671	186789	1.08e-42	182.0
94.167	120	6	1	171508	171627	186791	186673	1.08e-42	182.0
94.167	120	6	1	1987946	1988065	1418140	1418022	1.08e-42	182.0
94.167	120	6	1	186671	186789	2026665	2026784	1.08e-42	182.0
94.167	120	6	1	1379303	1379421	2026784	2026665	1.08e-42	182.0
93.333	120	8	0	2626343	2626462	97164	97283	1.4e-41	178.0
93.333	120	8	0	653852	653971	155186	155067	1.4e-41	178.0
93.333	120	8	0	155067	155186	653971	653852	1.4e-41	178.0
93.333	120	8	0	2626343	2626462	2246040	2245921	1.4e-41	178.0
93.333	120	8	0	97164	97283	2665062	2665181	1.4e-41	178.0
93.333	120	8	0	2207202	2207321	2665181	2665062	1.4e-41	178.0
93.333	120	7	1	726041	726159	698648	698767	5.03e-41	176.0
93.333	120	7	1	698648	698767	726041	726159	5.03e-41	176.0
93.333	120	7	1	2566303	2566421	905125	905006	5.03e-41	176.0
93.333	120	4	3	1987948	1988065	498635	498518	1.81e-40	174.0
93.333	120	5	3	2508128	2508245	919274	919156	1.81e-40	174.0
93.333	120	4	3	498518	498635	2026784	2026667	1.81e-40	174.0
93.333	120	5	3	919156	919274	2546964	2546847	1.81e-40	174.0
92.5	120	9	0	348048	348167	17147	17028	6.51e-40	172.0
92.5	120	9	0	17028	17147	348167	348048	6.51e-40	172.0
92.5	120	9	0	965128	965247	747323	747204	6.51e-40	172.0
92.5	120	9	0	747204	747323	965247	965128	6.51e-40	172.0
92.5	120	8	1	186671	186789	8825	8706	2.34e-39	171.0
92.5	120	8	1	8709	8828	186786	186668	2.34e-39	171.0
92.5	120	8	1	1975052	1975170	849733	849614	2.34e-39	171.0
92.5	120	8	1	1975174	1975293	965246	965128	2.34e-39	171.0
92.5	120	8	1	849614	849733	2013889	2013771	2.34e-39	171.0
92.5	120	8	1	965128	965246	2014012	2013893	2.34e-39	171.0
91.667	120	10	0	698648	698767	559980	559861	3.03e-38	167.0
91.667	120	10	0	1725271	1725390	686898	687017	3.03e-38	167.0
91.667	120	10	0	559861	559980	698767	698648	3.03e-38	167.0
91.667	120	10	0	686898	687017	1763990	1764109	3.03e-38	167.0
91.667	120	8	2	1725271	1725389	687955	688073	1.09e-37	165.0
91.667	120	9	1	1233094	1233212	698767	698648	1.09e-37	165.0
91.667	120	9	1	698648	698767	1233212	1233094	1.09e-37	165.0
91.667	120	8	2	687955	688073	1763990	1764108	1.09e-37	165.0
90.833	120	9	2	1286132	1286250	2578460	2578342	5.06e-36	159.0
90.0	120	12	0	965128	965247	14789	14908	6.55e-35	156.0
90.0	120	12	0	2499113	2499232	427882	428001	6.55e-35	156.0
99.16	119	1	0	905009	905127	746959	747077	1.07e-52	215.0
99.16	119	1	0	746959	747077	905009	905127	1.07e-52	215.0
98.319	119	2	0	2206957	2207075	171753	171635	4.96e-51	209.0
98.319	119	2	0	2207080	2207198	828028	827910	4.96e-51	209.0
98.319	119	2	0	171635	171753	2245794	2245676	4.96e-51	209.0
98.319	119	2	0	827910	828028	2245917	2245799	4.96e-51	209.0
97.479	119	3	0	2566180	2566298	698521	698403	2.31e-49	204.0
97.479	119	3	0	698403	698521	2605017	2604899	2.31e-49	204.0
96.639	119	4	0	827910	828028	97287	97405	1.07e-47	198.0
96.639	119	4	0	97287	97405	827910	828028	1.07e-47	198.0
95.798	119	5	0	688076	688194	171753	171635	4.99e-46	193.0
95.798	119	5	0	1975052	1975170	686770	686652	4.99e-46	193.0
95.798	119	5	0	171635	171753	688194	688076	4.99e-46	193.0
95.798	119	5	0	965128	965246	828028	827910	4.99e-46	193.0
95.798	119	5	0	827910	828028	965246	965128	4.99e-46	193.0
95.798	119	5	0	686652	686770	2013889	2013771	4.99e-46	193.0
95.798	119	5	0	2004109	2004227	2425616	2425498	4.99e-46	193.0
95.798	119	4	1	905009	905127	17145	17028	1.8e-45	191.0
95.798	119	4	1	186671	186789	174272	174389	1.8e-45	191.0
95.798	119	4	1	174272	174389	186671	186789	1.8e-45	191.0
95.798	119	4	1	17028	17145	905127	905009	1.8e-45	191.0
94.958	119	6	0	1379303	1379421	15153	15035	2.32e-44	187.0
94.958	119	6	0	498517	498635	171509	171627	2.32e-44	187.0
94.958	119	6	0	171509	171627	498517	498635	2.32e-44	187.0
94.958	119	6	0	1286132	1286250	827910	828028	2.32e-44	187.0
94.958	119	6	0	2386779	2386897	827911	828029	2.32e-44	187.0
94.958	119	6	0	827910	828028	1324851	1324969	2.32e-44	187.0
94.958	119	6	0	15035	15153	1418140	1418022	2.32e-44	187.0
94.958	119	6	0	2626344	2626462	2013771	2013889	2.32e-44	187.0
94.958	119	6	0	827911	828029	2425498	2425616	2.32e-44	187.0
94.958	119	6	0	1975052	1975170	2665063	2665181	2.32e-44	187.0
94.958	119	4	2	2004110	2004227	687955	688072	8.36e-44	185.0
94.958	119	5	1	2566307	2566424	1651434	1651552	8.36e-44	185.0
94.958	119	4	2	687955	688072	2042829	2042946	8.36e-44	185.0
94.958	119	5	1	1612715	1612833	2605026	2605143	8.36e-44	185.0
94.118	119	7	0	2481719	2481837	15035	15153	1.08e-42	182.0
94.118	119	7	0	2566180	2566298	686898	687016	1.08e-42	182.0
94.118	119	7	0	1725271	1725389	965128	965246	1.08e-42	182.0
94.118	119	7	0	965128	965246	1763990	1764108	1.08e-42	182.0
94.118	119	7	0	15035	15153	2520438	2520556	1.08e-42	182.0
94.118	119	7	0	686898	687016	2604899	2605017	1.08e-42	182.0
94.118	119	6	1	498517	498635	15154	15037	3.89e-42	180.0
94.118	119	6	1	473488	473605	171509	171627	3.89e-42	180.0
94.118	119	5	2	1720621	1720738	422992	422875	3.89e-42	180.0
94.118	119	5	2	2508127	2508244	422993	422876	3.89e-42	180.0
94.118	119	6	1	171509	171627	473488	473605	3.89e-42	180.0
94.118	119	6	1	15037	15154	498635	498517	3.89e-42	180.0
94.118	119	6	1	2593116	2593233	905009	905127	3.89e-42	180.0
94.118	119	5	2	422875	422992	1759457	1759340	3.89e-42	180.0
94.118	119	6	1	905009	905127	2631835	2631952	3.89e-42	180.0
93.277	119	8	0	698403	698521	398602	398720	5.03e-41	176.0
93.277	119	8	0	686898	687016	398720	398602	5.03e-41	176.0
93.277	119	8	0	905009	905127	673363	673481	5.03e-41	176.0
93.277	119	8	0	398602	398720	687016	686898	5.03e-41	176.0
93.277	119	8	0	398602	398720	698403	698521	5.03e-41	176.0
93.277	119	8	0	1286132	1286250	747205	747323	5.03e-41	176.0
93.277	119	8	0	673363	673481	905009	905127	5.03e-41	176.0
93.277	119	8	0	747205	747323	1324851	1324969	5.03e-41	176.0
93.277	119	6	2	687955	688072	428006	428123	1.81e-40	174.0
93.277	119	6	2	428006	428123	687955	688072	1.81e-40	174.0
92.437	119	8	1	1379303	1379421	174389	174272	8.42e-39	169.0
92.437	119	7	2	747206	747323	580785	580668	8.42e-39	169.0
92.437	119	8	1	2598733	2598850	2026783	2026665	8.42e-39	169.0
92.437	119	8	1	1987946	1988064	2637569	2637452	8.42e-39	169.0
92.437	119	5	3	1987946	1988062	905125	905009	3.03e-38	167.0
92.437	119	5	3	905009	905125	2026781	2026665	3.03e-38	167.0
92.437	119	6	3	171510	171627	2520556	2520440	3.03e-38	167.0
91.597	119	10	0	698403	698521	14907	14789	1.09e-37	165.0
91.597	119	10	0	2513023	2513141	171753	171635	1.09e-37	165.0
91.597	119	10	0	14789	14907	698521	698403	1.09e-37	165.0
91.597	119	10	0	1725271	1725389	1324969	1324851	1.09e-37	165.0
91.597	119	10	0	1286132	1286250	1764108	1763990	1.09e-37	165.0
91.597	119	10	0	171635	171753	2551860	2551742	1.09e-37	165.0
91.597	119	8	2	1108363	1108480	274995	274878	3.92e-37	163.0
91.597	119	8	2	686897	687014	422993	422876	3.92e-37	163.0
91.597	119	9	1	849742	849859	498635	498517	3.92e-37	163.0
91.597	119	8	2	422876	422993	687014	686897	3.92e-37	163.0
91.597	119	9	1	498517	498635	849859	849742	3.92e-37	163.0
91.597	119	8	2	274878	274995	1108480	1108363	3.92e-37	163.0
91.597	119	9	1	498517	498635	2547089	2546972	3.92e-37	163.0
90.756	119	11	0	1286132	1286250	14907	14789	5.06e-36	159.0
90.756	119	11	0	14789	14907	1324969	1324851	5.06e-36	159.0
90.756	119	11	0	1325285	1325403	2663220	2663102	5.06e-36	159.0
90.756	119	9	2	1720624	1720741	196414	196297	1.82e-35	158.0
90.756	119	10	1	919156	919274	428123	428006	1.82e-35	158.0
90.756	119	10	1	428006	428123	919274	919156	1.82e-35	158.0
90.756	119	9	2	196297	196414	1759460	1759343	1.82e-35	158.0
97.458	118	3	0	555571	555688	155183	155066	8.3e-49	202.0
97.458	118	3	0	2004110	2004227	686898	687015	8.3e-49	202.0
97.458	118	3	0	686898	687015	2042829	2042946	8.3e-49	202.0
96.61	118	4	0	436162	436279	186788	186671	3.86e-47	196.0
96.61	118	4	0	2566180	2566297	428006	428123	3.86e-47	196.0
96.61	118	4	0	186671	186788	436279	436162	3.86e-47	196.0
96.61	118	4	0	2207080	2207197	2042829	2042946	3.86e-47	196.0
96.61	118	4	0	2508128	2508245	2042829	2042946	3.86e-47	196.0
96.61	118	4	0	2004110	2004227	2245799	2245916	3.86e-47	196.0
96.61	118	4	0	2004110	2004227	2546847	2546964	3.86e-47	196.0
96.61	118	4	0	428006	428123	2604899	2605016	3.86e-47	196.0
95.763	118	5	0	2004110	2004227	97405	97288	1.8e-45	191.0
95.763	118	5	0	428006	428123	97405	97288	1.8e-45	191.0
95.763	118	5	0	17030	17147	436279	436162	1.8e-45	191.0
95.763	118	5	0	2004110	2004227	698521	698404	1.8e-45	191.0
95.763	118	5	0	2508128	2508245	828028	827911	1.8e-45	191.0
95.763	118	5	0	428006	428123	1324969	1324852	1.8e-45	191.0
95.763	118	5	0	1286133	1286250	2042946	2042829	1.8e-45	191.0
95.763	118	5	0	698404	698521	2042946	2042829	1.8e-45	191.0
95.763	118	5	0	97288	97405	2042946	2042829	1.8e-45	191.0
95.763	118	5	0	827911	828028	2546964	2546847	1.8e-45	191.0
94.915	118	6	0	2598733	2598850	15152	15035	8.36e-44	185.0
94.915	118	6	0	2481719	2481836	436279	436162	8.36e-44	185.0
94.915	118	6	0	1379304	1379421	436162	436279	8.36e-44	185.0
94.915	118	6	0	2598733	2598850	436162	436279	8.36e-44	185.0
94.915	118	6	0	1725271	1725388	580668	580785	8.36e-44	185.0
94.915	118	6	0	436162	436279	1418023	1418140	8.36e-44	185.0
94.915	118	6	0	580668	580785	1763990	1764107	8.36e-44	185.0
94.915	118	6	0	436162	436279	2520555	2520438	8.36e-44	185.0
94.915	118	6	0	436162	436279	2637452	2637569	8.36e-44	185.0
94.915	118	6	0	15035	15152	2637569	2637452	8.36e-44	185.0
94.068	118	7	0	580668	580785	14789	14906	3.89e-42	180.0
94.068	118	7	0	428006	428123	398720	398603	3.89e-42	180.0
94.068	118	7	0	747206	747323	428123	428006	3.89e-42	180.0
94.068	118	7	0	398603	398720	428123	428006	3.89e-42	180.0
94.068	118	7	0	2406425	2406542	580547	580664	3.89e-42	180.0
94.068	118	7	0	14789	14906	580668	580785	3.89e-42	180.0
94.068	118	7	0	2508128	2508245	747323	747206	3.89e-42	180.0
94.068	118	7	0	428006	428123	747323	747206	3.89e-42	180.0
94.068	118	7	0	580787	580904	1418144	1418027	3.89e-42	180.0
94.068	118	7	0	580547	580664	2445144	2445261	3.89e-42	180.0
94.068	118	7	0	747206	747323	2546964	2546847	3.89e-42	180.0
94.068	118	7	0	580787	580904	2637573	2637456	3.89e-42	180.0
94.068	118	6	1	1108359	1108475	436279	436162	1.4e-41	178.0
94.068	118	6	1	436162	436279	1108475	1108359	1.4e-41	178.0
93.22	118	8	0	498518	498635	8706	8823	1.81e-40	174.0
93.22	118	8	0	8706	8823	498518	498635	1.81e-40	174.0
93.22	118	8	0	827911	828028	580785	580668	1.81e-40	174.0
93.22	118	8	0	1606045	1606162	686769	686652	1.81e-40	174.0
93.22	118	8	0	2386779	2386896	698404	698521	1.81e-40	174.0
93.22	118	8	0	2406425	2406542	698765	698648	1.81e-40	174.0
93.22	118	8	0	580668	580785	828028	827911	1.81e-40	174.0
93.22	118	8	0	698404	698521	2425498	2425615	1.81e-40	174.0
93.22	118	8	0	698648	698765	2445261	2445144	1.81e-40	174.0
93.22	118	6	2	965128	965244	422992	422876	6.51e-40	172.0
93.22	118	7	1	1975176	1975293	422876	422992	6.51e-40	172.0
93.22	118	6	2	2566307	2566423	498633	498517	6.51e-40	172.0
93.22	118	6	2	422876	422992	965244	965128	6.51e-40	172.0
93.22	118	7	1	422876	422992	2013895	2014012	6.51e-40	172.0
93.22	118	6	2	498517	498633	2605142	2605026	6.51e-40	172.0
92.373	118	8	1	1379303	1379419	171510	171627	3.03e-38	167.0
92.373	118	7	1	498518	498635	174389	174274	3.03e-38	167.0
92.373	118	7	2	422876	422992	398604	398720	3.03e-38	167.0
92.373	118	7	2	398604	398720	422876	422992	3.03e-38	167.0
92.373	118	7	2	747207	747323	422876	422992	3.03e-38	167.0
92.373	118	7	1	174274	174389	498635	498518	3.03e-38	167.0
92.373	118	7	2	422876	422992	747207	747323	3.03e-38	167.0
92.373	118	8	1	171510	171627	1418022	1418138	3.03e-38	167.0
92.373	118	5	3	1987948	1988063	1651432	1651547	1.09e-37	165.0
92.373	118	5	3	1612713	1612828	2026667	2026782	1.09e-37	165.0
91.525	118	10	0	428006	428123	14789	14906	3.92e-37	163.0
91.525	118	10	0	2508128	2508245	14789	14906	3.92e-37	163.0
91.525	118	10	0	348048	348165	15152	15035	3.92e-37	163.0
91.525	118	10	0	15035	15152	348165	348048	3.92e-37	163.0
91.525	118	10	0	14789	14906	428006	428123	3.92e-37	163.0
91.525	118	10	0	2626345	2626462	1644764	1644881	3.92e-37	163.0
91.525	118	10	0	2508005	2508122	2537832	2537949	3.92e-37	163.0
91.525	118	10	0	2499113	2499230	2546724	2546841	3.92e-37	163.0
91.525	118	10	0	14789	14906	2546847	2546964	3.92e-37	163.0
91.525	118	10	0	1606045	1606162	2665064	2665181	3.92e-37	163.0
91.525	118	8	2	673371	673488	580898	580783	1.41e-36	161.0
91.525	118	9	1	2508253	2508369	747073	746956	1.41e-36	161.0
91.525	118	9	1	849617	849734	759040	759156	1.41e-36	161.0
91.525	118	9	1	759040	759156	849617	849734	1.41e-36	161.0
91.525	118	9	1	746956	747073	2547088	2546972	1.41e-36	161.0
90.678	118	9	1	673360	673477	174389	174274	6.55e-35	156.0
97.436	117	3	0	759162	759278	174025	174141	2.98e-48	200.0
97.436	117	3	0	174025	174141	759162	759278	2.98e-48	200.0
96.581	117	4	0	1720621	1720737	97405	97289	1.39e-46	195.0
96.581	117	4	0	2207080	2207196	1759340	1759456	1.39e-46	195.0
96.581	117	4	0	97289	97405	1759456	1759340	1.39e-46	195.0
96.581	117	4	0	1720621	1720737	2245799	2245915	1.39e-46	195.0
95.726	117	5	0	759162	759278	432654	432538	6.46e-45	189.0
95.726	117	5	0	432538	432654	759278	759162	6.46e-45	189.0
95.726	117	5	0	1720621	1720737	965128	965244	6.46e-45	189.0
95.726	117	5	0	965128	965244	1759340	1759456	6.46e-45	189.0
95.726	117	5	0	2508128	2508244	1759340	1759456	6.46e-45	189.0
95.726	117	5	0	1720621	1720737	2546847	2546963	6.46e-45	189.0
94.872	117	6	0	905009	905125	8709	8825	3.01e-43	183.0
94.872	117	6	0	759162	759278	559738	559854	3.01e-43	183.0
94.872	117	6	0	559738	559854	759162	759278	3.01e-43	183.0
94.872	117	6	0	1286257	1286373	759278	759162	3.01e-43	183.0
94.872	117	6	0	8709	8825	905009	905125	3.01e-43	183.0
94.872	117	6	0	1720621	1720737	1324969	1324853	3.01e-43	183.0
94.872	117	6	0	759162	759278	1325092	1324976	3.01e-43	183.0
94.872	117	6	0	1286134	1286250	1759456	1759340	3.01e-43	183.0
94.872	117	5	1	905009	905125	15150	15035	1.08e-42	182.0
94.872	117	5	1	905009	905125	436164	436279	1.08e-42	182.0
94.872	117	5	1	436164	436279	905009	905125	1.08e-42	182.0
94.872	117	5	1	15035	15150	905125	905009	1.08e-42	182.0
94.017	117	7	0	759162	759278	9071	8955	1.4e-41	178.0
94.017	117	7	0	759162	759278	16784	16900	1.4e-41	178.0
94.017	117	7	0	759162	759278	526712	526596	1.4e-41	178.0
94.017	117	7	0	16784	16900	759162	759278	1.4e-41	178.0
94.017	117	7	0	526596	526712	759278	759162	1.4e-41	178.0
94.017	117	7	0	8955	9071	759278	759162	1.4e-41	178.0
94.017	117	6	1	498519	498635	436162	436277	5.03e-41	176.0
94.017	117	6	1	436162	436277	498519	498635	5.03e-41	176.0
94.017	117	6	1	905009	905125	2605137	2605022	5.03e-41	176.0
93.162	117	8	0	1720621	1720737	580668	580784	6.51e-40	172.0
93.162	117	8	0	580668	580784	1759340	1759456	6.51e-40	172.0
93.162	117	6	1	905009	905125	174386	174272	2.34e-39	171.0
93.162	117	6	1	174272	174386	905125	905009	2.34e-39	171.0
92.308	117	9	0	2566303	2566419	348165	348049	3.03e-38	167.0
92.308	117	9	0	1720621	1720737	432531	432415	3.03e-38	167.0
92.308	117	9	0	925542	925658	759278	759162	3.03e-38	167.0
92.308	117	9	0	2206835	2206951	759162	759278	3.03e-38	167.0
92.308	117	9	0	2366763	2366879	759162	759278	3.03e-38	167.0
92.308	117	9	0	759162	759278	925658	925542	3.03e-38	167.0
92.308	117	9	0	759162	759278	2245554	2245670	3.03e-38	167.0
92.308	117	9	0	759162	759278	2405482	2405598	3.03e-38	167.0
92.308	117	9	0	348049	348165	2605138	2605022	3.03e-38	167.0
92.308	117	7	1	498518	498634	274882	274996	1.09e-37	165.0
92.308	117	8	1	673361	673477	436162	436277	1.09e-37	165.0
92.308	117	7	1	274882	274996	498518	498634	1.09e-37	165.0
92.308	117	8	1	436162	436277	673361	673477	1.09e-37	165.0
91.453	117	9	1	2508010	2508125	2445146	2445262	5.06e-36	159.0
91.453	117	9	1	2406427	2406543	2546729	2546844	5.06e-36	159.0
90.598	117	11	0	1975174	1975290	196298	196414	6.55e-35	156.0
96.552	116	4	0	2386782	2386897	2042943	2042828	4.99e-46	193.0
95.69	116	5	0	1733236	1733351	171635	171750	2.32e-44	187.0
95.69	116	5	0	171635	171750	1771955	1772070	2.32e-44	187.0
95.69	116	5	0	2386782	2386897	2605013	2604898	2.32e-44	187.0
94.828	116	6	0	1733236	1733351	174266	174151	1.08e-42	182.0
94.828	116	6	0	174151	174266	1772070	1771955	1.08e-42	182.0
94.828	116	5	1	1612713	1612828	436277	436163	3.89e-42	180.0
94.828	116	5	1	436163	436277	1651547	1651432	3.89e-42	180.0
93.966	116	6	1	1612707	1612822	580787	580901	1.81e-40	174.0
93.966	116	6	1	580787	580901	1651426	1651541	1.81e-40	174.0
93.103	116	5	3	2481724	2481837	171624	171510	3.03e-38	167.0
92.241	116	8	1	2406428	2406543	726154	726040	3.92e-37	163.0
91.379	116	10	0	2624386	2624501	1364119	1364004	5.06e-36	159.0
96.522	115	4	0	580787	580901	186667	186781	1.8e-45	191.0
96.522	115	4	0	186667	186781	580787	580901	1.8e-45	191.0
95.652	115	5	0	905009	905123	171513	171627	8.36e-44	185.0
95.652	115	5	0	171513	171627	905009	905123	8.36e-44	185.0
95.652	115	4	1	746964	747078	580901	580788	3.01e-43	183.0
95.652	115	4	1	580791	580904	747075	746961	3.01e-43	183.0
94.783	115	6	0	1612713	1612827	8823	8709	3.89e-42	180.0
94.783	115	6	0	577327	577441	498521	498635	3.89e-42	180.0
94.783	115	6	0	498521	498635	577327	577441	3.89e-42	180.0
94.783	115	6	0	2598740	2598854	580901	580787	3.89e-42	180.0
94.783	115	6	0	1379311	1379425	580901	580787	3.89e-42	180.0
94.783	115	6	0	2481715	2481829	580787	580901	3.89e-42	180.0
94.783	115	6	0	8709	8823	1651546	1651432	3.89e-42	180.0
94.783	115	6	0	580787	580901	2520434	2520548	3.89e-42	180.0
94.783	115	5	1	580791	580904	905125	905011	1.4e-41	178.0
93.913	115	6	1	1108355	1108468	580787	580901	6.51e-40	172.0
93.913	115	6	1	580787	580901	1108355	1108468	6.51e-40	172.0
93.043	115	6	1	274884	274996	1651547	1651433	3.03e-38	167.0
92.982	114	6	1	905009	905122	274885	274996	1.09e-37	165.0
92.982	114	6	1	274885	274996	905009	905122	1.09e-37	165.0
91.228	114	10	0	580791	580904	348165	348052	6.55e-35	156.0
94.69	113	5	1	2499122	2499234	2417962	2417851	1.81e-40	174.0
94.69	113	5	1	2379132	2379243	2537953	2537841	1.81e-40	174.0
93.805	113	7	0	902541	902653	171750	171638	2.34e-39	171.0
93.805	113	7	0	171638	171750	902653	902541	2.34e-39	171.0
93.805	113	6	1	580793	580904	498635	498523	8.42e-39	169.0
92.92	113	8	0	902818	902930	171750	171638	1.09e-37	165.0
92.92	113	8	0	2624264	2624376	902653	902541	1.09e-37	165.0
92.92	113	8	0	171638	171750	902930	902818	1.09e-37	165.0
92.92	113	8	0	902541	902653	2663095	2662983	1.09e-37	165.0
92.035	113	9	0	2467001	2467113	902541	902653	5.06e-36	159.0
92.035	113	9	0	2624264	2624376	902930	902818	5.06e-36	159.0
92.035	113	9	0	902541	902653	2505720	2505832	5.06e-36	159.0
92.035	113	9	0	902818	902930	2663095	2662983	5.06e-36	159.0
95.536	112	4	1	905014	905125	580901	580791	1.4e-41	178.0
94.643	112	6	0	174050	174161	97503	97392	1.81e-40	174.0
94.643	112	6	0	97392	97503	174161	174050	1.81e-40	174.0
93.75	112	6	1	919040	919151	171643	171753	3.03e-38	167.0
93.75	112	6	1	171643	171753	919040	919151	3.03e-38	167.0
92.857	112	7	1	422876	422986	196300	196411	1.41e-36	161.0
92.857	112	7	1	196300	196411	422876	422986	1.41e-36	161.0
95.495	111	4	1	555577	555687	2417962	2417853	5.03e-41	176.0
94.595	111	5	1	686661	686771	2417962	2417853	2.34e-39	171.0
93.694	111	6	1	2379134	2379243	2417623	2417733	1.09e-37	165.0
93.694	111	6	1	2378904	2379014	2417853	2417962	1.09e-37	165.0
92.793	111	7	1	2379134	2379243	155067	155177	5.06e-36	159.0
92.793	111	7	1	155067	155177	2417853	2417962	5.06e-36	159.0
92.793	111	7	1	759046	759156	2417962	2417853	5.06e-36	159.0
92.793	111	7	1	559869	559979	2417962	2417853	5.06e-36	159.0
91.892	111	9	0	348055	348165	580901	580791	6.55e-35	156.0
95.455	110	4	1	2379023	2379132	2042949	2042841	1.81e-40	174.0
95.455	110	4	1	2004122	2004230	2417851	2417742	1.81e-40	174.0
94.545	110	5	1	498526	498635	580901	580793	8.42e-39	169.0
93.636	110	7	0	747067	747176	97394	97503	1.09e-37	165.0
93.636	110	7	0	97394	97503	747067	747176	1.09e-37	165.0
92.727	110	7	1	2406434	2406542	2008299	2008408	1.82e-35	158.0
92.727	110	7	1	1969580	1969689	2445153	2445261	1.82e-35	158.0
93.578	109	7	0	2032751	2032859	498625	498517	3.92e-37	163.0
92.661	109	6	2	2499135	2499243	628360	628254	6.55e-35	156.0
96.296	108	3	1	2379137	2379243	555684	555577	5.03e-41	176.0
95.37	108	4	1	2379137	2379243	686768	686661	2.34e-39	171.0
93.519	108	6	1	2379137	2379243	559976	559869	5.06e-36	159.0
93.519	108	6	1	2379137	2379243	759153	759046	5.06e-36	159.0
93.458	107	7	0	698670	698776	577480	577586	5.06e-36	159.0
93.458	107	7	0	577480	577586	698670	698776	5.06e-36	159.0
94.34	106	6	0	2379027	2379132	827911	828016	3.92e-37	163.0
94.34	106	6	0	2379027	2379132	1324852	1324957	3.92e-37	163.0
94.34	106	6	0	827911	828016	2417746	2417851	3.92e-37	163.0
94.34	106	6	0	1286133	1286238	2417746	2417851	3.92e-37	163.0
93.396	106	7	0	2379027	2379132	687015	686910	1.82e-35	158.0
93.396	106	7	0	2379027	2379132	698404	698509	1.82e-35	158.0
93.396	106	7	0	698404	698509	2417746	2417851	1.82e-35	158.0
93.396	106	7	0	686910	687015	2417851	2417746	1.82e-35	158.0
93.396	106	6	1	653896	654000	275081	274976	6.55e-35	156.0
93.396	106	6	1	274976	275081	654000	653896	6.55e-35	156.0
96.19	105	4	0	628259	628363	559983	559879	6.51e-40	172.0
97.059	102	3	0	559882	559983	628360	628259	6.51e-40	172.0
95.098	102	5	0	628262	628363	555688	555587	1.41e-36	161.0
95.098	102	5	0	1601995	1602096	698757	698858	1.41e-36	161.0
95.098	102	5	0	698757	698858	1640714	1640815	1.41e-36	161.0
97.03	101	3	0	1082233	1082333	747101	747201	2.34e-39	171.0
97.03	101	3	0	1082233	1082333	965105	965005	2.34e-39	171.0
97.03	101	3	0	747101	747201	1082233	1082333	2.34e-39	171.0
97.03	101	3	0	965005	965105	1082333	1082233	2.34e-39	171.0
96.04	101	4	0	2624401	2624501	1082233	1082333	1.09e-37	165.0
96.04	101	4	0	1082233	1082333	2663120	2663220	1.09e-37	165.0
95.05	101	5	0	1082233	1082333	698544	698644	5.06e-36	159.0
95.05	101	5	0	698544	698644	1082233	1082333	5.06e-36	159.0
95.05	101	5	0	759162	759262	1082333	1082233	5.06e-36	159.0
95.96	99	4	0	555590	555688	628360	628262	1.41e-36	161.0
94.949	99	5	0	686674	686772	628360	628262	6.55e-35	156.0
95.918	98	4	0	2539646	2539743	698498	698401	5.06e-36	159.0
95.918	98	4	0	698401	698498	2578462	2578365	5.06e-36	159.0
96.907	97	3	0	1771140	1771236	809610	809514	3.92e-37	163.0
96.907	97	3	0	809514	809610	1809955	1809859	3.92e-37	163.0
96.842	95	3	0	1082239	1082333	759256	759162	5.06e-36	159.0
96.809	94	3	0	2539648	2539741	2245824	2245917	1.82e-35	158.0
96.809	94	3	0	2207105	2207198	2578367	2578460	1.82e-35	158.0
